C,M,F,I,L,V,W,Y,A,G,T,S,N,Q,D,E,H,R,K,P,-
,4.9633455,1.199113,2.5,1.199113,2.5,2.5,1.1726776,1.1963667,1.2058182,1.1749219,1.1164829,2.4712946,2.5,1.4229851,2.5,1.2058182,2.5,2.5,2.5,4.9592514
4.9633455,,2.180852,1.6514707,1.421109,1.5951656,1.3775803,1.6706166,1.7303122,2.6945677,1.5521669,1.5301988,1.5379875,1.2321241,2.8262677,1.7594509,1.4638097,1.6102281,1.7026818,1.5726955,4.941844
1.199113,2.180852,,1.5783584,1.7659912,1.7624154,1.7255058,1.4181017,1.916265,2.3893654,2.0510795,1.9007897,2.0743535,1.6596593,2.1522262,1.6683614,1.4588594,2.2535064,1.4629376,2.1218505,4.9258695
2.5,1.6514707,1.5783584,,1.6163831,1.3184693,1.479363,1.5626651,1.7699382,2.5342405,1.6062362,1.8674071,2.5257537,1.4110696,1.6523867,1.6069372,1.6131777,2.0119452,1.651182,1.9200954,4.9539895
1.199113,1.421109,1.7659912,1.6163831,,1.4637103,1.8485711,2.065988,1.7675544,2.0868876,1.5928235,1.7373593,1.5304322,1.5190737,1.9503568,1.6816404,1.6080651,2.000627,1.179382,2.051558,4.930186
2.5,1.5951656,1.7624154,1.3184693,1.4637103,,3.021352,1.7417111,1.6223357,2.5366979,1.4365768,1.7049633,1.8053029,1.559949,2.2589233,2.0223243,1.5326394,1.7125355,1.708129,1.8454809,4.2814136
2.5,1.3775803,1.7255058,1.479363,1.8485711,3.021352,,1.6748652,2.6955118,3.3312778,2.740047,2.7339287,2.5066125,1.6149532,1.6474046,2.8104937,1.7264825,2.1911182,1.6306965,2.3709712,4.956623
1.1726776,1.6706166,1.4181017,1.5626651,2.065988,1.7417111,1.6748652,,2.0106378,2.8505697,2.271378,2.065633,2.4380913,2.0326731,2.391283,2.480367,1.8252277,1.7125783,1.7661858,1.8767534,4.9530096
1.1963667,1.7303122,1.916265,1.7699382,1.7675544,1.6223357,2.6955118,2.0106378,,1.572648,1.6810137,1.5471587,1.5203391,1.5159986,1.754713,1.7314589,1.6385806,1.6126378,1.410748,1.7547038,3.0705733
1.2058182,2.6945677,2.3893654,2.5342405,2.0868876,2.5366979,3.3312778,2.8505697,1.572648,,2.216568,1.834976,2.1799757,1.9388976,2.1269174,2.124948,1.780998,2.2515922,2.8734996,2.0586472,3.2733016
1.1749219,1.5521669,2.0510795,1.6062362,1.5928235,1.4365768,2.740047,2.271378,1.6810137,2.216568,,1.5627506,1.823786,1.4954377,2.1175838,1.7743444,1.4826539,1.5429713,1.6241941,2.2633615,3.8942447
1.1164829,1.5301988,1.9007897,1.8674071,1.7373593,1.7049633,2.7339287,2.065633,1.5471587,1.834976,1.5627506,,2.0160446,1.7606753,1.6024756,1.6684952,1.8243029,1.704135,1.6934704,2.0933323,3.727535
2.4712946,1.5379875,2.0743535,2.5257537,1.5304322,1.8053029,2.5066125,2.4380913,1.5203391,2.1799757,1.823786,2.0160446,,1.8454728,1.7377496,1.5630646,1.8882911,1.654376,1.4230818,2.0154777,3.2673912
2.5,1.2321241,1.6596593,1.4110696,1.5190737,1.559949,1.6149532,2.0326731,1.5159986,1.9388976,1.4954377,1.7606753,1.8454728,,1.9410203,1.4815078,1.7384005,1.3431717,1.5254176,2.3207307,4.0627117
1.4229851,2.8262677,2.1522262,1.6523867,1.9503568,2.2589233,1.6474046,2.391283,1.754713,2.1269174,2.1175838,1.6024756,1.7377496,1.9410203,,1.5483174,1.7955248,2.1057909,1.42991,1.7874861,3.675687
2.5,1.7594509,1.6683614,1.6069372,1.6816404,2.0223243,2.8104937,2.480367,1.7314589,2.124948,1.7743444,1.6684952,1.5630646,1.4815078,1.5483174,,1.373143,1.4738681,1.2518096,1.7898619,4.94601
1.2058182,1.4638097,1.4588594,1.6131777,1.6080651,1.5326394,1.7264825,1.8252277,1.6385806,1.780998,1.4826539,1.8243029,1.8882911,1.7384005,1.7955248,1.373143,,1.843037,1.3886315,1.9167954,3.582972
2.5,1.6102281,2.2535064,2.0119452,2.000627,1.7125355,2.1911182,1.7125783,1.6126378,2.2515922,1.5429713,1.704135,1.654376,1.3431717,2.1057909,1.4738681,1.843037,,1.2855382,1.9911816,3.922701
2.5,1.7026818,1.4629376,1.651182,1.179382,1.708129,1.6306965,1.7661858,1.410748,2.8734996,1.6241941,1.6934704,1.4230818,1.5254176,1.42991,1.2518096,1.3886315,1.2855382,,1.4477303,2.8193684
2.5,1.5726955,2.1218505,1.9200954,2.051558,1.8454809,2.3709712,1.8767534,1.7547038,2.0586472,2.2633615,2.0933323,2.0154777,2.3207307,1.7874861,1.7898619,1.9167954,1.9911816,1.4477303,,4.888542
4.9592514,4.941844,4.9258695,4.9539895,4.930186,4.2814136,4.956623,4.9530096,3.0705733,3.2733016,3.8942447,3.727535,3.2673912,4.0627117,3.675687,4.94601,3.582972,3.922701,2.8193684,4.888542,
