,Seq1,Seq2
0,CSVQLAGGYNEQFF,CSVGLAGGYNEQFF
1,CSARDRSGPYEQYF,CSARDRGSGPYEQYF
2,CASSRGPYNEQFF,CASRRGPYNEQFF
3,CSVALAGGYNEQFF,CSVGLAGGYNEQFF
4,CSARILADYEQYF,CSARPLADYEQYF
5,CSVGLAGGPYNEQFF,CSVGLAGGYNEQFF
6,CSAWGMNTEAFF,CSASGMNTEAFF
7,CASSSDRSSYEQYF,CASSSDRGSYEQYF
8,CSVGLAGGTYNEQFF,CSVGLAGGYNEQFF
9,CSVGLAGGPNEQFF,CSVGLAGGYNEQFF
10,CASSLPGSYEQYF,CASSLSGSYEQYF
11,CASSLGRGGNEQFF,CASSLGSGGNEQFF
12,CASSLGGEETQYF,CASSLLGEETQYF
13,CASSLGGEETQYF,CASSLQGEETQYF
14,CSVGRGPYEQYF,CSVGRGGYEQYF
15,CASSSDRSSYEQYF,CASSHDRSSYEQYF
16,CASSLESGELFF,CASSLGSGELFF
17,CASSFDISYEQYF,CASSFDSYEQYF
18,CASSQDVAGNEQFF,CASSQDSAGNEQFF
19,CASSLPGSYEQYF,CASSLGGSYEQYF
20,CASSYLGNEQFF,CASSYLDNEQFF
21,CASSDGQGLGYGYTF,CASSFGQGLGYGYTF
22,CASSLGTTDTQYF,CASSLGSTDTQYF
23,CASSQDPGGNTEAFF,CASSQDPGVNTEAFF
24,CASSQDPGGNTEAFF,CASSQDPGMNTEAFF
25,CASSFIGETQYF,CASSFSGETQYF
26,CASSLAGGTETQYF,CASSLAGGTDTQYF
27,CASSPVAGPTYEQYF,CASSPVAGETYEQYF
28,CSARDTLSYEQYF,CSARDNLSYEQYF
29,CASSPGQGHNQPQHF,CASSPGQGINQPQHF
30,CSARPGLNTEAFF,CSAIPGLNTEAFF
31,CSVGETGNSGNTIYF,CSVETGNSGNTIYF
32,CASSPPGNTEAFF,CASSPTGNTEAFF
33,CASSEGQFNTEAFF,CASSEGQMNTEAFF
34,CASSLVLASTDTQYF,CASSLLASTDTQYF
35,CASSIFGTANQPQHF,CASSISGTANQPQHF
36,CASSPPGGNEQFF,CASSQPGGNEQFF
37,CASSLFAGAYNEQFF,CASSLAGAYNEQFF
38,CSARDPGGSYEQYF,CSARDPGGAYEQYF
39,CASSLSGNTEAFF,CASSLSGGTEAFF
40,CASSEGGRGDTQYF,CASSEGGRFDTQYF
41,CSARDQGSSYEQYF,CSARDQGSPYEQYF
42,CASSYSSYNEQFF,CASSYSGSYNEQFF
43,CSASEGYEQYF,CSANEGYEQYF
44,CSASEGYEQYF,CSASYGYEQYF
45,CSASFGYEQYF,CSASYGYEQYF
46,CASSPDGYTEAFF,CASSPGYTEAFF
47,CASSGTGGYEQYF,CASSDGTGGYEQYF
48,CASSQDWGSYNEQFF,CASSQDWGYNEQFF
49,CASSLPGGTEAFF,CASSPGGTEAFF
50,CASSEGTVSNQPQHF,CASSSGTVSNQPQHF
51,CASSLSGNNEQFF,CASSLMGNNEQFF
52,CASSEGQVSNQPQHF,CASSEGQWSNQPQHF
53,CASSEGQVSNQPQHF,CASSEGQYSNQPQHF
54,CASSLGDSSYEQYF,CASTLGDSSYEQYF
55,CSAGTGPYEQYF,CSAGTGDYEQYF
56,CSAGTGGTGELFF,CSAGIGGTGELFF
57,CSVGQGPYEQYF,CSVEQGPYEQYF
58,CSAGTGPYEQYF,CSAGTGTYEQYF
59,CASSEQFNEKLFF,CASSEQGNEKLFF
60,CSVAAGGNTEAFF,CSVAAGNTEAFF
61,CASSQDPGGNTEAFF,CASSQDPGLNTEAFF
62,CASSPGQGYNEQFF,CASSVGQGYNEQFF
63,CASSLSGNNEQFF,CASSLSGNYNEQFF
64,CASSYSSYNEQFF,CASSYSYNEQFF
65,CASSLWDYQETQYF,CASSLWGYQETQYF
66,CASSLGDSSYEQYF,CASSLGDSPYEQYF
67,CSARDLTYEQYF,CSARDPLTYEQYF
68,CSARDTLSYEQYF,CSARDLSYEQYF
69,CSARDISYEQYF,CSARDLSYEQYF
70,CSARDLTYEQYF,CSARDLAYEQYF
71,CSARDLTYEQYF,CSARDLEYEQYF
72,CSARDLTYEQYF,CSARDLSYEQYF
73,CASSFRGLNEQFF,CASSFGGLNEQFF
74,CASSLSGNNEQFF,CASSLSGPNNEQFF
75,CASSLIGGADTQYF,CASSLGGGADTQYF
76,CASSLIGGADTQYF,CASSLTGGADTQYF
77,CASSLGPTDTQYF,CASSLGSTDTQYF
78,CSVEEAGQGYEQYF,CSVEESGQGYEQYF
79,CASSLLGGDGYTF,CASSFLGGDGYTF
80,CASSKLNTEAFF,CASSMLNTEAFF
81,CSARDPGGSYEQYF,CSARDPSGSYEQYF
82,CASSYEREEAFF,CASSYERTEAFF
83,CASSFLGNEQFF,CASSPLGNEQFF
84,CASSLPLQETQYF,CASSLPEQETQYF
85,CASSLGTSSYEQYF,CASSLGRTSSYEQYF
86,CASSLLRADTQYF,CASSLLRGDTQYF
87,CASSVGNTYEQYF,CASSVGHTYEQYF
88,CSARPRNQPQHF,CSARPVNQPQHF
89,CASSGLAGTDTQYF,CASSFLAGTDTQYF
90,CASSPLGNEQFF,CASSRLGNEQFF
91,CASSFLGNEQFF,CASSRLGNEQFF
92,CASSFLGNEQFF,CASSFGNEQFF
93,CASSLPISYEQYF,CASSLISYEQYF
94,CASSERTNTEAFF,CASSEARTNTEAFF
95,CSARGPTSSYEQYF,CSARGTSSYEQYF
96,CASSKLNTEAFF,CASSIKLNTEAFF
97,CASSKLNTEAFF,CASSDKLNTEAFF
98,CASSLAGGLETQYF,CASSLAGLETQYF
99,CASSLGPTDTQYF,CASSLGSTDTQYF
100,CASSYQSSYEQYF,CASSYGSSYEQYF
101,CASSQDLGTDTQYF,CASSQDRGTDTQYF
102,CASSLSGNTEAFF,CASSLVGNTEAFF
103,CSAWGMNTEAFF,CSASGMNTEAFF
104,CSAGSSYEQYF,CSAGASYEQYF
105,CASSLPHSYEQYF,CASSLPDHSYEQYF
106,CASSYGGNTEAFF,CASSYVGGNTEAFF
107,CASKLGTDTQYF,CASSLGTDTQYF
108,CSATTSTDTQYF,CSATTETDTQYF
109,CSATGLAGNYNEQFF,CSATGLAGYNEQFF
110,CASSLGFTYEQYF,CASSLGATYEQYF
111,CASSLGGTEAFF,CASSPLGGTEAFF
112,CASSLRGYEQYF,CASSRGYEQYF
113,CASSQVEETQYF,CASSQVERETQYF
114,CASSLGGVEAFF,CASSLGGEAFF
115,CASSVGTDTQYF,CASSVTDTQYF
116,CASSVGTDTQYF,CASSVGGDTQYF
117,CASSVGTDTQYF,CASSVGDTQYF
118,CASSVGQPNSPLHF,CASSVGQNNSPLHF
119,CASSAGTEQYF,CASSAGYEQYF
120,CASSAGTEQYF,CASSVGTEQYF
121,CASSAGTEQYF,CASSAGGEQYF
122,CASSYTGELFF,CASSLYTGELFF
123,CASSLVDSSYEQYF,CASSLVDSSAYEQYF
124,CASSQDRGDQPQHF,CASSQTDRGDQPQHF
125,CASSPFGAGELFF,CASSPFAGELFF
126,CSATRESSYNEQFF,CSAWRESSYNEQFF
127,CASSWTGNTEAFF,CASSWTGETEAFF
128,CASSQETSGEQFF,CASSQETVGEQFF
129,CASSVGTDTQYF,CASSVGDTDTQYF
130,CASSPLTDTQYF,CASSLTDTQYF
131,CASSYIGNEQFF,CASSYVGNEQFF
132,CASSLVAGGYNEQFF,CASSLWAGGYNEQFF
133,CSATGNTGELFF,CSATANTGELFF
134,CASSQDDRPSYEQYF,CASSQDDRSYEQYF
135,CAISESNYEQYF,CAISESYEQYF
136,CASSLAGLMNTEAFF,CASSLMGLMNTEAFF
137,CASSYGNYYEQYF,CASSYGNGYEQYF
138,CASSYGGNTEAFF,CASSLGGNTEAFF
139,CASSLVGNYEQYF,CASSLVGTYEQYF
140,CASSLVAGGYNEQFF,CASSLLAGGYNEQFF
141,CASSYSGAEQFF,CASSYSGAEAFF
142,CASSYTGELFF,CASSLTGELFF
143,CASSLGGTEAFF,CASSLGATEAFF
144,CASSLYRGYEQYF,CASSLYRVGYEQYF
145,CASSYGGNTEAFF,CASSYPGNTEAFF
146,CASSLWAGRTDTQYF,CASSLSAGRTDTQYF
147,CASSLVAGGYNEQFF,CASSLLAGGYNEQFF
148,CASSLVAGGYNEQFF,CASSLVADGYNEQFF
149,CASSQDDRPSYEQYF,CASSQADRPSYEQYF
150,CASSDRGLSYEQYF,CASSDRGHSYEQYF
151,CASSLGQGSEAFF,CASSLGGSEAFF
152,CASSLGGTEAFF,CASSLGGDEAFF
153,CASSLGGTEAFF,CASSLGGSEAFF
154,CSATGGSSYNEQFF,CSATGGGSSYNEQFF
155,CSATGGSSYNEQFF,CSATGGSSSYNEQFF
156,CASSLGGVEAFF,CASSLGGEAFF
157,CASSLAGTYNEQFF,CASSTAGTYNEQFF
158,CASSLAGTYNEQFF,CASSLAGSYNEQFF
159,CASSQGLAGVYEQYF,CASSQGLAGSYEQYF
160,CASSPLSTDTQYF,CASSLSTDTQYF
161,CASSQGGYEQYF,CASSQGGNEQYF
162,CASSEGHSYEQYF,CASSEGISYEQYF
163,CSASEEGAYNEQFF,CSASEGAYNEQFF
164,CASSLSSGGTEAFF,CASSLSGSGGTEAFF
165,CASSLLGTSYEQYF,CASSLLGPSYEQYF
166,CSARDRDRGYEQYF,CSARSRDRGYEQYF
167,CSARDRDRGYEQYF,CSARDRARGYEQYF
168,CASSLEGYTEAFF,CASSLAGYTEAFF
169,CASSQGGYEQYF,CASSQGYEQYF
170,CSASGMNTEAFF,CSASIMNTEAFF
171,CASSQLAPGELFF,CASSQAAPGELFF
172,CASSFPITNEQFF,CASSFITNEQFF
173,CSVAGSGELFF,CSVPGSGELFF
174,CASSLAGAGYTF,CASSLAGIGYTF
175,CASSLAGAGYTF,CASSLAGSGYTF
176,CASSLAGAGYTF,CASSLAGTGYTF
177,CASSLAGAGYTF,CASSLAGNGYTF
178,CASSLAGAGYTF,CASSLAGAQGYTF
179,CASSLAGSTGELFF,CASSLAGSGELFF
180,CSASGSSYEQYF,CSAFSGSSYEQYF
181,CASSLRGYEQYF,CASSLAGYEQYF
182,CASSQVTGGYEQYF,CASSQVGTGGYEQYF
183,CASSLGGVEAFF,CASSLGGVELFF
184,CASSLGGVEAFF,CASSLAGVEAFF
185,CASSAAGAGELFF,CASSLAGAGELFF
186,CASSQQETGELFF,CASSQETGELFF
187,CSARGTENTGELFF,CSAGTENTGELFF
188,CAISESNYEQYF,CAISESYEQYF
189,CASSFGGGTDTQYF,CASSFGGATDTQYF
190,CASSYGNYYEQYF,CASSYGNSYEQYF
191,CAWSVEIRYEQYF,CAWSVIRYEQYF
192,CASSEVGNTIYF,CASSEWVGNTIYF
193,CASSLLGTSYEQYF,CASSLLGTYEQYF
194,CASSPLTDTQYF,CASSLTDTQYF
195,CAISESNYEQYF,CAISESSYEQYF
196,CASSLPGREQYF,CASSLPGDEQYF
197,CSASGSSYEQYF,CSASGSPSYEQYF
198,CASSLGGVEAFF,CASSLTGVEAFF
199,CASSLATGELFF,CASSVLATGELFF
200,CASSPGAEQYF,CASSAGAEQYF
201,CASRGIGTEAFF,CASIGIGTEAFF
202,CASSFQGLASNEQFF,CASSFPGLASNEQFF
203,CSARDLEGYEQYF,CSARDLEYEQYF
204,CSVDVNTEAFF,CSVDRNTEAFF
205,CSARDLSGYEQYF,CSARDLSYEQYF
206,CASSWTGNTEAFF,CASSWTGGTEAFF
207,CASSLWASNTGELFF,CASSLAASNTGELFF
208,CSVTGNTEAFF,CSVTGLNTEAFF
209,CASSPYSGSEQYF,CASSPSGSEQYF
210,CASSLGFTYEQYF,CASSLGQTYEQYF
211,CSASGIYNEQFF,CSAFSGIYNEQFF
212,CASRRGPYNEQFF,CASRPGPYNEQFF
213,CASSQEEGFYEQYF,CASSQEEGTYEQYF
214,CASSLFSSTGELFF,CASSLDSSTGELFF
215,CASSYGGNTEAFF,CASSYEGNTEAFF
216,CASSPVNTGELFF,CASSPNTGELFF
217,CASSQDLGIQETQYF,CASSQDLGISETQYF
218,CSASGSSYEQYF,CSASGPSSYEQYF
219,CASIVTGSYNEQFF,CASFVTGSYNEQFF
220,CASSPLTDTQYF,CASSPRTDTQYF
221,CASSPLTDTQYF,CASSPSTDTQYF
222,CASSLGGDSYEQYF,CASSLGGSYEQYF
223,CASSYGGNTEAFF,CASSEGGNTEAFF
224,CASSQGGYEQYF,CASSQGYEQYF
225,CASTGQNYGYTF,CASTGQPNYGYTF
226,CASSQRDSYEQYF,CASSPRDSYEQYF
227,CSVPGTGGGYTF,CSVPGTGEGYTF
228,CASSWGDEQFF,CASSWPGDEQFF
229,CASSLQNTGELFF,CASSLGNTGELFF
230,CASSSLGDTQYF,CASSFLGDTQYF
231,CASSLVRNEQFF,CASSLVNNEQFF
232,CASSFWAQPQHF,CASSFWGQPQHF
233,CASSQDGQGYEQYF,CASSQPGQGYEQYF
234,CASSLQGRNTEAFF,CASSLQGVNTEAFF
235,CASSLDLNTEAFF,CASSLALNTEAFF
236,CASSESHEQYF,CASSEVHEQYF
237,CSASREGNEQFF,CSAGREGNEQFF
238,CASSVDTAYEQYF,CASSVDTSYEQYF
239,CSASPLNNEQFF,CSASPLFNEQFF
240,CASSVTVHNEQFF,CASSVAVHNEQFF
241,CASSLRGYEQYF,CASSLGGYEQYF
242,CSARDLKGTEAFF,CSARDLKGLTEAFF
243,CASSFYSNQPQHF,CASSLYSNQPQHF
244,CSARASYEQYF,CSAGASYEQYF
245,CASSPEDYNEQFF,CASSPTDYNEQFF
246,CASSQDEGNIQYF,CASSQAEGNIQYF
247,CASSQGDYEQYF,CASSQGYEQYF
248,CASSSLGGNQPQHF,CASSLGGNQPQHF
249,CASSFMTGTYEQYF,CASSFRTGTYEQYF
250,CASSYVGSEQFF,CASSYGSEQFF
251,CATSDFGTDTQYF,CATSDPGTDTQYF
252,CASSLGSGGNEQFF,CASSLGSGYNEQFF
253,CASSFSSSGNTIYF,CASSFSSSPGNTIYF
254,CASSLSGSYEQYF,CASSLGGSYEQYF
255,CASSYVGGELFF,CASSYSGGELFF
256,CASSYVGGELFF,CASSYVGPGELFF
257,CASSLVGSYEQYF,CASSLVGSSYEQYF
258,CATSRGGQETQYF,CATSTGGQETQYF
259,CASSFSSYEQYF,CASSFTSYEQYF
260,CASSYVGGYGYTF,CASSYGGYGYTF
261,CASSFMSYEQYF,CASSFTSYEQYF
262,CSAETANTGELFF,CSATANTGELFF
263,CASSYVGSEQFF,CASSYVGNEQFF
264,CASSLSSYEQYF,CASSLSSEQYF
265,CASSYNGGELFF,CASSYSGGELFF
266,CASSFMNTEAFF,CASSFANTEAFF
267,CASSLMSYEQYF,CASSLGSYEQYF
268,CATSRDRGLNQPQHF,CATSRDRGYNQPQHF
269,CASSGFSYEQYF,CASSGSYEQYF
270,CASSLGGGSTDTQYF,CASSLSGGSTDTQYF
271,CASSWDKSYEQYF,CASSWDRSYEQYF
272,CASSWDKSYEQYF,CASSWDSYEQYF
273,CASSLTGGYTDTQYF,CASSLTGGGTDTQYF
274,CASSLQGQETQYF,CASSLSGQETQYF
275,CASSITSGGFYEQYF,CASSITSGGSYEQYF
276,CASSLSGAETQYF,CASSLSGQETQYF
277,CASSFGGANVLTF,CASSFSGANVLTF
278,CASSLLGYEQYF,CASSLLGEQYF
279,CASSLDISYEQYF,CASSLDSYEQYF
280,CASSLTLGEQYF,CASSLLGEQYF
281,CASSLVLGEQYF,CASSLLGEQYF
282,CAISQSYEQYF,CAISESYEQYF
283,CAISQSYEQYF,CAISNSYEQYF
284,CATSDLTEDTQYF,CATSDLEDTQYF
285,CASSQSPYEQYF,CASSQSYEQYF
286,CASSLSSYEQYF,CASSLGSYEQYF
287,CASSRSSYEQYF,CASSLRSSYEQYF
288,CATSDLWTDTQYF,CATSDLFTDTQYF
289,CASSYSSGSNNEQFF,CASSYSSGSGNEQFF
290,CASSYVGGPEAFF,CASSYAGGPEAFF
291,CATSDLMTDTQYF,CATSDLFTDTQYF
292,CATQDLFTDTQYF,CATSDLFTDTQYF
293,CASSLSSYEQYF,CASSLRSSYEQYF
294,CASSFEGSYEQYF,CASSFGSYEQYF
295,CASSLVGGELFF,CASSLGGELFF
296,CASSLVGGELFF,CASSLGGELFF
297,CASSLVGGELFF,CASSLGGELFF
298,CASSPGGTEAFF,CASSQGGTEAFF
299,CASSLLVSNQPQHF,CASSLQVSNQPQHF
300,CASSLGTDTQYF,CASSLSTDTQYF
301,CASSLRGNTEAFF,CASSRGNTEAFF
302,CASSLRGNTEAFF,CASSLGGNTEAFF
303,CSVETTNTGELFF,CSVCETTNTGELFF
304,CASSLRGGNTEAFF,CASSLGGNTEAFF
305,CASSLSGSYEQYF,CASSLSGTYEQYF
306,CASSLVSSYNEQFF,CASSLTSSYNEQFF
307,CASSLSTGNYGYTF,CASSLQTGNYGYTF
308,CASSQGWEQYF,CASSQGYEQYF
309,CASSLGNYEQYF,CASSQGNYEQYF
310,CASSLDPGAYNEQFF,CASSLDPDAYNEQFF
311,CASSRGSSYEQYF,CASSFGSSYEQYF
312,CASSLGGTYEQYF,CASSPGGTYEQYF
313,CASSLIGGEQYF,CASSLIGDEQYF
314,CASSVVMNTEAFF,CASSVMNTEAFF
315,CASSVLMNTEAFF,CASSVMNTEAFF
316,CASGGQPYNEQFF,CASGGPYNEQFF
317,CASSLVGGYEQYF,CASSLEGGYEQYF
318,CASSLIGGEQYF,CASSLAGGEQYF
319,CATSDLWTDTQYF,CATSDLVTDTQYF
320,CATSDLWTDTQYF,CATSDLATDTQYF
321,CATSDLYRDEQYF,CATSDLTRDEQYF
322,CASSLVGGEQYF,CASSLAGGEQYF
323,CATSDLMTDTQYF,CATSDLVTDTQYF
324,CATSDLMTDTQYF,CATSDLATDTQYF
325,CATSDLTADTQYF,CATSDLTRDTQYF
326,CATSDLTGDEQFF,CATSDLTSDEQFF
327,CASSLDISYEQYF,CASSLDIYYEQYF
328,CASSLGGTYEQYF,CASSLGGQTYEQYF
329,CASSLGGTYEQYF,CASSLGGAYEQYF
330,CATSDLTEDTQYF,CATSDLTRDTQYF
331,CASSAGSYEQYF,CASSLAGSYEQYF
332,CASSLGGTGELFF,CASSLTGTGELFF
333,CASSLGAGEYEQYF,CASSLGQGEYEQYF
334,CASSLSGATEAFF,CASSLVSGATEAFF
335,CASSLVGTGNTIYF,CASSLGGTGNTIYF
336,CATSRDRGLNQPQHF,CATSRDRGSNQPQHF
337,CASSLVLGEQYF,CASSLVGEQYF
338,CAISQSYEQYF,CAISESYEQYF
339,CASSLVDSGNTIYF,CASSLGDSGNTIYF
340,CATSDFGTDTQYF,CATSDFGGTDTQYF
341,CASSLVGSYEQYF,CASSLVGYEQYF
342,CASSLVGGEQYF,CASSLVGVEQYF
343,CASSLGGGSTDTQYF,CASSLTGGSTDTQYF
344,CASSLTGGYTDTQYF,CASSLTGGSTDTQYF
345,CASSLRGNTEAFF,CASSFRGNTEAFF
346,CASSFTGDYEQYF,CASSFTGYEQYF
347,CASSLLGYEQYF,CASSLVGYEQYF
348,CASSPTTGELFF,CASSPYTGELFF
349,CASSFIGNTEAFF,CASSFRGNTEAFF
350,CASSLVGGYEQYF,CASSLVGYEQYF
351,CASSQNQGNEQFF,CASSQVQGNEQFF
352,CASSYSGSPLHF,CASSYQGSPLHF
353,CASSPMNTEAFF,CASSPGNTEAFF
354,CASSLDPGAYNEQFF,CASSLDPGGYNEQFF
355,CASSFGDYEQYF,CASSFDYEQYF
356,CASSQGQGHQPQHF,CASSQGQGGHQPQHF
357,CASSYMNTEAFF,CASSDMNTEAFF
358,CASSFMNTEAFF,CASSDMNTEAFF
359,CASSLTGGAADTQYF,CASSLTGGADTQYF
360,CASSPMNTEAFF,CASSDMNTEAFF
361,CASSRSSYEQYF,CASSRVSYEQYF
362,CASSYSTSGYEQYF,CASSYSTGYEQYF
363,CASSRSSYEQYF,CASSFSSYEQYF
364,CASSQSSYEQYF,CASSFSSYEQYF
365,CASSLTAGATDTQYF,CASSLRAGATDTQYF
366,CASSFMSYEQYF,CASSFSSYEQYF
367,CASSLSGSYEQYF,CASSLSGGSYEQYF
368,CASSLVSSYNEQFF,CASSLVGSSYNEQFF
369,CASSLSSYEQYF,CASSFSSYEQYF
370,CASSLDLNSYNEQFF,CASSLLNSYNEQFF
371,CASSLVGGELFF,CASSLVDGELFF
372,CASSIGGSPYNEQFF,CASSIGGSLYNEQFF
373,CASSIGGSPYNEQFF,CASSIGGSSYNEQFF
374,CASSAGSYEQYF,CASSLGSYEQYF
375,CASSVRDSSYEQYF,CASSVRDSYEQYF
376,CASSLGGTYEQYF,CASSLGGSYEQYF
377,CASSLGGTYEQYF,CASSLYGGTYEQYF
378,CASSLGGTYEQYF,CASSLGGFYEQYF
379,CASSESAEGNQPQHF,CASSESAGNQPQHF
380,CASSVSGANVLTF,CASSVGANVLTF
381,CATSRVYNEQFF,CATSRDYNEQFF
382,CASSLSGSYEQYF,CASSSGSYEQYF
383,CASSLRTEAFF,CASSLVRTEAFF
384,CASSYMNTEAFF,CASSYTNTEAFF
385,CASSLAGVYEQYF,CASSLAGVPYEQYF
386,CASSLMSYEQYF,CASSLVSYEQYF
387,CASSLSSYEQYF,CASSLVSYEQYF
388,CASSYMNTEAFF,CASSLMNTEAFF
389,CASSYMNTEAFF,CASSSYMNTEAFF
390,CASSFMNTEAFF,CASSLMNTEAFF
391,CASSLTGGSQETQYF,CASSLTGSQETQYF
392,CASSVVIGDTQYF,CASSVLIGDTQYF
393,CASSPMNTEAFF,CASSLMNTEAFF
394,CASSLMSYEQYF,CASSLISYEQYF
395,CASSLMSYEQYF,CASSLDSYEQYF
396,CASSFSSYEQYF,CASSFSDSYEQYF
397,CSVEAVNTGELFF,CSVELAVNTGELFF
398,CASSVSGNTEAFF,CASSVWGNTEAFF
399,CASSVVGNTEAFF,CASSVWGNTEAFF
400,CASSPGQGAYEQYF,CASSQGQGAYEQYF
401,CASRDLSYNEQFF,CASRLSYNEQFF
402,CASSLSSYEQYF,CASSLISYEQYF
403,CASSLSSYEQYF,CASSLDSYEQYF
404,CASSLTGGGGETQYF,CASSLTGTGGETQYF
405,CASSYSTSGYEQYF,CASSYSSGYEQYF
406,CATSDFGTDTQYF,CATSDFGDTDTQYF
407,CASSLVGGELFF,CASSLGGGELFF
408,CASSLLSGANVLTF,CASSLLASGANVLTF
409,CASSVVGNTEAFF,CASSVVGKNTEAFF
410,CASSPTTGELFF,CASSPYTGELFF
411,CASSLSGSYEQYF,CASSLSGDSYEQYF
412,CASSLSTYEQYF,CASSLASTYEQYF
413,CASSLGGTYEQYF,CASSLGGYEQYF
414,CASSQDLNNEQFF,CASSQDLANEQFF
415,CASSQGQNTYEQYF,CASSQGQDTYEQYF
416,CASSLSLTGNEQFF,CASSLSLEGNEQFF
417,CASSLDPYNEQFF,CASSLEPYNEQFF
418,CASSVSDTQYF,CASSVASDTQYF
419,CASSEGGDTEAFF,CASSEGDTEAFF
420,CASSEGGDTEAFF,CASSGGDTEAFF
421,CASSVGGNEQFF,CASSVIGNEQFF
422,CASSVGNEQFF,CASSVDNEQFF
423,CASSVGNEQFF,CASSVIGNEQFF
424,CASSVAGGELFF,CASSVAGGEAFF
425,CASSVANEQFF,CASSVDNEQFF
426,CASSVGDEQFF,CASSVGDHEQFF
427,CASSVGNEQYF,CASSVGDNEQYF
428,CASSVGGQNTEAFF,CASSVGGKNTEAFF
429,CASSVGHEQFF,CASSVGDHEQFF
430,CASSVGGELFF,CASSVGSGELFF
431,CASSLEAAQETQYF,CASSLAAQETQYF
432,CASSVADTQYF,CASSVASDTQYF
433,CASSPQGYEQYF,CASSPPGYEQYF
434,CASSVGDEQYF,CASSVGDNEQYF
435,CASSQAPGSYEQYF,CASSQAPGQSYEQYF
436,CASSQEGTASYEQYF,CASSQEGSASYEQYF
437,CASSLGGLSYEQYF,CASSLGGESYEQYF
438,CASSASGAYNEQFF,CASSASGTYNEQFF
439,CASSSSGTSYNEQFF,CASSSSGSYNEQFF
440,CASSPQGVNTEAFF,CASSPQGNTEAFF
441,CASSRGYEQYF,CASSRDGYEQYF
442,CASSLGTEAFF,CASSFGTEAFF
443,CASSVGGNEQFF,CASSVGYNEQFF
444,CASSVGNEQFF,CASSVGYNEQFF
445,CASSVGYEQFF,CASSVGYNEQFF
446,CASSYGQGETQYF,CASSYGGETQYF
447,CASSLGPEAFF,CASSLGTEAFF
448,CASSGRDSSYNEQFF,CASSPRDSSYNEQFF
449,CASSVTDTQYF,CASSDTDTQYF
450,CASSLGTEAFF,CASSLGNTEAFF
451,CASSVGAANTEAFF,CASSVGSANTEAFF
452,CASSVGGNEQFF,CASSVGGYNEQFF
453,CASSVGYEQFF,CASSVGDYEQFF
454,CASSVGDEQFF,CASSVGDYEQFF
455,CASSLAGPDTQYF,CASSLEGPDTQYF
456,CASSTTDTQYF,CASSDTDTQYF
457,CASSPYNNEQFF,CASSPHNNEQFF
458,CASSESGTGGHEQFF,CASSESGTGGNEQFF
459,CASSAGYEQYF,CASSAGSYEQYF
460,CASSFSGNTGELFF,CASSFSPNTGELFF
461,CASSVGGNEQFF,CASSVGGYNEQFF
462,CASSQGYEQYF,CASSQGGEQYF
463,CASSVGGGTYNEQFF,CASSVGGGYNEQFF
464,CASTGTDYNEQFF,CASSGTDYNEQFF
465,CASSVASSYEQYF,CASSVGSSYEQYF
466,CASSTGGELFF,CASSGGGELFF
467,CASSLGAEQYF,CASSLGHEQYF
468,CASSVGGELFF,CASSGGGELFF
469,CASSLGQGWDEQYF,CASSLGQGNDEQYF
470,CASSVGSGSYEQYF,CASSVGSGRYEQYF
471,CASSVGSGSYEQYF,CASSVGGSYEQYF
472,CASSVGSGSYEQYF,CASSVGSSYEQYF
473,CASSVGGSEQYF,CASSVGGSNEQYF
474,CASSVGGSEQYF,CASSVGGSYEQYF
475,CASSVGGSTEAFF,CASSSGGSTEAFF
476,CASSVGGSTEAFF,CASSPGGSTEAFF
477,CASSVGGSTEAFF,CASSAGGSTEAFF
478,CASSGSSYNEQFF,CASSGSGYNEQFF
479,CASSGSAYNEQFF,CASSGSGYNEQFF
480,CASSLGGEAFF,CASSLGGAAFF
481,CASSLGGEAFF,CASSLGGEQFF
482,CASSLGGEAFF,CASSGGGEAFF
483,CASSLGGEAFF,CASSLGGELFF
484,CASSLGGEAFF,CASSLGGELFF
485,CASSLGGEAFF,CASSLGSEAFF
486,CASSLGGEAFF,CASSLGGELFF
487,CASSPGTEAFF,CASSHGTEAFF
488,CASSLHSNTGELFF,CASSLNSNTGELFF
489,CASSVGDEQFF,CASSVGLDEQFF
490,CASSLAVYEQYF,CASSLGVYEQYF
491,CASSLAVYEQYF,CASSLAYEQYF
492,CASSLALEQYF,CASSLAYEQYF
493,CASSLPGDPYEQYF,CASSLPAGDPYEQYF
494,CASSLAGTDTQYF,CASSLALTDTQYF
495,CASSPRDGPYEQYF,CASSPRDGSPYEQYF
496,CASSLAVYNEQFF,CASSLAGYNEQFF
497,CASSGLGDNEQFF,CASSPLGDNEQFF
498,CASSPGTEAFF,CASSPIGTEAFF
499,CASSEGLRPYEQYF,CASSEGLGPYEQYF
500,CASSPGTTYEQYF,CASSPGTAYEQYF
501,CASSQYMNTEAFF,CASSQNMNTEAFF
502,CASSVGGNEQFF,CASSVRGNEQFF
503,CASSVGNEQFF,CASSVRGNEQFF
504,CASSLRQGAYEQYF,CASSLRQAYEQYF
505,CASSLRQGAYEQYF,CASSLRQGYEQYF
506,CASSQESGRTYEQYF,CASSQERGRTYEQYF
507,CASSSPSSYNEQFF,CASSPSSYNEQFF
508,CASSVSGVSYNEQFF,CASSVSGISYNEQFF
509,CASSPLHNEQFF,CASSPHNEQFF
510,CASSLGTEAFF,CASSQGTEAFF
511,CASSVGGEQFF,CASSVGNGEQFF
512,CASSVGNEQFF,CASSVGNGEQFF
513,CASSVGGSTEAFF,CASSVGGYTEAFF
514,CASSLGTEAFF,CASSLGVEAFF
515,CASSPAYEQYF,CASSPASYEQYF
516,CASSQAPGSYEQYF,CASSQAPGAYEQYF
517,CASSLGTEAFF,CASSSGTEAFF
518,CASSLEGQQNTEAFF,CASSLEGQVNTEAFF
519,CASSLGATYEQYF,CASSLGQTYEQYF
520,CASSTGYEQYF,CASSTDGYEQYF
521,CASSLEVGQETQYF,CASSLEVGGETQYF
522,CASRKNTGELFF,CASRGNTGELFF
523,CASSLALEQYF,CASSLALEQFF
524,CASSPGTTYEQYF,CASSPGSTYEQYF
525,CASSEGTGLYEQYF,CASSEGTGRLYEQYF
526,CASSLGGLSYEQYF,CASSLGGPSYEQYF
527,CASSVADEQFF,CASSVAREQFF
528,CASSVGQTQYF,CASSVGETQYF
529,CASSLGTEAFF,CASSRGTEAFF
530,CASSLGETQYF,CASSVGETQYF
531,CASSVGAANTEAFF,CASGVGAANTEAFF
532,CASSVAGELFF,CASSVGAGELFF
533,CASSVANEQFF,CASSVAREQFF
534,CASSVAEEQFF,CASSVAREQFF
535,CASSVGGGEQYF,CASSVGGGYEQYF
536,CASSESTGELFF,CASSVSTGELFF
537,CASSLAVYEQYF,CASSLADYEQYF
538,CASSVAQEQFF,CASSVAREQFF
539,CASSVSETQYF,CASSVGETQYF
540,CASSVGGELFF,CASSVGAGELFF
541,CASSVGEAQYF,CASSVGETQYF
542,CASSVGGGADQPQHF,CASSVGGADQPQHF
543,CASSVGSGSYEQYF,CASSVGSGHYEQYF
544,CASSVGGTQYF,CASSVGETQYF
545,CASSVGEQQYF,CASSVGETQYF
546,CASSTGETQYF,CASSVGETQYF
547,CASSVGDTQYF,CASSVGETQYF
548,CASRLTRGYNEQFF,CASSLTRGYNEQFF
549,CSARKISSYEQYF,CSARKRSSYEQYF
550,CASSAGSSYNEQFF,CASSASGSSYNEQFF
551,CASSASGSSYNEQFF,CASSASGDSYNEQFF
552,CASSPRDGPYEQYF,CASSPRDLGPYEQYF
553,CASSPGAGELFF,CASSPAGELFF
554,CASSYGQGETQYF,CASSYGGETQYF
555,CSVVNTGELFF,CSVGNTGELFF
556,CASSPSGSGYEQYF,CASSPSGSYEQYF
557,CASWGIQETQYF,CASSGIQETQYF
558,CASSEGGDTEAFF,CASSEGGGTEAFF
559,CASSVGGNEQFF,CASSVGWGNEQFF
560,CASSLAGPDTQYF,CASSLAPDTQYF
561,CASSYGQGETQYF,CASSYGNGETQYF
562,CASSRGSGSYEQYF,CASSRGSGSSYEQYF
563,CASSGLAGAGELFF,CASSGLAGTGELFF
564,CASSLTNTEAFF,CASSLTVNTEAFF
565,CASSVGSGSYEQYF,CASSVGSGSSYEQYF
566,CASSFSGNPYEQYF,CASSFSGTPYEQYF
567,CASSVGSGSYEQYF,CASSVGQGSYEQYF
568,CASSLAGGPYEQYF,CASSLAGPYEQYF
569,CASSEGTGLYEQYF,CASSEGTGWYEQYF
570,CASSLVGTGNTIYF,CASSLVGAGNTIYF
571,CASSDGGGELFF,CASSYGGGELFF
572,CASSLDRGQETQYF,CASSLGDRGQETQYF
573,CASSSGTGNTEAFF,CASSSGTMNTEAFF
574,CASSLNSNQPQHF,CASSLDSNQPQHF
575,CASSIVAGGNQPQHF,CASSIGAGGNQPQHF
576,CASSVVETAYNEQFF,CASSVVETDYNEQFF
577,CASSIVAGGNTEAFF,CASSIAAGGNTEAFF
578,CASSFGTDTQYF,CASSGTDTQYF
579,CASSLAGNEQFF,CASSEAGNEQFF
580,CASSVDGAGQETQYF,CASSVDGGQETQYF
581,CASSEGGSSYNEQFF,CASSVGGSSYNEQFF
582,CASSLAAQETQYF,CASSLQAQETQYF
583,CASSLFTGELFF,CASSLTGELFF
584,CASSLGGAYNEQFF,CASSLGGYNEQFF
585,CASSFGTDTQYF,CASSFSGTDTQYF
586,CASSVGDHEQFF,CASSVGDYEQFF
587,CASSYGLAYEQYF,CASSYGLGYEQYF
588,CASSYTYEQYF,CASSATYEQYF
589,CASSFGTDTQYF,CASSFGGDTQYF
590,CASSLRGNQETQYF,CASSLRDGNQETQYF
591,CASSLGGNTEAFF,CASSLQGNTEAFF
592,CASSLAVGETQYF,CASSLAGGETQYF
593,CASSLYTGELFF,CASSLTGELFF
594,CASSDGGGELFF,CASSGGGELFF
595,CASSGGDTEAFF,CASSGGDAEAFF
596,CASSVGSGELFF,CASSVGGSGELFF
597,CASSVGSGELFF,CASSGGSGELFF
598,CASSLAGQGSYEQYF,CASSLEGQGSYEQYF
599,CASSVDGTGELFF,CASSVPGTGELFF
600,CATSVGGGYTF,CATSVQGGYTF
601,CASSLGTGYEQYF,CASSPGTGYEQYF
602,CASSLAGNEQFF,CASSLAGYNEQFF
603,CASSFDSYEQYF,CASSFSYEQYF
604,CASSLGYNEQFF,CASSLAGYNEQFF
605,CASSLNSNQPQHF,CASGLNSNQPQHF
606,CASSGPTYEQYF,CASSPTYEQYF
607,CASTTGPNTEAFF,CASTTGQNTEAFF
608,CASSLGQFSYEQYF,CASSLGQSYEQYF
609,CASSLGYNEQFF,CASSLPGYNEQFF
610,CASSQGAEAFF,CASSQGGEAFF
611,CASSQGAEAFF,CASSHGAEAFF
612,CASSLAGNEQFF,CASSLAGAEQFF
613,CASSLAGNEQFF,CASSLAGANEQFF
614,CASSLAGNEQFF,CASSLAGLEQFF
615,CASSLAGNEQFF,CASSLAGVEQFF
616,CASSLAGNEQFF,CASSLAGLNEQFF
617,CASSLAGNEQFF,CASSLAGSEQFF
618,CASSVIGNEQFF,CASSVRGNEQFF
619,CASSLAGNEQYF,CASSLAGLEQYF
620,CASSLAGNEQYF,CASSLAGYEQYF
621,CASSLAGNEQYF,CASSLAGGEQYF
622,CASSLAGNEQYF,CASSLAGIEQYF
623,CASSLAGNEQYF,CASSLAGANEQYF
624,CASSLAGNEQYF,CASSLAGTEQYF
625,CASSLAGNEQYF,CASSLAGVEQYF
626,CASSLAGNEQYF,CASSLAGSEQYF
627,CASSLAGNEQYF,CASSLAGIEQYF
628,CASSLNSNQPQHF,CASSLGSNQPQHF
629,CASSYSGRQETQYF,CASSYSGQETQYF
630,CASSYSRGEQFF,CASSYSRGDEQFF
631,CASSLGALGTDTQYF,CASSLGAGTDTQYF
632,CASSGDAAYEQYF,CASSGDSAYEQYF
633,CASSQDLSAYEQYF,CASSQDLTAYEQYF
634,CASSFGTDTQYF,CASSFGGDTQYF
635,CASSLAGNEQFF,CASSLAGTNEQFF
636,CASSYGPSEQYF,CASSYGPAEQYF
637,CASSLGYNEQFF,CASSLYYNEQFF
638,CASSLNSNQPQHF,CASSLGSNQPQHF
639,CASSYGLAYEQYF,CASSYQGLAYEQYF
640,CASSYSSVPYEQYF,CASSYSGVPYEQYF
641,CASSARNTEAFF,CASSAGNTEAFF
642,CASSLGGLNTEAFF,CASSLGTGLNTEAFF
643,CASSFGGLSYNEQFF,CASSLGGLSYNEQFF
644,CASSLNSNQPQHF,CASSLGSNQPQHF
645,CASSLAGYTDTQYF,CASSLAGPTDTQYF
646,CASSQVGGNEQFF,CASSQVHGNEQFF
647,CASSLAGYTDTQYF,CASSLLAGYTDTQYF
648,CASSLGVSYEQYF,CASSLGSYEQYF
649,CASSLNSNQPQHF,CASSLNNNQPQHF
650,CASSLAGNEQFF,CASSLAGGNEQFF
651,CASSVGSGELFF,CASSVGAGELFF
652,CASSLAAQETQYF,CASSFLAAQETQYF
653,CASSLGVSYEQYF,CASSLGGSYEQYF
654,CASSLAAQETQYF,CASSLAGQETQYF
655,CASSLRRDEQFF,CASSLRVDEQFF
656,CASSPIDRVTEAFF,CASSPPDRVTEAFF
657,CASSQVGGNEQFF,CASSQTGGNEQFF
658,CASSLGGNTEAFF,CASSLGVNTEAFF
659,CASSLGRGTYEQYF,CASSLGGTYEQYF
660,CASSERTAYNEQFF,CASSERVTAYNEQFF
661,CASSVGGKNTEAFF,CASSVVGKNTEAFF
662,CASSSDSSYEQYF,CASSSDSYEQYF
663,CASSSDSSYEQYF,CASSSSSYEQYF
664,CASSYSGNTEAFF,CASSYSQNTEAFF
665,CASSLNSNQPQHF,CASSLYSNQPQHF
666,CASSMGQGTYEQYF,CASSMGQGTLYEQYF
667,CASSMGQGTYEQYF,CASSMGQGETYEQYF
668,CASSMGQGTYEQYF,CASSMGQGTVYEQYF
669,CASSMGQGTYEQYF,CASSMGQGLTYEQYF
670,CATSDPGTGYEQYF,CATSDPGTYEQYF
671,CASSIAGTEAFF,CASSIAGGEAFF
672,CASSLGVMYNEQFF,CASSLGVTYNEQFF
673,CASSLGVGYNEQFF,CASSLGVTYNEQFF
674,CASSYLGGELFF,CASSYSGGELFF
675,CASSYSGPGELFF,CASSYSGGELFF
676,CASSYSGPGELFF,CASSYVGPGELFF
677,CASSLGVYNEQFF,CASSLGVTYNEQFF
678,CASSLGGGYEQYF,CASSLAGGGYEQYF
679,CASSLGTGNTEAFF,CASSLGGNTEAFF
680,CASSFGYEQYF,CASSLGYEQYF
681,CASSQTSGYTDTQYF,CASSQTSGGTDTQYF
682,CASSMGQGTYEQYF,CASSMGQGYEQYF
683,CASSLAGSSYNEQFF,CASSLAGSYNEQFF
684,CASSLGGGYEQYF,CASSLGGYEQYF
685,CASSSTGGLYNEQFF,CASSSTGGAYNEQFF
686,CASSYGGGELFF,CASSGGGELFF
687,CAIGGTGGTGELFF,CAGGTGGTGELFF
688,CASSLGSTDTQYF,CASSLGSDTQYF
689,CASSLGGGYEQYF,CASSLGGYEQYF
690,CASSLGEYTDTQYF,CASSLGPYTDTQYF
691,CASSPGGQPQHF,CASSSGGQPQHF
692,CASSQGGQPQHF,CASSSGGQPQHF
693,CASSLSGQPQHF,CASSLIGQPQHF
694,CASSLVSGELFF,CASSLVPGELFF
695,CASSLGGTDTQYF,CASSLGTGTDTQYF
696,CASSQAGAEAFF,CASSQAGAAEAFF
697,CASSLGGSYEQYF,CASSLGQSYEQYF
698,CASSWGQGVYNEQFF,CASSQGQGVYNEQFF
699,CASSQDPGVNTEAFF,CASSQDPGLNTEAFF
700,CASSFPGAEQYF,CASSFVGAEQYF
701,CASSLDSNQPQHF,CASSLGSNQPQHF
702,CASSQDPALNTEAFF,CASSQDPGLNTEAFF
703,CASSQDPGMNTEAFF,CASSQDPGLNTEAFF
704,CASSYTNTGELFF,CASSYSNTGELFF
705,CASSLAPGGDTEAFF,CASSLATGGDTEAFF
706,CASSPSSYEQYF,CASSPNSYEQYF
707,CASSLGLAGGNEQFF,CASSLGLAGGYEQFF
708,CASSLGSTDTQYF,CASSLGTDTQYF
709,CASSLARDTSYEQYF,CASSLARDSYEQYF
710,CASSLGLAGYNEQFF,CASSLSLAGYNEQFF
711,CASSFGYEQYF,CASSFTGYEQYF
712,CASSPAGAYEQYF,CASSPGGAYEQYF
713,CASSVVGGDTEAFF,CASSVVGGGTEAFF
714,CASSLGSGYNEQFF,CASSLGGYNEQFF
715,CASSLDSNQPQHF,CASSLGSNQPQHF
716,CASSIGGNQPQHF,CASSLGGNQPQHF
717,CASSLGGGYNEQFF,CASSLGGYNEQFF
718,CASSLGTGYNEQFF,CASSLGGYNEQFF
719,CASSPDRANTEAFF,CASSPDRMNTEAFF
720,CASSLGVGYNEQFF,CASSLGGYNEQFF
721,CASSLGVGNQPQHF,CASSLGGNQPQHF
722,CASSWTGETEAFF,CASSWTGGTEAFF
723,CASSLTGEAYEQYF,CASSLTEAYEQYF
724,CASSLGTGVEYEQYF,CASSLGTGVVYEQYF
725,CASSLGTGVEYEQYF,CASSLGTGVSYEQYF
726,CASSIQGDNQPQHF,CASSLQGDNQPQHF
727,CASSLGLGYNEQFF,CASSLGGYNEQFF
728,CASSLGLYNEQFF,CASSLGGYNEQFF
729,CASSLGLYNEQFF,CASSLGPYNEQFF
730,CASSLGVYNEQFF,CASSLGGYNEQFF
731,CASSLGVYNEQFF,CASSLGPYNEQFF
732,CASSQVEVTGELFF,CASSQEEVTGELFF
733,CASSLDSNQPQHF,CASSLNSNQPQHF
734,CASSLDSNQPQHF,CASSLGSNQPQHF
735,CASSRTSGNTDTQYF,CASSRTSGGTDTQYF
736,CASSWTGETEAFF,CASSTGETEAFF
737,CASSVGLSTDTQYF,CASSVGYSTDTQYF
738,CASSVGISTDTQYF,CASSVGYSTDTQYF
739,CASSPSSYEQYF,CASSSSYEQYF
740,CASSPSSYEQYF,CASSPNSYEQYF
741,CASSLGSGYNEQFF,CASSLGSSYNEQFF
742,CASSLDSNQPQHF,CASSLSDSNQPQHF
743,CASSFGYEQYF,CASSLGYEQYF
744,CASSLGGTDTQYF,CASSLTGGTDTQYF
745,CASSLGGTDTQYF,CASSLGSGTDTQYF
746,CASSLGGSYEQYF,CASSLSGGSYEQYF
747,CASSYLGGELFF,CASSYGGELFF
748,CASSLTNTDTQYF,CASSATNTDTQYF
749,CASSSNTGELFF,CASSSDTGELFF
750,CASSSNTGELFF,CASSPNTGELFF
751,CASSLGLYNEQFF,CASSLGQYNEQFF
752,CASSLGVYNEQFF,CASSLGQYNEQFF
753,CASSLGSGYNEQFF,CASSLGSSYNEQFF
754,CASSFGFGEQFF,CASSFGTGEQFF
755,CASSQDWDSSYEQYF,CASSQDRDSSYEQYF
756,CASSLGGTDTQYF,CASSLGHTDTQYF
757,CASSLGGTDTQYF,CASSLGTDTQYF
758,CASSLGGSYEQYF,CASSLGSSYEQYF
759,CASSPGGQPQHF,CASSPEGGQPQHF
760,CASSLHRDSYEQYF,CASSLHRDVSYEQYF
761,CASSLHRDSYEQYF,CASSLHRDHYEQYF
762,CASSLHRDSYEQYF,CASSLSRDSYEQYF
763,CASSLGLTDTQYF,CASSLGHTDTQYF
764,CASSLGLTDTQYF,CASSLFLTDTQYF
765,CASSLGLTDTQYF,CASSLGTDTQYF
766,CASSSGTMNTEAFF,CASSSGMNTEAFF
767,CASSLSLRETQYF,CASSLSWRETQYF
768,CASSLSQGSYNEQFF,CASSLSQGAYNEQFF
769,CASSQVRYQETQYF,CASSQSRYQETQYF
770,CASSQENYSNQPQHF,CASSQERYSNQPQHF
771,CASSVGWTGTYEQYF,CASSVGWGGTYEQYF
772,CASSLTASSTDTQYF,CASSLLASSTDTQYF
773,CASSLDSNQPQHF,CASSLADSNQPQHF
774,CASSLGGSYEQYF,CASSLIGGSYEQYF
775,CASSLGGTEQYF,CASSLGGEQYF
776,CASSLSQGAYNEQFF,CASSLQGAYNEQFF
777,CASSPTSDQETQYF,CASRPTSDQETQYF
778,CASSLGLAAYNEQFF,CASSLGQAAYNEQFF
779,CASSLGGSYEQYF,CASSLGESYEQYF
780,CASSYSADATGELFF,CASSYSALATGELFF
781,CASSLVSGELFF,CASSLVLSGELFF
782,CASSLDSNQPQHF,CASSLYSNQPQHF
783,CASSLGGTDTQYF,CASSLGGSDTQYF
784,CASSLGGGYNEQFF,CASSLTGGYNEQFF
785,CASSLAFGTEAFF,CASSLAQGTEAFF
786,CASSYFSGNTGELFF,CASSYTSGNTGELFF
787,CASSLGLNEQFF,CASSLGGLNEQFF
788,CASSLHRDSYEQYF,CASSLHRDYEQYF
789,CASSLGLNNEQFF,CASSLTLNNEQFF
790,CASSSTGFEQFF,CASSSTGHEQFF
791,CASSSTGFEQFF,CASSSTGNEQFF
792,CASSGTDTQYF,CASSLTDTQYF
793,CASSGTDTQYF,CASSITDTQYF
794,CASSPDSYEQYF,CASSPSYEQYF
795,CASSLGGQYNEQFF,CASSLGSGQYNEQFF
796,CASSPTGGNYEQYF,CASSPTGNYEQYF
797,CASSPTSGGSYEQYF,CASSITSGGSYEQYF
798,CASSLLAATDTQYF,CASSLLASTDTQYF
799,CASSPGGSYEQYF,CASSPPGGSYEQYF
800,CASSPGGSYEQYF,CASSPGGSEQYF
801,CASSIGQGHTYEQYF,CASSIGQGITYEQYF
802,CASSIGQGETYEQYF,CASSIGQGITYEQYF
803,CASSVGQGITYEQYF,CASSAGQGITYEQYF
804,CASSVGQGITYEQYF,CASSIGQGITYEQYF
805,CASSLGQGITYEQYF,CASSAGQGITYEQYF
806,CASSLGQGITYEQYF,CASSIGQGITYEQYF
807,CASSAGQGILYEQYF,CASSAGQGITYEQYF
808,CASSIGQGLTYEQYF,CASSIGQGITYEQYF
809,CASSAGQGLTYEQYF,CASSAGQGITYEQYF
810,CASSIGSGITYEQYF,CASSIGQGITYEQYF
811,CASSIGAGITYEQYF,CASSIGQGITYEQYF
812,CASSIGQGISYEQYF,CASSIGQGITYEQYF
813,CASSIGQGRTYEQYF,CASSIGQGITYEQYF
814,CASSIGQGIEYEQYF,CASSIGQGITYEQYF
815,CASSIRDSYEQYF,CASSIRSSYEQYF
816,CASSLYSGANVLTF,CASSLYISGANVLTF
817,CASSPRGSEQYF,CASSPRGNEQYF
818,CASSIGQYTGELFF,CASSKGQYTGELFF
819,CASSIGVGSYNEQFF,CASSIVGSYNEQFF
820,CASSTGQGIPDTQYF,CASSTGQGIADTQYF
821,CASSGTDTQYF,CASSLTDTQYF
822,CASSLRSSYEQYF,CASSLFSSYEQYF
823,CASSSGAYEQYF,CASSSGQYEQYF
824,CASSSGAYEQYF,CASSSGHYEQYF
825,CASSIGTGDVYEQYF,CASSIGTGVVYEQYF
826,CASSIGTGYSYEQYF,CASSIGTGTSYEQYF
827,CASSIGTGTIYEQYF,CASSIGTGTSYEQYF
828,CASSIGTGMSYEQYF,CASSIGTGTSYEQYF
829,CASSIGTGTTYEQYF,CASSIGTGTSYEQYF
830,CSARDNLSYEQYF,CSARDLSYEQYF
831,CASSIGTGVLYEQYF,CASSIGTGVVYEQYF
832,CASSIGTGVSYEQYF,CASSIGTGTSYEQYF
833,CASSIGTGVSYEQYF,CASSIGTGVVYEQYF
834,CASSLGTGVVYEQYF,CASSIGTGVVYEQYF
835,CASSVGTGVVYEQYF,CASSIGTGVVYEQYF
836,CASSPGTGTSYEQYF,CASSIGTGTSYEQYF
837,CASSIGQGTSYEQYF,CASSIGTGTSYEQYF
838,CASSIGQGVVYEQYF,CASSIGTGVVYEQYF
839,CASSQTQGHEQYF,CASSQDQGHEQYF
840,CASSPGTGVAYEQYF,CASSPGTGVRYEQYF
841,CASSIGLGYTGELFF,CASSIGAGYTGELFF
842,CASSPGTGLRYEQYF,CASSPGTGVRYEQYF
843,CASSPDSYEQYF,CASSPDYEQYF
844,CASSLGQGLTGELFF,CASSLQGLTGELFF
845,CASSIGLSSYNEQFF,CASSIGGSSYNEQFF
846,CASSMGVGSSYEQYF,CASSMGVGSVYEQYF
847,CASSIGTGLGNEQFF,CASSIGAGLGNEQFF
848,CASSTGAGVGNEQFF,CASSTAAGVGNEQFF
849,CASSTGAGVGNEQFF,CASSIGAGVGNEQFF
850,CASSIGAGFGNEQFF,CASSIGAGLGNEQFF
851,CASSIGAGFGNEQFF,CASSIGAGVGNEQFF
852,CASSIGVGSYNEQFF,CASSIVGSYNEQFF
853,CASSIGAGLGHEQFF,CASSIGAGLGNEQFF
854,CASSLRSSYEQYF,CASSLGSSYEQYF
855,CASSIGVGLGNEQFF,CASSIGAGLGNEQFF
856,CASSIGQGLNNEQFF,CASSIGAGLNNEQFF
857,CASSIGTGLNNEQFF,CASSIGAGLNNEQFF
858,CASSPGTGNSYEQYF,CASSPGTGSSYEQYF
859,CASSPGTGTSYEQYF,CASSPGTGSSYEQYF
860,CASSIGVGQAYEQYF,CASSIGPGQAYEQYF
861,CASSLLANTEAFF,CASSLLQNTEAFF
862,CASSPDSYEQYF,CASSLDSYEQYF
863,CASSPTSGSYEQYF,CASSPGTSGSYEQYF
864,CASSWAGAYEQYF,CASSFAGAYEQYF
865,CASSFVGYEQYF,CASSFVGEQYF
866,CASSRSGGMTDTQYF,CASSRSGGSTDTQYF
867,CASSPTGYNEQFF,CASSPTGPNEQFF
868,CASSFGTEAFF,CASSFTTEAFF
869,CASSLTGGTEAFF,CASSLTGPTEAFF
870,CASSLGTLYEQYF,CASSLGLYEQYF
871,CASSPTGTEAFF,CASSPTGPTEAFF
872,CASSLWAGGYNEQFF,CASSLLAGGYNEQFF
873,CASSFQGEQYF,CASSFVGEQYF
874,CASSWSGYEQYF,CASSWGGYEQYF
875,CASSLYSTDTQYF,CASSLLYSTDTQYF
876,CASSVGYNEQFF,CASSVGGYNEQFF
877,CASSWDRAYEQYF,CASSWDRSYEQYF
878,CASSFSGNEQFF,CASSFSGANEQFF
879,CASSFSGNEQFF,CASSFGGNEQFF
880,CASSWDRVYEQYF,CASSWDRSYEQYF
881,CASSLAGDNEQFF,CASSPAGDNEQFF
882,CASSSTGGVTDTQYF,CASSSTGAVTDTQYF
883,CASSSTGGGTDTQYF,CASSLTGGGTDTQYF
884,CASSSTGGGTDTQYF,CASSSTGAGTDTQYF
885,CASSFTSEAFF,CASSFTTEAFF
886,CASSSGGTEAFF,CASSGGGTEAFF
887,CASSSGGTEAFF,CASSQGGTEAFF
888,CASSFATEAFF,CASSFANTEAFF
889,CASSFATEAFF,CASSFTTEAFF
890,CSAMTGYGYTF,CSAWTGYGYTF
891,CASSLYNEQFF,CASSLYDEQFF
892,CASSLWAGGYNEQFF,CASSLLAGGYNEQFF
893,CASSPGGWQTQYF,CASSPGGWETQYF
894,CASSITPGSYEQYF,CASSITPGVSYEQYF
895,CASSLTGDTQYF,CASSLNGDTQYF
896,CASSPTGYNEQFF,CASSPTGNEQFF
897,CASSPTGNEQYF,CASSPTGNEQFF
898,CASSLTGNEQFF,CASSPTGNEQFF
899,CASSVGYNEQFF,CASSVGGYNEQFF
900,CASSLGQEAFF,CASSLGSEAFF
901,CASSLGQEAFF,CASSLGGEAFF
902,CASSSTGNEQFF,CASSPTGNEQFF
903,CASSPTGYEQFF,CASSPTGNEQFF
904,CASSLGYEQYF,CASSLGGYEQYF
905,CASSPTGAEQFF,CASSPTGNEQFF
906,CASSLYNEQFF,CASSLYSNEQFF
907,CASSYGSTEAFF,CASSYGSPTEAFF
908,CASSLGQLYEQYF,CASSLGQALYEQYF
909,CASSLVGEKLFF,CASSLGEKLFF
910,CASSFGAYNEQFF,CASSFGTYNEQFF
911,CASSLVGYEQYF,CASSLVGPYEQYF
912,CASSLGYEQYF,CASSLGGYEQYF
913,CASSLGYEQYF,CASSLGSYEQYF
914,CASSQGGFEAFF,CASSQGGTEAFF
915,CSVEGGGNEQFF,CSVEGGHNEQFF
916,CASSYSGETQYF,CASSYFSGETQYF
917,CSVEQGSYEQYF,CSVEQGPYEQYF
918,CASSLSGPSYNEQFF,CASSLSGSYNEQFF
919,CASSFGAYNEQFF,CASSFSAYNEQFF
920,CASSLGYEQYF,CASSLGSYEQYF
921,CASSLVNEQFF,CASSLDNEQFF
922,CASSLGTEAFF,CASSLMGTEAFF
923,CASSFTGNTIYF,CASSFSGNTIYF
924,CASSYQGNSPLHF,CASSVQGNSPLHF
925,CASSSSGNTIYF,CASSFSGNTIYF
926,CASSAQGNSPLHF,CASSVQGNSPLHF
927,CASSLGYEQYF,CASSLGNEQYF
928,CASSTSGNTIYF,CASSFSGNTIYF
929,CASSYSGETQYF,CASSYSGWETQYF
930,CASSLPTDTQYF,CASSLGTDTQYF
931,CASSLSGTQYF,CASSPSGTQYF
932,CASSITPGSYEQYF,CASSITPGSGEQYF
933,CASSYGSYEQYF,CASSYGNSYEQYF
934,CASSYGGETQYF,CASSYGRETQYF
935,CASSLAGELFF,CASSLGGELFF
936,CASSYGGYGYTF,CASSYGGSYGYTF
937,CASSLAGEKLFF,CASSLGEKLFF
938,CASSLAGNEKLFF,CASSLAPNEKLFF
939,CASSLVNEQFF,CASSFLVNEQFF
940,CASSLVNEQFF,CASSLVPNEQFF
941,CASSLVNEQFF,CASSLDNEQFF
942,CASSIGGGEAFF,CASSIGVGEAFF
943,CASSFGTEAFF,CASSQGTEAFF
944,CASSPGADTQYF,CASSLGADTQYF
945,CASSLYNEQFF,CASSLDNEQFF
946,CASSLYNEQFF,CASSLVNEQFF
947,CASSFSNEQFF,CASSPSNEQFF
948,CASSFASEQYF,CASSFGSEQYF
949,CASSLYTGGETQYF,CASSLYRGGETQYF
950,CASSLGTEAFF,CASSLWGTEAFF
951,CASSITDTQYF,CASSLTDTQYF
952,CASSQEAGSYEQYF,CASSQEAGSSYEQYF
953,CASSLTGELFF,CASSLTGLELFF
954,CASSLTGELFF,CASSLGGELFF
955,CASSPSSEQFF,CASSPSNEQFF
956,CASSLGQPYEQYF,CASSLGQAYEQYF
957,CASSMTGGSTDTQYF,CASSLTGGSTDTQYF
958,CASSFGPGYTF,CASSPGPGYTF
959,CASSFLGELFF,CASSFSGELFF
960,CASSFLGELFF,CASSFLPGELFF
961,CASSFATEAFF,CASSFAAEAFF
962,CASSFGEKLFF,CASSLGEKLFF
963,CASSFVGELFF,CASSFSGELFF
964,CASSSSETQYF,CASSSSGTQYF
965,CASSYGSTEAFF,CASSYGTEAFF
966,CASSFVYEQFF,CASSFNYEQFF
967,CASSGGTGAYEQYF,CASSAGTGAYEQYF
968,CSVLTGLNTEAFF,CSVTGLNTEAFF
969,CSVELGTGEQYF,CSVEAGTGEQYF
970,CASSSSETQYF,CASSSESETQYF
971,CASSYSGGELFF,CASSYSIGELFF
972,CASSLAGEKLFF,CASSLGGEKLFF
973,CASSFGTEAFF,CASSSGTEAFF
974,CASSPSYEQYF,CASSPDYEQYF
975,CASSLSLGFYEQYF,CASSLSAGFYEQYF
976,CASSYGSTEAFF,CASSYGSHTEAFF
977,CASSQGGETQYF,CASSLQGGETQYF
978,CASSLTGDTQYF,CASSLGGDTQYF
979,CASSSGGTEAFF,CASSSGGNTEAFF
980,CASSSGGTEAFF,CASSSGTEAFF
981,CSVEQGSYEQYF,CSVEEQGSYEQYF
982,CASSLSPGYYGYTF,CASSLSPDYYGYTF
983,CASSPDHYEQYF,CASSHDHYEQYF
984,CASSQGFYEQYF,CASSQGLYEQYF
985,CASSYGYEQYF,CASSYDGYEQYF
986,CASSYSGGELFF,CASSYGGELFF
987,CASSFTSYEQYF,CASSFSSYEQYF
988,CASSLTYEQYF,CASSLQTYEQYF
989,CASSFVGYEQYF,CASSFGYEQYF
990,CASSPQGNTEAFF,CASSPEGNTEAFF
991,CASSLYSTDTQYF,CASSLYNTDTQYF
992,CASSLYSTDTQYF,CASSIYSTDTQYF
993,CASSLVNEQFF,CASSLGNEQFF
994,CASSLTGFEQYF,CASSLLGFEQYF
995,CASSFGTEAFF,CASSRGTEAFF
996,CASSLTGNEQFF,CASSLGNEQFF
997,CASSLGGESYEQYF,CASSLGGPSYEQYF
998,CSVARDTEAFF,CSVARGTEAFF
999,CASSFSGNEQFF,CASSFLGNEQFF
1000,CASSALAGGLNEQFF,CASSGLAGGLNEQFF
1001,CASSFLGELFF,CASSFLGEQFF
1002,CASSLTGNEQFF,CASSLDGNEQFF
1003,CASSQGGETQYF,CASSYGGETQYF
1004,CASSFSHEQFF,CASSFSHEQYF
1005,CASSYSGETQYF,CASSYGGETQYF
1006,CASSFSIEQYF,CASSFSHEQYF
1007,CASSLAGAEQYF,CASSLAGAGEQYF
1008,CASSQGPEQYF,CASSQGYEQYF
1009,CASSYGGETQYF,CASSYGGTQYF
1010,CASSYGGSSYNEQFF,CASSYSGSSYNEQFF
1011,CASSYVGNEQFF,CASSYVRGNEQFF
1012,CSATQGTGELFF,CSATPGTGELFF
1013,CASSQGPEQYF,CASSQGYEQYF
1014,CASSYGGETQYF,CASSYGNGETQYF
1015,CASSLVGYEQYF,CASSLVSYEQYF
1016,CASSLAGELFF,CASSLVGELFF
1017,CSVEQGSYEQYF,CSVEQGVSYEQYF
1018,CASSWSGYEQYF,CASSLSGYEQYF
1019,CASSLTGELFF,CASSLVGELFF
1020,CASSYGDGTYEQYF,CASSYVGDGTYEQYF
1021,CASSYGSYEQYF,CASSYGSSYEQYF
1022,CASSLSGALTDTQYF,CASSLSGATDTQYF
1023,CASSFVGELFF,CASSLVGELFF
1024,CASSYGGSSYNEQFF,CASSYSGSSYNEQFF
1025,CASSSGLESYEQYF,CASSSRLESYEQYF
1026,CASSYGSYEQYF,CASSYSGSYEQYF
1027,CASSYSGETQYF,CASSYSMGETQYF
1028,CSVEQGSYEQYF,CSVEQGYEQYF
1029,CSIGAGTSYEQYF,CSVGAGTSYEQYF
1030,CASSWSGYEQYF,CASSWGYEQYF
1031,CSVELGTGEQYF,CSVELGTWEQYF
1032,CASSFAGAYEQYF,CASSFAGIYEQYF
1033,CASSLTGPSYEQYF,CASSLTGPSSYEQYF
1034,CASSQDGGLEAFF,CASSQAGGLEAFF
1035,CASSQDTGTPYEQYF,CASSQDTGRPYEQYF
1036,CASSLGNTEAFF,CASSLGENTEAFF
1037,CASSDSYEQYF,CASSDNYEQYF
1038,CASSILAGGYNEQFF,CASSLLAGGYNEQFF
1039,CASSLLAGGRNEQFF,CASSLLAGGYNEQFF
1040,CASSLLGYEQYF,CASSLGGYEQYF
1041,CASSFGSAYEQYF,CASSFGSSYEQYF
1042,CASSFGSAYEQYF,CASSFGSAEQYF
1043,CASSFGSAYEQYF,CASSFGGAYEQYF
1044,CASSFGSAYEQYF,CASSFGSYEQYF
1045,CASSFGSAYEQYF,CASSFGTAYEQYF
1046,CASSPTGPNEQFF,CASSPTGNEQFF
1047,CASSGSYEQYF,CASSTGSYEQYF
1048,CASSVGGYNEQFF,CASSVGGGYNEQFF
1049,CASSVGGYNEQFF,CASSVGGSYNEQFF
1050,CASSVGDYEQFF,CASSVGDYYEQFF
1051,CASSLAGNSYNEQFF,CASSLAGSYNEQFF
1052,CASSLLGYEQYF,CASSLGGYEQYF
1053,CASSFGRGYEQYF,CASSFGRGPYEQYF
1054,CASSDGHTNTEAFF,CASSDGHTGNTEAFF
1055,CASSVTGTYEQYF,CASSLTGTYEQYF
1056,CASSFGQGSYEQYF,CASSFGQGAYEQYF
1057,CASSLVGPTEAFF,CASSLVGNTEAFF
1058,CASSLGASYEQYF,CASSLGASSYEQYF
1059,CASSLGNTEAFF,CASSLVGNTEAFF
1060,CASSWESYEQYF,CASSWGSYEQYF
1061,CASSQAGGELFF,CASSQATGELFF
1062,CASSWGDYEQYF,CASSWGSYEQYF
1063,CASSFGSYEQYF,CASSWGSYEQYF
1064,CASSFGSYEQYF,CASSFGVSYEQYF
1065,CASSWSSYEQYF,CASSWGSYEQYF
1066,CASSSGQGYEQYF,CASSSGVGYEQYF
1067,CASSLTGPSYEQYF,CASSPTGPSYEQYF
1068,CASSLTGPSYEQYF,CASSLLGPSYEQYF
1069,CASSYSTGNYEQYF,CASSYSTGNEQYF
1070,CASSQSYEQYF,CASSQGYEQYF
1071,CASSLSYEQYF,CASSYSYEQYF
1072,CASSLSYEQYF,CASSLTYEQYF
1073,CASSLSYEQYF,CASSFSYEQYF
1074,CASSPTGNYEQYF,CASSPTGYEQYF
1075,CASSLDSYEQYF,CASSLSYEQYF
1076,CASSATGAGTDTQYF,CASSRTGAGTDTQYF
1077,CASSQGGYEAFF,CASSQGGEAFF
1078,CASSLVGSNEQFF,CASSLGSNEQFF
1079,CASSQDSYEQYF,CASSRDSYEQYF
1080,CASSSTGAGTDTQYF,CASSRTGAGTDTQYF
1081,CASSLAGGGYEQYF,CASSLAGTGGYEQYF
1082,CASSLEGSTYEQYF,CASSLAGSTYEQYF
1083,CASSLIQGYEQYF,CASSLRQGYEQYF
1084,CASSLSYEQYF,CASSRSYEQYF
1085,CASSFGGNEQFF,CASSFGINEQFF
1086,CASSLSYEQYF,CASSLSNYEQYF
1087,CASSLSYEQYF,CASSLSRYEQYF
1088,CAISESYEQFF,CAISESYEQYF
1089,CASSLGASYEQYF,CASSLWASYEQYF
1090,CAISNSYEQYF,CAISESYEQYF
1091,CASSLLGEQYF,CASSLVGEQYF
1092,CASSYGNGYEQYF,CASSYGNSYEQYF
1093,CASSLGGAEAFF,CASSLGGATEAFF
1094,CASSNSYEQYF,CASSPNSYEQYF
1095,CATSRDRGYNQPQHF,CATSRDRGSNQPQHF
1096,CASSLSYEQYF,CASSLSNEQYF
1097,CASSYSGQGNEQYF,CASSYSGQGYEQYF
1098,CASSLTGSSTDTQYF,CASSLTGGSTDTQYF
1099,CAISESYEQYF,CAISESSYEQYF
1100,CAISESYEQFF,CAISESNEQFF
1101,CASSLTGVSTDTQYF,CASSLTGGSTDTQYF
1102,CASSSSGGQETQYF,CASSSSGWQETQYF
1103,CASSLLTGAGNTIYF,CASSLLGAGNTIYF
1104,CASSLGATQYF,CASSLGQTQYF
1105,CASSLQGITYEQYF,CASSLTGITYEQYF
1106,CASSLTGGGTDTQYF,CASSLTGGSTDTQYF
1107,CASSWGGYEQYF,CASSFGGYEQYF
1108,CASSQSYEQYF,CASSQDSYEQYF
1109,CASSLLGGYEQYF,CASSLLSGYEQYF
1110,CASSLGNTEAFF,CASSLGPNTEAFF
1111,CASSQGGTEAFF,CASSQGTEAFF
1112,CASSLSGGSTDTQYF,CASSLTGGSTDTQYF
1113,CASSDTDSYEQYF,CASSDTDYEQYF
1114,CASSQDTYEQYF,CASSQDSYEQYF
1115,CASSLTGASTDTQYF,CASSLTGGSTDTQYF
1116,CASSLLGASSYEQYF,CASSLLASSYEQYF
1117,CASSLSYEQYF,CASSLTSYEQYF
1118,CASSQDPGAYEQYF,CASSQAPGAYEQYF
1119,CASSLGSYEQYF,CASSLTGSYEQYF
1120,CASSLSAGNTGELFF,CASSLSGGNTGELFF
1121,CASSLLAGGYNEQFF,CASSLLAGGRNEQFF
1122,CASSLLAGGYNEQFF,CASSLLAGTYNEQFF
1123,CASSGSYEQYF,CASSGSGEQYF
1124,CASSSSYEQYF,CASSRSSYEQYF
1125,CASSLGNTEAFF,CASSPGNTEAFF
1126,CASSESSYEQYF,CASSRSSYEQYF
1127,CASSLMAGTDTQYF,CASSLIAGTDTQYF
1128,CASSLWENTEAFF,CASSLWEGNTEAFF
1129,CASSLVGSYEQYF,CASSHVGSYEQYF
1130,CASSGGGTEAFF,CASSGGGRTEAFF
1131,CASSGGGTEAFF,CASSSGGTEAFF
1132,CASSFGGVEAFF,CASSFGGAEAFF
1133,CASSQGGTEAFF,CASSSGGTEAFF
1134,CASSLGGAEAFF,CASSFGGAEAFF
1135,CASSLAGAADTQYF,CASSLTGAADTQYF
1136,CASSFGGGEAFF,CASSFGGAEAFF
1137,CASSYSTGNYEQYF,CASSYSTGYEQYF
1138,CASSNSYEQYF,CASSSSYEQYF
1139,CASSNSYEQYF,CASSPNSYEQYF
1140,CASSLMAGTDTQYF,CASSLRAGTDTQYF
1141,CASSLSGATYNEQFF,CASSLSGAIYNEQFF
1142,CASSLLRGYEQYF,CASSLLDRGYEQYF
1143,CASSLTSGSPLHF,CASSLTGGSPLHF
1144,CASSLVQGGGYTF,CASSLQGGGYTF
1145,CASSLVGSYEQYF,CASSLGGSYEQYF
1146,CASSGGGTEAFF,CASGGGTEAFF
1147,CASSLGGNTEAFF,CASSEGGNTEAFF
1148,CASSYGQGGYGYTF,CASSLGQGGYGYTF
1149,CASSLGDFYEQYF,CASSLGGFYEQYF
1150,CASSLDSGYGYTF,CASSLGSGYGYTF
1151,CASSFGGNEQFF,CASSFLGNEQFF
1152,CASSLGYEQYF,CASSLGGEQYF
1153,CASSWGAGGETQYF,CASSWGAGGEQYF
1154,CASSLSAGGYGEQYF,CASSLSAGGQGEQYF
1155,CASSFGTGAYEQYF,CASSIGTGAYEQYF
1156,CATSDLQETQYF,CATSDLPQETQYF
1157,CASSLLASTDTQYF,CASSLLASSTDTQYF
1158,CASSFGGVSYEQYF,CASSFGGSSYEQYF
1159,CASSLIGDTQYF,CASSLSIGDTQYF
1160,CASSLTGPNEQFF,CASSLTGGNEQFF
1161,CASSFGGTSYEQYF,CASSFGGSSYEQYF
1162,CASSLGLYEQYF,CASSLKLYEQYF
1163,CASSLGSYEQYF,CASSLVSYEQYF
1164,CASSMTDTGELFF,CASSMTTGELFF
1165,CASSLSYEQYF,CASSLSGYEQYF
1166,CASSLGSYEQYF,CASSLISYEQYF
1167,CASSLGSYEQYF,CASSLDSYEQYF
1168,CASSLRGFEQYF,CASSLRGEQYF
1169,CASSQEGRLNTEAFF,CASSQERLNTEAFF
1170,CASSPSSYEQYF,CASSPSGSYEQYF
1171,CASSQDRGYEQYF,CASSQDHGYEQYF
1172,CASSFDGTVYEQYF,CASSFGGTVYEQYF
1173,CASSFGTGGYEQFF,CASSFGTSGYEQFF
1174,CASSLTGVQETQYF,CASSLTGSQETQYF
1175,CASSLGNTEAFF,CASSLMNTEAFF
1176,CASSFGGTSYEQYF,CASSFGGTVYEQYF
1177,CASSLLAGGRNEQFF,CASGLLAGGRNEQFF
1178,CASSLGYEQYF,CASSLGNEQYF
1179,CAISESYEQYF,CAISESDEQYF
1180,CASSQTSGGTDTQYF,CASSQDSGGTDTQYF
1181,CASSWGGYEQYF,CASSWGYEQYF
1182,CASSYSTGNYEQYF,CASSYSTGSYEQYF
1183,CASSLEGNEQYF,CASSLGGNEQYF
1184,CASSLGATEAFF,CASSLGANEAFF
1185,CASSLSGGTEAFF,CASSLGGTEAFF
1186,CASSLGFHEQYF,CASSLGGHEQYF
1187,CASSLYNEQFF,CASSLYSNEQFF
1188,CSARDSSGVGETQYF,CSARDSGGVGETQYF
1189,CASSLNQGAYEQYF,CASSLGQGAYEQYF
1190,CASSLEIGDTQYF,CASSLEGDTQYF
1191,CASSLLNTEAFF,CASSLANTEAFF
1192,CASSPGGGAEAFF,CASSPGGAEAFF
1193,CATSDDYEQYF,CATSDTYEQYF
1194,CASSLGGSPYEQYF,CASSLGGSSYEQYF
1195,CASSLGGSPYEQYF,CASSLGGAPYEQYF
1196,CASSLGGSPYEQYF,CASSLGGSHYEQYF
1197,CASSLGGSPYEQYF,CASSLGGSAYEQYF
1198,CASSQGNHQPQHF,CASSQGNQPQHF
1199,CASSLEGYNEQFF,CASSLPGYNEQFF
1200,CASSLAGSYNEQFF,CASSLATSYNEQFF
1201,CASSFGSTYEQYF,CASSFGSSYEQYF
1202,CASSLLNTEAFF,CASSLRNTEAFF
1203,CASSLEIGDTQYF,CASSLIGDTQYF
1204,CASSDSYEQYF,CASSDPYEQYF
1205,CATSDLFTDTQYF,CATSDLVTDTQYF
1206,CATSDLFTDTQYF,CATSDLATDTQYF
1207,CSARDRDSAYEQYF,CSARDRTSAYEQYF
1208,CASSIAAGPTDTQYF,CASSIGAGPTDTQYF
1209,CASSDNYEQYF,CASSLNYEQYF
1210,CASSYSGAEAFF,CASSYSSGAEAFF
1211,CASSPTGANYGYTF,CASSPTGTANYGYTF
1212,CASSEAVSSGNTIYF,CASSESVSSGNTIYF
1213,CASSLGENTEAFF,CASSLGPNTEAFF
1214,CASSLNYNEQFF,CASSLYNEQFF
1215,CASSLYNEQFF,CASSLDNEQFF
1216,CASSLYNEQFF,CASSLVNEQFF
1217,CASSPPGFGYNEQFF,CASSPPGTGYNEQFF
1218,CASSLTSGPYNEQFF,CASSLTSGSYNEQFF
1219,CASSIAPTSNQPQHF,CASSIAPLSNQPQHF
1220,CASSHTGEQYF,CASSHTGIEQYF
1221,CASSDSYEQYF,CASSDTYEQYF
1222,CASSLNGDTQYF,CASSLTGDTQYF
1223,CASSLLAGGYNEQFF,CASSLLAGGRNEQFF
1224,CASSLLAGGYNEQFF,CASSLLAGTYNEQFF
1225,CASSDGETQYF,CASSDLGETQYF
1226,CASSPGGGAEAFF,CASSPLGGAEAFF
1227,CASSSPSGNEQFF,CASSPSGNEQFF
1228,CASSLSPGGYEQYF,CASSSPGGYEQYF
1229,CASSYSGGTEAFF,CASSYRGGTEAFF
1230,CASSTGQAVETQYF,CASSTGQGVETQYF
1231,CASSLNGDTQYF,CASSLGGDTQYF
1232,CASSFTGNTEAFF,CASSTGNTEAFF
1233,CASSLAGGLDEQFF,CASSLAGGQDEQFF
1234,CASSYRGFTEAFF,CASSYRGGTEAFF
1235,CASSQTGGSTDTQYF,CASSQTGSTDTQYF
1236,CASSYPGNTEAFF,CASSYEGNTEAFF
1237,CASSIDQSSYNEQFF,CASSIDGSSYNEQFF
1238,CASSSDGSSYNEQFF,CASSIDGSSYNEQFF
1239,CASSIAGGPGNEQFF,CASSIAGGVGNEQFF
1240,CASSIAGGPGNEQFF,CASSIAGGLGNEQFF
1241,CASSISGSVNTEAFF,CASSISGSGNTEAFF
1242,CASSSPSGNEQFF,CASSSASGNEQFF
1243,CASSGRDSYEQYF,CASSGLDSYEQYF
1244,CASSLTPGNTEAFF,CASSLIPGNTEAFF
1245,CASSYSGGTEAFF,CASSYSGGTSEAFF
1246,CASSPDPTDTQYF,CASSPNPTDTQYF
1247,CASSYPGGPYNEQFF,CASSYGGGPYNEQFF
1248,CSARGSSSYEQYF,CSARGTSSYEQYF
1249,CSAREQNTGELFF,CSAREQTNTGELFF
1250,CSAREQGTNTGELFF,CSAREQTNTGELFF
1251,CASSRGNNEQFF,CASSRVNNEQFF
1252,CASSLQGNTEAFF,CASSLLQGNTEAFF
1253,CASSISGSAYNEQFF,CASSISGSGYNEQFF
1254,CASSISGSAYNEQFF,CASSISGAAYNEQFF
1255,CASSISGGAYNEQFF,CASSISGAAYNEQFF
1256,CASSLGQTYEQYF,CASSLGGTYEQYF
1257,CASSYSGSYNEQFF,CASSYSGSSYNEQFF
1258,CASSYSGSYNEQFF,CASSYSGSGYNEQFF
1259,CASSVDSYNEQFF,CASSVADSYNEQFF
1260,CASSLQGNTEAFF,CASSLQGMNTEAFF
1261,CASSLAGGETQYF,CASSLMGGETQYF
1262,CASSLSGGTTDTQYF,CASSLMGGTTDTQYF
1263,CASSIGGANTEAFF,CASSIQGANTEAFF
1264,CASSRGYEQYF,CASSWGYEQYF
1265,CASSDSYEQYF,CASSIDSYEQYF
1266,CASSDSYEQYF,CASSSDSYEQYF
1267,CASSDSYEQYF,CASSGDSYEQYF
1268,CSVAESNYGYTF,CSVASNYGYTF
1269,CASSYRGSNQPQHF,CASSYGSNQPQHF
1270,CASSLTPGNTEAFF,CASSLTTGNTEAFF
1271,CASSYSGSYNEQFF,CASSYSGSSYNEQFF
1272,CASSLGSNTEAFF,CASSLSNTEAFF
1273,CASSLGGYEQYF,CASSLGSYEQYF
1274,CASSLGSDTQYF,CASSLGGDTQYF
1275,CASSLGGAEQYF,CASSLGGYEQYF
1276,CASSQDLGTQYF,CASSQDYGTQYF
1277,CASSLGGYEQYF,CASSLGSGYEQYF
1278,CASSHGTEAFF,CASSHGGTEAFF
1279,CASSLGSEKLFF,CASSLGEKLFF
1280,CASSHPGGTEAFF,CASSHGGTEAFF
1281,CASSLGGGYTF,CASSLGGGGYTF
1282,CSARDIANYGYTF,CSARDSANYGYTF
1283,CASSLGGYEQYF,CASSLGSYEQYF
1284,CASSQDWGGNEQFF,CASSQDWGGYNEQFF
1285,CASSLGGGELFF,CASSLGFGELFF
1286,CASSEGDGYTF,CASSLGDGYTF
1287,CASSVGGTGTGELFF,CASSVGGGTGELFF
1288,CASSVGGDRSYEQYF,CASSVGGRSYEQYF
1289,CASSLGGEQFF,CASSLGAEQFF
1290,CASSLGGYEQYF,CASSLGGEQYF
1291,CASSPGGSEQYF,CASSPGSEQYF
1292,CASSLDNTEAFF,CASSLMNTEAFF
1293,CASSVGGASYEQYF,CASSVGGRSYEQYF
1294,CASSLGEGYTF,CASSLGDGYTF
1295,CASSVGGSYEQYF,CASSVGGRSYEQYF
1296,CASSLGAGAFF,CASSLAGAGAFF
1297,CASSYRTGGGGYTF,CASSYFTGGGGYTF
1298,CASSPLAGGTGELFF,CASSPLAGGSGELFF
1299,CASSLGGELFF,CASSLGGVELFF
1300,CASSAGGEQYF,CASSLAGGEQYF
1301,CASSLGGELFF,CASSLGGVELFF
1302,CASSLGSEAFF,CASSLAGSEAFF
1303,CASSLGGELFF,CASSLGGVELFF
1304,CASSLGSDTQYF,CASSLGTDTQYF
1305,CASSPPSYNEQFF,CASSPSSYNEQFF
1306,CASSLGGGELFF,CASSLGVGELFF
1307,CASSVGGSTEAFF,CASSVGGYTEAFF
1308,CASSPTGNEQFF,CASSPAGNEQFF
1309,CASSPTGNEQFF,CASSPGNEQFF
1310,CSVGQGFGNTIYF,CSVGGGFGNTIYF
1311,CASSPTGNEQFF,CASSPEGNEQFF
1312,CASSPTGNEQFF,CASSPSGNEQFF
1313,CASSQDWGYNEQFF,CASSQDRGYNEQFF
1314,CASSLGSDTQYF,CASSLGGDTQYF
1315,CASSQTVGETQYF,CASSQGVGETQYF
1316,CASSVGGDYEQYF,CASSAGGDYEQYF
1317,CASSAGGSYEQYF,CASSAGGDYEQYF
1318,CASSLGGPEQFF,CASSLGGPEQYF
1319,CASSVSSGANVLTF,CASSVGSSGANVLTF
1320,CASSLASGVGNEQFF,CASSLASGVGREQFF
1321,CASSVGSGRYEQYF,CASSVGSGHYEQYF
1322,CASSLRDSSYEQYF,CASSFRDSSYEQYF
1323,CASSLGGSEQYF,CASSLGGPEQYF
1324,CASSLGGSEQYF,CASSLGGLSEQYF
1325,CASSVGTSGNNEQFF,CASSEGTSGNNEQFF
1326,CASSVPGTGELFF,CASSVPVTGELFF
1327,CASSLGDTQYF,CASSLEGDTQYF
1328,CASSVGGDYEQYF,CASSVGGGYEQYF
1329,CASSRGDTEAFF,CASSRGNTEAFF
1330,CASSVGGSYEQYF,CASSVGGGYEQYF
1331,CASSAGWGNQPQHF,CASSAGWLGNQPQHF
1332,CASSLGGPEQFF,CASSLMGPEQFF
1333,CASSTGSYEQYF,CASSTGTYEQYF
1334,CASSVGGDSSYEQYF,CASSVGGGSSYEQYF
1335,CASSLGTGYEQYF,CASSSGTGYEQYF
1336,CASSFGSSYEQYF,CASSLGSSYEQYF
1337,CASSVGGVSTGELFF,CASSVGGKSTGELFF
1338,CASSLGGPEAFF,CASSLGGTEAFF
1339,CASSGGNEKLFF,CASSGQGNEKLFF
1340,CASSLGGDEQFF,CASSLGGREQFF
1341,CASSGAGLSYEQYF,CASSVGAGLSYEQYF
1342,CASSGAGLSYEQYF,CASSEGAGLSYEQYF
1343,CASSLGGEAFF,CASSLGGTEAFF
1344,CASSPGTSGTYEQYF,CASSPGTSVTYEQYF
1345,CASSLGGEQFF,CASSLGQGEQFF
1346,CASSLDFSYEQYF,CASSLDSYEQYF
1347,CATSRGNMNTEAFF,CATSRGGMNTEAFF
1348,CASSVDGGSNEQFF,CASSVHGGSNEQFF
1349,CASSVGGSYEQYF,CASSVGQGSYEQYF
1350,CASSLQGQYNEQFF,CASSLQGTYNEQFF
1351,CASSSTGDQPQHF,CASSSGGDQPQHF
1352,CASSGGDAEAFF,CASSGGAEAFF
1353,CASSLGTGYEQYF,CASSEGTGYEQYF
1354,CASSVSGGHNEQFF,CASSVSGHNEQFF
1355,CASSLGGYEQYF,CASSLGQGYEQYF
1356,CASSLPQRETQYF,CASSLPDRETQYF
1357,CASSISYEQYF,CASSLSYEQYF
1358,CASSLGGYEQYF,CASSLGSYEQYF
1359,CASSLDWSSYNEQFF,CASSLDGSSYNEQFF
1360,CASSLDWSSYNEQFF,CASSLDRSSYNEQFF
1361,CASSLANTEAFF,CASSLVANTEAFF
1362,CASSLANTEAFF,CASSLRNTEAFF
1363,CASSSAYEQYF,CASSSPYEQYF
1364,CASSLRENYGYTF,CASSLVENYGYTF
1365,CASSYEQGYEQYF,CASSYPQGYEQYF
1366,CASSLSGTYEQYF,CASSLSGHTYEQYF
1367,CASSLEGDTQYF,CASSLIGDTQYF
1368,CASSSAYEQYF,CASSPSAYEQYF
1369,CSVDTTNYNEQFF,CSVDTTYNEQFF
1370,CASSLGGYEQYF,CASSLGGEQYF
1371,CASSQGTGELFF,CASSQRGTGELFF
1372,CASSQGTGELFF,CASSQETGELFF
1373,CASSPGQPYEQYF,CASSPGQTYEQYF
1374,CASSFGGELFF,CASSFTGELFF
1375,CASSYLAGGTDTQYF,CASSSLAGGTDTQYF
1376,CASSLEGDTQYF,CASSLAGDTQYF
1377,CASSQSGNEQFF,CASSQGNEQFF
1378,CASNRGLGNEQFF,CASNRGLYNEQFF
1379,CASSGNQPQHF,CASSVNQPQHF
1380,CASSGNQPQHF,CASAGNQPQHF
1381,CASSGNQPQHF,CASSQNQPQHF
1382,CASSQGGNEQYF,CASSQVGNEQYF
1383,CASSLSGTYEQYF,CASSLLGTYEQYF
1384,CASSRGNTEAFF,CASSFRGNTEAFF
1385,CASSLTGTYEQYF,CASSLLGTYEQYF
1386,CASSHSYEQYF,CASSSSYEQYF
1387,CASSFSYEQYF,CASSSSYEQYF
1388,CASSLEGDTQYF,CASSLEGTDTQYF
1389,CASSSAYEQYF,CASSSSYEQYF
1390,CASSFGNTEAFF,CASSFLNTEAFF
1391,CASSLGPYSYEQYF,CASSLGPYSVEQYF
1392,CASSYGQNTGELFF,CASSYGLNTGELFF
1393,CASSLGVTQYF,CASSLGETQYF
1394,CASSRGQPQHF,CASSFGQPQHF
1395,CASSPGGAEAFF,CASSPLGGAEAFF
1396,CASRAADTQYF,CASRASDTQYF
1397,CASSLDNTEAFF,CASSLENTEAFF
1398,CASSLSNTEAFF,CASSLENTEAFF
1399,CASSLGSDTQYF,CASSLGSTDTQYF
1400,CASSLANTEAFF,CASSLENTEAFF
1401,CASSLQGITGELFF,CASSLGITGELFF
1402,CASSLTGGNTGELFF,CASSLTGGITGELFF
1403,CASSYGSPTEAFF,CASSYGSHTEAFF
1404,CASSLREVNEQYF,CASSLRVNEQYF
1405,CASSQGVPYEQYF,CASSQVGVPYEQYF
1406,CASSLGGGIYGYTF,CASSLGGGGIYGYTF
1407,CASSETDHSNQPQHF,CASSETDSNQPQHF
1408,CASSSQGGNEQFF,CASSSGQGGNEQFF
1409,CASSSAYEQYF,CASSSIYEQYF
1410,CASSLGGTEAFF,CASSLEGGTEAFF
1411,CASSLQGNEQFF,CASSLGGNEQFF
1412,CASSPGGTEAFF,CASSTGGTEAFF
1413,CASSHGGTEAFF,CASSHGEGTEAFF
1414,CASSSGRGEQFF,CASSLSGRGEQFF
1415,CASSLAYEQYF,CASSLADYEQYF
1416,CASSLAYEQYF,CASSLVAYEQYF
1417,CASSLAYEQYF,CASSLTAYEQYF
1418,CASSLGGTEAFF,CASSLGQGTEAFF
1419,CASSRGQPQHF,CASSPGQPQHF
1420,CASSPGGAEAFF,CASSPTGAEAFF
1421,CASSPTGGTGELFF,CASSPTGEGTGELFF
1422,CASSLGSDTQYF,CASSLGSTDTQYF
1423,CASSYLAGGTDTQYF,CASSWLAGGTDTQYF
1424,CASSFGNTEAFF,CASSFGLNTEAFF
1425,CASSLRGYSNQPQHF,CASSLGYSNQPQHF
1426,CASSLYGYSNQPQHF,CASSLGYSNQPQHF
1427,CASSFGGGTEAFF,CASSFQGGTEAFF
1428,CASSLGWGYEQYF,CASSLGGYEQYF
1429,CASSLGGVPGTEAFF,CASSLGGVWGTEAFF
1430,CASSLGSGYEQYF,CASSLGQGYEQYF
1431,CASSLGQALYEQYF,CASSLGQAYYEQYF
1432,CASSLGGYEQYF,CASSLGQGYEQYF
1433,CASSYEQGYEQYF,CASSYSQGYEQYF
1434,CASSSGHTYEQYF,CASSLSGHTYEQYF
1435,CASSPTGPSYEQYF,CASSPTGASYEQYF
1436,CASSLAGYNEQFF,CASSLPGYNEQFF
1437,CSAGTGDYEQYF,CSAGTGTYEQYF
1438,CASSLSPGELFF,CASSLVPGELFF
1439,CASSLSGPNTEAFF,CASSLSGNTEAFF
1440,CASSSGHTYEQYF,CASSSGQTYEQYF
1441,CASSLSGFTEAFF,CASSLSGGFTEAFF
1442,CASSLAGYTEAFF,CASSLAGGTEAFF
1443,CASSLAGYTEAFF,CASSLAGATEAFF
1444,CASSLAGYTEAFF,CASSLAGTEAFF
1445,CASSLAGYNEQFF,CASSLAGANEQFF
1446,CASSLAGYNEQFF,CASSLAGLNEQFF
1447,CASSPGTTYEQYF,CASSPGPTYEQYF
1448,CASSLSPGNEQFF,CASSLSPRNEQFF
1449,CASSYSYEQYF,CASSRSYEQYF
1450,CASSLAGTETQYF,CASSLAGTEQYF
1451,CASSLSYEQYF,CASSRSYEQYF
1452,CASSSGPTYEQYF,CASSSGQTYEQYF
1453,CASSFSYEQYF,CASSRSYEQYF
1454,CASSMAANTEAFF,CASSMAVNTEAFF
1455,CASSPGTTYEQYF,CASSPGQTYEQYF
1456,CASSRGLDTEAFF,CASSRGLNTEAFF
1457,CASSQAAGGYTF,CASSQGAGGYTF
1458,CASSLGFGELFF,CASSLGVGELFF
1459,CASSLDRGAYNEQFF,CASSDRGAYNEQFF
1460,CASSLPGYNEQFF,CASSLPSYNEQFF
1461,CASSPGGTYEQYF,CASSPTGGTYEQYF
1462,CASSMAANTEAFF,CASSMAPNTEAFF
1463,CASSPTGYEQYF,CASSFTGYEQYF
1464,CASSLDNEQFF,CASSLYNEQFF
1465,CASSLGTAYNEQFF,CASSLGTGYNEQFF
1466,CASSYLAGGPNEQFF,CASSYLAGGGNEQFF
1467,CASSLDSGSYNEQFF,CASSLTSGSYNEQFF
1468,CASSIAPNTEAFF,CASSMAPNTEAFF
1469,CASLGGSYEQYF,CASRGGSYEQYF
1470,CASSLAGYPYNEQFF,CASSLAGGPYNEQFF
1471,CASSSPYEQYF,CASSSSYEQYF
1472,CASSLAGYNEQFF,CASSLAGTNEQFF
1473,CASSQGNYEQYF,CASSEQGNYEQYF
1474,CASSLDNEQFF,CASSLDGNEQFF
1475,CASSWDLNTEAFF,CASSQWDLNTEAFF
1476,CASSLSPGNEQFF,CASSLSRGNEQFF
1477,CASSPGTDTQYF,CASSPGDTQYF
1478,CASSPNGHEQYF,CASSPQGHEQYF
1479,CASSILAVSNTEAFF,CASSILAGSNTEAFF
1480,CASSLGITGNTEAFF,CASSLGTGNTEAFF
1481,CASSTGTGLYEQYF,CASSTGTGIYEQYF
1482,CASSWGPPNYGYTF,CASSWGPINYGYTF
1483,CASGLNSNQPQHF,CASSLNSNQPQHF
1484,CASSLALTDTQYF,CASSLALTPDTQYF
1485,CASSLVQETQYF,CASSLVLETQYF
1486,CASSGGPYEQYF,CASSPGPYEQYF
1487,CASSLSDPNQPQHF,CASSLSDSNQPQHF
1488,CASSLDNEQFF,CASSLDHNEQFF
1489,CASSSTDANQPQHF,CASSSTDSNQPQHF
1490,CASSLMGEEQYF,CASSLMGEDEQYF
1491,CASSYSTGNEQYF,CASSYSTGYEQYF
1492,CASSPGPTYEQYF,CASSPGPYEQYF
1493,CASSPTDSNQPQHF,CASSSTDSNQPQHF
1494,CASSPTDSNQPQHF,CASSETDSNQPQHF
1495,CASSPTDSNQPQHF,CASSATDSNQPQHF
1496,CASSWTSGNTGELFF,CASSWTGGNTGELFF
1497,CASSTGTGLYEQYF,CASSFGTGLYEQYF
1498,CASSLLAGETDTQYF,CASSLLAGYTDTQYF
1499,CASSLLAGETDTQYF,CASSLLAGVTDTQYF
1500,CASSSPYEQYF,CASSSIYEQYF
1501,CASSLDNEQFF,CASSLHDNEQFF
1502,CASSPGTDTQYF,CASSFGTDTQYF
1503,CASSPGTDTQYF,CASSLGTDTQYF
1504,CASSIGVSYEQYF,CASSIGAVSYEQYF
1505,CASSPGTGSPYEQYF,CASSPGTGSFYEQYF
1506,CASSLGGPYEQYF,CASSLGGPSYEQYF
1507,CASSLAGYNEQFF,CASSLAGGNEQFF
1508,CASSLDSNEQFF,CASSLLSNEQFF
1509,CASSLFQGAGYGYTF,CASSLSQGAGYGYTF
1510,CASSLGYEQYF,CASSQGYEQYF
1511,CASSLGDRYGYTF,CASSLGDHYGYTF
1512,CASSLAGYNEQFF,CASSLAGSYNEQFF
1513,CASSLLDSNQPQHF,CASSLTDSNQPQHF
1514,CASSLSPGNEQFF,CASSLSIGNEQFF
1515,CASSQVGGTGELFF,CASSQVGSGTGELFF
1516,CASSFGVEQFF,CASSFGNEQFF
1517,CASSLGDFYGYTF,CASSLGDHYGYTF
1518,CASSGGGEQYF,CASSLGGEQYF
1519,CASSYSSSSYNEQFF,CASSYSGSSYNEQFF
1520,CASSSDRGGYNEQFF,CASSSRGGYNEQFF
1521,CASSLGTVNTEAFF,CASSLTVNTEAFF
1522,CASSPTVSSYNEQFF,CASSPTGSSYNEQFF
1523,CASSQGYEQYF,CASSPQGYEQYF
1524,CASSSGPTYEQYF,CASSSPPTYEQYF
1525,CASLGGSYEQYF,CASSLGGSYEQYF
1526,CASSYSTGNEQYF,CASSYSGGNEQYF
1527,CASSYSSSSYNEQFF,CASSYSGSSYNEQFF
1528,CASSVEGSAYNEQFF,CASSVEGSSYNEQFF
1529,CASSYPQGYEQYF,CASSYSQGYEQYF
1530,CASSFGTTYEQYF,CASSFGTDYEQYF
1531,CSVEQGPYEQYF,CSVEQGYEQYF
1532,CASSLGSGELFF,CASSLGGGELFF
1533,CASSQDRGGTEAFF,CASSQDRGYTEAFF
1534,CASSLSGNTEAFF,CASSLSGTTEAFF
1535,CATSRTDSYEQYF,CATSRQDSYEQYF
1536,CASSLIGDTQYF,CASSLAGDTQYF
1537,CASSIGNTEAFF,CASSIGVNTEAFF
1538,CASSKTGLSYEQYF,CASSKTGGSYEQYF
1539,CASSMGTEAFF,CASSLGTEAFF
1540,CASSRGTEAFF,CASSLGTEAFF
1541,CASSLIGDEQYF,CASSLGGDEQYF
1542,CASSLMGTEAFF,CASSLWGTEAFF
1543,CASSIGNTEAFF,CASSQGNTEAFF
1544,CASSRDSYEQYF,CASSQDSYEQYF
1545,CASSLSGNTEAFF,CASSLSKNTEAFF
1546,CASSLGNQPQHF,CASSLAGNQPQHF
1547,CASSLGSNEQFF,CASSLGENEQFF
1548,CASSIGNTEAFF,CASSIGMNTEAFF
1549,CASSLWGTDTQYF,CASSLEGTDTQYF
1550,CASSQGGTEAFF,CASSQGSTEAFF
1551,CASSLGQSYEQYF,CASSLGQTYEQYF
1552,CASSLDNEQFF,CASSLDSNEQFF
1553,CASSIGNTEAFF,CASSTGNTEAFF
1554,CASSIGNTEAFF,CASSAGNTEAFF
1555,CASSQEGGDQETQYF,CASSQEWGDQETQYF
1556,CASSLGTGTDTQYF,CASSLGSGTDTQYF
1557,CASSLSGNTEAFF,CASSLSRNTEAFF
1558,CSVEDRYYGYTF,CSVEDREYYGYTF
1559,CASSLWAGETQYF,CASSLSWAGETQYF
1560,CASSLGQSYEQYF,CASSLGQYYEQYF
1561,CASSLGQSYEQYF,CASSLGSSYEQYF
1562,CASSSGNTEAFF,CASSSGMNTEAFF
1563,CASSFQGTEAFF,CASSFQGAEAFF
1564,CASSLPDYEQYF,CASSLADYEQYF
1565,CASSPSAYEQYF,CASSPGAYEQYF
1566,CASSPGTYEQYF,CASSPGNTYEQYF
1567,CASSPGTYEQYF,CASSPGAYEQYF
1568,CASSLDNEQFF,CASSLGNEQFF
1569,CASSVMNTEAFF,CASSNMNTEAFF
1570,CASSLGAGGEAFF,CASSLSAGGEAFF
1571,CASSFGTEAFF,CASSPGTEAFF
1572,CASSPSAYEQYF,CASSPTAYEQYF
1573,CASSQGGTEAFF,CASSQGGNTEAFF
1574,CASSPGTYEQYF,CASSPGGTYEQYF
1575,CASSPGTYEQYF,CASSTGTYEQYF
1576,CASSQEGGAGEKLFF,CASSQETGAGEKLFF
1577,CASSLDNEQFF,CASSLDGNEQFF
1578,CSVDLTGETQYF,CSVDLPGETQYF
1579,CSARPLAGLYNEQFF,CSARPLAGGYNEQFF
1580,CASSVGGGTGELFF,CASSVGGKTGELFF
1581,CASSIGNTEAFF,CASSIKGNTEAFF
1582,CASSPGLAAPYEQYF,CASSPGLAAYEQYF
1583,CSVEHRYNEQFF,CSVEHSYNEQFF
1584,CSARETGSSYEQYF,CSATETGSSYEQYF
1585,CSVEHKYNEQFF,CSVEHSYNEQFF
1586,CASSLGQSYEQYF,CASSLGESYEQYF
1587,CSASIMNTEAFF,CSASGMNTEAFF
1588,CASSIGNTEAFF,CASSIGMNTEAFF
1589,CASSPGPTYEQYF,CASSPGQTYEQYF
1590,CASSLAGTGMYF,CASSLAGTGMLF
1591,CASSIHLGTEAFF,CASSISLGTEAFF
1592,CASSQEAAGSYEQYF,CASSQEASGSYEQYF
1593,CASSLAGLEQYF,CASSLGGLEQYF
1594,CASSLAGVEAFF,CASSLTGVEAFF
1595,CASSLAGVEQYF,CASSLVGVEQYF
1596,CASSLAGSYEQYF,CASSLPGSYEQYF
1597,CASSRQSSYNEQFF,CASSVQSSYNEQFF
1598,CASSDPYEQYF,CASSDTYEQYF
1599,CASSSITGTAYEQYF,CASSLITGTAYEQYF
1600,CASSLGGAYEQYF,CASSLGGAPYEQYF
1601,CASSLAGANEQFF,CASSLAGTNEQFF
1602,CASSLSRSNEQFF,CASSLSRGNEQFF
1603,CASSLGSNQPQHF,CASSLGGNQPQHF
1604,CASSLAGLNEQFF,CASSLAGTNEQFF
1605,CASSQAAGHYEQYF,CASSQTAGHYEQYF
1606,CASSSGQTYEQYF,CASSLGQTYEQYF
1607,CASSFVGAEQYF,CASSFVGSEQYF
1608,CASSLGSNQPQHF,CASSLNSNQPQHF
1609,CASSYPGRFYEQYF,CASSYPGGFYEQYF
1610,CASSKSQDSYEQYF,CASSKGQDSYEQYF
1611,CASSWGNEQFF,CASSLWGNEQFF
1612,CASSLGGAYEQYF,CASSLEGGAYEQYF
1613,CASSQDPGSLYEQYF,CASSQDPGNLYEQYF
1614,CASSLAGSYEQYF,CASSLGSYEQYF
1615,CASSFGTGAYEQYF,CASSFGTGLYEQYF
1616,CASSLGKGEQFF,CASSLGVGEQFF
1617,CASTLAGGNEQFF,CASSLAGGNEQFF
1618,CASSFGNTEAFF,CASSRGNTEAFF
1619,CASSFVGAEQYF,CASSFVGGEQYF
1620,CASSLGGAYEQYF,CASSLGGSYEQYF
1621,CASSLGGAYEQYF,CASSLGGFYEQYF
1622,CASSLAGANEQFF,CASSLAGGNEQFF
1623,CASSLAGGGEQFF,CASSLAGGNEQFF
1624,CASSLAGSYEQYF,CASSLGGSYEQYF
1625,CASSLAGLNEQFF,CASSLAGGNEQFF
1626,CASSLAGSEQFF,CASSLAGSKEQFF
1627,CASSLSPRNEQFF,CASSLSPRAEQFF
1628,CASSLSPRNEQFF,CASSLSPGNEQFF
1629,CASSLEGLSYEQYF,CASSLVGLSYEQYF
1630,CASSLEGLSYEQYF,CASSLEGYSYEQYF
1631,CASSLEGLSYEQYF,CASSLNGLSYEQYF
1632,CASSLRDGSNQPQHF,CASSLRQGSNQPQHF
1633,CASSISSGYNEQFF,CASSISGSGYNEQFF
1634,CASSLAGQINEKLFF,CASSLAGQGNEKLFF
1635,CASSLTGGYEQYF,CASSLTGGGYEQYF
1636,CASSLAGAYEQYF,CASSLLAGAYEQYF
1637,CASSLGSNQPQHF,CASSLGYSNQPQHF
1638,CASSLAGYEQYF,CASSLGGYEQYF
1639,CASSLAGGYEQYF,CASSLAVGGYEQYF
1640,CASSLAGGYEQYF,CASSLGGYEQYF
1641,CASSLTGGYEQYF,CASSLGGYEQYF
1642,CASSLGGAYEQYF,CASSLGGYEQYF
1643,CASSLAQGGTEAFF,CASSLEQGGTEAFF
1644,CASTLSYEQYF,CASTLQSYEQYF
1645,CASSLAGGPLHEQYF,CASSLAGTPLHEQYF
1646,CASSFQGGNQPQHF,CASSFQGAGNQPQHF
1647,CASSLGSNQPQHF,CASSLYSNQPQHF
1648,CASSLAGSTYEQYF,CASSLASTYEQYF
1649,CAISESYEQYF,CAISESSYEQYF
1650,CASSLSNYEQYF,CASSLSNEQYF
1651,CASSPSSYNEQFF,CASSPLSSYNEQFF
1652,CASSFGDEQYF,CASSFGSEQYF
1653,CASSLSSYNEQFF,CASSPLSSYNEQFF
1654,CASSLVGEQYF,CASSLVGYEQYF
1655,CATSDFGRGTDTQYF,CATSDFGGTDTQYF
1656,CASSMAVNTEAFF,CASSMAPNTEAFF
1657,CASSLPSGYEQYF,CASSLLSGYEQYF
1658,CASSFGDEQFF,CASSFGSEQFF
1659,CATSRGNQPQHF,CATSDGNQPQHF
1660,CASSQDSRTSYEQYF,CASSQDSMTSYEQYF
1661,CASSITLYNEQFF,CASSITAYNEQFF
1662,CSAGTENTGELFF,CSAGGENTGELFF
1663,CASSISMNTEAFF,CASSIGMNTEAFF
1664,CASSLPMNTEAFF,CASSLMNTEAFF
1665,CASSIGVNTEAFF,CASSIGMNTEAFF
1666,CASSLEPSYEQYF,CASSLESYEQYF
1667,CASSLGTDTQYF,CASSLGGDTQYF
1668,CSVGGTYEQYF,CSVGATYEQYF
1669,CASSIGGHTEAFF,CASSIGGSTEAFF
1670,CASSLVDTGELFF,CASSLVLTGELFF
1671,CASSYTSTDTQYF,CASSYSTDTQYF
1672,CASSLSSYNEQFF,CASSLSDSYNEQFF
1673,CASSLSSYNEQFF,CASSLGSSYNEQFF
1674,CASSLPDGYEQYF,CASSLPDHYEQYF
1675,CASSLGVPNEKLFF,CASSLGAPNEKLFF
1676,CASFSSSYEQYF,CASSSSYEQYF
1677,CASSLQGLGSPLHF,CASSLQGALGSPLHF
1678,CASSPLAASYNEQFF,CASSPLASYNEQFF
1679,CASSFEGGGYEQYF,CASSFEGGSYEQYF
1680,CASSFEGGGYEQYF,CASSFEGGKYEQYF
1681,CASSFEGGGYEQYF,CASSFEGGGEQYF
1682,CASSFEGGGYEQYF,CASSFEGGYEQYF
1683,CASSFEGGGYEQYF,CASSFEGGLYEQYF
1684,CASSFEGGGYEQYF,CASSFEGGIYEQYF
1685,CASSLSSYNEQFF,CASSLGSSYNEQFF
1686,CASRLAGGAFNEQFF,CASRAGGAFNEQFF
1687,CASSIVGSYNEQFF,CASSNVGSYNEQFF
1688,CASSFEGQGYEQYF,CASSFEGGYEQYF
1689,CASFSSSYEQYF,CASSFSSSYEQYF
1690,CSGFRENTGELFF,CSGRRENTGELFF
1691,CASSLIQGNTGELFF,CASSLRQGNTGELFF
1692,CASSPSSYNEQFF,CASSLSSYNEQFF
1693,CASSLLGGETQYF,CASSLSGGETQYF
1694,CASSPSAYEQYF,CASSPAYEQYF
1695,CASSYGRETQYF,CASSYGGETQYF
1696,CSVDSGNEQYF,CSVDSGYEQYF
1697,CASSFATLNEQFF,CASSFASLNEQFF
1698,CASSYLAGGTDTQYF,CASSWLAGGTDTQYF
1699,CASSYSGQETQYF,CASSYSQETQYF
1700,CASSIGVNTEAFF,CASSIKVNTEAFF
1701,CASSSLAGGTDTQYF,CASSWLAGGTDTQYF
1702,CASSLSNYEQYF,CASSLSGYEQYF
1703,CASSLVGGADTQYF,CASSLVGGADEQYF
1704,CATSRGGLNTEAFF,CATSRGGMNTEAFF
1705,CASSLSRYEQYF,CASSLSGYEQYF
1706,CASSLPSGYEQYF,CASSLSGYEQYF
1707,CASSYGNSYEQYF,CASSYGSSYEQYF
1708,CASSYERGYEQYF,CASSYSRGYEQYF
1709,CAISESYEQYF,CAISESDEQYF
1710,CASSISMNTEAFF,CASSIGMNTEAFF
1711,CASSLTEKLFF,CASSLDEKLFF
1712,CASSLSSYNEQFF,CASSLSSSYNEQFF
1713,CASSSGTSGYEQYF,CASSYSGTSGYEQYF
1714,CASSYSGVNQPQHF,CASSYSGGNQPQHF
1715,CASSGDRSSGNTIYF,CASSQDRSSGNTIYF
1716,CASSIGVNTEAFF,CASSIGMNTEAFF
1717,CASSLGLAGGYEQFF,CASSLGLAGVYEQFF
1718,CASSFSGELFF,CASSFSPGELFF
1719,CASTLGGNQPQHF,CASTLGGSQPQHF
1720,CASSYGGGGQETQYF,CASSYGGGQETQYF
1721,CASSFAPGELFF,CASSFSPGELFF
1722,CASSLGQGNTEAFF,CASSLWQGNTEAFF
1723,CASSPSNEQFF,CASSPSGNEQFF
1724,CASSLESGEQYF,CASSLESYEQYF
1725,CASSLYNEQFF,CASSYYNEQFF
1726,CASSLYNEQFF,CASSFYNEQFF
1727,CASSFLPGELFF,CASSFSPGELFF
1728,CASSLYGNEQFF,CASSLDGNEQFF
1729,CASSPPGTEAFF,CASSPLGTEAFF
1730,CASSQGTEAFF,CASSSGTEAFF
1731,CASSLTGGSTDTQYF,CASSLTGGSDTQYF
1732,CASSLGEKLFF,CASSLGGEKLFF
1733,CASSPDNEQFF,CASSFDNEQFF
1734,CASSQDQPQHF,CASSQNQPQHF
1735,CASSYSGQGYEQYF,CASSYSGQAYEQYF
1736,CASSLGGELFF,CASSLGGEKLFF
1737,CASSQGNTEAFF,CASSTGNTEAFF
1738,CASSQGNTEAFF,CASSAGNTEAFF
1739,CASSLDNEQFF,CASSLDSNEQFF
1740,CASSYGTGQTEAFF,CASSYGTGGTEAFF
1741,CASSLGPPGELFF,CASSLPPGELFF
1742,CASSLYNEQFF,CASSLYSEQFF
1743,CASSLTSGSYNEQFF,CASSMTSGSYNEQFF
1744,CASTKGSGELFF,CASTPGSGELFF
1745,CASSFGSEQYF,CASSFGYEQYF
1746,CASSLFSSYEQYF,CASSLGSSYEQYF
1747,CASSEGVDYEQYF,CASSEVDYEQYF
1748,CASSFGPYEQYF,CASSFGYEQYF
1749,CASSLYGNEQFF,CASSLQGNEQFF
1750,CASSPLSSYNEQFF,CASSPLASYNEQFF
1751,CASSLPGSYEQYF,CASSLGSYEQYF
1752,CASSQGTEAFF,CASSRGTEAFF
1753,CSARLQGNEQFF,CSARLTGNEQFF
1754,CASSFLVNEQFF,CASSFLGNEQFF
1755,CASSLGQGNTEAFF,CASSLGQGVNTEAFF
1756,CASSPGNEQFF,CASSLGNEQFF
1757,CASSPGNEQFF,CASSVGNEQFF
1758,CASSGDTSYEQYF,CASSQDTSYEQYF
1759,CASSLDNEQFF,CASSLGNEQFF
1760,CASSLYGNEQFF,CASSLVGNEQFF
1761,CASSLGGGQFF,CASSLGGHQFF
1762,CASSLLGGSNQPQHF,CASSLLPGSNQPQHF
1763,CASSLGHEQFF,CASSLGNEQFF
1764,CASSLPGSYEQYF,CASSFPGSYEQYF
1765,CASSLPGSYEQYF,CASSLGGSYEQYF
1766,CASSPPGTEAFF,CASSPGTEAFF
1767,CASSLGGLEQYF,CASSWGGLEQYF
1768,CASSPPNTGELFF,CASSPPVTGELFF
1769,CASSLGQGNTEAFF,CASSLGQGGTEAFF
1770,CASSLGQGNTEAFF,CASSLGQGTEAFF
1771,CASSSLGGELFF,CASSLGGELFF
1772,CASSLDNEQFF,CASSLDGNEQFF
1773,CASSPLSSYNEQFF,CASSLSSYNEQFF
1774,CASSHGSYEQYF,CASSSGSYEQYF
1775,CASSQGTYEQYF,CASSQGYEQYF
1776,CASSPPGQPQHF,CASSPGQPQHF
1777,CASSQPGDGYEQYF,CASSQPGQGYEQYF
1778,CSARDLAGGSNEQFF,CSARDLAGGFNEQFF
1779,CASSQGNTEAFF,CASQSQGNTEAFF
1780,CASSIYANTEAFF,CASSIYRNTEAFF
1781,CASSIYANTEAFF,CASSIYQNTEAFF
1782,CASSQGTYEQYF,CASSQGYEQYF
1783,CASSEDNEQFF,CASSEVNEQFF
1784,CASSEGYEQYF,CASSEMYEQYF
1785,CASSEGYEQYF,CASSEIYEQYF
1786,CASSYGLGSSYEQYF,CASSYGGSSYEQYF
1787,CASSEGNEQFF,CASSEVNEQFF
1788,CASSEGGEQYF,CASSEQGEQYF
1789,CASSEGGEQYF,CASSEMGEQYF
1790,CASSLGGELFF,CASSLVGELFF
1791,CASSYSLGAGELFF,CASSYSLLAGELFF
1792,CASSLLSGYEQYF,CASSLSGYEQYF
1793,CASSLIAYEQYF,CASSLISYEQYF
1794,CASSETNEQFF,CASSEVNEQFF
1795,CASSETNEQFF,CASSETGEQFF
1796,CASSYGGDQPQHF,CASSSGGDQPQHF
1797,CASSYGPNYEQYF,CASSYGPSYEQYF
1798,CASSLGGLEQYF,CASSLGGYEQYF
1799,CASSLLAESYNEQFF,CASSLLAEHYNEQFF
1800,CASSGDTSYEQYF,CASSGDSYEQYF
1801,CASSYGTGQTEAFF,CASSYGTGFTEAFF
1802,CASSSGHYEQYF,CASSGGHYEQYF
1803,CASSGDSAYEQYF,CASSGDSYEQYF
1804,CATSDFGGTDTQYF,CATSDFGDTDTQYF
1805,CASSLGGDEQYF,CASSLGGYEQYF
1806,CASSPGGNTEAFF,CASSSGGNTEAFF
1807,CASSPGGNTEAFF,CASSVGGNTEAFF
1808,CASSPTGGGTEAFF,CASSYTGGGTEAFF
1809,CASSLGSNQPQHF,CASSLNSNQPQHF
1810,CASSYAGGYEQYF,CASSYQGGYEQYF
1811,CASSLGGNQPQHF,CASSLGSNQPQHF
1812,CASSLTGDTQYF,CASSLGGDTQYF
1813,CASSLEGTDTQYF,CASSLEVGTDTQYF
1814,CASSRDSNTEAFF,CASRRDSNTEAFF
1815,CASSLGGYNEQFF,CASSLGQYNEQFF
1816,CASSLIAGTDTQYF,CASSLRAGTDTQYF
1817,CASSYAGGYEQYF,CASSAGGYEQYF
1818,CASSLAGGPYNEQFF,CASSPAGGPYNEQFF
1819,CASSLDGNEQFF,CASSLDHNEQFF
1820,CASSFGGDNQPQHF,CASSFGGDQPQHF
1821,CASSLSKNTEAFF,CASSLSRNTEAFF
1822,CASSLGPYNEQFF,CASSLGQYNEQFF
1823,CASRGGSYEQYF,CASRRGSYEQYF
1824,CASSLGQGGSPLHF,CASSLGQAGSPLHF
1825,CASSLGETQYF,CASSLSETQYF
1826,CASSLDGNEQFF,CASSLQGNEQFF
1827,CASSSSYEQYF,CASSSIYEQYF
1828,CSAPGPSSYEQYF,CSASGPSSYEQYF
1829,CASSYPGLGYEQYF,CASSNYPGLGYEQYF
1830,CASSLDGNEQFF,CASSLVGNEQFF
1831,CASSLAGTNEQFF,CASSLAGGNEQFF
1832,CASSLSRGNEQFF,CASSLSIGNEQFF
1833,CASSLSRGNEQFF,CASSLSPGNEQFF
1834,CASSDLGNEQFF,CASSDAGNEQFF
1835,CASSYGTEAFF,CASSYEGTEAFF
1836,CASSPTGVSYNEQFF,CASSPSGVSYNEQFF
1837,CASSPGDTQYF,CASSPGTDTQYF
1838,CASSPGNTEAFF,CASSFPGNTEAFF
1839,CSVLAGSYEQYF,CSVLAGGSYEQYF
1840,CASSFGQPQHF,CASSPGQPQHF
1841,CASSFYNEQFF,CASSFGNEQFF
1842,CASSLGALNTEAFF,CASSLALNTEAFF
1843,CSVAGLAGGYEQYF,CSVGGLAGGYEQYF
1844,CASSFGQPQHF,CASSFWGQPQHF
1845,CASSFLNTEAFF,CASSFGLNTEAFF
1846,CASSQGPGYEQYF,CASSQGSGYEQYF
1847,CASSLYTDTQYF,CASSLYADTQYF
1848,CASSLLAGGRNEQFF,CASGLLAGGRNEQFF
1849,CASSLGSNQPQHF,CASSLGYSNQPQHF
1850,CASSLLFSNEQFF,CASSLLASNEQFF
1851,CSVGGGSYNEQFF,CSVHGGSYNEQFF
1852,CASSLGGYNEQFF,CASSLGGLNEQFF
1853,CASSLGGYNEQFF,CASSLTGGYNEQFF
1854,CASSSATGELFF,CASSSGTGELFF
1855,CASSLGSNQPQHF,CASSLYSNQPQHF
1856,CASSLGGNQPQHF,CASSLGGDQPQHF
1857,CASSSQNTEAFF,CASSYSQNTEAFF
1858,CSVTGLNTEAFF,CSVGLNTEAFF
1859,CASSLGTGNQPQHF,CASSLGTGIQPQHF
1860,CASSQEAYTDTQYF,CASSQEAGTDTQYF
1861,CASSPGEGTEAFF,CASSHGEGTEAFF
1862,CASSLNSNQPQHF,CASSLNNNQPQHF
1863,CASSRDRDSSYEQYF,CASSQDRDSSYEQYF
1864,CASSLGQTYEQYF,CASSLGQYYEQYF
1865,CASSQDRGYNEQFF,CASSQDRGLYNEQFF
1866,CASSQDRGYNEQFF,CASSQDRGYYNEQFF
1867,CASSFVGSEQYF,CASSFVGGEQYF
1868,CASSSGTEAFF,CASSRGTEAFF
1869,CASSFGGAEAFF,CASSFMGGAEAFF
1870,CASSLGLTGELFF,CASSLGNTGELFF
1871,CASSLGLTGELFF,CASSLGRTGELFF
1872,CASSLDSNEQFF,CASSLDGNEQFF
1873,CASSSPGQGGYGYTF,CASSPGQGGYGYTF
1874,CASSLGITGELFF,CASSLGNTGELFF
1875,CASSLGITGELFF,CASSLGRTGELFF
1876,CASSYSGLALYEQYF,CASSSGLALYEQYF
1877,CASSPLGTEAFF,CASSPGTEAFF
1878,CASSDGSTDTQYF,CASSLGSTDTQYF
1879,CASSYSSGRAYEQYF,CASSYSSGSAYEQYF
1880,CASSYGGSSYNEQFF,CASSYSGSSYNEQFF
1881,CASSRVSYEQYF,CASSLVSYEQYF
1882,CASSYSAQSSYEQYF,CASSYSAGSSYEQYF
1883,CASSLGQGVNTEAFF,CASSLQGVNTEAFF
1884,CASSPGTASTDTQYF,CASSPGTSTDTQYF
1885,CASSYSGANYEQYF,CASSYSGATYEQYF
1886,CASSLGSNQPQHF,CASSLGYSNQPQHF
1887,CASSDMNTEAFF,CASSLMNTEAFF
1888,CASSYGDPNYGYTF,CASSYGDNYGYTF
1889,CASSFGGGGNQPQHF,CASSFGGGGQPQHF
1890,CASSLVLTGELFF,CASSLVLSGELFF
1891,CASSLNSNQPQHF,CASSLYSNQPQHF
1892,CASSLSPYYEQYF,CASSLSPNYEQYF
1893,CASSYGGSSYNEQFF,CASSYSGSSYNEQFF
1894,CASSLGSNQPQHF,CASSLYSNQPQHF
1895,CASSYGTGGTEAFF,CASSYSGTGGTEAFF
1896,CASSYGTGGTEAFF,CASSYGTGFTEAFF
1897,CASSYGSDQPQHF,CASSYGSNQPQHF
1898,CASSLVHPSTDTQYF,CASSLSHPSTDTQYF
1899,CASSLDHNEQFF,CASSLTHNEQFF
1900,CASRQGLYEQYF,CASRQGPYEQYF
1901,CASSSYHNEQFF,CASGSYHNEQFF
1902,CASSLLDEQFF,CASSLADEQFF
1903,CASSLNTDTQYF,CASSLYNTDTQYF
1904,CASSLNTDTQYF,CASSLGTDTQYF
1905,CASSLGQYNEQFF,CASRLGQYNEQFF
1906,CASSLSQANEQFF,CASSLSQAVNEQFF
1907,CASSSPEDEQYF,CASSSPADEQYF
1908,CASSAGGYGYTF,CASSATGYGYTF
1909,CASSFLDTQYF,CASSFLGDTQYF
1910,CASSGGGELFF,CASSLGGELFF
1911,CASSSSYEQYF,CASSSGSYEQYF
1912,CASSPGDSSYEQYF,CASSPTDSSYEQYF
1913,CASSLSGGWETQYF,CASSLSGGETQYF
1914,CASSLWGNEQFF,CASSLSGNEQFF
1915,CASSSLGSYEQYF,CASSSGSYEQYF
1916,CASSLSDSNQPQHF,CASSLADSNQPQHF
1917,CASSLSPDTQYF,CASSLGPDTQYF
1918,CASSFGANEQFF,CASSFGNEQFF
1919,CASSLSWGGETQYF,CASSLSGGETQYF
1920,CASSLGYEQYF,CASSLGGEQYF
1921,CASSLSDSYNEQFF,CASSLSSYNEQFF
1922,CASSLSGGSYEQYF,CASSLIGGSYEQYF
1923,CASSYEPTEAFF,CASSYEGTEAFF
1924,CASSYEGNTEAFF,CASSYEGTEAFF
1925,CASSLGSSYNEQFF,CASSLSSYNEQFF
1926,CASSYFGTDTQYF,CASSYVGTDTQYF
1927,CASSLVLETQYF,CASSLVFLETQYF
1928,CASSEGGTEAFF,CASSDGGTEAFF
1929,CASSIQGMNTEAFF,CASSLQGMNTEAFF
1930,CASSYSTGYEQYF,CASSYSRGYEQYF
1931,CASSFSSYEQYF,CASSFSDSYEQYF
1932,CASSFGGDQPQHF,CASSLGGDQPQHF
1933,CASSSRQAGETQYF,CASSSRQGGETQYF
1934,CASSLSSPIYNEQFF,CASSLSSPFYNEQFF
1935,CASSLGYEQYF,CASSLGNEQYF
1936,CASSYSTGYEQYF,CASSYSTGSYEQYF
1937,CASSYSTGYEQYF,CASSYSSGYEQYF
1938,CASSLSDSYNEQFF,CASSLSSSYNEQFF
1939,CASSLSGGSYEQYF,CASSLSGDSYEQYF
1940,CASSLSSPEYNEQFF,CASSLSSPFYNEQFF
1941,CASSLGSSYNEQFF,CASSLSSSYNEQFF
1942,CASSLGSYEQYF,CASSLGGSYEQYF
1943,CASSLGSSYEQYF,CASSLGYSSYEQYF
1944,CASSQGGANVLTF,CASSFQGGANVLTF
1945,CASSLVGDRSYEQYF,CASSLVGDRAYEQYF
1946,CASSLQGNEQFF,CASSLVGNEQFF
1947,CASSPPEETQYF,CASSPPEHETQYF
1948,CASSPEGGNEQFF,CASSPGGGNEQFF
1949,CASSLGSSYNEQFF,CASSLSSYNEQFF
1950,CASSLSIGTDTQYF,CASSLSIGDTQYF
1951,CASSLQGGEQYF,CASSLGGEQYF
1952,CASSFGTDTQYF,CASSPGTDTQYF
1953,CASSLEGGTEAFF,CASSLEIGTEAFF
1954,CASSPLGNEQFF,CASSRLGNEQFF
1955,CASSLGTDTQYF,CASSPGTDTQYF
1956,CASSLGTDTQYF,CASSLGPDTQYF
1957,CASSLQGGELFF,CASSLGGELFF
1958,CSARLAGVEQYF,CSAPLAGVEQYF
1959,CASSLGGSYEQYF,CASSFGGSYEQYF
1960,CASSIQGDEQYF,CASSIQGDYEQYF
1961,CASSLERSYEQYF,CASSLEVSYEQYF
1962,CASSLSQVYEQYF,CASSLSQDYEQYF
1963,CASSLGSSYEQYF,CASSLGESYEQYF
1964,CASSRLAGPYNEQFF,CASSILAGPYNEQFF
1965,CASSTGGTEAFF,CASSFTGGTEAFF
1966,CASSLGSSYNEQFF,CASSLSSSYNEQFF
1967,CASSLGSYEQYF,CASSLNSYEQYF
1968,CASSLGSYEQYF,CASSLGGYEQYF
1969,CASSGQGITEAFF,CASSGQGDTEAFF
1970,CASSYSGTYEQYF,CASSYSWGTYEQYF
1971,CASSLASSNEQFF,CASSLATSNEQFF
1972,CASSLHRDHYEQYF,CASSLHRDYEQYF
1973,CASSLSGDSSYEQYF,CASSLSGDSYEQYF
1974,CASSLSADSYEQYF,CASSLSGDSYEQYF
1975,CASSQGPGAPYEQYF,CASSQGPGGPYEQYF
1976,CASSLSRDSYEQYF,CASSLSGDSYEQYF
1977,CASSLQGNEQYF,CASSLGNEQYF
1978,CASSLGNEQFF,CASSLDGNEQFF
1979,CASSPGNTYEQYF,CASSPGGTYEQYF
1980,CASSSPYNEQFF,CASSSQYNEQFF
1981,CASSVGNEQFF,CASSVYNEQFF
1982,CASSPGAYEQYF,CASSPTAYEQYF
1983,CASSVGGSWQETQYF,CASSVGGSSQETQYF
1984,CASSFGAGSSYEQYF,CASSFGGSSYEQYF
1985,CASSLSQGAYNEQFF,CASSLQGAYNEQFF
1986,CASSVGWGGSYEQYF,CASSVGAGGSYEQYF
1987,CASSLGLDEQYF,CASSLPGLDEQYF
1988,CASSVGWGSSYEQYF,CASSVGTGSSYEQYF
1989,CASSVGWGSSYEQYF,CASSVGSGSSYEQYF
1990,CASSVGWGSSYEQYF,CASSVGGGSSYEQYF
1991,CASSVSTGELFF,CASSVVSTGELFF
1992,CASSPGTGSSYEQYF,CASSPTGSSYEQYF
1993,CASSQGYEQYF,CASSPQGYEQYF
1994,CASSLASNTEAFF,CASSLALNTEAFF
1995,CASSASGGSSYEQYF,CASSAGGGSSYEQYF
1996,CASSVGQGAYEQYF,CASSVGQGSYEQYF
1997,CASSQPTLNTEAFF,CASSQPGTLNTEAFF
1998,CASSLGGSYEQYF,CASSLGGYEQYF
1999,CASSLGGFYEQYF,CASSLGGYEQYF
2000,CASSLSGNEQFF,CASSLKGNEQFF
2001,CASSLVNNEQFF,CASSRVNNEQFF
2002,CASSYGGETQYF,CASSYGNGETQYF
2003,CASSFGGSSYEQYF,CASSFGDSSYEQYF
2004,CSAATGTGYEQYF,CSAQTGTGYEQYF
2005,CASSVSGSYEQYF,CASSPSGSYEQYF
2006,CASSLSSYNEQFF,CASSLSSSYNEQFF
2007,CASSLGGEQYF,CASSLGNEQYF
2008,CSVDGNTGELFF,CSVDGTGELFF
2009,CASSLAGPGELFF,CASSYLAGPGELFF
2010,CASSLTGGNEQFF,CASSLTGGYNEQFF
2011,CASSQAGTGNYGYTF,CASSQEGTGNYGYTF
2012,CASSPSNEQFF,CASSPLSNEQFF
2013,CASSLGQGTEAFF,CASSLGQETEAFF
2014,CASSWRGTDTQYF,CASSWGTDTQYF
2015,CASSRTFYEQYF,CASSTFYEQYF
2016,CASSIIGADTQYF,CASSIIGGDTQYF
2017,CASSQGSGYEQYF,CASSQGTSGYEQYF
2018,CASSLVSYEQYF,CASSLISYEQYF
2019,CASSLVSYEQYF,CASSLDSYEQYF
2020,CASSASGSSYNEQFF,CASSYSGSSYNEQFF
2021,CASSLSGSSYNEQFF,CASSYSGSSYNEQFF
2022,CASSTSGSSYNEQFF,CASSYSGSSYNEQFF
2023,CASSQWGNEQFF,CASSQGNEQFF
2024,CASSSGTGYEQYF,CASSEGTGYEQYF
2025,CASSQSGSSYNEQFF,CASSYSGSSYNEQFF
2026,CASSQDGPGNQPQHF,CASSQDPGNQPQHF
2027,CASSPSGSSYNEQFF,CASSYSGSSYNEQFF
2028,CASSHSGSSYNEQFF,CASSYSGSSYNEQFF
2029,CASSYQGSNTEAFF,CASSYQGLNTEAFF
2030,CASSYSTDGELFF,CASSYSTTGELFF
2031,CASSDSGSSYNEQFF,CASSYSGSSYNEQFF
2032,CASSSSGSSYNEQFF,CASSYSGSSYNEQFF
2033,CASSLYPPNTEAFF,CASSLAPPNTEAFF
2034,CASSFSGSSYNEQFF,CASSYSGSSYNEQFF
2035,CASSYSGSGYNEQFF,CASSYSGSSYNEQFF
2036,CASSLGGAGELFF,CASSLGGGELFF
2037,CASSSTGTGELFF,CASSSGTGELFF
2038,CASSLGYSNQPQHF,CASSLYSNQPQHF
2039,CASSQQGLNTEAFF,CASSYQGLNTEAFF
2040,CASSYSLGSYEQYF,CASSYSTGSYEQYF
2041,CASSLGGTGELFF,CASSLGGGELFF
2042,CASSYSRGYEQYF,CASSYSSGYEQYF
