,Seq1,Seq2
0,CSARDISYEQYF,CSARDIHSYEQYF
1,CSVAKTGVSTDTQYF,CSVATTGVSTDTQYF
2,CASSLFYNSPLHF,CASSLSYNSPLHF
3,CSARDRERYEQYF,CSARDRESYEQYF
4,CASSFSSYNEQFF,CASSGFSSYNEQFF
5,CSARDRISYEQYF,CSARDRESYEQYF
6,CASSLDSYEQYF,CASSLSSYEQYF
7,CASSLDSYEQYF,CASSLMSYEQYF
8,CASSLGGEETQYF,CASSLLGEETQYF
9,CASSLGGEETQYF,CASSLQGEETQYF
10,CATSRVDNEQFF,CATSRVYNEQFF
11,CASSFDSSYEQYF,CASSFSSYEQYF
12,CASSLGRGGNEQFF,CASSLGSGGNEQFF
13,CASSLPGSYEQYF,CASSLSGSYEQYF
14,CASSSDRSSYEQYF,CASSHDRSSYEQYF
15,CASSFDISYEQYF,CASSFDSYEQYF
16,CASSYLGNEQFF,CASSYSLGNEQFF
17,CSARDRISYEQYF,CSARDPRISYEQYF
18,CASSQDPGGNTEAFF,CASSQDPGLNTEAFF
19,CASSQDPGGNTEAFF,CASSQDPGMNTEAFF
20,CASSQDPGGNTEAFF,CASSQDPGVNTEAFF
21,CASSTGTSTDTQYF,CASSSTGTSTDTQYF
22,CSARDQADSYEQYF,CSARDADSYEQYF
23,CASSLPGSYEQYF,CASSLGGSYEQYF
24,CASSLDSYEQYF,CASSPDSYEQYF
25,CASSPGQGHNQPQHF,CASSPGQGINQPQHF
26,CASSPGQGHNQPQHF,CASSIGQGHNQPQHF
27,CASSLDSYEQYF,CASSLDGYEQYF
28,CSARDGQTYEQYF,CSARDGTTYEQYF
29,CASSPPGNTEAFF,CASSPTGNTEAFF
30,CASSYSSYNEQFF,CASSYSYNEQFF
31,CASSLDSYEQYF,CASSLGSYEQYF
32,CASSFLAGGKDTQYF,CASSFLAGGTDTQYF
33,CASSEGQFNTEAFF,CASSEGQMNTEAFF
34,CASSLFAGAYNEQFF,CASSLAGAYNEQFF
35,CASSIFGTANQPQHF,CASSISGTANQPQHF
36,CSARDPGGSYEQYF,CSARDPGGAYEQYF
37,CASSLSGNTEAFF,CASSLSGGTEAFF
38,CSARDQGSSYEQYF,CSARDQGSPYEQYF
39,CSASEGYEQYF,CSANEGYEQYF
40,CSASEGYEQYF,CSASYGYEQYF
41,CASSYGAYNEQFF,CASSSGAYNEQFF
42,CASSEGGRGDTQYF,CASSEGGRFDTQYF
43,CASSLDSYEQYF,CASSLDFSYEQYF
44,CASSQDWGSYNEQFF,CASSQDWGYNEQFF
45,CASSGTGGYEQYF,CASSDGTGGYEQYF
46,CASSPDGYTEAFF,CASSPGYTEAFF
47,CASSLGDSSYEQYF,CASTLGDSSYEQYF
48,CASSLPGGTEAFF,CASSPGGTEAFF
49,CASSLSGNNEQFF,CASSLMGNNEQFF
50,CASSEGQVSNQPQHF,CASSEGQYSNQPQHF
51,CASSEGQVSNQPQHF,CASSEGQWSNQPQHF
52,CASSPGTVSNQPQHF,CASSSGTVSNQPQHF
53,CSAGTGPYEQYF,CSAGTGDYEQYF
54,CSVGQGPYEQYF,CSVEQGPYEQYF
55,CSVEWVYNEQFF,CSVEAVYNEQFF
56,CSAGTGPYEQYF,CSAGTGTYEQYF
57,CASSQAGVYEQYF,CASSQEGVYEQYF
58,CSVAAGGNTEAFF,CSVAAGNTEAFF
59,CASSPDSSSYNEQFF,CASSPDSSYNEQFF
60,CASSFLGNEQFF,CASSFLNEQFF
61,CASSYGAYNEQFF,CASSYGGYNEQFF
62,CASSLGDSSYEQYF,CASSLGDSPYEQYF
63,CSARDLTYEQYF,CSARDPLTYEQYF
64,CASSLSGNTEAFF,CASSLTGNTEAFF
65,CASSQDRLSSYEQYF,CASSQDRSSSYEQYF
66,CASSRGPYNEQFF,CASSPGPYNEQFF
67,CASSSGTVNTGELFF,CASSLGTVNTGELFF
68,CSARDPSYEQYF,CSARDLSYEQYF
69,CSARDISYEQYF,CSARDLSYEQYF
70,CSARDLTYEQYF,CSARDLAYEQYF
71,CSARDLTYEQYF,CSARDLEYEQYF
72,CSARDLTYEQYF,CSARDLSYEQYF
73,CSARDTLSYEQYF,CSARDLSYEQYF
74,CASSGPGDTEAFF,CASSSPGDTEAFF
75,CASSLGPTDTQYF,CASSLGSTDTQYF
76,CASSLSGNNEQFF,CASSLSGPNNEQFF
77,CASSLDSYEQYF,CASSLEDSYEQYF
78,CASSYIGTGELFF,CASSYDGTGELFF
79,CASSDRGWDQPQHF,CASSDRGDQPQHF
80,CSARDLTYEQYF,CSARDSTYEQYF
81,CASSPTTATNEKLFF,CASSPSTATNEKLFF
82,CASSQLGDEQFF,CASSLLGDEQFF
83,CSVEGAGGYEQYF,CSVEGLGGYEQYF
84,CASSFDSSYEQYF,CASSFSSYEQYF
85,CASSTGTSTDTQYF,CASSPGTSTDTQYF
86,CASSYEREEAFF,CASSYERTEAFF
87,CASSFLGNEQFF,CASSPLGNEQFF
88,CSARDPGGSYEQYF,CSARDPTGSYEQYF
89,CSARDPGGSYEQYF,CSARDPSGSYEQYF
90,CASSLLGGDGYTF,CASSFLGGDGYTF
91,CASSKLNTEAFF,CASSMLNTEAFF
92,CASSLLRADTQYF,CASSLLRGDTQYF
93,CASSVGNTYEQYF,CASSVGHTYEQYF
94,CSARDRNQPQHF,CSARDRSQPQHF
95,CSARGEGNYGYTF,CSARGGNYGYTF
96,CSARARSQPQHF,CSARDRSQPQHF
97,CSAPVTNYEQYF,CSAPVTSYEQYF
98,CASSGLAGTDTQYF,CASSFLAGTDTQYF
99,CASSLPISYEQYF,CASSLISYEQYF
100,CASSPLGNEQFF,CASSRLGNEQFF
101,CSARPRNQPQHF,CSARPVNQPQHF
102,CASSFLGNEQFF,CASSFGNEQFF
103,CASSFLGNEQFF,CASSRLGNEQFF
104,CASSERTNTEAFF,CASSEARTNTEAFF
105,CSARGPTSSYEQYF,CSARGTSSYEQYF
106,CASSLDSYEQYF,CASSLVSYEQYF
107,CASSLGPTDTQYF,CASSLGSTDTQYF
108,CASSLAGGLETQYF,CASSLAGLETQYF
109,CASSKLNTEAFF,CASSDKLNTEAFF
110,CASSKLNTEAFF,CASSIKLNTEAFF
111,CASSLTWYNEQFF,CASSLTAYNEQFF
112,CSATGLADYEQYF,CSATGLAGYEQYF
113,CSVSETSTDTQYF,CSVSETTTDTQYF
114,CASSMAGNYEQYF,CASSMAGAYEQYF
115,CASSLPGSYEQYF,CASSLLGSYEQYF
116,CASSQDLGTDTQYF,CASSQDRGTDTQYF
117,CSAWGMNTEAFF,CSASGMNTEAFF
118,CASSYSSYNEQFF,CASSYSASYNEQFF
119,CASSQDRSYNEQFF,CASSQDRTYNEQFF
120,CSASLADQETQYF,CSASRLADQETQYF
121,CASSYGGNTEAFF,CASSYVGGNTEAFF
122,CSASGTAQETQYF,CSADGTAQETQYF
123,CASSQDLNEQFF,CASSQDLNNEQFF
124,CASSLSYNSPLHF,CASSLSENSPLHF
125,CASSTGNTIYF,CASSVGNTIYF
126,CASSYGLEQYF,CASSRGLEQYF
127,CASSVGSSYEQYF,CASSVASSYEQYF
128,CASSVGSSYEQYF,CASSVGSGSYEQYF
129,CSAREGSSYEQYF,CSAREKSSYEQYF
130,CASSVGTANTEAFF,CASSVGAANTEAFF
131,CASSLIPSSYNEQFF,CASSLSPSSYNEQFF
132,CASSQEGGYNEQFF,CASSQEGYNEQFF
133,CASSVGSSYEQYF,CASSVGASYEQYF
134,CASSVGSSYEQYF,CASSGGSSYEQYF
135,CASSFAANTEAFF,CASSFASNTEAFF
136,CASSLTLNTEAFF,CASSLTLYTEAFF
137,CASSLTLNTEAFF,CASSLQLNTEAFF
138,CASSQVSGGDTQYF,CASSQVSGTDTQYF
139,CASSLTGTAYEQYF,CASSLTGEAYEQYF
140,CASSLGAEQYF,CASSLGGEQYF
141,CASSQVRFQETQYF,CASSQVRYQETQYF
142,CASSLGGVTDTQYF,CASSLGGTDTQYF
143,CASSLGGPEAFF,CASSLGGAEAFF
144,CASSYGGGTEAFF,CASSYGGTEAFF
145,CASSYRGTEAFF,CASSYAGTEAFF
146,CASSYRGTEAFF,CASSYGGTEAFF
147,CASSYGGNTEAFF,CASSYGGTEAFF
148,CASSLQREAFF,CASSLSREAFF
149,CSASGTAQETQYF,CSAPSGTAQETQYF
150,CASSYGGGTEAFF,CASSYSGGTEAFF
151,CASSYRGTEAFF,CASSYRGFTEAFF
152,CASSYGGNTEAFF,CASSYPGNTEAFF
153,CASSLRGDGYTF,CASSLGDGYTF
154,CSARGLAGVSYEQYF,CSARGLAGVYEQYF
155,CASSLSYNSPLHF,CASSLSDNSPLHF
156,CASSLGGPEAFF,CASSLGGEAFF
157,CSATGLYGYTF,CSGATGLYGYTF
158,CASSLAGNEQFF,CASSLAHNEQFF
159,CASSLGGETQYF,CASSLGGEQYF
160,CASSVGSSYEQYF,CASSVGGSYEQYF
161,CASSVGSSYEQYF,CASSVQGSSYEQYF
162,CASSLQGYEQYF,CASSLGGYEQYF
163,CASSLRGDGYTF,CASSLGGDGYTF
164,CASSIGGEAFF,CASSLGGEAFF
165,CASNQGGTEAFF,CASSQGGTEAFF
166,CASSLGQSAYEQYF,CASSLGGSAYEQYF
167,CASSLGQSAYEQYF,CASSLGQGAYEQYF
168,CASSLGQSAYEQYF,CASSLGQAAYEQYF
169,CASSLTGTAYEQYF,CASSLTGTYEQYF
170,CASSLPSYEQYF,CASSLGSYEQYF
171,CASSLQGYEQYF,CASSLGGYEQYF
172,CSAIRGYTEAFF,CSAVRGYTEAFF
173,CASSTGNTIYF,CASSTAGNTIYF
174,CASSLPSYEQYF,CASSLGSYEQYF
175,CASSQDYEQYF,CASSQGYEQYF
176,CASSPSSYEQYF,CASSPSGYEQYF
177,CASSLTLNTEAFF,CASSYTLNTEAFF
178,CASSQDQGQPQHF,CASSQDGQPQHF
179,CSARERGSSYEQYF,CSARETGSSYEQYF
180,CSAREGSSYEQYF,CSARETGSSYEQYF
181,CASSFAGAGELFF,CASSLAGAGELFF
182,CASSLTGIEAFF,CASSLAGIEAFF
183,CASSLAGATGELFF,CASSLAGAGELFF
184,CASSLAGATGELFF,CASSLAGTGELFF
185,CASSYSYGGNTEAFF,CASSYSYRGNTEAFF
186,CASSLGAGGEQYF,CASSLAGGEQYF
187,CASSLSGETQYF,CASSLAGETQYF
188,CASSFIEDTQYF,CASSFIETQYF
189,CASSYGGNTEAFF,CASSYSGGNTEAFF
190,CASSLLGETQYF,CASSLAGETQYF
191,CSVGGGYGYTF,CSVGGGAYGYTF
192,CASSLGGETQYF,CASSLAGETQYF
193,CASSLFSSYNEQFF,CASSLSSYNEQFF
194,CSARGTENTGELFF,CSAGTENTGELFF
195,CASSYSGQETQYF,CASSYSGWETQYF
196,CASSLDGETQYF,CASSLAGETQYF
197,CASSYSYGGNTEAFF,CASSYSGGNTEAFF
198,CSAGTGGSYEQYF,CSAGTGSYEQYF
199,CASSFRNEQFF,CASSFSNEQFF
200,CASSLTLNTEAFF,CASSLKLNTEAFF
201,CASSLLGETQYF,CASSLLGEQYF
202,CASSLSGGAYEQYF,CASSLSGGPAYEQYF
203,CASSLSVSNQPQHF,CASSLSVSQPQHF
204,CASSYRGTEAFF,CASSYGTEAFF
205,CASSLTGTAYEQYF,CASSLITGTAYEQYF
206,CASSWEGNTEAFF,CASSLWEGNTEAFF
207,CSGSGSSYEQYF,CSGISGSSYEQYF
208,CSVTSLNTEAFF,CSVTGLNTEAFF
209,CASSYGGGTEAFF,CASSYRGGTEAFF
210,CASSYGGGTEAFF,CASSYGTGGTEAFF
211,CASSYRGTEAFF,CASSYRGGTEAFF
212,CASSYPNTGELFF,CASSPNTGELFF
213,CASSLSVSNQPQHF,CASSLSHSNQPQHF
214,CASSLSVSNQPQHF,CASSLSYSNQPQHF
215,CASSYGGNTEAFF,CASSYEGNTEAFF
216,CASSYPNTGELFF,CASSYDNTGELFF
217,CASSLPSYEQYF,CASSLASYEQYF
218,CASSQEGGELFF,CASSQEWGELFF
219,CASSPRGDEQFF,CASSPRGYDEQFF
220,CASSLGGVTDTQYF,CASSLAGVTDTQYF
221,CSARDFPTGSYEQYF,CSARDPTGSYEQYF
222,CASSLFSSYNEQFF,CASSLGSSYNEQFF
223,CASSWEGNTEAFF,CASSPEGNTEAFF
224,CASSISGGPSNEQFF,CASSISGGVSNEQFF
225,CASSYGGNTEAFF,CASSEGGNTEAFF
226,CASSALNTGELFF,CASSALITGELFF
227,CSVGLASTYEQYF,CSVGLADTYEQYF
228,CASSQDYEQYF,CASSQGYEQYF
229,CASSLYSGYGYTF,CASSLGSGYGYTF
230,CSARAGTSSYEQYF,CSARGTSSYEQYF
231,CASSYRGTEAFF,CASSYEGTEAFF
232,CASSLFSSYNEQFF,CASSLSSYNEQFF
233,CASSLEAGSYNEQFF,CASSLAGSYNEQFF
234,CSASGQGVHEQYF,CSASGTGVHEQYF
235,CASSYGSGTQYF,CASSYGGTQYF
236,CASSWGDEQFF,CASSWPGDEQFF
237,CASSLGGPEAFF,CASSLGGTEAFF
238,CASSIYRHTEAFF,CASSIYRNTEAFF
239,CASSYSGDSYNEQFF,CASSYSGSSYNEQFF
240,CSAELEGAYNEQFF,CSAELAGAYNEQFF
241,CSASGSGETQYF,CSASDGSGETQYF
242,CASSYGGGSYEQYF,CASSYGGSSYEQYF
243,CASSLGRGSYNEQFF,CASSLGTGSYNEQFF
244,CASSYSPGLGTEAFF,CASSYSPGGGTEAFF
245,CSVTTVNTEAFF,CSVTTVLNTEAFF
246,CSVTTVNTEAFF,CSVTTVMNTEAFF
247,CASSLTLNTEAFF,CASSLTVNTEAFF
248,CASSLFSSYNEQFF,CASSLSSSYNEQFF
249,CASSPGQGAYGYTF,CASSPGQGAHGYTF
250,CSVYLGTEAFF,CSVELGTEAFF
251,CASSYSGQETQYF,CASSYSGSQETQYF
252,CASSLSGGAYEQYF,CASSLAGGAYEQYF
253,CASSSRGGNTEAFF,CASSSTGGNTEAFF
254,CASSQGDYEQYF,CASSQGYEQYF
255,CASSSLGGNQPQHF,CASSLGGNQPQHF
256,CASSVLMNTEAFF,CASSVDMNTEAFF
257,CASSFIGNTEAFF,CASSFGNTEAFF
258,CASSLSASYEQYF,CASSLEASYEQYF
259,CSVETTNTGELFF,CSVETGNTGELFF
260,CASSLSGSYEQYF,CASSLGGSYEQYF
261,CASSFSSSGNTIYF,CASSFSSSPGNTIYF
262,CASSLGSGGNEQFF,CASSLGSGYNEQFF
263,CATSDFGTDTQYF,CATSDPGTDTQYF
264,CASSLTAGSTDTQYF,CASSLTASSTDTQYF
265,CASSQDGSYEQYF,CASSQDLSYEQYF
266,CASSYVGGYGYTF,CASSYGGYGYTF
267,CSARVVNTGELFF,CSARTVNTGELFF
268,CATSRGGQETQYF,CATSRGSQETQYF
269,CASSPGTGSYEQYF,CASSPGGSYEQYF
270,CASSLGGGSTDTQYF,CASSEGGGSTDTQYF
271,CASSLGGGSTDTQYF,CASSLAGGSTDTQYF
272,CASSLVGSYEQYF,CASSLVGSSYEQYF
273,CASSYVGGELFF,CASSYVGPGELFF
274,CASSPGGGSTDTQYF,CASSEGGGSTDTQYF
275,CASSPSGSEQFF,CASSPSGIEQFF
276,CASSPMNTEAFF,CASSPLNTEAFF
277,CASSPGGYEQYF,CASSQGGYEQYF
278,CASSQSSYEQYF,CASSSSYEQYF
279,CASSQSSYEQYF,CASSQSYEQYF
280,CASSLTGGYTDTQYF,CASSLTGGGTDTQYF
281,CASSLTGGYTDTQYF,CASSLTGGSTDTQYF
282,CASSLGGGSTDTQYF,CASSLTGGSTDTQYF
283,CASSLTGGSTDTQYF,CASSLTGWSTDTQYF
284,CASSLSSYEQYF,CASSLGSYEQYF
285,CASSLSSYEQYF,CASSSSYEQYF
286,CASSPLIGYEQYF,CASSPLRGYEQYF
287,CASSRSSYEQYF,CASSSSYEQYF
288,CASSPTGRTEAFF,CASSPTGPTEAFF
289,CASSFSSYEQYF,CASSSSYEQYF
290,CASSWSSYEQYF,CASSSSYEQYF
291,CASSWSSYEQYF,CASSWGSYEQYF
292,CASSLGLAEIQYF,CASSLGLAETQYF
293,CATSRDRGLNQPQHF,CATSRDRGYNQPQHF
294,CATSDLTEDTQYF,CATSDLEDTQYF
295,CASSGFSYEQYF,CASSGSYEQYF
296,CASSLRTGAETQYF,CASSTRTGAETQYF
297,CASSFGGANVLTF,CASSFSGANVLTF
298,CASSLMSYEQYF,CASSLGSYEQYF
299,CASSLSENSPLHF,CASSLSDNSPLHF
300,CATSDLWTDTQYF,CATSDLFTDTQYF
301,CASSLSSYEQYF,CASSLRSSYEQYF
302,CATQDLFTDTQYF,CATSDLFTDTQYF
303,CASSYSSGSNNEQFF,CASSYSSGSGNEQFF
304,CASSRSSYEQYF,CASSLRSSYEQYF
305,CATSDLTGDEQFF,CATSDLLGDEQFF
306,CASSYVGGPEAFF,CASSYAGGPEAFF
307,CATSDLMTDTQYF,CATSDLFTDTQYF
308,CASSPAGGGTDTQYF,CASSWAGGGTDTQYF
309,CASSLGGSDEQFF,CASSLGGDEQFF
310,CASSPGTGSYEQYF,CASSGTGSYEQYF
311,CASSFEGSYEQYF,CASSFGSYEQYF
312,CASSGFSYEQYF,CASSGGSYEQYF
313,CASSLVGGEQYF,CASSLGGEQYF
314,CASSLSGSYEQYF,CASSLSGTYEQYF
315,CASSLRGGNTEAFF,CASSLGGNTEAFF
316,CASSLRGNTEAFF,CASSLGGNTEAFF
317,CASSLRGNTEAFF,CASSRGNTEAFF
318,CASSLGGGSTDTQYF,CASSLGGASTDTQYF
319,CASSLGTDTQYF,CASSLSTDTQYF
320,CASSPGGTEAFF,CASSQGGTEAFF
321,CASSLLVSNQPQHF,CASSLQVSNQPQHF
322,CSVETTNTGELFF,CSVCETTNTGELFF
323,CASSQGWEQYF,CASSQGYEQYF
324,CASSLSTGNYGYTF,CASSLQTGNYGYTF
325,CASSRGSSYEQYF,CASSFGSSYEQYF
326,CASSLGGTYEQYF,CASSPGGTYEQYF
327,CASSLDPGAYNEQFF,CASSLDPDAYNEQFF
328,CASSLGNYEQYF,CASSQGNYEQYF
329,CASSQGGGGTDTQYF,CASSQAGGGTDTQYF
330,CASGGQPYNEQFF,CASGGPYNEQFF
331,CASSQEGVLEQYF,CASSQEGVHEQYF
332,CASSLVGGYEQYF,CASSLEGGYEQYF
333,CASSLVGGEQYF,CASSLVGDEQYF
334,CASSLDISYEQYF,CASSLDIYYEQYF
335,CATSDLYRDEQYF,CATSDLTRDEQYF
336,CATSDLWTDTQYF,CATSDLATDTQYF
337,CATSDLWTDTQYF,CATSDLVTDTQYF
338,CATSDLTGDEQFF,CATSDLTVDEQFF
339,CATSDLTGDEQFF,CATSDLTRDEQFF
340,CATSDLTGDEQFF,CATSDLTSDEQFF
341,CASSLGGTYEQYF,CASSLGGQTYEQYF
342,CASSLGGTYEQYF,CASSLAGTYEQYF
343,CASSLGGTYEQYF,CASSLGGAYEQYF
344,CASSAGSYEQYF,CASSLAGSYEQYF
345,CATSDLTEDTQYF,CATSDLTRDTQYF
346,CATSDLMTDTQYF,CATSDLATDTQYF
347,CATSDLMTDTQYF,CATSDLVTDTQYF
348,CASSLVGGEQYF,CASSLAGGEQYF
349,CASSQDGSYEQYF,CASSQDVGSYEQYF
350,CASSLVLGEQYF,CASSLVGEQYF
351,CASSLVGYNEQFF,CASSLVGYGEQFF
352,CASSPAGWYEQYF,CASSPGWYEQYF
353,CASSLIGTGNTIYF,CASSLGGTGNTIYF
354,CASSLSGATEAFF,CASSLVSGATEAFF
355,CASSEVGSGNTIYF,CASSEAGSGNTIYF
356,CASSVNTEAFF,CASSSVNTEAFF
357,CASSLVDSGNTIYF,CASSLGDSGNTIYF
358,CASSLVGTGNTIYF,CASSLGGTGNTIYF
359,CASSYVGGNTEAFF,CASSYSGGNTEAFF
360,CASSLGAGEYEQYF,CASSLGQGEYEQYF
361,CASSLSTGNYGYTF,CASSLSGGNYGYTF
362,CATSDFGTDTQYF,CATSDFGSTDTQYF
363,CATSDFGTDTQYF,CATSDFGGTDTQYF
364,CASSFNNYEQYF,CASSFNFYEQYF
365,CASSSGTDTQYF,CASSSAGTDTQYF
366,CASSLLAGEQYF,CASSLLGEQYF
367,CASSLAGGSGETQYF,CASSLAGGRGETQYF
368,CASSPMNTEAFF,CASSPGNTEAFF
369,CASSLAGGAGETQYF,CASSLAGGRGETQYF
370,CASSVVGNTEAFF,CASSVVGGNTEAFF
371,CASSFGDYEQYF,CASSFDYEQYF
372,CASSSDYEQYF,CASSFDYEQYF
373,CASSLDPGAYNEQFF,CASSLDPGGYNEQFF
374,CASSPMNTEAFF,CASSDMNTEAFF
375,CASSQGQGHQPQHF,CASSQGQGGHQPQHF
376,CASSLGGGEQFF,CASSLGGDEQFF
377,CASSFMNTEAFF,CASSDMNTEAFF
378,CASSLTGGAADTQYF,CASSLTGGADTQYF
379,CASSYMNTEAFF,CASSDMNTEAFF
380,CASSFMSYEQYF,CASSFSSYEQYF
381,CASSLQGQETQYF,CASSLQTGQETQYF
382,CASSQSSYEQYF,CASSFSSYEQYF
383,CASSLSSYEQYF,CASSFSSYEQYF
384,CASSLIQGPTDTQYF,CASSLQGPTDTQYF
385,CASSLVAGANQPQHF,CASSLVGANQPQHF
386,CASSRSSYEQYF,CASSFSSYEQYF
387,CASSWSSYEQYF,CASSFSSYEQYF
388,CASSLDLNSYNEQFF,CASSLLNSYNEQFF
389,CASSIGGSPYNEQFF,CASSIGGSSYNEQFF
390,CASSIGGSPYNEQFF,CASSIGGSLYNEQFF
391,CASSAGSYEQYF,CASSLGSYEQYF
392,CASSESAEGNQPQHF,CASSESAGNQPQHF
393,CASSLGGTYEQYF,CASSLGGFYEQYF
394,CASSLGGTYEQYF,CASSLGGSYEQYF
395,CASSLGGTYEQYF,CASSLYGGTYEQYF
396,CASSLRTEAFF,CASSLVRTEAFF
397,CATSRVYNEQFF,CATSRDYNEQFF
398,CASSVLMNTEAFF,CASSVVMNTEAFF
399,CASSLSSYEQYF,CASSLVSYEQYF
400,CASSVVGNTEAFF,CASSVVMNTEAFF
401,CASSLAGVYEQYF,CASSLAGVPYEQYF
402,CASSYMNTEAFF,CASSYTNTEAFF
403,CASSLMSYEQYF,CASSLVSYEQYF
404,CASSLSGSYEQYF,CASSLLGSYEQYF
405,CASSPMNTEAFF,CASSLMNTEAFF
406,CASSQDPGQVNGYTF,CASSQDPGQVYGYTF
407,CASSPGQGAYEQYF,CASSPGQGSYEQYF
408,CASSLTGGGGETQYF,CASSLTGTGGETQYF
409,CASSFMNTEAFF,CASSLMNTEAFF
410,CASSVVIGDTQYF,CASSVLIGDTQYF
411,CSADGLAGDYNEQFF,CSADGLAGDNEQFF
412,CASSYMNTEAFF,CASSLMNTEAFF
413,CASSQGQNTYEQYF,CASSQGQDTYEQYF
414,CASSLSTYEQYF,CASSLASTYEQYF
415,CASSLLSGANVLTF,CASSLLASGANVLTF
416,CASSVVGNTEAFF,CASSVVGKNTEAFF
417,CASSLVGGELFF,CASSLGGGELFF
418,CASSLGGTYEQYF,CASSLGGYEQYF
419,CASSSDYEQYF,CASSSDSYEQYF
420,CASSLGGGEQFF,CASSLGGGELFF
421,CASSPTTGELFF,CASSPYTGELFF
422,CATSDFGTDTQYF,CATSDFGDTDTQYF
423,CASSYSTSGYEQYF,CASSYSSGYEQYF
424,CASSVGNEQFF,CASSVGDNEQFF
425,CASSVGNEQFF,CASSVIGNEQFF
426,CASSVGNEQFF,CASSVGGNEQFF
427,CASSVGGELFF,CASSVGSGELFF
428,CASSVAGGELFF,CASSVAGGEAFF
429,CASSVGEAQYF,CASSVGEAEQYF
430,CASSVGGAEQYF,CASSVGEAEQYF
431,CASSVGDTQYF,CASSVAGDTQYF
432,CASSVADTQYF,CASSVAGDTQYF
433,CASSVGGEQFF,CASSVGGNEQFF
434,CASSVGDEQFF,CASSVGDNEQFF
435,CASSVGGDTQYF,CASSVAGDTQYF
436,CASSVGGNEQFF,CASSVGDNEQFF
437,CASSVGGNEQFF,CASSVIGNEQFF
438,CASSQVTGQPQHF,CASSQVGQPQHF
439,CASSLGNEQFF,CASSALGNEQFF
440,CASSLTNTEAFF,CASSLGNTEAFF
441,CASSVTGDTQYF,CASSVAGDTQYF
442,CASSTGETQYF,CASSPTGETQYF
443,CASSESTGELFF,CASSETGELFF
444,CASSYGQGETQYF,CASSYGGETQYF
445,CASSPGDEQFF,CASSPRGDEQFF
446,CASSLGTEAFF,CASSFGTEAFF
447,CASSFPGEQFF,CASSFQGEQFF
448,CASSPQGYEQYF,CASSPSGYEQYF
449,CASSPQGYEQYF,CASSFQGYEQYF
450,CSVVRLTEAFF,CSVVRDTEAFF
451,CASSFSGNPYEQYF,CASSFSGTPYEQYF
452,CASSVGSGSYEQYF,CASSVGSGSNYEQYF
453,CASSVGGNEQFF,CASSVGGYNEQFF
454,CASSESGTGGHEQFF,CASSESGTGGNEQFF
455,CASSPYNNEQFF,CASSPHNNEQFF
456,CASSTGGELFF,CASSGGGELFF
457,CASSVGGELFF,CASSGGGELFF
458,CASSGSSYNEQFF,CASSGSGYNEQFF
459,CASSQGYEQYF,CASSQGGEQYF
460,CASSVGGSEQYF,CASSVGGSNEQYF
461,CASSVGGSEQYF,CASSVGGSYEQYF
462,CASSVGGSTEAFF,CASSPGGSTEAFF
463,CASSVGGSTEAFF,CASSAGGSTEAFF
464,CASSVGGSTEAFF,CASSSGGSTEAFF
465,CASTGTDYNEQFF,CASSGTDYNEQFF
466,CASSLGAEQYF,CASSLGHEQYF
467,CASSLGGEAFF,CASSLGGAAFF
468,CASSLGGEAFF,CASSLGGELFF
469,CASSLGGEAFF,CASSLGGEQFF
470,CASSLGGEAFF,CASSLGGELFF
471,CASSLGGEAFF,CASSLGSEAFF
472,CASSLGGEAFF,CASSGGGEAFF
473,CASSLGGEAFF,CASSLGGELFF
474,CASSVASSYEQYF,CASSVGSSYEQYF
475,CASSLGQGWDEQYF,CASSLGQGNDEQYF
476,CASSAGYEQYF,CASSAGSYEQYF
477,CASSPGTEAFF,CASSHGTEAFF
478,CASSVGSGSYEQYF,CASSVGSGRYEQYF
479,CASSVGSGSYEQYF,CASSVGSSYEQYF
480,CASSVGSGSYEQYF,CASSVGGSYEQYF
481,CASSVGGNEQFF,CASSVGGYNEQFF
482,CASSLHSNTGELFF,CASSLNSNTGELFF
483,CASSVGGGTYNEQFF,CASSVGGGYNEQFF
484,CASSGSAYNEQFF,CASSGSGYNEQFF
485,CASSFSGNTGELFF,CASSFSPNTGELFF
486,CASSLAGASGYTF,CASSLGASGYTF
487,CASSLAVYEQYF,CASSLGVYEQYF
488,CASSLAVYEQYF,CASSLAYEQYF
489,CASSLALEQYF,CASSLAYEQYF
490,CASSLAGTDTQYF,CASSLALTDTQYF
491,CASSGLGDNEQFF,CASSPLGDNEQFF
492,CASSPRDGPYEQYF,CASSPRDGSPYEQYF
493,CASSPGTEAFF,CASSPIGTEAFF
494,CASSLAVYNEQFF,CASSLAGYNEQFF
495,CASSLPGDPYEQYF,CASSLPAGDPYEQYF
496,CASSQYMNTEAFF,CASSQNMNTEAFF
497,CASSEGLRPYEQYF,CASSEGLGPYEQYF
498,CASSPGTTYEQYF,CASSPGTAYEQYF
499,CASSPTDYNEQFF,CASSPDYNEQFF
500,CASSVGNEQFF,CASSVRGNEQFF
501,CASSLRQGAYEQYF,CASSLRQGYEQYF
502,CASSVGGNEQFF,CASSVRGNEQFF
503,CASSFISGYNEQFF,CASSFPSGYNEQFF
504,CSVAETGELFF,CSVQETGELFF
505,CASSSPSSYNEQFF,CASSPSSYNEQFF
506,CASSEGSGYEQYF,CASSEGSYEQYF
507,CASSVGNEQFF,CASSVGNGEQFF
508,CASSQGNEQFF,CASSQEGNEQFF
509,CASSLGTEAFF,CASSLGPEAFF
510,CASSLGTEAFF,CASSQGTEAFF
511,CASSPTLVPYEQYF,CASSPTGVPYEQYF
512,CASSVGGSTEAFF,CASSVGGYTEAFF
513,CASSVGGEQFF,CASSVGNGEQFF
514,CASSQTENTEAFF,CASSQLENTEAFF
515,CASSPAYEQYF,CASSPASYEQYF
516,CASSLGTEAFF,CASSLGVEAFF
517,CASSQAPGSYEQYF,CASSQAPGAYEQYF
518,CASSLGTEAFF,CASSSGTEAFF
519,CASSLEVGQETQYF,CASSLEVGGETQYF
520,CASSLEGQQNTEAFF,CASSLEGQVNTEAFF
521,CASSVGYEQYF,CASSVDGYEQYF
522,CASSPGASPYEQYF,CASSPGAPYEQYF
523,CASSSPSSYNEQFF,CASSSPISYNEQFF
524,CASSPGTTYEQYF,CASSPGSTYEQYF
525,CASSEGTGLYEQYF,CASSEGTGRLYEQYF
526,CASSVAGELFF,CASSVGAGELFF
527,CASSVGGELFF,CASSVGAGELFF
528,CASSVSETQYF,CASSVGETQYF
529,CASSLGTEAFF,CASSRGTEAFF
530,CASSVGEAQYF,CASSVGETQYF
531,CASSVGGAEQYF,CASSVGGAYEQYF
532,CASSVGDTQYF,CASSVGETQYF
533,CASSVADEQFF,CASSVAREQFF
534,CASRLTRGYNEQFF,CASSLTRGYNEQFF
535,CASSVGAANTEAFF,CASGVGAANTEAFF
536,CASSVAEEQFF,CASSVAREQFF
537,CASSVANEQFF,CASSVAREQFF
538,CASSAGSSYNEQFF,CASSASGSSYNEQFF
539,CASSVGSGSYEQYF,CASSVGSGHYEQYF
540,CASSVGGTQYF,CASSVGETQYF
541,CASSVAQEQFF,CASSVAREQFF
542,CASSVGQTQYF,CASSVGETQYF
543,CASSVGGGEQYF,CASSVGGGYEQYF
544,CASSVGEQQYF,CASSVGETQYF
545,CASSLGGLSYEQYF,CASSLGGPSYEQYF
546,CASSTGETQYF,CASSVGETQYF
547,CASSASGSSYNEQFF,CASSPSGSSYNEQFF
548,CASSASGSSYNEQFF,CASSASGDSYNEQFF
549,CASSLGETQYF,CASSVGETQYF
550,CASSYGQGETQYF,CASSYGGETQYF
551,CASSPGAGELFF,CASSPAGELFF
552,CSVVNTGELFF,CSVGNTGELFF
553,CASWGIQETQYF,CASSGIQETQYF
554,CASSPRDGPYEQYF,CASSPRDLGPYEQYF
555,CASSPSGSGYEQYF,CASSPSGSYEQYF
556,CASSYGQGETQYF,CASSYGNGETQYF
557,CASSRGSGSYEQYF,CASSRGSGSSYEQYF
558,CASSGLAGAGELFF,CASSGLAGTGELFF
559,CASSEGGDTEAFF,CASSEGGGTEAFF
560,CASSLAGPDTQYF,CASSLAPDTQYF
561,CASSLTNTEAFF,CASSLTVNTEAFF
562,CASSLAGGPYEQYF,CASSLAGPYEQYF
563,CASSAGYEQYF,CASSAQGYEQYF
564,CASSEGTGLYEQYF,CASSEGTGWYEQYF
565,CASSVVGGGTEAFF,CASSVVGGDTEAFF
566,CASSLSNTGELFF,CASSSNTGELFF
567,CASSDGGGELFF,CASSYGGGELFF
568,CASSLLAGRPGELFF,CASSLLAGRGELFF
569,CASSIVAGGNQPQHF,CASSIGAGGNQPQHF
570,CASSVVETAYNEQFF,CASSVVETDYNEQFF
571,CASSIGGLYNEQFF,CASSIGMGLYNEQFF
572,CSVETGNTGELFF,CSVVTGNTGELFF
573,CASSLAGSTDTQYF,CASSLAGGSTDTQYF
574,CASSIGLGNEQFF,CASSIGGGNEQFF
575,CASSEGGSSYNEQFF,CASSVGGSSYNEQFF
576,CASSYGRSYEQYF,CASSYGSYEQYF
577,CASSFSGNEQFF,CASSFSNEQFF
578,CASSFSGNEQFF,CASSFSGHEQFF
579,CASSGRDSPYEQYF,CASSGDSPYEQYF
580,CASSSLGSSYEQYF,CASSSFGSSYEQYF
581,CASSLSNTGELFF,CASSPSNTGELFF
582,CASSFGTAEAFF,CASSFGTEAFF
583,CASSVGTGTYEQYF,CASSVGGGTYEQYF
584,CASSFGGYEQYF,CASSQGGYEQYF
585,CASSLTGVYGYTF,CASSLTGGYGYTF
586,CASSHSTYEQYF,CASSSTYEQYF
587,CASSLEASYEQYF,CASSLEAYEQYF
588,CASSVGVYNEQFF,CASSVGGYNEQFF
589,CASSFSGNEQFF,CASSFSGANEQFF
590,CASSFVETQYF,CASSFQETQYF
591,CASSWGNYEQYF,CASSWGGYEQYF
592,CASSLQYEQYF,CASSLGYEQYF
593,CASSFGTAEAFF,CASSFGGAEAFF
594,CASSFGPYEQYF,CASSFGYEQYF
595,CASSVGGNEQFF,CASSVGGYNEQFF
596,CASSLGGYEQYF,CASSWGGYEQYF
597,CASSLAGATDTQYF,CASSALAGATDTQYF
598,CASSGLDSTQYF,CASSGLDTQYF
599,CASSQGGSEQYF,CASSQGGYEQYF
600,CASSVDGTGELFF,CASSVPGTGELFF
601,CASSGGLDGELFF,CASSGGLGELFF
602,CASSVGSGELFF,CASSGGSGELFF
603,CASSVGSGELFF,CASSVGGSGELFF
604,CASSANSYEQYF,CASSAGSYEQYF
605,CASSVGASYEQYF,CASSVGGASYEQYF
606,CASSVGASYEQYF,CASSVGSSYEQYF
607,CASSVGASYEQYF,CASSVGGSYEQYF
608,CASSVGVYNEQFF,CASSVGGYNEQFF
609,CASSVVGDPSYEQYF,CASSVGGDPSYEQYF
610,CASSDGGGELFF,CASSGGGELFF
611,CASSGGSSYEQYF,CASSVGSSYEQYF
612,CASSGGSSYEQYF,CASSGGSYEQYF
613,CASSVGGNEQFF,CASSVGGYNEQFF
614,CASSFGNTEAFF,CASSRGNTEAFF
615,CASSLGLNTEAFF,CASSLGGNTEAFF
616,CASSQGGSEQYF,CASSQGGNEQYF
617,CASSQGGSEQYF,CASSLGGSEQYF
618,CASSGPTYEQYF,CASSPTYEQYF
619,CASSIRSAYEQYF,CASSIRSSYEQYF
620,CASSFDSYEQYF,CASSFSYEQYF
621,CSAGPMNTEAFF,CSAGVMNTEAFF
622,CASSLAGLGQFF,CASSLAGSGQFF
623,CASSLAGLGQFF,CASSLAGLGAFF
624,CASSLAGLGQFF,CASSLAGLGQYF
625,CASSLAGLGQFF,CASSLAGLEQFF
626,CASSLAGLGQFF,CASSLAGVGQFF
627,CASSLAGNEQYF,CASSLAGSEQYF
628,CASSLAGNEQYF,CASSLAGLEQYF
629,CASSLAGNEQYF,CASSLAGGEQYF
630,CASSLAGNEQYF,CASSLAGIEQYF
631,CASSLAGNEQYF,CASSLAGIEQYF
632,CASSLAGNEQYF,CASSLAGVEQYF
633,CASSLAGNEQYF,CASSLAGYEQYF
634,CASSLAGNEQYF,CASSLAGANEQYF
635,CASSLAGNEQYF,CASSLAGNYEQYF
636,CASSLGNEQFF,CASSLGNEQYF
637,CASSVIGNEQFF,CASSVRGNEQFF
638,CASSLAGVEAFF,CASSLAGSEAFF
639,CASSLAGVEAFF,CASSLAGVELFF
640,CASSLAGVEAFF,CASSLAGIEAFF
641,CASSLAGVEAFF,CASSLAGVGAFF
642,CASSLAGVEAFF,CASSLAGVELFF
643,CASSLAGVEAFF,CASSIAGVEAFF
644,CASSLAGVEAFF,CASSLAGTEAFF
645,CASSLAGVEAFF,CASSLAGVEQFF
646,CASSQVGIQETQYF,CASSQVRGIQETQYF
647,CASSVGGNEQFF,CASSVRGNEQFF
648,CASSFGTEAFF,CASSFGNTEAFF
649,CASSLGNTEAFF,CASSFGNTEAFF
650,CASSYGSGEQYF,CASSLYGSGEQYF
651,CASSLAGNEQYF,CASSLAGNEQFF
652,CASSLGALGTDTQYF,CASSLGAGTDTQYF
653,CASREGYNEQFF,CASRMGYNEQFF
654,CASSIGNEQFF,CASSIEGNEQFF
655,CASSLAGVEAFF,CASSLAGTEAFF
656,CASSLANRGTDTQYF,CASSLARGTDTQYF
657,CASSLGGYEQYF,CASSLGGTEQYF
658,CASSYSGRQETQYF,CASSYSGQETQYF
659,CASSVGLNTEAFF,CASSVEGLNTEAFF
660,CASSGSLGNEQFF,CASSASLGNEQFF
661,CASSQEGYNEQFF,CASSQEGNEQFF
662,CASSFGPYEQYF,CASSTGPYEQYF
663,CASSLPGQPYEQYF,CASSQPGQPYEQYF
664,CASSEARGWYEQYF,CASSEARGYEQYF
665,CASSQELAAYEQYF,CASSQELAASYEQYF
666,CASSLGGYEQYF,CASSFGGYEQYF
667,CASSALGNEQFF,CASSASLGNEQFF
668,CASSVVGGGTEAFF,CASSVVGGNTEAFF
669,CASSYGPSEQYF,CASSYGPAEQYF
670,CASSLVGQPQHF,CASSLVNQPQHF
671,CASSGGNTEAFF,CASSGPNTEAFF
672,CASSLAGSTDTQYF,CASSLAGESTDTQYF
673,CASSYSFGELFF,CASSYSIGELFF
674,CASSLSNTGELFF,CASSASNTGELFF
675,CASSFGTAEAFF,CASSFGGAEAFF
676,CASSFASNTEAFF,CASSFYSNTEAFF
677,CASSQVGGNEQFF,CASSQVHGNEQFF
678,CASSIGGLYNEQFF,CASSIGGSLYNEQFF
679,CASSFGPYEQYF,CASSFGYEQYF
680,CASSFGVGGEQYF,CASSFGVGEQYF
681,CASSVGSGELFF,CASSVGAGELFF
682,CASSVVGGYEQYF,CASSVGGGYEQYF
683,CASSGGSSYEQYF,CASSGGNSYEQYF
684,CASSQLGEQFF,CASSFLGEQFF
685,CASQGVGTEAFF,CASKGVGTEAFF
686,CASSFGVGGEQYF,CASSFVGGEQYF
687,CASSLGNTEAFF,CASSRGNTEAFF
688,CASSPIDRVTEAFF,CASSPPDRVTEAFF
689,CASSLRRDEQFF,CASSLRVDEQFF
690,CASSIGGLYNEQFF,CASSITGGLYNEQFF
691,CASSVDMNTEAFF,CASSVVMNTEAFF
692,CASSGYNEQFF,CASSGYSNEQFF
693,CASSQVGGNEQFF,CASSQTGGNEQFF
694,CASSLGNTEAFF,CASSLGGTEAFF
695,CASSLGNTEAFF,CASSLGNNEAFF
696,CASSLTGSEQYF,CASSLDGSEQYF
697,CASSIGGLYNEQFF,CASSIGGYNEQFF
698,CASSEWDREETQYF,CASSEWDRETQYF
699,CASSMGQGTYEQYF,CASSMGQGTLYEQYF
700,CASSMGQGTYEQYF,CASSMGQGTSYEQYF
701,CASSMGQGTYEQYF,CASSMGQGETYEQYF
702,CASSMGQGTYEQYF,CASSMGQGITYEQYF
703,CASSLQLNTEAFF,CASSLQGNTEAFF
704,CASSVVADTDTQYF,CASSVVASTDTQYF
705,CASSSNTGELFF,CASSPSNTGELFF
706,CASSYSGPGELFF,CASSYVGPGELFF
707,CASSYGQGETQYF,CASSYGGETQYF
708,CASSFGYEQYF,CASSVGYEQYF
709,CASSFGYEQYF,CASSLGYEQYF
710,CASSQTSGYTDTQYF,CASSQTSGGTDTQYF
711,CASGLGTYEQYF,CASGLGGYEQYF
712,CASSLGGYEQYF,CASSLGIGYEQYF
713,CASSLGGYEQYF,CASGLGGYEQYF
714,CASSLGGYEQYF,CASSLGQGYEQYF
715,CASSLGGYEQYF,CASSLGYEQYF
716,CASSLAGSSYNEQFF,CASSLAGSYNEQFF
717,CASSLTAGNTEAFF,CASSLTPGNTEAFF
718,CASSLTAGNTEAFF,CASSLTVGNTEAFF
719,CAIGGTGGTGELFF,CAGGTGGTGELFF
720,CASSLGSTDTQYF,CASSLGSDTQYF
721,CASSSTGGLYNEQFF,CASSSTGGAYNEQFF
722,CASSETGELFF,CASSGTGELFF
723,CASSLAQGNTGELFF,CASSLGQGNTGELFF
724,CASSLGGGYEQYF,CASSLGGYEQYF
725,CASSYGGGELFF,CASSGGGELFF
726,CASSLGVGTEAFF,CASSLGGTEAFF
727,CASSPGVGNQPQHF,CASSPGVYGNQPQHF
728,CASSLGGGYEQYF,CASSLGGYEQYF
729,CASGLAAYEQYF,CASGLLAYEQYF
730,CASSLGSGSYNEQFF,CASSLDSGSYNEQFF
731,CASSLSGQPQHF,CASSLIGQPQHF
732,CASSQVAGGETQYF,CASSQVAGGQETQYF
733,CASSPGGQPQHF,CASSSGGQPQHF
734,CASSSGYEQYF,CASSPSGYEQYF
735,CASSQAGAEAFF,CASSQAGAAEAFF
736,CASSLGGTDTQYF,CASSLGTGTDTQYF
737,CASSLGGSYEQYF,CASSLGQSYEQYF
738,CASSLVSGELFF,CASSLVPGELFF
739,CASSLYTGSNTEAFF,CASSLTGSNTEAFF
740,CASSLDSNQPQHF,CASSLGSNQPQHF
741,CASSWGQGVYNEQFF,CASSQGQGVYNEQFF
742,CASSWGQTYEQYF,CASSSGQTYEQYF
743,CASSLAEGLNTEAFF,CASSLAGGLNTEAFF
744,CASSYTNTGELFF,CASSYSNTGELFF
745,CASSLGHEQYF,CASSLGNEQYF
746,CASSLARDTSYEQYF,CASSLARDSYEQYF
747,CASSPSSYEQYF,CASSPNSYEQYF
748,CASSGGSGYEQYF,CASSEGGSGYEQYF
749,CATSDLQGETDTQYF,CATSDLQGSTDTQYF
750,CASSLQLNTEAFF,CASSLKLNTEAFF
751,CASSLGLAGYNEQFF,CASSLSLAGYNEQFF
752,CASSPAGAYEQYF,CASSPGGAYEQYF
753,CASSLSLAGFNEQFF,CASSLSLAGYNEQFF
754,CASSFPDTQYF,CASSFPDEQYF
755,CASSSNTGELFF,CASSSVTGELFF
756,CASSSTGGLYNEQFF,CASSSTGGGYNEQFF
757,CASSLAGGPDEQFF,CASSLAGGYDEQFF
758,CASSLGWATEAFF,CASSLGGATEAFF
759,CASSLDSNQPQHF,CASSLGSNQPQHF
760,CASSLGLGYNEQFF,CASSLGGYNEQFF
761,CASSLGVGNQPQHF,CASSLGGNQPQHF
762,CASSLGSGYNEQFF,CASSLGGYNEQFF
763,CASSLGIGYNEQFF,CASSLGGYNEQFF
764,CASSLTGEAYEQYF,CASSLTEAYEQYF
765,CASSPDRANTEAFF,CASSPDRMNTEAFF
766,CASSLGTGYNEQFF,CASSLGGYNEQFF
767,CASSLGVYNEQFF,CASSLGPYNEQFF
768,CASSLGVYNEQFF,CASSLGGYNEQFF
769,CASSVVGGDTEAFF,CASSVVGGGTEAFF
770,CASSVVGGDTEAFF,CASSVVGGNTEAFF
771,CASSLGTGVEYEQYF,CASSLGTGVSYEQYF
772,CASSLGTGVEYEQYF,CASSLGTGVVYEQYF
773,CASSWTGETEAFF,CASSWTGGTEAFF
774,CASSIQGDNQPQHF,CASSLQGDNQPQHF
775,CASSLDSNQPQHF,CASSLNSNQPQHF
776,CASSLDSNQPQHF,CASSLGSNQPQHF
777,CASSQVEVTGELFF,CASSQEEVTGELFF
778,CASSSNTGELFF,CASSASNTGELFF
779,CASSVGISTDTQYF,CASSVGYSTDTQYF
780,CASSWTGETEAFF,CASSTGETEAFF
781,CASSLDSNQPQHF,CASSLDSPNQPQHF
782,CASSLGGYEQYF,CASSLGGVEQYF
783,CASSSGGTDTQYF,CASSSGGGTDTQYF
784,CASSLVRTDTQYF,CASSLVRDTQYF
785,CASSQDWDSSYEQYF,CASSQDRDSSYEQYF
786,CASSLGSGSYNEQFF,CASSLGSSYNEQFF
787,CASSLGGTDTQYF,CASSLGTDTQYF
788,CASSSNTGELFF,CASSSYTGELFF
789,CASSLGSGYNEQFF,CASSLGSSYNEQFF
790,CASSLGGSYEQYF,CASSLGSSYEQYF
791,CASSLSLRETQYF,CASSLSWRETQYF
792,CASSPGGTNTEQFF,CASSPGGTNEQFF
793,CASSLGQGIGYTF,CASSLGQGSGYTF
794,CASSQENYSNQPQHF,CASSQERYSNQPQHF
795,CASSLSQGSYNEQFF,CASSLSQGAYNEQFF
796,CASSLGVGTEAFF,CASSLSVGTEAFF
797,CASSLGVGTEAFF,CASSLGQGTEAFF
798,CASSLDSNQPQHF,CASSLADSNQPQHF
799,CASSYGQGETQYF,CASSYGGETQYF
800,CASSLGGYEQYF,CASSLGGEQYF
801,CASSLTASSTDTQYF,CASSLLASSTDTQYF
802,CASSLSQGAYNEQFF,CASSLQGAYNEQFF
803,CASSLYTGSNTEAFF,CASSLYTGVNTEAFF
804,CASSLYTGSNTEAFF,CASSLYTGANTEAFF
805,CASSYGQGETQYF,CASSYGNGETQYF
806,CASSPTSDQETQYF,CASRPTSDQETQYF
807,CATSDLQGETDTQYF,CATSDLQGYTDTQYF
808,CASSQDRDSSYEQYF,CASSQDPDSSYEQYF
809,CASSLGGSYEQYF,CASSLLGSYEQYF
810,CASSLGGSYEQYF,CASSLGESYEQYF
811,CASSYFSGNTGELFF,CASSYTSGNTGELFF
812,CASSLTAGNTEAFF,CASSLTTGNTEAFF
813,CASSLTGTGNTEAFF,CASSLTGTGSTEAFF
814,CASSLGGTDTQYF,CASSLGTDTQYF
815,CASSLGGTDTQYF,CASSLGGSDTQYF
816,CASSLAFGTEAFF,CASSLAQGTEAFF
817,CASSLGGSYEQYF,CASSFGGSYEQYF
818,CASSLVSGELFF,CASSLVLSGELFF
819,CASSLAEGLNTEAFF,CASSLEEGLNTEAFF
820,CASSVANNSPLHF,CASSVARNSPLHF
821,CASSLGLNEQFF,CASSLGGLNEQFF
822,CASSLGSTDTQYF,CASSLGVSTDTQYF
823,CASSLGTGDQPQHF,CASSLGGDQPQHF
824,CASSGTDTQYF,CASSPTDTQYF
825,CASSGTDTQYF,CASGGTDTQYF
826,CASSGTDTQYF,CASSATDTQYF
827,CASSLAGGDTDTQYF,CASSLAGGSTDTQYF
828,CASSGDYNEQFF,CASSPDYNEQFF
829,CASSTNSYEQYF,CASSTSYEQYF
830,CASSMQETQYF,CASSFQETQYF
831,CASSPPGQGSYEQYF,CASRPPGQGSYEQYF
832,CASSIGTGLSYEQYF,CASSIGTSLSYEQYF
833,CASSPGGSYEQYF,CASSPPGGSYEQYF
834,CASSPGGSYEQYF,CASSPGGSEQYF
835,CASSPGGSYEQYF,CASSPGGYEQYF
836,CASSPSGDRSYEQYF,CASSPSGDLSYEQYF
837,CASSIGQGSTYEQYF,CASSIGQGITYEQYF
838,CASSAGLGITYEQYF,CASSAGQGITYEQYF
839,CASSIGQGITYEQYF,CASSAGQGITYEQYF
840,CASSIGQGIGYEQYF,CASSIGQGITYEQYF
841,CASSIGQGRTYEQYF,CASSIGQGITYEQYF
842,CASSIGQGETYEQYF,CASSIGQGITYEQYF
843,CASSFGNTEAFF,CASSFGSTEAFF
844,CASSAGQGITYEQYF,CASSIGQGITYEQYF
845,CASSIGQGIMYEQYF,CASSIGQGITYEQYF
846,CASSLGQGASEQYF,CASSLGQGAYEQYF
847,CASSVGQGITYEQYF,CASSAGQGITYEQYF
848,CASSVGQGITYEQYF,CASSIGQGITYEQYF
849,CASSIGQGISYEQYF,CASSIGQGITYEQYF
850,CASSMGQGITYEQYF,CASSAGQGITYEQYF
851,CASSMGQGITYEQYF,CASSIGQGITYEQYF
852,CASSIGQGHTYEQYF,CASSIGQGITYEQYF
853,CASSIGSGITYEQYF,CASSIGQGITYEQYF
854,CASSGDYNEQFF,CASSGTDYNEQFF
855,CASSIRDSYEQYF,CASSIRSSYEQYF
856,CASSLQGNTEAFF,CASSLSGNTEAFF
857,CASSHGQGSYEQYF,CASSHGQGSSYEQYF
858,CASSHGQGSYEQYF,CASSHGQGISYEQYF
859,CASSPRGSEQYF,CASSPRGNEQYF
860,CASSSGAGGTDTQYF,CASSSLAGGTDTQYF
861,CASSIGTGWSTEAFF,CASSIGTGSTEAFF
862,CASSMQETQYF,CASSLQETQYF
863,CASSGTDTQYF,CASSFTDTQYF
864,CASSIGRGLSYEQYF,CASSIGRGLTYEQYF
865,CASSIGTGGAYEQYF,CASSIGRGGAYEQYF
866,CASSTNSYEQYF,CASSFNSYEQYF
867,CASSIGAGLTYEQYF,CASSIGRGLTYEQYF
868,CASSPGTGTSYEQYF,CASSIGTGTSYEQYF
869,CASSLQGNTEAFF,CASSLWQGNTEAFF
870,CASSIGTGLSYEQYF,CASSIGTGTSYEQYF
871,CASSIGTGWSYEQYF,CASSIGTGTSYEQYF
872,CASSIGTGVAYEQYF,CASSIGTGVVYEQYF
873,CASSIGTGLVYEQYF,CASSIGTGVVYEQYF
874,CASSIGTGTIYEQYF,CASSIGTGTSYEQYF
875,CASSTGTGTSYEQYF,CASSIGTGTSYEQYF
876,CASSRGTGTSYEQYF,CASSIGTGTSYEQYF
877,CASSIGRGTSYEQYF,CASSIGTGTSYEQYF
878,CASSIGTGTAYEQYF,CASSIGTGTSYEQYF
879,CASSIGAGTSYEQYF,CASSIGTGTSYEQYF
880,CASSIGTGSSYEQYF,CASSIGTGTSYEQYF
881,CASSIGTGNSYEQYF,CASSIGTGTSYEQYF
882,CASSIGTGRSYEQYF,CASSIGTGTSYEQYF
883,CASSIGLGTSYEQYF,CASSIGTGTSYEQYF
884,CASSIGTGKSYEQYF,CASSIGTGTSYEQYF
885,CASSPDSYEQYF,CASSPDYEQYF
886,CASSTYNEQFF,CASSTNNEQFF
887,CASSTGTGTSYEQYF,CASSTRTGTSYEQYF
888,CASSLGQGLTGELFF,CASSLQGLTGELFF
889,CASSPRGSEQYF,CASSPPGSEQYF
890,CASSIGAGVRNEQFF,CASSIGAGVGNEQFF
891,CASSIGAGVRNEQFF,CASSIGAGVFNEQFF
892,CASSEVGVDEQYF,CASSEGGVDEQYF
893,CASSIGAGVSYEQYF,CASSIGAVSYEQYF
894,CASSIGTGLNNEQFF,CASSIGAGLNNEQFF
895,CASSQVRSYEQYF,CASSQVGRSYEQYF
896,CASSIGLSSYNEQFF,CASSIGGSSYNEQFF
897,CASSPGTGTSYEQYF,CASSPGTGSSYEQYF
898,CASSLGTGSSYEQYF,CASSPGTGSSYEQYF
899,CASSPGTGYSYEQYF,CASSPGTGSSYEQYF
900,CASSIGTGSSYEQYF,CASSPGTGSSYEQYF
901,CASSPGTGESYEQYF,CASSPGTGSSYEQYF
902,CASSPGTGLSYEQYF,CASSPGTGSSYEQYF
903,CASSHGMNTEAFF,CASSHGGNTEAFF
904,CASSIGLGQAYEQYF,CASSIGPGQAYEQYF
905,CASSTGTGVPYEQYF,CASSTGTGVYEQYF
906,CASSVVASTDTQYF,CASSVVATSTDTQYF
907,CASSTGTGVSYEQYF,CASSTGTGVYEQYF
908,CASSTGTGVNYEQYF,CASSTGTGVYEQYF
909,CASSIGQGGSYEQYF,CASSIGQGGSEQYF
910,CASSFGGTEAFF,CASSFSGTEAFF
911,CASSFGGTEAFF,CASSFGGGEAFF
912,CASSFGGTEAFF,CASSGGGTEAFF
913,CASSFGGTEAFF,CASSFGGAEAFF
914,CASSFVGETQYF,CASSFVGEQYF
915,CASSRSGASTDTQYF,CASSSSGASTDTQYF
916,CASSLSTPYEQYF,CASSLSGPYEQYF
917,CASSSSGSSTDTQYF,CASSSSGVSTDTQYF
918,CASSSSGSSTDTQYF,CASSSSGASTDTQYF
919,CASSSSGSSTDTQYF,CASSSSGSSGDTQYF
920,CASSSSGSSTDTQYF,CASSPSGSSTDTQYF
921,CASSTTGNEQYF,CASSFTGNEQYF
922,CASSLSGASTDTQYF,CASSSSGASTDTQYF
923,CASSFQGYEQYF,CASSFGYEQYF
924,CASSWTSHEQYF,CASSWGSHEQYF
925,CASSTTGGSTDTQYF,CASSLTGGSTDTQYF
926,CASSTTGGSTDTQYF,CASSTTGWSTDTQYF
927,CASSGGYEQYF,CASGGGYEQYF
928,CASSGGYEQYF,CASSFGYEQYF
929,CASSFAGEQYF,CASSFVGEQYF
930,CASSSGGTEAFF,CASSGGGTEAFF
931,CASSFQGEQYF,CASSFVGEQYF
932,CASSFSGTDTQYF,CASSFSGDTQYF
933,CASSLAGGSTDTQYF,CASSLTGGSTDTQYF
934,CASSFSGSEQYF,CASSFSGVEQYF
935,CASSWTGNEAFF,CASSWTGHEAFF
936,CASSWSGYEQYF,CASSWGGYEQYF
937,CASSFSEDTQYF,CASSFSGDTQYF
938,CASSLSYEQFF,CASSHSYEQFF
939,CASRGFDTEAFF,CASRGWDTEAFF
940,CASSFGTEAFF,CASSFGTPAFF
941,CASSFGTEAFF,CASSFSGTEAFF
942,CASSFGTEAFF,CASSFTTEAFF
943,CASSQGGLEQYF,CASSFGGLEQYF
944,CASSFRGYEQYF,CASSRGYEQYF
945,CASSPGGWQTQYF,CASSPGGWETQYF
946,CASSFRGTEAFF,CASSFPGTEAFF
947,CASSYGGTEAFF,CASSYSGGTEAFF
948,CASSPTGGEQYF,CASSPGGEQYF
949,CASSLDGYEQYF,CASSSDGYEQYF
950,CASSSTGYEQYF,CASSSDGYEQYF
951,CASSPTGEEQFF,CASSPTGNEQFF
952,CASSPTGHEQFF,CASSPTGNEQFF
953,CASSLVATGELFF,CASSLVAAGELFF
954,CSAIGGGSSYNEQFF,CSATGGGSSYNEQFF
955,CASSPTGAEQFF,CASSPTGNEQFF
956,CASSLGNEQFF,CASSLGPNEQFF
957,CASSLGGAEAFF,CASSLGGEAFF
958,CASSWGGELFF,CASSFGGELFF
959,CASSLSRTDTQYF,CASSLSTDTQYF
960,CASSFTGGDGYTF,CASSFGGDGYTF
961,CASSLGGYGYTF,CASSLGAGYGYTF
962,CASSLGQLYEQYF,CASSLGQALYEQYF
963,CASSPGGSYEQYF,CASSPGQSYEQYF
964,CSVEQGTYEQYF,CSVEQGPYEQYF
965,CASSQAGETQYF,CASSQEGETQYF
966,CASSPGYEQYF,CASSPGTYEQYF
967,CASSPSGNTIYF,CASSFSGNTIYF
968,CASSYSGNTIYF,CASSFSGNTIYF
969,CASSFAGVEQFF,CASSLAGVEQFF
970,CASSLQGSSYEQYF,CASSTQGSSYEQYF
971,CASSLAGGSYNEQFF,CASSLAGGPYNEQFF
972,CASSLAGGSYNEQFF,CASSLAGGYYNEQFF
973,CASSSSGNTIYF,CASSFSGNTIYF
974,CASSYGAHEQYF,CASSYGAEQYF
975,CASSSTGYEQYF,CASSSTRYEQYF
976,CASSYGFEQYF,CASSYGAEQYF
977,CASSYGGETQYF,CASSYGRETQYF
978,CASSYGGNEQFF,CASSYGGYNEQFF
979,CASSLSGTQYF,CASSPSGTQYF
980,CASSLGNEQFF,CASSLEGNEQFF
981,CASSLESNYGYTF,CASSLEANYGYTF
982,CASSYGSAEQYF,CASSYGAEQYF
983,CASSPTDTQYF,CASSFTDTQYF
984,CASSLGDTQYF,CASSLGADTQYF
985,CASSQGPGYTF,CASSPGPGYTF
986,CASSFSNEQFF,CASSSSNEQFF
987,CASSFMAEAFF,CASSFAAEAFF
988,CASSFRGYEQYF,CASSFGGYEQYF
989,CASSFTGGELFF,CASSFGGELFF
990,CASSFSAEAFF,CASSFAAEAFF
991,CASSLTGFEQYF,CASSLTGEQYF
992,CASSFAGQETQYF,CASSFFGQETQYF
993,CASSFLGELFF,CASSFLPGELFF
994,CASSFLGELFF,CASSFGGELFF
995,CASSLTGYEQYF,CASSLTRYEQYF
996,CASSLTGYEQYF,CASSLTGEQYF
997,CASSATDTQYF,CASSFTDTQYF
998,CASSLGNEQFF,CASSLGDEQFF
999,CASSLSGELFF,CASNSLSGELFF
1000,CASSFTETQYF,CASSFTDTQYF
1001,CASSFGTEAFF,CASSQGTEAFF
1002,CASSFGTEAFF,CASSLGTEAFF
1003,CASSPSGNTIYF,CASSPGSGNTIYF
1004,CASSLAGVEAFF,CASSLGVEAFF
1005,CASSLSGTQYF,CASSSSGTQYF
1006,CASSLGGYQPQHF,CASSLEGYQPQHF
1007,CASSLSGTQYF,CASSSSGTQYF
1008,CASSSSETQYF,CASSSSGTQYF
1009,CASSYAGTEAFF,CASSYGTEAFF
1010,CASSYGGTEAFF,CASSYGTEAFF
1011,CSVELGTGEQYF,CSVEAGTGEQYF
1012,CASSLTGYEQYF,CASSLTGSYEQYF
1013,CASSLTGETQYF,CASSLTGDTQYF
1014,CASSYGSAEQYF,CASSYGPAEQYF
1015,CASSASGELFF,CASSYASGELFF
1016,CASSFGGTEAFF,CASSSGGTEAFF
1017,CASSFGGTEAFF,CASSFGGAEAFF
1018,CASTPPNEKLFF,CASRPPNEKLFF
1019,CASSPSNTGELFF,CASSASNTGELFF
1020,CASSSGGTEAFF,CASSSGTEAFF
1021,CASSSSETQYF,CASSSESETQYF
1022,CASSQDLSYEQYF,CASSQDLYEQYF
1023,CASSLAGGSTDTQYF,CASSLAGESTDTQYF
1024,CASSWTGNEAFF,CASSWTGNTEAFF
1025,CASSYGGTEAFF,CASSYRGGTEAFF
1026,CASSAVNTGELFF,CASSASNTGELFF
1027,CASSFGTEAFF,CASSSGTEAFF
1028,CSVEDGGGYEQYF,CSVEDMGGYEQYF
1029,CASSLYSTDTQYF,CASSLYNTDTQYF
1030,CASSFQGYEQYF,CASSFGYEQYF
1031,CASSGGYEQYF,CASSFGYEQYF
1032,CASSILAGNYNEQFF,CASSILAGPYNEQFF
1033,CASSYASGGGYEQYF,CASSYPSGGGYEQYF
1034,CASSPTDTQYF,CASSPSTDTQYF
1035,CASSPTDTQYF,CASSPRTDTQYF
1036,CASSLTGFEQYF,CASSLLGFEQYF
1037,CSARTSGGEQYF,CSARTSGGVEQYF
1038,CASSFLGELFF,CASSFLGEQFF
1039,CASSVGGGTYEQYF,CASSVGWGGTYEQYF
1040,CASSVGGGTYEQYF,CASSVGFGGTYEQYF
1041,CASSVGGGTYEQYF,CASSVGGGYEQYF
1042,CASSPGYEQYF,CASSPGAYEQYF
1043,CASSFGTEAFF,CASSRGTEAFF
1044,CASSTTGNEQYF,CASSTTGNEQFF
1045,CASSYGGETQYF,CASSYGGTQYF
1046,CASSFAHEQYF,CASSFSHEQYF
1047,CASSYAGTEAFF,CASSYEGTEAFF
1048,CASSLVGQSYEQYF,CASSLVGQGYEQYF
1049,CASSFNHEQYF,CASSFSHEQYF
1050,CASSYGGTEAFF,CASSYEGTEAFF
1051,CASSYGGTEAFF,CASSYGGTAFF
1052,CASSQGPEQYF,CASSQGYEQYF
1053,CASSLAGGSYNEQFF,CASSLAGSYNEQFF
1054,CASSQGGETQYF,CASSYGGETQYF
1055,CASSFGGETQYF,CASSYGGETQYF
1056,CASSLAGDEQFF,CASSLAADEQFF
1057,CASSYGGETQYF,CASSYGNGETQYF
1058,CASSYNRGNEQFF,CASSYVRGNEQFF
1059,CASSLLAGGYNEQFF,CASSLLAGAYNEQFF
1060,CASSMGNQPQHF,CASSMTGNQPQHF
1061,CASSQGPEQYF,CASSQGYEQYF
1062,CASSLGGAEAFF,CASSLGGTEAFF
1063,CSATVGTGELFF,CSATPGTGELFF
1064,CASSYGSYEQYF,CASSYGQSYEQYF
1065,CASSILAGNYNEQFF,CASSILAGPYNEQFF
1066,CSVEVGVGYEQYF,CSVEAGVGYEQYF
1067,CSAQQTGTGYEQYF,CSAQTGTGYEQYF
1068,CASSFVADTQYF,CASSFSADTQYF
1069,CSVEAGAGYEQYF,CSVEAGVGYEQYF
1070,CASSLAYEQFF,CASSPAYEQFF
1071,CASSFSEDTQYF,CASSFSADTQYF
1072,CASSPQGETQYF,CASSPQGWETQYF
1073,CASSFGSYEQYF,CASSFGQSYEQYF
1074,CASSYGSYEQYF,CASSYGPSYEQYF
1075,CASSLYSTDTQYF,CASSLYVTDTQYF
1076,CASSYGSYEQYF,CASSYSGSYEQYF
1077,CASSSGLESYEQYF,CASSSRLESYEQYF
1078,CASSGGYEQYF,CASSGGHYEQYF
1079,CSVELGTGEQYF,CSVELGTWEQYF
1080,CSVEQGTYEQYF,CSVEQGYEQYF
1081,CSVGTGTSYEQYF,CSVGAGTSYEQYF
1082,CASSPGYEQYF,CASSVGYEQYF
1083,CASSIGGGNEQFF,CASSIGGYNEQFF
1084,CASSWPGTGELFF,CASSFPGTGELFF
1085,CASSQDGGLEAFF,CASSQAGGLEAFF
1086,CASSLTGPSYEQYF,CASSLTGPSSYEQYF
1087,CASSLLAGGRNEQFF,CASSLLAGGYNEQFF
1088,CASSLLAGIYNEQFF,CASSLLAGGYNEQFF
1089,CATSDGYEQYF,CATSDDYEQYF
1090,CASSLSAGGYGEQYF,CASSLSAGGYEQYF
1091,CASSTGQGAEAFF,CASSLGQGAEAFF
1092,CASSVGGYNEQFF,CASSVGGSYNEQFF
1093,CASSVGGYNEQFF,CASSVGGGYNEQFF
1094,CASSGSYEQYF,CASSTGSYEQYF
1095,CASSGSYEQYF,CASSGGSYEQYF
1096,CASSFGGHGYTF,CASSFGGDGYTF
1097,CASSWESYEQYF,CASSWGSYEQYF
1098,CASSLEGDIQYF,CASSLEGDTQYF
1099,CASSFGSYEQYF,CASSFGVSYEQYF
1100,CASSFGSYEQYF,CASSWGSYEQYF
1101,CASSPSGGYEQYF,CASSPTGGYEQYF
1102,CASSLTGPYEQYF,CASSLTGTYEQYF
1103,CASSQGGYEQYF,CASSQGGNEQYF
1104,CASSLMWGNNEQFF,CASSLMGNNEQFF
1105,CASSSSYEQYF,CASSISYEQYF
1106,CATSDGYEQYF,CATSDTYEQYF
1107,CASSPGGYEQYF,CASSPTGGYEQYF
1108,CASSWGNYEQYF,CASSWGSYEQYF
1109,CASSFGGYEQFF,CASSFGGGEQFF
1110,CASSYGWGTGELFF,CASSYGDGTGELFF
1111,CASSQEEGETQYF,CASSQEGETQYF
1112,CASSQGGYEQYF,CASSQGYEQYF
1113,CASSQGGYEQYF,CASSQGNYEQYF
1114,CASSLTGPSYEQYF,CASSPTGPSYEQYF
1115,CASSLTGPSYEQYF,CASSLLGPSYEQYF
1116,CASSQGGYEQYF,CASSQGYEQYF
1117,CASSSSYEQYF,CASSLSYEQYF
1118,CASSQGGYEAFF,CASSQGGEAFF
1119,CASSQDSYEQYF,CASSLDSYEQYF
1120,CASSLVGSNEQFF,CASSLGSNEQFF
1121,CASSSTGAGTDTQYF,CASSRTGAGTDTQYF
1122,CASSLGQGYEQYF,CASSLGQSYEQYF
1123,CASSRTGAVTDTQYF,CASSRTGAGTDTQYF
1124,CASSFGNNEQFF,CASSFGINEQFF
1125,CASSLGQGYEQYF,CASSLRQGYEQYF
1126,CASSSPDSYEQYF,CASSSGDSYEQYF
1127,CASSIVGTNTEAFF,CASSIGTNTEAFF
1128,CASSPNVYEQYF,CASSPNSYEQYF
1129,CASSGSYEQYF,CASSEGSYEQYF
1130,CASSYSGSYYGYTF,CASSYSGGYYGYTF
1131,CASSFQETQYF,CASSLQETQYF
1132,CSVDPGGYGYTF,CSVDPGNYGYTF
1133,CASSSGYNEQFF,CASSSYNEQFF
1134,CASSWGGYEQYF,CASSFGGYEQYF
1135,CASSFGGVSYEQYF,CASSFGGPSYEQYF
1136,CASSFGGDYEQYF,CASSFGGGYEQYF
1137,CASSFNFDEQYF,CASSFNFYEQYF
1138,CASSPTGPYEQYF,CASSRTGPYEQYF
1139,CASSWTGPYEQYF,CASSTGPYEQYF
1140,CASSSTYEQYF,CASSSLYEQYF
1141,CASSFGYEQYF,CASSFGPYEQYF
1142,CASSFGNYGYTF,CASSFGTNYGYTF
1143,CASSLLAGGETQYF,CASSLLAGAGETQYF
1144,CASSSSGSSGDTQYF,CASSSSGTSGDTQYF
1145,CASSLGSYEQYF,CASSLTGSYEQYF
1146,CASSTSYEQYF,CASSLTSYEQYF
1147,CASSSSYEQYF,CASSSSDEQYF
1148,CASSFTGNEQYF,CASSFPGNEQYF
1149,CASSLLAGIYNEQFF,CASSLLAGTYNEQFF
1150,CASSLAGVDGYTF,CASSLAGEDGYTF
1151,CASSGSYEQYF,CASSGSGEQYF
1152,CASSYSGTSYEQYF,CASSYSGDSYEQYF
1153,CASSSSYEQYF,CASSRSSYEQYF
1154,CASSILAGGRNEQFF,CASSLLAGGRNEQFF
1155,CASSLGGAEQFF,CASSLGGDEQFF
1156,CASSPLNTEAFF,CASSPGNTEAFF
1157,CASSLLAGGETQYF,CASSLLAGGDETQYF
1158,CASSYSSREQFF,CASSYSSGEQFF
1159,CASSLSSGGTDTQYF,CASSLSGGGTDTQYF
1160,CASSLGASYEQYF,CASSLGATYEQYF
1161,CASSFSGTEAFF,CASSSGTEAFF
1162,CASSFVGEQYF,CASSFVGNEQYF
1163,CASSLAGGGTDTQYF,CASSLSGGGTDTQYF
1164,CASSFTGNEQYF,CASSFVGNEQYF
1165,CASSYGQLNTEAFF,CASSYGGQLNTEAFF
1166,CASSWTGPTEAFF,CASSWTGNTEAFF
1167,CASSLTGGSTDTQYF,CASSLTGGSDTQYF
1168,CASSFGGGEAFF,CASSFGGAEAFF
1169,CASSRTGGSADTQYF,CASSRTGGADTQYF
1170,CASSPGQGGTDTQYF,CASSHGQGGTDTQYF
1171,CASSGGGTEAFF,CASSSGGTEAFF
1172,CASSGGGTEAFF,CASSGGGRTEAFF
1173,CASSLSGATYNEQFF,CASSLSGTYNEQFF
1174,CASSSSYEQYF,CASSFSSYEQYF
1175,CASSLSGPYEQYF,CASSLQGPYEQYF
1176,CASSLVQGGGYTF,CASSLQGGGYTF
1177,CASSLGSYYEQYF,CASSLGSSYEQYF
1178,CASSLGSYYEQYF,CASSLGQYYEQYF
1179,CASSLGQGYEQYF,CASSLGQYYEQYF
1180,CASSLLRGYEQYF,CASSLLDRGYEQYF
1181,CASSQGGYEQYF,CASSQGYEQYF
1182,CASSSTYEQYF,CASSSATYEQYF
1183,CASSLGYEQYF,CASSDLGYEQYF
1184,CASSFGGAEAFF,CASSFMGGAEAFF
1185,CASSFGGPSYEQYF,CASSFGGSSYEQYF
1186,CASSFGGVSYEQYF,CASSFGGSSYEQYF
1187,CASSYSGTSYEQYF,CASSYSGTSEYEQYF
1188,CASSYSGSYYGYTF,CASSYSGTSYYGYTF
1189,CASSQGAYEQYF,CASSQGYEQYF
1190,CASSLGYEQYF,CASSLGGEQYF
1191,CASSFGTGAYEQYF,CASSIGTGAYEQYF
1192,CASSLSAGGYGEQYF,CASSLSAGGQGEQYF
1193,CASSLGSYEQYF,CASSLVSYEQYF
1194,CASSPGGYEQYF,CASSPQGYEQYF
1195,CASSQGAYEQYF,CASSQGYEQYF
1196,CASSFSGDTQYF,CASSFSADTQYF
1197,CASSQDSYEQYF,CASSQVDSYEQYF
1198,CASSQEGRLNTEAFF,CASSQERLNTEAFF
1199,CASSQDWGYEQYF,CASSQDWGFEQYF
1200,CASSFGQGSYEQYF,CASSFGQSYEQYF
1201,CASSLDNTEAFF,CASSLMNTEAFF
1202,CASSLSGTAETQYF,CASSLTGTAETQYF
1203,CASSLQGANEQYF,CASSLQGAGEQYF
1204,CASSQTSGGTDTQYF,CASSQDSGGTDTQYF
1205,CASSLLGQSFYGYTF,CASSLLGQSNYGYTF
1206,CASSYGTGFEAFF,CASSYGTGFTEAFF
1207,CASSYSSGNYEQYF,CASSYSSGYEQYF
1208,CASSLNGDTQYF,CASSLGGDTQYF
1209,CASSLGDGYTF,CASSLGGDGYTF
1210,CASSLGATEAFF,CASSLGANEAFF
1211,CASSLEGNEQYF,CASSLGGNEQYF
1212,CASSLNQGAYEQYF,CASSLGQGAYEQYF
1213,CASSLSAYNEQFF,CASSLASAYNEQFF
1214,CASSLGFHEQYF,CASSLGGHEQYF
1215,CASSLGGSPYEQYF,CASSLGGSAYEQYF
1216,CASSLGGSPYEQYF,CASSLGGSSYEQYF
1217,CASSLEIGDTQYF,CASSLEGDTQYF
1218,CASSPGGGAEAFF,CASSPGGAEAFF
1219,CASSLSGGTEAFF,CASSLGGTEAFF
1220,CASSFGGGETQYF,CASSFGGGEQYF
1221,CATSDDYEQYF,CATSDTYEQYF
1222,CASSQGNHQPQHF,CASSQGNQPQHF
1223,CASSLEGYNEQFF,CASSLPGYNEQFF
1224,CASSLAGSYNEQFF,CASSLATSYNEQFF
1225,CASSLEIGDTQYF,CASSLIGDTQYF
1226,CASSDSYEQYF,CASSDPYEQYF
1227,CATSDLFTDTQYF,CATSDLATDTQYF
1228,CATSDLFTDTQYF,CATSDLVTDTQYF
1229,CASSLSAGGYEQYF,CASSLSASGYEQYF
1230,CASSIAAGPTDTQYF,CASSIGAGPTDTQYF
1231,CASSDNYEQYF,CASSLNYEQYF
1232,CASSPTGANYGYTF,CASSPTGTANYGYTF
1233,CASSYSGGTEAFF,CASSYSGGNTEAFF
1234,CASSGGGSGNTIYF,CASSPGGSGNTIYF
1235,CASSLNYNEQFF,CASSLYNEQFF
1236,CASSDSYEQYF,CASSDTYEQYF
1237,CASSDGETQYF,CASSDLGETQYF
1238,CASSLNGDTQYF,CASSLTGDTQYF
1239,CASSPWDMSYEQYF,CASSPWDSSYEQYF
1240,CASSHTGEQYF,CASSHTGIEQYF
1241,CASSPGGGAEAFF,CASSPLGGAEAFF
1242,CASSSPSGNEQFF,CASSPSGNEQFF
1243,CASSPSSYEQYF,CASSSSYEQYF
1244,CASSLSPGGYEQYF,CASSSPGGYEQYF
1245,CASSLLAGGYNEQFF,CASSLLAGTYNEQFF
1246,CASSLLAGGYNEQFF,CASSLLAGGRNEQFF
1247,CASSQGSTGELFF,CASSQDSTGELFF
1248,CASSLGETYEQYF,CASSLGATYEQYF
1249,CASSYRGFTEAFF,CASSYRGGTEAFF
1250,CASSLNGDTQYF,CASSLGGDTQYF
1251,CASSLSAGGYEQYF,CASSLSAGFYEQYF
1252,CASSYPGQEAFF,CASSYTGQEAFF
1253,CASSLAGGLDEQFF,CASSLAGGQDEQFF
1254,CASSQTGGSTDTQYF,CASSQTGSTDTQYF
1255,CASSSSYEQYF,CASSDSSYEQYF
1256,CASSTGQAVETQYF,CASSTGQGVETQYF
1257,CASSYSGGTEAFF,CASSYRGGTEAFF
1258,CASSLGNQPQHF,CASSLGNNQPQHF
1259,CSVEGEGTYEQYF,CSVEGYGTYEQYF
1260,CASSGRDSYEQYF,CASSPRDSYEQYF
1261,CASSYPGNTEAFF,CASSYEGNTEAFF
1262,CASSLSGGTEAFF,CASSLSSGTEAFF
1263,CASSLSAGRTDTQYF,CASSLSTGRTDTQYF
1264,CASSSDGSSYNEQFF,CASSIDGSSYNEQFF
1265,CASSIDQSSYNEQFF,CASSIDGSSYNEQFF
1266,CASSPPGETQYF,CASSPPEETQYF
1267,CASSIAGGPGNEQFF,CASSIAGGLGNEQFF
1268,CASSIAGGPGNEQFF,CASSIAGGVGNEQFF
1269,CASSSPSGNEQFF,CASSSASGNEQFF
1270,CSARDPGGAYEQYF,CSARDPTGAYEQYF
1271,CASSISGSVNTEAFF,CASSISGSGNTEAFF
1272,CSVERPNSYEQYF,CSVGRPNSYEQYF
1273,CASTRDSSSYNEQFF,CASSRDSSSYNEQFF
1274,CASSLTPGNTEAFF,CASSLIPGNTEAFF
1275,CASSRDASSYNEQFF,CASSRDSSSYNEQFF
1276,CSAREQGTNTGELFF,CSAREQTNTGELFF
1277,CASSYPGGPYNEQFF,CASSYGGGPYNEQFF
1278,CSAREQNTGELFF,CSAREQTNTGELFF
1279,CASSPSSYEQYF,CASSPSGSYEQYF
1280,CSARGSSSYEQYF,CSARGTSSYEQYF
1281,CASSPDPTDTQYF,CASSPNPTDTQYF
1282,CASSLQGNTEAFF,CASSLLQGNTEAFF
1283,CASSISGSAYNEQFF,CASSISGSGYNEQFF
1284,CASSISGSAYNEQFF,CASSISGAAYNEQFF
1285,CASSRGNNEQFF,CASSRVNNEQFF
1286,CASSISGGAYNEQFF,CASSISGAAYNEQFF
1287,CASSVDSYNEQFF,CASSVADSYNEQFF
1288,CASSDSYEQYF,CASSSDSYEQYF
1289,CASSDSYEQYF,CASSGDSYEQYF
1290,CASSLTPGNTEAFF,CASSLTTGNTEAFF
1291,CASSSTTDTQYF,CASSSTSDTQYF
1292,CASSLTVGNTEAFF,CASSLTVNTEAFF
1293,CASSLTVGNTEAFF,CASSLTTGNTEAFF
1294,CASSIGGANTEAFF,CASSIQGANTEAFF
1295,CSVMGGYEQYF,CSVEGGYEQYF
1296,CSVAESNYGYTF,CSVASNYGYTF
1297,CASSYRGSNQPQHF,CASSYGSNQPQHF
1298,CASSQDLGTQYF,CASSQDYGTQYF
1299,CASSLGGGYTF,CASSLGGGGYTF
1300,CASSHGTEAFF,CASSHGGTEAFF
1301,CASSLGGYEQYF,CASSLGSYEQYF
1302,CASSHPGGTEAFF,CASSHGGTEAFF
1303,CASSLGSEKLFF,CASSLGEKLFF
1304,CASSLGGAEQYF,CASSLGGYEQYF
1305,CASSLGGYEQYF,CASSLGSGYEQYF
1306,CASSLGGGELFF,CASSLGFGELFF
1307,CASSLGGYEQYF,CASSLGSYEQYF
1308,CASSQDWGGNEQFF,CASSQDWGGYNEQFF
1309,CASSVGGASYEQYF,CASSVGGRSYEQYF
1310,CASSQLGQPQHF,CASSQDGQPQHF
1311,CASSQGAEAFF,CASSQGKEAFF
1312,CASSLGGEAFF,CASSLWGEAFF
1313,CASSLGEGYTF,CASSLGDGYTF
1314,CASSVGGTGTGELFF,CASSVGGGTGELFF
1315,CASSLGGYEQYF,CASSLGGEQYF
1316,CASSVGGSYEQYF,CASSVGGRSYEQYF
1317,CASSLGGEQYF,CASSLGIEQYF
1318,CASSLGGEQFF,CASSLGAEQFF
1319,CASSEGDGYTF,CASSLGDGYTF
1320,CASSLGAEQYF,CASSLGIEQYF
1321,CASSLGGELFF,CASSLGGVELFF
1322,CASSAGGEQYF,CASSLAGGEQYF
1323,CASSLGGELFF,CASSLGGVELFF
1324,CASSLGSEAFF,CASSLAGSEAFF
1325,CASSLGGELFF,CASSLGGVELFF
1326,CASSLGGEQYF,CASSLAGGEQYF
1327,CASSYRTGGGGYTF,CASSYFTGGGGYTF
1328,CASSTGSYEQYF,CASSEGSYEQYF
1329,CASSGGSYEQYF,CASSEGSYEQYF
1330,CASSPPSYNEQFF,CASSPSSYNEQFF
1331,CASSVGGSTEAFF,CASSVGGYTEAFF
1332,CASSQDWGYNEQFF,CASSQDLGYNEQFF
1333,CSARDIANYGYTF,CSARDQANYGYTF
1334,CASSLGPDEQFF,CASSLGDEQFF
1335,CASSGEGLNTEAFF,CASSVEGLNTEAFF
1336,CASSSTGGAYNEQFF,CASSSTGGGYNEQFF
1337,CASSLGGDEQFF,CASSLGDEQFF
1338,CASSLGGEQYF,CASSLLGEQYF
1339,CASSFLYNEQFF,CASSFLVNEQFF
1340,CASSLDTGGTEAFF,CASSLLTGGTEAFF
1341,CASSLGGDTQYF,CASSLTGDTQYF
1342,CASSPTGNEQFF,CASSPEGNEQFF
1343,CASSPTGNEQFF,CASSPSGNEQFF
1344,CSVGQGFGNTIYF,CSVGGGFGNTIYF
1345,CASSQDWGYNEQFF,CASSQDRGYNEQFF
1346,CASSQDWGYNEQFF,CASSQDTGYNEQFF
1347,CASSQTVGETQYF,CASSQGVGETQYF
1348,CASSLGSDTQYF,CASSLGGDTQYF
1349,CASSVGGDYEQYF,CASSAGGDYEQYF
1350,CASSAGGSYEQYF,CASSAGGDYEQYF
1351,CASSVGSGRYEQYF,CASSVGSGHYEQYF
1352,CASSLASGVGNEQFF,CASSLASGVGREQFF
1353,CASSLVGDTQYF,CASSLEGDTQYF
1354,CASSVGGSYNEQFF,CASSGGGSYNEQFF
1355,CASSVGGASYEQYF,CASSVGGAYEQYF
1356,CASSAGWGNQPQHF,CASSAGWLGNQPQHF
1357,CASSLGDTQYF,CASSLEGDTQYF
1358,CASSRGDTEAFF,CASSRGNTEAFF
1359,CASSVGGDYEQYF,CASSVGGAYEQYF
1360,CASSVGGDYEQYF,CASSVGGGYEQYF
1361,CASSVGGSYEQYF,CASSVGGAYEQYF
1362,CASSVGGSYEQYF,CASSVGGGYEQYF
1363,CASSVSSGANVLTF,CASSVGSSGANVLTF
1364,CASSGGSYEQYF,CASSGGNSYEQYF
1365,CASSSGGVYEQYF,CASSYGGVYEQYF
1366,CASSGGSYEQYF,CASSGGSEQYF
1367,CASSTGSYEQYF,CASSTGTYEQYF
1368,CASSPTGNEQFF,CASSTTGNEQFF
1369,CASSVGGDSSYEQYF,CASSVGGGSSYEQYF
1370,CASSLGGEAFF,CASSLGGTEAFF
1371,CASSLGGDEQFF,CASSLGGREQFF
1372,CASSPGTSGTYEQYF,CASSPGTSVTYEQYF
1373,CASSVGGVSTGELFF,CASSVGGKSTGELFF
1374,CASSLGTGYEQYF,CASSSGTGYEQYF
1375,CASSLQGQYNEQFF,CASSLQGTYNEQFF
1376,CASSLPQRETQYF,CASSLPDRETQYF
1377,CASSGGDAEAFF,CASSGGAEAFF
1378,CASSVSGGHNEQFF,CASSVSGHNEQFF
1379,CASSLGGEQYF,CASSLGGYEQYF
1380,CASSLGTGYEQYF,CASSEGTGYEQYF
1381,CASSSAYEQYF,CASSSPYEQYF
1382,CASSLRENYGYTF,CASSLVENYGYTF
1383,CASSLANTEAFF,CASSLRNTEAFF
1384,CASSISYEQYF,CASSLSYEQYF
1385,CASSLGGYEQYF,CASSLGSYEQYF
1386,CASSLANTEAFF,CASSLVANTEAFF
1387,CASSGTVYGYTF,CASSGQVYGYTF
1388,CASSLEGDTQYF,CASSLIGDTQYF
1389,CASSLSGTYEQYF,CASSLSGHTYEQYF
1390,CASSLGGTEAFF,CASSLGTEAFF
1391,CASSLGGTEAFF,CASSLGTEAFF
1392,CASSLGGYEQYF,CASSLGGEQYF
1393,CASSQGTGELFF,CASSQRGTGELFF
1394,CASSLQGNEQFF,CASSLGGNEQFF
1395,CASSQSGNEQFF,CASSQGNEQFF
1396,CASSFGGELFF,CASSFTGELFF
1397,CASSPTGGTGELFF,CASSPTGTGELFF
1398,CASSWTGYSNQPQHF,CASSWTGGSNQPQHF
1399,CASSQGPYTGELFF,CASSQRPYTGELFF
1400,CASSLEGDTQYF,CASSLAGDTQYF
1401,CASSPGQPYEQYF,CASSPGQTYEQYF
1402,CASSLGGTEAFF,CASSLAGGTEAFF
1403,CASSQSGNEQFF,CASSQSGPEQFF
1404,CASSGNQPQHF,CATSGNQPQHF
1405,CASSGNQPQHF,CASSLNQPQHF
1406,CASSRGQPQHF,CASSQGQPQHF
1407,CASSLSGTYEQYF,CASSLLGTYEQYF
1408,CASSLGGTEAFF,CASSLGGATEAFF
1409,CASSLGGTEAFF,CASSLSGGTEAFF
1410,CASSLTGTYEQYF,CASSLLGTYEQYF
1411,CASSPGGAEAFF,CASSPLGGAEAFF
1412,CASSYGQNTGELFF,CASSYGLNTGELFF
1413,CASSFSYEQYF,CASSSSYEQYF
1414,CASSRGQPQHF,CASSFGQPQHF
1415,CASSHSYEQYF,CASSSSYEQYF
1416,CASSLEGDTQYF,CASSLEGTDTQYF
1417,CASSSAYEQYF,CASSSSYEQYF
1418,CASSFANTEAFF,CASSFLNTEAFF
1419,CASSLGVTQYF,CASSLGETQYF
1420,CASSLGPYSYEQYF,CASSLGPYSVEQYF
1421,CASSFGNTEAFF,CASSFLNTEAFF
1422,CASSLQGITGELFF,CASSLGITGELFF
1423,CASSLTGGNTGELFF,CASSLTGGITGELFF
1424,CASSLANTEAFF,CASSLENTEAFF
1425,CASSETDHSNQPQHF,CASSETDSNQPQHF
1426,CASSLGSYEQYF,CASSLASYEQYF
1427,CASTPGPYSNQPQHF,CASTPGYSNQPQHF
1428,CASSLTGGNTGELFF,CASSLRGGNTGELFF
1429,CASSQGGTEAFF,CASSQGQTEAFF
1430,CASSYGDGTGELFF,CASSYDGTGELFF
1431,CASSLFSYSNQPQHF,CASSLSYSNQPQHF
1432,CASSHGGTEAFF,CASSHGEGTEAFF
1433,CASSLGGYGYTF,CASSLQGGYGYTF
1434,CASSLGPYTGELFF,CASSLGPSYTGELFF
1435,CASSSAYEQYF,CASSSIYEQYF
1436,CASSLGGTEAFF,CASSLEGGTEAFF
1437,CASSSGRGEQFF,CASSLSGRGEQFF
1438,CASSPGGAEAFF,CASSPTGAEAFF
1439,CASSRGQPQHF,CASSPGQPQHF
1440,CASSSAYEQYF,CASSLSAYEQYF
1441,CASSLAYEQYF,CASSLVAYEQYF
1442,CASSLAYEQYF,CASSLSAYEQYF
1443,CASSLAYEQYF,CASSLTAYEQYF
1444,CASSLGGTEAFF,CASSLGQGTEAFF
1445,CASSPTGGTGELFF,CASSPTGEGTGELFF
1446,CASSFGNTEAFF,CASSFGLNTEAFF
1447,CASSLQGLGEQYF,CASSLQGAGEQYF
1448,CSVSGGYNEQFF,CSVDGGYNEQFF
1449,CASSLGWGYEQYF,CASSLGGYEQYF
1450,CASSLGQALYEQYF,CASSLGQAYYEQYF
1451,CASSLGGVPGTEAFF,CASSLGGVWGTEAFF
1452,CASSLGQAAYEQYF,CASSLGQAYYEQYF
1453,CASSPTGPSYEQYF,CASSPTGASYEQYF
1454,CASSLSPGELFF,CASSLVPGELFF
1455,CASSSGHTYEQYF,CASSLSGHTYEQYF
1456,CSAGTGDYEQYF,CSAGTGTYEQYF
1457,CASSQGYEQYF,CASSQDYEQYF
1458,CASSLSGPNTEAFF,CASSLSGNTEAFF
1459,CASSPGTTYEQYF,CASSPGPTYEQYF
1460,CASSSGHTYEQYF,CASSSGQTYEQYF
1461,CASSFSYEQYF,CASSRSYEQYF
1462,CASSLSYEQYF,CASSRSYEQYF
1463,CASSYSYEQYF,CASSRSYEQYF
1464,CASSLAGYTEAFF,CASSLAGATEAFF
1465,CASSLAGYTEAFF,CASSLAGTEAFF
1466,CASSSGPTYEQYF,CASSSGQTYEQYF
1467,CASSLSGFTEAFF,CASSLSGGFTEAFF
1468,CASSLAGYNEQFF,CASSLAGLNEQFF
1469,CASSLAGYNEQFF,CASSLAGANEQFF
1470,CASSLSPGNEQFF,CASSLSPRNEQFF
1471,CASSLAGTETQYF,CASSLAGETQYF
1472,CASSPGTTYEQYF,CASSPGTGTYEQYF
1473,CASSPGTTYEQYF,CASSPGQTYEQYF
1474,CASSRGLDTEAFF,CASSRGLNTEAFF
1475,CASSQAAGGYTF,CASSQGAGGYTF
1476,CASSLAGYTEAFF,CASSLAGTEAFF
1477,CASSLAGYNEQFF,CASSLAGNEQFF
1478,CASSHPGTTYEQYF,CASSHPGTGYEQYF
1479,CASSLGTAYNEQFF,CASSSGTAYNEQFF
1480,CASSLDNEQFF,CASSLYNEQFF
1481,CASSLAGYTEAFF,CASSLTGYTEAFF
1482,CASSSESYEQYF,CASSSERYEQYF
1483,CASSYSTGNEQYF,CASSYSTGNEQFF
1484,CASSLAGYPYNEQFF,CASSLAGGPYNEQFF
1485,CASLGGSYEQYF,CASRGGSYEQYF
1486,CASSWDLNTEAFF,CASSQWDLNTEAFF
1487,CASSLDNEQFF,CASSLDGNEQFF
1488,CASSILAVSNTEAFF,CASSILAGSNTEAFF
1489,CASSPNGHEQYF,CASSPQGHEQYF
1490,CASSQGNYEQYF,CASSEQGNYEQYF
1491,CASSSPYEQYF,CASSSSYEQYF
1492,CASSLAGYNEQFF,CASSLAGTNEQFF
1493,CASSLSPGNEQFF,CASSLSRGNEQFF
1494,CASSPGTDTQYF,CASSPGDTQYF
1495,CASSLGDRYGYTF,CASSLDRYGYTF
1496,CASSTGTGLYEQYF,CASSTGTGIYEQYF
1497,CASGLNSNQPQHF,CASSLNSNQPQHF
1498,CASSLGSYEQYF,CASSLASYEQYF
1499,CASSPTDSNQPQHF,CASSATDSNQPQHF
1500,CASSPTDSNQPQHF,CASSETDSNQPQHF
1501,CASSPTDSNQPQHF,CASSPTHSNQPQHF
1502,CASSLGWQGETQYF,CASSLGWGGETQYF
1503,CASSLLAGETDTQYF,CASSLLAGVTDTQYF
1504,CASSLLAGETDTQYF,CASSLLAGYTDTQYF
1505,CASSLDNEQFF,CASSLHDNEQFF
1506,CASSTGTGLYEQYF,CASSFGTGLYEQYF
1507,CASSSPYEQYF,CASSSIYEQYF
1508,CASSLLTGEQYF,CASSLGTGEQYF
1509,CASSIGVSYEQYF,CASSIGAVSYEQYF
1510,CASSPGTDTQYF,CASSLGTDTQYF
1511,CASSLGYEQYF,CASSQGYEQYF
1512,CASSLDSNEQFF,CASSLLSNEQFF
1513,CASSLFQGAGYGYTF,CASSLSQGAGYGYTF
1514,CASSLGGPYEQYF,CASSLGGPSYEQYF
1515,CASSQGDSYEQYF,CASSQGQSYEQYF
1516,CASSLAGYNEQFF,CASSLAGGNEQFF
1517,CASSGGGEQYF,CASSLGGEQYF
1518,CASSLGDRYGYTF,CASSLGDHYGYTF
1519,CASSLLDSNQPQHF,CASSLTDSNQPQHF
1520,CASSFGVEQFF,CASSFGNEQFF
1521,CASSQVGGTGELFF,CASSQVGSGTGELFF
1522,CASSLGDFYGYTF,CASSLGDHYGYTF
1523,CASSLAGYNEQFF,CASSLAGSYNEQFF
1524,CASSLSPGNEQFF,CASSLSIGNEQFF
1525,CASSSDRGGYNEQFF,CASSSRGGYNEQFF
1526,CASSYSSSSYNEQFF,CASSYSGSSYNEQFF
1527,CASSQGYEQYF,CASSPQGYEQYF
1528,CASSPTVSSYNEQFF,CASSPTGSSYNEQFF
1529,CASSLGTVNTEAFF,CASSLTVNTEAFF
1530,CASSLGANEQYF,CASSLANEQYF
1531,CASSLLGPSYEQYF,CASSLLGSYEQYF
1532,CASSGLADSYEQYF,CASSLADSYEQYF
1533,CASSPGQSYEQYF,CASSFGQSYEQYF
1534,CASSQVGGTGELFF,CASSQVVGTGELFF
1535,CASSYSTGNEQYF,CASSYSGGNEQYF
1536,CASSFGTTYEQYF,CASSFGTDYEQYF
1537,CSVEQGPYEQYF,CSVEQGYEQYF
1538,CASSLGSGELFF,CASSLGGGELFF
1539,CASSYPQGYEQYF,CASSYSQGYEQYF
1540,CASSPGTDTQYF,CASSLGTDTQYF
1541,CASSLGIEQYF,CASSLAGIEQYF
1542,CASSLGIEQYF,CASSLAGIEQYF
1543,CASSQVHSYEQYF,CASSQVPSYEQYF
1544,CASSLIETQYF,CASSFIETQYF
1545,CASSRGTEAFF,CASSRGSEAFF
1546,CASSLIGDTQYF,CASSLAGDTQYF
1547,CASSIGNTEAFF,CASSIGVNTEAFF
1548,CASSIGNTEAFF,CASSIGTNTEAFF
1549,CASSIGNTEAFF,CASSSGNTEAFF
1550,CATSRTDSYEQYF,CATSRQDSYEQYF
1551,CSVETGSGYTF,CSVETGGGYTF
1552,CASSLSGNTEAFF,CASSLSGGTEAFF
1553,CASSRGTEAFF,CASSLGTEAFF
1554,CASRLYNEQFF,CASRDYNEQFF
1555,CASRLYNEQFF,CASSLYNEQFF
1556,CASSMGTEAFF,CASSLGTEAFF
1557,CASSLSGNTEAFF,CASSLSKNTEAFF
1558,CASSLGSNEQFF,CASSLGENEQFF
1559,CASSIGNTEAFF,CASSIGMNTEAFF
1560,CASSLGNQPQHF,CASSLAGNQPQHF
1561,CASSLGTTEAFF,CASSLDTTEAFF
1562,CASSLDNEQFF,CASSLDSNEQFF
1563,CASSQGGTEAFF,CASSQGSTEAFF
1564,CASSIGNTEAFF,CASSTGNTEAFF
1565,CASSIGNTEAFF,CASSAGNTEAFF
1566,CSARDLPGNSYEQYF,CSARDLPGESYEQYF
1567,CASSKTGGSYEQYF,CASSWTGGSYEQYF
1568,CASSQGGDQETQYF,CASSQGGQQETQYF
1569,CASSAAGSYEQYF,CASYSAAGSYEQYF
1570,CASSLGQSYEQYF,CASSLGSSYEQYF
1571,CASSLGQSYEQYF,CASSLGQYYEQYF
1572,CASSSGNTEAFF,CASSSGMNTEAFF
1573,CASSVGTGGNQPQHF,CASSVGAGGNQPQHF
1574,CASSLDNEQFF,CASSLGNEQFF
1575,CSADRGGNYGYTF,CSARGGNYGYTF
1576,CASSQDYEQYF,CASSQGYEQYF
1577,CASSPGTYEQYF,CASSPGAYEQYF
1578,CASSLDNEQFF,CASSLDGNEQFF
1579,CASSFGTEAFF,CASSPGTEAFF
1580,CASSLGTEAFF,CASSPGTEAFF
1581,CASSQGGTEAFF,CASSQGGNTEAFF
1582,CASSPMNTEAFF,CASSPHMNTEAFF
1583,CASSLGAGGEAFF,CASSLSAGGEAFF
1584,CASSPGTYEQYF,CASSTGTYEQYF
1585,CASSLGTEAFF,CASSPGTEAFF
1586,CASSIGNTEAFF,CASSIKGNTEAFF
1587,CASSVGGGTGELFF,CASSVGGKTGELFF
1588,CASSLGQSYEQYF,CASSLGESYEQYF
1589,CSARETGSSYEQYF,CSATETGSSYEQYF
1590,CASSYLTGELFF,CASSYGTGELFF
1591,CASSIGNTEAFF,CASSIGMNTEAFF
1592,CSVETGSGYTF,CSVETGNGYTF
1593,CASSLAGAEQFF,CASSLAGNEQFF
1594,CASSLAGSEAFF,CASSLAGTEAFF
1595,CASSPGPTYEQYF,CASSPGQTYEQYF
1596,CASSLAGLEQFF,CASSLAGNEQFF
1597,CASSLAGIEAFF,CASSLAGTEAFF
1598,CASSLAGATEAFF,CASSLAGTEAFF
1599,CASSISGASYEQYF,CASSISTASYEQYF
1600,CASSISSASYEQYF,CASSISTASYEQYF
1601,CASSLAGGYEQYF,CASSLAAGGYEQYF
1602,CASSQEAAGSYEQYF,CASSQEASGSYEQYF
1603,CASSLAGVEQFF,CASSLAGNEQFF
1604,CASSLAGLNEQFF,CASSLAGNEQFF
1605,CASSLAGANEQFF,CASSLAGNEQFF
1606,CASSRQSSYNEQFF,CASSVQSSYNEQFF
1607,CASSLAGISYEQYF,CASSLVAGISYEQYF
1608,CASSLAGISYEQYF,CASSLMAGISYEQYF
1609,CASSDPYEQYF,CASSDTYEQYF
1610,CASSLAGLNEQFF,CASSLAGTNEQFF
1611,CASSLTGALNTEAFF,CASSLGALNTEAFF
1612,CASSLGSNQPQHF,CASSLGGNQPQHF
1613,CASSLGGAYEQYF,CASSLGGAPYEQYF
1614,CASSLSRSNEQFF,CASSLSRGNEQFF
1615,CASSLAGANEQFF,CASSLAGTNEQFF
1616,CASSYPGRFYEQYF,CASSYPGGFYEQYF
1617,CASSQAAGHYEQYF,CASSQTAGHYEQYF
1618,CASSLGSNQPQHF,CASSLNSNQPQHF
1619,CASSKSQDSYEQYF,CASSKGQDSYEQYF
1620,CASSLGGNEQFF,CASSLGAGNEQFF
1621,CASSLAGSYEQYF,CASSLGSYEQYF
1622,CASSLAGTGELFF,CASSLANTGELFF
1623,CASSQDPGSLYEQYF,CASSQDPGNLYEQYF
1624,CASSLGKGEQFF,CASSLGVGEQFF
1625,CASSLGGAYEQYF,CASSLEGGAYEQYF
1626,CASTLAGGNEQFF,CASSLAGGNEQFF
1627,CASSLAGSYEQYF,CASSLGGSYEQYF
1628,CASSLAGLNEQFF,CASSLAGGNEQFF
1629,CASSFGNTEAFF,CASSRGNTEAFF
1630,CASSLGGAYEQYF,CASSLGGFYEQYF
1631,CASSLGGAYEQYF,CASSLGGSYEQYF
1632,CASSLAGANEQFF,CASSLAGGNEQFF
1633,CASSLSPRNEQFF,CASSLSPRAEQFF
1634,CASSLSPRNEQFF,CASSLSPGNEQFF
1635,CSVGDGNTGELFF,CSVDGNTGELFF
1636,CASSLAGQINEKLFF,CASSLAGQGNEKLFF
1637,CASSISGASYEQYF,CASSIAGASYEQYF
1638,CASSLAGTGELFF,CASSLAYGTGELFF
1639,CASSISSGYNEQFF,CASSISGSGYNEQFF
1640,CASSLRDGSNQPQHF,CASSLRQGSNQPQHF
1641,CASSLTGGYEQYF,CASSLTGGGYEQYF
1642,CASSLTGGYEQYF,CASSLTGVYEQYF
1643,CASSLAGAYEQYF,CASSLLAGAYEQYF
1644,CASSSGQTYEQYF,CASSSGQTHEQYF
1645,CASSLTGGYEQYF,CASSLGGYEQYF
1646,CASSLAGTDYGYTF,CASSLALTDYGYTF
1647,CASTLSYEQYF,CASTLQSYEQYF
1648,CASSLAGTYEQYF,CASSLASTYEQYF
1649,CASSLAGSYEQYF,CASSLAGGSYEQYF
1650,CASSLAGGYEQYF,CASSLASGYEQYF
1651,CASSLAGGYEQYF,CASSLGGYEQYF
1652,CASSLAGGYEQYF,CASSLAGGSYEQYF
1653,CASSLAGSTYEQYF,CASSLASTYEQYF
1654,CASSFQGGNQPQHF,CASSFQGAGNQPQHF
1655,CASSLAGYEQYF,CASSLASGYEQYF
1656,CASSLAGYEQYF,CASSLGGYEQYF
1657,CASSLGGAYEQYF,CASSLGGYEQYF
1658,CATGSGANVLTF,CATFSGANVLTF
1659,CASSLPSGYEQYF,CASSLLSGYEQYF
1660,CASSSGQGTDTQYF,CASSTGQGTDTQYF
1661,CASSLSNYEQYF,CASSLSNEQYF
1662,CASSSTRYEQYF,CASSLTRYEQYF
1663,CASSLGGYNEQFF,CASSLSGYNEQFF
1664,CASSLAGGTEAFF,CASSLSGGTEAFF
1665,CASSPGQGTDTQYF,CASSTGQGTDTQYF
1666,CASSGGQGTDTQYF,CASSTGQGTDTQYF
1667,CASSFGQGTDTQYF,CASSTGQGTDTQYF
1668,CATSRGNQPQHF,CATSDGNQPQHF
1669,CASSIGPYEQYF,CASSIGYEQYF
1670,CASSLEGNTEAFF,CASSLLGNTEAFF
1671,CASSFGDEQFF,CASSFGSEQFF
1672,CASSIGVNTEAFF,CASSIGMNTEAFF
1673,CASSIGTNTEAFF,CASSIGMNTEAFF
1674,CASSFLNEQFF,CASSFYNEQFF
1675,CASSLEPSYEQYF,CASSLESYEQYF
1676,CASSISMNTEAFF,CASSIGMNTEAFF
1677,CASSYGAEQYF,CASSYGPAEQYF
1678,CASSITLYNEQFF,CASSITAYNEQFF
1679,CSAGTENTGELFF,CSAGGENTGELFF
1680,CASSYLGDSYEQYF,CASSYSGDSYEQYF
1681,CASSLPMNTEAFF,CASSLMNTEAFF
1682,CASSLLKNTEAFF,CASSLSKNTEAFF
1683,CASSLAGNEQFF,CASSLAGTNEQFF
1684,CASSSGNTEAFF,CASSTGNTEAFF
1685,CASSSGNTEAFF,CASSAGNTEAFF
1686,CASSYTGQGYEQYF,CASSYQGQGYEQYF
1687,CASSYSGGANYGYTF,CASSYSGGVNYGYTF
1688,CASSIGTGSTEAFF,CASSIGGSTEAFF
1689,CASSLVDTGELFF,CASSLVLTGELFF
1690,CASSLGVPNEKLFF,CASSLGQPNEKLFF
1691,CASSFLNEQFF,CASSFLEEQFF
1692,CASSLGINTEAFF,CASSLGQNTEAFF
1693,CASSLGLNNQPQHF,CASSLGWNNQPQHF
1694,CASSPTSGSGNEQFF,CASSPTSGRGNEQFF
1695,CASSPLAASYNEQFF,CASSPLASYNEQFF
1696,CASRLAGGAFNEQFF,CASRAGGAFNEQFF
1697,CASSLAGGTEAFF,CASSLEGGTEAFF
1698,CASSLSSYNEQFF,CASSLGSSYNEQFF
1699,CASSLVGDSYEQYF,CASSLVGDRSYEQYF
1700,CASSLQGLGSPLHF,CASSLQGALGSPLHF
1701,CASSTGLAGLYEQYF,CASSGGLAGLYEQYF
1702,CASSLIQGNTGELFF,CASSLRQGNTGELFF
1703,CSGFRENTGELFF,CSGRRENTGELFF
1704,CASSLAGNEQFF,CASSLAGGNEQFF
1705,CASSYGRETQYF,CASSYGGETQYF
1706,CASSPSSYNEQFF,CASSLSSYNEQFF
1707,CASSFLNEQFF,CASSFGNEQFF
1708,CASSPSAYEQYF,CASSPAYEQYF
1709,CASSLMGGETQYF,CASSLSGGETQYF
1710,CASSKVGSYNEQFF,CASSKDGSYNEQFF
1711,CASSFATLNEQFF,CASSFASLNEQFF
1712,CSVDSGNEQYF,CSVDSGYEQYF
1713,CASSQGGANEQYF,CASSQMGANEQYF
1714,CASSIGVNTEAFF,CASSIKVNTEAFF
1715,CASRDTGASYNEQFF,CASRDSGASYNEQFF
1716,CASSYSGQETQYF,CASSYSQETQYF
1717,CASSTLAGGTDTQYF,CASSWLAGGTDTQYF
1718,CASSSLAGGTDTQYF,CASSWLAGGTDTQYF
1719,CASSSPGQGDYEQYF,CASSSPGQGFYEQYF
1720,CASSYLAGGTDTQYF,CASSWLAGGTDTQYF
1721,CASSYSGVNQPQHF,CASSYSGNQPQHF
1722,CASSYLGDSYEQYF,CASSYGDSYEQYF
1723,CASSFIETQYF,CASSFLETQYF
1724,CSVETGGGYTF,CSVETGNGYTF
1725,CASSYSGVNQPQHF,CASSYSGGNQPQHF
1726,CASSIGVNTEAFF,CASSIGMNTEAFF
1727,CASSIGTNTEAFF,CASSIGMNTEAFF
1728,CASSISMNTEAFF,CASSIGMNTEAFF
1729,CASATGYNEQFF,CASTGYNEQFF
1730,CASSYIYEQYF,CASSYHYEQYF
1731,CASSSTDSYEQYF,CASSSDSYEQYF
1732,CASSLSSYNEQFF,CASSLSSSYNEQFF
1733,CASSYSGWETQYF,CASSYSSWETQYF
1734,CASSGDRSSGNTIYF,CASSQDRSSGNTIYF
1735,CASSIGPYEQYF,CASSIAGPYEQYF
1736,CASSYGGYNEQFF,CASSYGGRYNEQFF
1737,CASSFLPGELFF,CASSFSPGELFF
1738,CASSYGLTNTGELFF,CASSYGLNTGELFF
1739,CASSLTGPYNEQFF,CASSLITGPYNEQFF
1740,CASSLTGPYNEQFF,CASSLGPYNEQFF
1741,CASSILAYNEQFF,CASSITAYNEQFF
1742,CASSLGPEAFF,CASSLGVEAFF
1743,CASSPTGSEQYF,CASSPTGNEQYF
1744,CASSFGYNEQFF,CASSFYNEQFF
1745,CASSQGQPQHF,CASSFGQPQHF
1746,CASSYGGNQPQHF,CASSLGGNQPQHF
1747,CASSQAPGYEQYF,CASSQGPGYEQYF
1748,CASSLYNEQFF,CASSFYNEQFF
1749,CASSYSPPYEQYF,CASSYSSPYEQYF
1750,CASSYSPPYEQYF,CASSYSAPYEQYF
1751,CASSLGTEAFF,CASSLGVEAFF
1752,CASSLGGATEAFF,CASSLSGGATEAFF
1753,CAISESGGQETQYF,CAISESGGKETQYF
1754,CASSPGPYNEQFF,CASRPGPYNEQFF
1755,CASSQDLGYNEQFF,CASSQDRGYNEQFF
1756,CASSQDLGYNEQFF,CASSQDTGYNEQFF
1757,CASSQGTEAFF,CASSSGTEAFF
1758,CASSLSGGTEAFF,CASSLSGGATEAFF
1759,CASSLGTEAFF,CASSSGTEAFF
1760,CASSFGYNEQFF,CASSGGYNEQFF
1761,CASSPPGDEQYF,CASSPGGDEQYF
1762,CASSRQGEKLFF,CASSRDGEKLFF
1763,CASSLYNEQFF,CASSWYNEQFF
1764,CASSFGPYEQYF,CASSFGYEQYF
1765,CASSWGTGELFF,CASSWGHTGELFF
1766,CASSSVTGELFF,CASSSYTGELFF
1767,CASSLSLQSNYEQYF,CASSLSLDSNYEQYF
1768,CASSLFSSYEQYF,CASSLGSSYEQYF
1769,CASSLSGGTEAFF,CASSLEGGTEAFF
1770,CASSLGGTGEQYF,CASSLGGTYEQYF
1771,CASSRGPEAFF,CASSRGTEAFF
1772,CASSPTGVPYEQYF,CASSPTGPYEQYF
1773,CASSQGTEAFF,CASSRGTEAFF
1774,CASSSGPYGYTF,CASSSGVYGYTF
1775,CASSLGTEAFF,CASSRGTEAFF
1776,CASSFGLEQFF,CASSFSLEQFF
1777,CASSFGYNEQFF,CASSFGNEQFF
1778,CASSPPGTEAFF,CASSPGTEAFF
1779,CASSFGGPSYEQYF,CASSFGGSSYEQYF
1780,CASSLSGTGVTEAFF,CASSLSGTGNTEAFF
1781,CASSQGQPQHF,CASSPGQPQHF
1782,CASSLFGSQETQYF,CASSFGSQETQYF
1783,CASSQAPGYEQYF,CASSQAPGSYEQYF
1784,CASSPLGQPQHF,CASSPGQPQHF
1785,CASSLSGGTEAFF,CASSLSVGTEAFF
1786,CASSPPNTGELFF,CASSPPVTGELFF
1787,CASSQPGDGYEQYF,CASSQPGQGYEQYF
1788,CASSLVIYEQYF,CASSLVSYEQYF
1789,CASSIYANTEAFF,CASSIYQNTEAFF
1790,CASSIYANTEAFF,CASSIYRNTEAFF
1791,CSARDLAGGSNEQFF,CSARDLAGGFNEQFF
1792,CASSIGYEQYF,CASSMIGYEQYF
1793,CASSLASGEQYF,CASSLGSGEQYF
1794,CASSLLGTYEQYF,CASSLLGSYEQYF
1795,CASSEGNEQFF,CASSEVNEQFF
1796,CASSEDNEQFF,CASSEVNEQFF
1797,CASSYGLGSSYEQYF,CASSYGGSSYEQYF
1798,CASSSNTGELFF,CASTSNTGELFF
1799,CATSDLQGSTDTQYF,CATSDLQGYTDTQYF
1800,CATSDFGSTDTQYF,CATSDFGDTDTQYF
1801,CASSYSMGGGNEQFF,CASSYSMGFGNEQFF
1802,CASSLTGPYNEQFF,CASSLTGGYNEQFF
1803,CASSLSGGNYGYTF,CASSLSGGGNYGYTF
1804,CASSLWGGTYEQYF,CASSLWGGRYEQYF
1805,CASSYGPNYEQYF,CASSYGPSYEQYF
1806,CATSDFGGTDTQYF,CATSDFGDTDTQYF
1807,CATSDFGDNTDTQYF,CATSDFGDTDTQYF
1808,CASSRDSNTEAFF,CASRRDSNTEAFF
1809,CASSYAGGYEQYF,CASSYQGGYEQYF
1810,CASSFPGNEQYF,CASSFVGNEQYF
1811,CASSLGGNQPQHF,CASSLGSNQPQHF
1812,CASSLGSNQPQHF,CASSLNSNQPQHF
1813,CASSLEGTDTQYF,CASSLEVGTDTQYF
1814,CASSLTGDTQYF,CASSLGGDTQYF
1815,CASSLDGNEQFF,CASSLVGNEQFF
1816,CASSLGGDEQFF,CASSLLGDEQFF
1817,CASSLESYEQYF,CASSLGESYEQYF
1818,CASSFYNEQFF,CASSWYNEQFF
1819,CASSLGGYNEQFF,CASSGGYNEQFF
1820,CASSLVTGISYEQYF,CASSLVTGSSYEQYF
1821,CASSLRSPSTDTQYF,CASSLSPSTDTQYF
1822,CASSLRSPSTDTQYF,CASSLRGPSTDTQYF
1823,CASSSLNQPQHF,CASSSLPNQPQHF
1824,CASSLDGNEQFF,CASSLQGNEQFF
1825,CASSSSYEQYF,CASSSIYEQYF
1826,CSAPGPSSYEQYF,CSASGPSSYEQYF
1827,CASRGGSYEQYF,CASRRGSYEQYF
1828,CASSLGQGGSPLHF,CASSLGQAGSPLHF
1829,CASSYSGDSYEQYF,CASSYSGDSSYEQYF
1830,CASSLGETQYF,CASSLSETQYF
1831,CASSLYSTDTQYF,CASSLYNTDTQYF
1832,CASSQSQSYEQYF,CASSQGQSYEQYF
1833,CASSLAGTNEQFF,CASSLAGGNEQFF
1834,CASSYPGLGYEQYF,CASSNYPGLGYEQYF
1835,CASSDLGNEQFF,CASSDAGNEQFF
1836,CSVLAGSYEQYF,CSVLAGGSYEQYF
1837,CASSFGQPQHF,CASSPGQPQHF
1838,CASSLLTDTQYF,CASSLDLTDTQYF
1839,CASSPGNTEAFF,CASSFPGNTEAFF
1840,CASSYGTEAFF,CASSYEGTEAFF
1841,CASSFYNEQFF,CASSFGNEQFF
1842,CASSLGGSYNEQFF,CASSLGGSSYNEQFF
1843,CASSLSRGNEQFF,CASSLSIGNEQFF
1844,CASSLSRGNEQFF,CASSLSPGNEQFF
1845,CASSPTGVSYNEQFF,CASSPSGVSYNEQFF
1846,CASSQGPGYEQYF,CASSQGSGYEQYF
1847,CASSFLNTEAFF,CASSFGLNTEAFF
1848,CASSFGQPQHF,CASSFWGQPQHF
1849,CASSLGALNTEAFF,CASSLALNTEAFF
1850,CSVAGLAGGYEQYF,CSVGGLAGGYEQYF
1851,CASSLYTDTQYF,CASSLYADTQYF
1852,CASSLVSSYEQYF,CASSLGSSYEQYF
1853,CASSYSGDSYEQYF,CASSYGDSYEQYF
1854,CASSLGETQYF,CASSLYGETQYF
1855,CASSYSSPYEQYF,CASSYSSGYEQYF
1856,CSVGGGSYNEQFF,CSVHGGSYNEQFF
1857,CASSLGGNQPQHF,CASSLGGDQPQHF
1858,CASSYSAPYEQYF,CASSYSAPGYEQYF
1859,CASSVVGGNTEAFF,CASSVVGKNTEAFF
1860,CASSLGGYNEQFF,CASSLTGGYNEQFF
1861,CASSLGGYNEQFF,CASSLGGLNEQFF
1862,CASSLYSTDTQYF,CASSLYVTDTQYF
1863,CASSLSGTHNEQFF,CASSLSGTYNEQFF
1864,CASSLSVPSQETQYF,CASSLSFPSQETQYF
1865,CASSWTGNTEAFF,CASSWTANTEAFF
1866,CASSLSGPNNEQFF,CASSLSGPNSNEQFF
1867,CASSRDRDSSYEQYF,CASSQDRDSSYEQYF
1868,CASSLNSNQPQHF,CASSLNNNQPQHF
1869,CSARDTGAYEQYF,CSARDPTGAYEQYF
1870,CASSPGEGTEAFF,CASSHGEGTEAFF
1871,CASSLAGGPSYEQYF,CASSLAGGSYEQYF
1872,CASSFVGSEQYF,CASSFVGGEQYF
1873,CASSFGGAEAFF,CASSFMGGAEAFF
1874,CASSQDRGYNEQFF,CASSQDRGTYNEQFF
1875,CASSQDRGYNEQFF,CASSQDRGLYNEQFF
1876,CSAPGGNYGYTF,CSARGGNYGYTF
1877,CASSSGTEAFF,CASSRGTEAFF
1878,CASSLGLTGELFF,CASSLGRTGELFF
1879,CASSLGLTGELFF,CASSLGNTGELFF
1880,CASSLDSNEQFF,CASSLDGNEQFF
1881,CASSELGTDTQYF,CASSELGHTDTQYF
1882,CASSYSGLALYEQYF,CASSSGLALYEQYF
1883,CASSSPGQGGYGYTF,CASSPGQGGYGYTF
1884,CASSLGITGELFF,CASSLGRTGELFF
1885,CASSLGITGELFF,CASSLGNTGELFF
1886,CASSLGQGVNTEAFF,CASSLQGVNTEAFF
1887,CASSYGGSSYNEQFF,CASSYSGSSYNEQFF
1888,CASSPGTASTDTQYF,CASSPGTSTDTQYF
1889,CASSYSAQSSYEQYF,CASSYSAGSSYEQYF
1890,CASSYSSGRAYEQYF,CASSYSSGSAYEQYF
1891,CASSFGGGGNQPQHF,CASSFGGGGQPQHF
1892,CASSYSGANYEQYF,CASSYSGATYEQYF
1893,CASSDMNTEAFF,CASSLMNTEAFF
1894,CASSYGSDQPQHF,CASSYGSNQPQHF
1895,CASSYVGGDTQYF,CASSYTGGDTQYF
1896,CASSLGLDSNTEAFF,CASSLGDSNTEAFF
1897,CASSLVLTGELFF,CASSLVLSGELFF
1898,CASSYGTGGTEAFF,CASSYSGTGGTEAFF
1899,CASSYGTGGTEAFF,CASSYGTGFTEAFF
1900,CASSYGTGGTEAFF,CASSYGTGYTEAFF
1901,CASSLGGEKLFF,CASSLEGGEKLFF
1902,CASSLGMGEQYF,CASSLGTGEQYF
1903,CASSLAGVTDTQYF,CASSLLAGVTDTQYF
1904,CASSLKHPSTDTQYF,CASSLSHPSTDTQYF
1905,CASSLSPSTDTQYF,CASSLSHPSTDTQYF
1906,CASSLVGNEQFF,CASSLQGNEQFF
1907,CASSLSHAVDGYTF,CASSLSSAVDGYTF
1908,CASSLVGNEQFF,CASSYVGNEQFF
1909,CASSLGGEKLFF,CASSLGGELFF
1910,CASSLGMGEQYF,CASSLGGEQYF
1911,CASSFLDTQYF,CASSFLGDTQYF
1912,CASSLGGVEQYF,CASSLGGEQYF
1913,CASSYEGNTEAFF,CASSYEGTEAFF
1914,CASSLVLDTQYF,CASSPVLDTQYF
1915,CASSLGQNTEAFF,CASSLGQGTEAFF
1916,CASSLSGTYNEQFF,CASSLEGTYNEQFF
1917,CASSLQGPYEQYF,CASSLQGNYEQYF
1918,CASSLQGAPYNEQFF,CASSLQGAYNEQFF
1919,CASSYWGTDTQYF,CASSYVGTDTQYF
1920,CASSSRTTNEKLFF,CASSSRGTNEKLFF
1921,CASSLSSPIYNEQFF,CASSLSSPFYNEQFF
1922,CASSLSSPQETQYF,CASSLSMPQETQYF
1923,CASSLGQNTEAFF,CASSLRQNTEAFF
1924,CASSLGSSYEQYF,CASSLGYSSYEQYF
1925,CASSLVGDRSYEQYF,CASSLVGDRAYEQYF
1926,CASSLGSYEQYF,CASSLGGSYEQYF
1927,CASSQGGANVLTF,CASSFQGGANVLTF
1928,CASSPLGNEQFF,CASSRLGNEQFF
1929,CASSLGSSYNEQFF,CASSLSSYNEQFF
1930,CASSLSIGTDTQYF,CASSLSIGDTQYF
1931,CASSLSEAYEQYF,CASSLSAYEQYF
1932,CASSLGTGEQYF,CASSLGGEQYF
1933,CASSLQGGEQYF,CASSLGGEQYF
1934,CASSLEGGTEAFF,CASSLEIGTEAFF
1935,CASSPPEETQYF,CASSPPEHETQYF
1936,CASSLQGGELFF,CASSLGGELFF
1937,CASSLGGSYEQYF,CASSFGGSYEQYF
1938,CASSLGSSYEQYF,CASSLGESYEQYF
1939,CASSYSGDSSYEQYF,CASSYSDSSYEQYF
1940,CASSRLAGPYNEQFF,CASSILAGPYNEQFF
1941,CASSLGSYEQYF,CASSLGGYEQYF
1942,CASSLGSYEQYF,CASSLNSYEQYF
1943,CASSYSGTYEQYF,CASSYSITYEQYF
1944,CASSLTGTAGNTIYF,CASSLTGTPGNTIYF
1945,CASSLGSSYNEQFF,CASSLSSSYNEQFF
1946,CASSFEGGSYEQYF,CASSFGGSYEQYF
1947,CASSGQGITEAFF,CASSGQGDTEAFF
1948,CASSLHRDHYEQYF,CASSLHRDYEQYF
1949,CASSLYNTDTQYF,CASSLYVTDTQYF
1950,CASSPGAYEQYF,CASSPTAYEQYF
1951,CASSLGNEQFF,CASSLEGNEQFF
1952,CASSLGNEQFF,CASSLDGNEQFF
1953,CASSSPYNEQFF,CASSSQYNEQFF
1954,CASSVGGSWQETQYF,CASSVGGSSQETQYF
1955,CASSPATGELFF,CASSPPTGELFF
1956,CASSFGAGSSYEQYF,CASSFGGSSYEQYF
1957,CASSFGVGSSYEQYF,CASSFGGSSYEQYF
1958,CASSVSGGSSYEQYF,CASSVGGGSSYEQYF
1959,CASSASGGSSYEQYF,CASSAGGGSSYEQYF
1960,CASSQGYEQYF,CASSPQGYEQYF
1961,CASSLSQGAYNEQFF,CASSLQGAYNEQFF
1962,CASSVGWGSSYEQYF,CASSVGTGSSYEQYF
1963,CASSVGWGSSYEQYF,CASSVGGGSSYEQYF
1964,CASSLASNTEAFF,CASSLALNTEAFF
1965,CASSPGTGSSYEQYF,CASSPTGSSYEQYF
1966,CASSLGGFYEQYF,CASSLGGYEQYF
1967,CASSLGGSYEQYF,CASSLGGYEQYF
1968,CASSLGGSYEQYF,CASSLAGGSYEQYF
1969,CASSLAGFGNQPQHF,CASSLAGFGQPQHF
1970,CASSLSGNEQFF,CASSLKGNEQFF
1971,CASSYGGETQYF,CASSYGNGETQYF
1972,CASSLVNNEQFF,CASSRVNNEQFF
1973,CSAATGTGYEQYF,CSAQTGTGYEQYF
1974,CASSYAGVDEQYF,CASSYSAGVDEQYF
1975,CASSVSGSYEQYF,CASSPSGSYEQYF
1976,CASSFGGSSYEQYF,CASSFGDSSYEQYF
1977,CASSEIGEQYF,CASSEIYEQYF
1978,CATSDSVGELFF,CATSDFVGELFF
1979,CASSWRGTDTQYF,CASSWGTDTQYF
1980,CASSPSNEQFF,CASSPLSNEQFF
1981,CSVDGNTGELFF,CSVDGTGELFF
1982,CSASGGLGYEQYF,CSASGGGGYEQYF
1983,CASSLTGGNEQFF,CASSLTGGYNEQFF
1984,CASSGLAGSNEQFF,CASSGLAGSYNEQFF
1985,CASSTGTGYTEAFF,CASSYGTGYTEAFF
1986,CASSQAGTGNYGYTF,CASSQEGTGNYGYTF
1987,CASSSGQGADTQYF,CASSSGLGADTQYF
1988,CASSLAGPGELFF,CASSYLAGPGELFF
1989,CASSLSSYNEQFF,CASSLSSSYNEQFF
1990,CASSPTGTHYEQYF,CASSPTGTEYEQYF
1991,CASSLDLRTQYF,CASSLDLRETQYF
1992,CASSYQGSNTEAFF,CASSYQGLNTEAFF
1993,CASSLYPPNTEAFF,CASSLAPPNTEAFF
1994,CASSQDGPGNQPQHF,CASSQDPGNQPQHF
1995,CASSSGTGYEQYF,CASSEGTGYEQYF
1996,CASRPGLQETQYF,CASRGLQETQYF
1997,CASSSPGTGVNEQFF,CASSSPGTGDNEQFF
1998,CASSYSLGSYEQYF,CASSYSTGSYEQYF
1999,CASSYSGNQPQHF,CASSYSGGNQPQHF
2000,CASSYGQSYEQYF,CASSYGPSYEQYF
2001,CASSLVGGGYEQYF,CASSLGGGGYEQYF
2002,CASSLLGSYEQYF,CASKLLGSYEQYF
2003,CASSYGQGVGELFF,CASSYGGVGELFF
2004,CASSSVTGELFF,CASSSGTGELFF
2005,CASSLTGGGYEQYF,CASSLGGGGYEQYF
2006,CASSLAGTYEQYF,CASSLVGTYEQYF
2007,CASSYSRGYEQYF,CASSYSSGYEQYF
2008,CASSSTGTGELFF,CASSSGTGELFF
