,Seq1,Seq2
0,CSARDLQGPYEQYF,CSARDLQGYEQYF
1,CASSSDRSSYEQYF,CASSSDRGSYEQYF
2,CASSYGAYNEQFF,CASSYQGAYNEQFF
3,CATSLADYNEQFF,CATSEADYNEQFF
4,CSVGAGPYEQYF,CSVGAGPREQYF
5,CASSLFYNSPLHF,CASSLSYNSPLHF
6,CASSYSGPSTDTQYF,CASSYSGSTDTQYF
7,CASSLGRGGNEQFF,CASSLGSGGNEQFF
8,CASSLGGEETQYF,CASSLLGEETQYF
9,CASSLGGEETQYF,CASSLQGEETQYF
10,CASSSDRSSYEQYF,CASSHDRSSYEQYF
11,CSVGRGPYEQYF,CSVGRGGYEQYF
12,CASSGRDSSYEQYF,CASSGRDSFYEQYF
13,CASSYLGNEQFF,CASSYSLGNEQFF
14,CASSLPGSYEQYF,CASSLGGSYEQYF
15,CASSDGQGLGYGYTF,CASSFGQGLGYGYTF
16,CASSTGTSTDTQYF,CASSSTGTSTDTQYF
17,CSARDQADSYEQYF,CSARDADSYEQYF
18,CASSPVAGPTYEQYF,CASSPVAGETYEQYF
19,CASSLGTTDTQYF,CASSLGSTDTQYF
20,CASSQDPGGNTEAFF,CASSQDPGVNTEAFF
21,CASSQDPGGNTEAFF,CASSQDPGLNTEAFF
22,CASSQDPGGNTEAFF,CASSQDPGMNTEAFF
23,CASSFIGETQYF,CASSFSGETQYF
24,CASSYLGNEQFF,CASSYLDNEQFF
25,CSAQGGGDYGYTF,CSAGGGGDYGYTF
26,CSARDTLSYEQYF,CSARDNLSYEQYF
27,CASSYLYEQYF,CASSYVYEQYF
28,CASSPPGGNEQFF,CASSPTGGNEQFF
29,CASSLSGNNEQFF,CASSLSGANEQFF
30,CSVEVSSYNEQFF,CSVEVGSSYNEQFF
31,CASSAGLADYEQYF,CASSAGLAGDYEQYF
32,CASSVGNTYEQYF,CASSVGDTYEQYF
33,CASSLSGGVGQFF,CASSLSGPGVGQFF
34,CASSPGGYNEQFF,CASSPSGGYNEQFF
35,CASSLPGSYEQYF,CASSLLPGSYEQYF
36,CASSEGQFNTEAFF,CASSEGQMNTEAFF
37,CASSLTWYNEQFF,CASSLTGYNEQFF
38,CASSYLGNEQFF,CASSYSGNEQFF
39,CSASEGYEQYF,CSASYGYEQYF
40,CSASEGYEQYF,CSANEGYEQYF
41,CASSPPGGNEQFF,CASSQPGGNEQFF
42,CASSLFAGAYNEQFF,CASSLAGAYNEQFF
43,CASSIFGTANQPQHF,CASSISGTANQPQHF
44,CSARDPGQGYEQYF,CSARDPGQAYEQYF
45,CASSYGAYNEQFF,CASSSGAYNEQFF
46,CSARDPGGSYEQYF,CSARDPGGAYEQYF
47,CASSQDWGSYNEQFF,CASSQDWGYNEQFF
48,CASSPDGYTEAFF,CASSPGYTEAFF
49,CASSLSGNNEQFF,CASSLMGNNEQFF
50,CASSLGDSSYEQYF,CASTLGDSSYEQYF
51,CASSPGTVSNQPQHF,CASSSGTVSNQPQHF
52,CASSLPGGTEAFF,CASSPGGTEAFF
53,CASSEGQVSNQPQHF,CASSEGQWSNQPQHF
54,CSVGQGPYEQYF,CSVEQGPYEQYF
55,CSAGTGPYEQYF,CSAGTGDYEQYF
56,CSAGTGGTGELFF,CSAGIGGTGELFF
57,CSAGTGPYEQYF,CSAGTGTYEQYF
58,CSVEWVYNEQFF,CSVEAVYNEQFF
59,CSVAAGGNTEAFF,CSVAAGNTEAFF
60,CASSQDPGGNTEAFF,CASSQDPGLNTEAFF
61,CASSPDSSSYNEQFF,CASSPDSSYNEQFF
62,CSAARAGGSYNEQFF,CSAAAGGSYNEQFF
63,CSVGQGPYEQYF,CSVDGQGPYEQYF
64,CASSYPDTQYF,CASSFPDTQYF
65,CSARDLTYEQYF,CSARDLEYEQYF
66,CSARDLTYEQYF,CSARDLSYEQYF
67,CSARDLTYEQYF,CSARDLAYEQYF
68,CASSSGTVNTGELFF,CASSLGTVNTGELFF
69,CASSGPGDTEAFF,CASSSPGDTEAFF
70,CSARDTLSYEQYF,CSARDLSYEQYF
71,CSARDPSYEQYF,CSARDLSYEQYF
72,CSARDISYEQYF,CSARDLSYEQYF
73,CASSLSGNNEQFF,CASSLSGPNNEQFF
74,CASSFRGLNEQFF,CASSFGGLNEQFF
75,CASSLGPTDTQYF,CASSLGSTDTQYF
76,CASSLIGGADTQYF,CASSLGGGADTQYF
77,CSVEGAGGYEQYF,CSVELAGGYEQYF
78,CASSLSGNNEQFF,CASSLSDGNNEQFF
79,CASSTGTSTDTQYF,CASSPGTSTDTQYF
80,CASSYIGTGELFF,CASSYDGTGELFF
81,CASSEGQVSNQPQHF,CASSEGQVNQPQHF
82,CASSSGLAGPYEQYF,CASSSGLAGNYEQYF
83,CASSFLGNEQFF,CASSPLGNEQFF
84,CASSKLNTEAFF,CASSMLNTEAFF
85,CASSLLGGDGYTF,CASSFLGGDGYTF
86,CSARDPGGSYEQYF,CSARDPSGSYEQYF
87,CASSLPLQETQYF,CASSLPEQETQYF
88,CSARDRNQPQHF,CSARDRSQPQHF
89,CASSLLRADTQYF,CASSLLRGDTQYF
90,CASSVGNTYEQYF,CASSVGHTYEQYF
91,CSARARSQPQHF,CSARDRSQPQHF
92,CSARGEGNYGYTF,CSARGGNYGYTF
93,CASSFLGNEQFF,CASSRLGNEQFF
94,CASSPLGNEQFF,CASSRLGNEQFF
95,CSARPRNQPQHF,CSARPVNQPQHF
96,CSARGPTSSYEQYF,CSARGTSSYEQYF
97,CSAPVTNYEQYF,CSAPVTSYEQYF
98,CASSLPISYEQYF,CASSLISYEQYF
99,CASSGLAGTDTQYF,CASSFLAGTDTQYF
100,CASSKLNTEAFF,CASSDKLNTEAFF
101,CASSLAGGLETQYF,CASSLAGLETQYF
102,CASSLGPTDTQYF,CASSLGSTDTQYF
103,CSATGLADYEQYF,CSATGLAGYEQYF
104,CASSLTWYNEQFF,CASSLTAYNEQFF
105,CASSQDRSYNEQFF,CASSQDRTYNEQFF
106,CASSSNTEAFF,CASSVNTEAFF
107,CASSEWVGETQYF,CASSEWVGHETQYF
108,CASSLAGGEQYF,CASSLVGGEQYF
109,CASSYSGSTDTQYF,CASSYTSGSTDTQYF
110,CASSLSYNSPLHF,CASSLSENSPLHF
111,CASSLAGQETQYF,CASSLQGQETQYF
112,CASSPLAGGLETQYF,CASSYLAGGLETQYF
113,CASSVGSSYEQYF,CASSVASSYEQYF
114,CASSVGSSYEQYF,CASSVGSGSYEQYF
115,CSAREGSSYEQYF,CSAREKSSYEQYF
116,CASSVGSSYEQYF,CASSGGSSYEQYF
117,CASSVGSSYEQYF,CASSVGASYEQYF
118,CSAREVGRIEQYF,CSAREVGIEQYF
119,CASSYGLPNEQFF,CASSYGPNEQFF
120,CASSLSSGGYEQYF,CASSLSTSGGYEQYF
121,CASSYGVNEQFF,CASSYGPNEQFF
122,CASSYSSGELFF,CASSYSFGELFF
123,CASSIDSSYEQYF,CASSIDLSYEQYF
124,CASSPFGAGELFF,CASSPFAGELFF
125,CASSYSGPRELFF,CASSYSGPGELFF
126,CASSSNTEAFF,CASSWNTEAFF
127,CSARDPSGSTDTQYF,CSARDSSGSTDTQYF
128,CSARGTSGAYNEQFF,CSARGTSGLYNEQFF
129,CASSFAGYEQYF,CASSFGYEQYF
130,CSARGTSGEYNEQFF,CSARGTSGLYNEQFF
131,CASSLGVSTEAFF,CASSLGVGTEAFF
132,CASSQAGDPNTEAFF,CASSQAGQPNTEAFF
133,CASSLVGNTEAFF,CASSLQGNTEAFF
134,CASSLGGNTEAFF,CASSLQGNTEAFF
135,CASSFVLSVNQPQHF,CASSFVLSNQPQHF
136,CASSPVNTGELFF,CASSPSNTGELFF
137,CASRQGGYEQYF,CASSQGGYEQYF
138,CASSYSSGELFF,CASSYSGGELFF
139,CSASSSYNEQFF,CSASSYNEQFF
140,CASSYTGSYEQYF,CASSYTGSGEQYF
141,CASSYTGSYEQYF,CASSYGSYEQYF
142,CASSYIGNEQFF,CASSYVGNEQFF
143,CASSSTGNEQFF,CASSSTGAEQFF
144,CSAPTGTTYEQYF,CSAPTGETYEQYF
145,CSASLGAQETQYF,CSASLAQETQYF
146,CASSPYGETQYF,CASSPGETQYF
147,CASSLVGNTEAFF,CASSLGGNTEAFF
148,CASSFGHYEQYF,CASSFGYEQYF
149,CASSQGGYEQYF,CASSPGGYEQYF
150,CSATDTYEQYF,CSASDTYEQYF
151,CASSLGGDIQYF,CASSLEGDIQYF
152,CASSFAGYEQYF,CASSFGYEQYF
153,CASSQGYETQYF,CASSQGYEQYF
154,CASSLAGQETQYF,CASSLSGQETQYF
155,CASSYGGGTEAFF,CASSYSGGTEAFF
156,CSARGVSNTGELFF,CSARGVTNTGELFF
157,CASSLVGNTEAFF,CASSLTVGNTEAFF
158,CASSYRGATEAFF,CASSYRGFTEAFF
159,CSASSSYNEQFF,CSASTSSYNEQFF
160,CASSLSYNSPLHF,CASSLSDNSPLHF
161,CASSYSGAEQFF,CASSYSGAEAFF
162,CASSVGSSYEQYF,CASSVGGSYEQYF
163,CASSVGSSYEQYF,CASSVQGSSYEQYF
164,CASSMQGSYNEQFF,CASSMSGSYNEQFF
165,CASSLAGGEQYF,CASSAGGEQYF
166,CASSLAGGEQYF,CASSLGGEQYF
167,CASSIGGEAFF,CASSLGGEAFF
168,CASSLGGEKLFF,CASSLGGELFF
169,CASSLGGEKLFF,CASSLGGELFF
170,CASSLGGEKLFF,CASSLGGELFF
171,CASSYTGSYEQYF,CASSGTGSYEQYF
172,CASSLGDEQYF,CASSLGGEQYF
173,CASSSTGNEQFF,CASSPTGNEQFF
174,CASSLGGYSNQPQHF,CASSLGTYSNQPQHF
175,CASSLGGYSNQPQHF,CASSLGIYSNQPQHF
176,CASSLGGYSNQPQHF,CASSLGVYSNQPQHF
177,CASSLGGYSNQPQHF,CASSLGLYSNQPQHF
178,CASSSNTEAFF,CASSWNTEAFF
179,CASSQGGYEQYF,CASSQGGNEQYF
180,CASSLSGDTQYF,CASSLEGDTQYF
181,CASSLGGNTEAFF,CASSLGGTEAFF
182,CASSEGHSYEQYF,CASSEGISYEQYF
183,CASSSTGYSNQPQHF,CASSWTGYSNQPQHF
184,CASSSTGYSNQPQHF,CASSATGYSNQPQHF
185,CASSEGLSYEQYF,CASSEGISYEQYF
186,CASSTTGGDGYTF,CASSWTGGDGYTF
187,CASSLPGTTYEQYF,CASSPGTTYEQYF
188,CSARDRFRGYEQYF,CSARDRARGYEQYF
189,CASSFDGAYEQYF,CASSFGDGAYEQYF
190,CASSQGGYEQYF,CASSQGYEQYF
191,CASSQGYETQYF,CASSQGYEQYF
192,CASSIDSSYEQYF,CASSIRSSYEQYF
193,CASSLVGNTEAFF,CASSLSGNTEAFF
194,CSADTSGSYNEQFF,CSAQTSGSYNEQFF
195,CSAREGSSYEQYF,CSARETGSSYEQYF
196,CASSFGNTEAFF,CASSSGNTEAFF
197,CASSLGGNTEAFF,CASSLSGNTEAFF
198,CASSPGQVETQYF,CASSPGQETQYF
199,CASSQESTGELFF,CASSQETGELFF
200,CASSLAGGEQYF,CASSLAGVEQYF
201,CASSLAGGEQYF,CASSLAGIEQYF
202,CASSLAGGEQYF,CASSLAGIEQYF
203,CASSLAGGEQYF,CASSLAGSEQYF
204,CASSLAGGEQYF,CASSLAGYEQYF
205,CASSLTGGNEQYF,CASSLTGGYEQYF
206,CASSLAGDYEQYF,CASSLAGSYEQYF
207,CASSLAGDYEQYF,CASSLAGNYEQYF
208,CASSLAGDYEQYF,CASSLAGAYEQYF
209,CASSLAGDYEQYF,CASSLAGYEQYF
210,CASSLDGETQYF,CASSLAGETQYF
211,CASSYGSTDTQYF,CASSYTSTDTQYF
212,CASSLSGDTQYF,CASSLAGDTQYF
213,CSVGGQTYEQYF,CSVGGTYEQYF
214,CASSLGGNTEAFF,CASSLGINTEAFF
215,CASSLGVSTEAFF,CASSLSGVSTEAFF
216,CASSLVGVEEYF,CASSLVGVEQYF
217,CASSLFTGYEQYF,CASSFTGYEQYF
218,CASSFAGYEQYF,CASSFTGYEQYF
219,CASSLTNEQFF,CASSLTYEQFF
220,CASSPPGNIQYF,CASSPQGNIQYF
221,CASSEGHSYEQYF,CASSEGHLYEQYF
222,CASSWEGNTEAFF,CASSLWEGNTEAFF
223,CASSVFSSYNEQFF,CASSVQSSYNEQFF
224,CASSYSPGHEQYF,CASSYSPHEQYF
225,CSGSGSSYEQYF,CSGISGSSYEQYF
226,CASSYGGGTEAFF,CASSYGTGGTEAFF
227,CASSLGNTEAFF,CASSLEGNTEAFF
228,CASSYSSGELFF,CASSYSIGELFF
229,CASSPRTAYEQYF,CASSPRDAYEQYF
230,CASSFSTYEQYF,CASSFGTYEQYF
231,CASSLGGNTEAFF,CASSLGQNTEAFF
232,CASSWEGNTEAFF,CASSPEGNTEAFF
233,CASSFGHYEQYF,CASSFGYEQYF
234,CASSLLGTGELFF,CASSLGTGELFF
235,CASRQGGYEQYF,CASRQGPYEQYF
236,CASTGQNYGYTF,CASTGQPNYGYTF
237,CASSQGGYEQYF,CASSQGYEQYF
238,CASSLGGSTEAFF,CASSLVGSTEAFF
239,CASRRQGTEAFF,CASRRGTEAFF
240,CASSLGDEQYF,CASSLGLDEQYF
241,CASSQETYYGYTF,CASSQETTYGYTF
242,CASSQETYYGYTF,CASSQETIYGYTF
243,CASSQETYYGYTF,CASSQETVYGYTF
244,CASSVTGITEAFF,CASSVTGTTEAFF
245,CASSEGGNTEAFF,CASSEDGGNTEAFF
246,CASSYSGSTDTQYF,CASSYSGDTDTQYF
247,CASSSTGNEQFF,CASSTTGNEQFF
248,CASSLQGVETQYF,CASSLGVETQYF
249,CSAELAGVYNEQFF,CSAELAGAYNEQFF
250,CASSPQGNTGELFF,CASSEQGNTGELFF
251,CASSYSSGELFF,CASSYSSGGELFF
252,CASSLAAASSYEQYF,CASSLALASSYEQYF
253,CASSFGHYEQYF,CASSGGHYEQYF
254,CASSLLGTGELFF,CASSLGTGELFF
255,CASSYTGSYEQYF,CASSYSTGSYEQYF
256,CASSIWAGVTEAFF,CASSIGAGVTEAFF
257,CASSTTGGDGYTF,CASSTTGGADGYTF
258,CASSQDEGNIQYF,CASSQAEGNIQYF
259,CASSPEDYNEQFF,CASSPTDYNEQFF
260,CASSWTGGEQFF,CASSWTGGDEQFF
261,CASSFMTGTYEQYF,CASSFRTGTYEQYF
262,CASSVLMNTEAFF,CASSVDMNTEAFF
263,CASSLGPSSEQFF,CASSLGPSNEQFF
264,CASSVVGNTEAFF,CASSVEGNTEAFF
265,CASSLGPYNEQFF,CASSLGPSNEQFF
266,CASSLVGNQPQHF,CASSLGGNQPQHF
267,CASSLVMSYEQYF,CASSLVSYEQYF
268,CASSYVGSEQFF,CASSYGSEQFF
269,CASSVVMNTEAFF,CASSVDMNTEAFF
270,CASSSLGGNQPQHF,CASSLGGNQPQHF
271,CASSFSSSGNTIYF,CASSFSSSPGNTIYF
272,CASSVNTEAFF,CASSWNTEAFF
273,CASSLGSGGNEQFF,CASSLGSGYNEQFF
274,CATSDFGTDTQYF,CATSDPGTDTQYF
275,CASSWSSYEQYF,CASSSSYEQYF
276,CASSFMSYEQYF,CASSFTSYEQYF
277,CASSLIGQPQHF,CASSLEGQPQHF
278,CASSLAGGAGETQYF,CASSLAGAGETQYF
279,CASSLGGGSTDTQYF,CASSLSGGSTDTQYF
280,CASSLMSYEQYF,CASSLSYEQYF
281,CASSLGGGEQFF,CASSLGGPGEQFF
282,CASSQSSYEQYF,CASSSSYEQYF
283,CASSYVGGELFF,CASSYSGGELFF
284,CASSYVGSEQFF,CASSYVGNEQFF
285,CSAETANTGELFF,CSATANTGELFF
286,CASSLGGGEAFF,CASSLGLGGEAFF
287,CASSYNGGELFF,CASSYSGGELFF
288,CASSFGGANVLTF,CASSFSGANVLTF
289,CASSLTGGYTDTQYF,CASSLTGGSTDTQYF
290,CASSLTGGYTDTQYF,CASSLTGGWTDTQYF
291,CASSFMNTEAFF,CASSFGNTEAFF
292,CASSLGGGSTDTQYF,CASSLTGGSTDTQYF
293,CAISQSYEQYF,CAISDSYEQYF
294,CAISQSYEQYF,CAISGSYEQYF
295,CASSQGWEQYF,CASSQGYEQYF
296,CASSSDYEQYF,CASSNDYEQYF
297,CASSLMSYEQYF,CASSLGSYEQYF
298,CASSLMSYEQYF,CASSLSYEQYF
299,CASSYGGPYEQYF,CASSYGPYEQYF
300,CASSQSSYEQYF,CASSQSYEQYF
301,CATSDWDSQETQYF,CATSDRDSQETQYF
302,CASSLLSSYEQYF,CASSLLSVYEQYF
303,CASSLQGSGTEAFF,CASSLQGTGTEAFF
304,CASSYVGGYGYTF,CASSYGGYGYTF
305,CASSYGHPYEQYF,CASSYGPYEQYF
306,CASSLQGQETQYF,CASSLSGQETQYF
307,CATSDLTGDEQFF,CATSDLLGDEQFF
308,CASSPAGGGTDTQYF,CASSWAGGGTDTQYF
309,CASSYVGGPEAFF,CASSYAGGPEAFF
310,CASSLSENSPLHF,CASSLSDNSPLHF
311,CASSYSSGSNNEQFF,CASSYSSGSGNEQFF
312,CATSDLWTDTQYF,CATSDLFTDTQYF
313,CATSDLMTDTQYF,CATSDLFTDTQYF
314,CATQDLFTDTQYF,CATSDLFTDTQYF
315,CASSLGGSDEQFF,CASSLGGDEQFF
316,CASSFEGSYEQYF,CASSFGSYEQYF
317,CASSLVGGEQYF,CASSLGGEQYF
318,CASSPGTGSYEQYF,CASSGTGSYEQYF
319,CASSLGGGSTDTQYF,CASSLGGASTDTQYF
320,CASSPGGTEAFF,CASSQGGTEAFF
321,CASSLRGNTEAFF,CASSRGNTEAFF
322,CASSLRGNTEAFF,CASSLGGNTEAFF
323,CASSVNTEAFF,CASSWNTEAFF
324,CASSLLVSNQPQHF,CASSLQVSNQPQHF
325,CASSLRGGNTEAFF,CASSLGGNTEAFF
326,CSVETTNTGELFF,CSVCETTNTGELFF
327,CASSFSHEQYF,CASSFSYEQYF
328,CASSQGWEQYF,CASSQGYEQYF
329,CASSQGGGGTDTQYF,CASSQAGGGTDTQYF
330,CASSLSTGNYGYTF,CASSLQTGNYGYTF
331,CASSLDPGAYNEQFF,CASSLDPDAYNEQFF
332,CASSVLMNTEAFF,CASSVMNTEAFF
333,CASSPEDYNEQFF,CASSPDYNEQFF
334,CASSLVGGEQYF,CASSLVGDEQYF
335,CASSLVGGYEQYF,CASSLEGGYEQYF
336,CASSVVMNTEAFF,CASSVMNTEAFF
337,CATSDLTGDEQFF,CATSDLTVDEQFF
338,CASSAGSYEQYF,CASSLAGSYEQYF
339,CASSLDISYEQYF,CASSLDIYYEQYF
340,CATSDLTEDTQYF,CATSDLTRDTQYF
341,CATSDLWTDTQYF,CATSDLVTDTQYF
342,CATSDLWTDTQYF,CATSDLATDTQYF
343,CASSLVGGEQYF,CASSLAGGEQYF
344,CATSDLMTDTQYF,CATSDLVTDTQYF
345,CATSDLMTDTQYF,CATSDLATDTQYF
346,CATSDLYRDEQYF,CATSDLTRDEQYF
347,CATSDLTADTQYF,CATSDLTRDTQYF
348,CASSSGTDTQYF,CASSSSTDTQYF
349,CASSQDGSYEQYF,CASSQDVGSYEQYF
350,CASSLVDSGNTIYF,CASSLGDSGNTIYF
351,CASSLVGTGNTIYF,CASSLGGTGNTIYF
352,CASSLIGTGNTIYF,CASSLGGTGNTIYF
353,CASSEVGSGNTIYF,CASSEAGSGNTIYF
354,CASSLLGYEQYF,CASSLVGYEQYF
355,CASSWSSYEQYF,CASSWPSSYEQYF
356,CASSLTGGYTDTQYF,CASSLTGGSTDTQYF
357,CASSLVGSYEQYF,CASSLVGYEQYF
358,CASSFSHEQYF,CASSFSYEQYF
359,CASSLGGGSTDTQYF,CASSLTGGSTDTQYF
360,CASSPMNTEAFF,CASSPTMNTEAFF
361,CASSPMNTEAFF,CASSPTNTEAFF
362,CASSFTGDYEQYF,CASSFTGYEQYF
363,CASSQNQGNEQFF,CASSQVQGNEQFF
364,CASSLVGGEQYF,CASSLVGVEQYF
365,CASSLVGGYEQYF,CASSLVGYEQYF
366,CASSFPGSGNTIYF,CASSFQGSGNTIYF
367,CASSYVGGYGYTF,CASSYGGGYGYTF
368,CATSDFGTDTQYF,CATSDFGSTDTQYF
369,CATSDFGTDTQYF,CATSDFGGTDTQYF
370,CASSLLAGEQYF,CASSLLGEQYF
371,CASSPMNTEAFF,CASSPGNTEAFF
372,CASSSDYEQYF,CASSFDYEQYF
373,CASSVVGNTEAFF,CASSVVGGNTEAFF
374,CASSPYYNEQFF,CASSLYYNEQFF
375,CASSLAGGSGETQYF,CASSLAGGRGETQYF
376,CASSLDPGAYNEQFF,CASSLDPGGYNEQFF
377,CASSLAGGAGETQYF,CASSLAGGRGETQYF
378,CASSFMNTEAFF,CASSDMNTEAFF
379,CASSPMNTEAFF,CASSDMNTEAFF
380,CASSYMNTEAFF,CASSDMNTEAFF
381,CASSLGGGEQFF,CASSLGGDEQFF
382,CASSLTGGAADTQYF,CASSLTGGADTQYF
383,CASSLFGGEETQYF,CASSLFPGEETQYF
384,CASSLVAQETQYF,CASSLVATETQYF
385,CASSLDLNSYNEQFF,CASSLLNSYNEQFF
386,CASSAGSYEQYF,CASSLGSYEQYF
387,CASSIGGSPYNEQFF,CASSIGGSLYNEQFF
388,CASSIGGSPYNEQFF,CASSIGGSSYNEQFF
389,CASSVRDSSYEQYF,CASSVRDSYEQYF
390,CASSPSGSEQFF,CASSPTSGSEQFF
391,CASSESAEGNQPQHF,CASSESAGNQPQHF
392,CASSVSGANVLTF,CASSVGANVLTF
393,CASSLRTEAFF,CASSLVRTEAFF
394,CASSVLMNTEAFF,CASSVVMNTEAFF
395,CASSYMNTEAFF,CASSYTNTEAFF
396,CASSLAGVYEQYF,CASSLAGVPYEQYF
397,CASSLMSYEQYF,CASSLVSYEQYF
398,CASSVVGNTEAFF,CASSVVMNTEAFF
399,CASSQFTDTQYF,CASSQFADTQYF
400,CSADGLAGDYNEQFF,CSADGLAGDNEQFF
401,CASSYMNTEAFF,CASSSYMNTEAFF
402,CSADWTGGQETQYF,CSADETGGQETQYF
403,CASRDLSYNEQFF,CASRLSYNEQFF
404,CASSLSTGNYGYTF,CASSLTGNYGYTF
405,CASSLSTYEQYF,CASSLASTYEQYF
406,CASSSDYEQYF,CASSSDSYEQYF
407,CASSLSLTGNEQFF,CASSLSLEGNEQFF
408,CASSLGGGEQFF,CASSLGGGELFF
409,CASSQDLNNEQFF,CASSQDLANEQFF
410,CASSLVGGELFF,CASSLGGGELFF
411,CASSVGNEQFF,CASSVAGNEQFF
412,CASSVGGNEQFF,CASSVAGNEQFF
413,CASSVGGDTQYF,CASSVGPDTQYF
414,CASSVGGDTQYF,CASSVAGDTQYF
415,CASSVADTQYF,CASSVAGDTQYF
416,CASSGSSYNEQFF,CASSPGSSYNEQFF
417,CASSLEVGQETQYF,CASSLETGQETQYF
418,CASSQGLGNQPQHF,CASSGGLGNQPQHF
419,CASSLTNTEAFF,CASSLGNTEAFF
420,CASSVGDEQFF,CASSVGDHEQFF
421,CASSLGNEQFF,CASSALGNEQFF
422,CASSVAGGELFF,CASSVAGSGELFF
423,CASSVAGGELFF,CASSVAGGEAFF
424,CASSAGSSYNEQFF,CASSPGSSYNEQFF
425,CASSVADEQFF,CASSVADNEQFF
426,CASSVANEQFF,CASSVAGNEQFF
427,CASSVANEQFF,CASSVADNEQFF
428,CASSVTGDTQYF,CASSVAGDTQYF
429,CASSVGDTQYF,CASSVGPDTQYF
430,CASSVGDTQYF,CASSVAGDTQYF
431,CASSVGHEQFF,CASSVGDHEQFF
432,CASSQEGTASYEQYF,CASSQEGSASYEQYF
433,CASSESTGELFF,CASSETGELFF
434,CASSYGQGETQYF,CASSYGGETQYF
435,CASSSGGADTQYF,CASSEGGADTQYF
436,CASSLGPEAFF,CASSLGTEAFF
437,CASSLGGLSYEQYF,CASSLGGESYEQYF
438,CASSVANEQFF,CASSVAYNEQFF
439,CASSPQGYEQYF,CASSPAGYEQYF
440,CASSPQGYEQYF,CASSPTGYEQYF
441,CASSPQGYEQYF,CASSPVGYEQYF
442,CASSVGSGSYEQYF,CASSVDSGSYEQYF
443,CASSLYGIEQYF,CASSLYGPEQYF
444,CATSGTGRAYEQYF,CATSGQGRAYEQYF
445,CASSVGGNEQFF,CASSVGGYNEQFF
446,CASSVGGSEQYF,CASSVGGYEQYF
447,CASSVGGAEQYF,CASSVGGYEQYF
448,CASSVGGEQYF,CASSVGGYEQYF
449,CASSVGYEQYF,CASSVGGYEQYF
450,CASSVGGGEQYF,CASSVGGYEQYF
451,CASSLGTEAFF,CASSLGGTEAFF
452,CASSVGSGSYEQYF,CASSVGSGSNYEQYF
453,CASSQAPGSYEQYF,CASSQDPGSYEQYF
454,CASSPYNNEQFF,CASSPHNNEQFF
455,CASSESGTGGHEQFF,CASSESGTGGNEQFF
456,CASSVGGNEQFF,CASSVGGYNEQFF
457,CASSVGGSEQYF,CASSVGGSYEQYF
458,CASSVGGSEQYF,CASSVGGSNEQYF
459,CASSGSSYNEQFF,CASSGSGYNEQFF
460,CASSTGGELFF,CASSGGGELFF
461,CASSPGTEAFF,CASSHGTEAFF
462,CASSVGGSTEAFF,CASSSGGSTEAFF
463,CASSVGGSTEAFF,CASSPGGSTEAFF
464,CASSVGGSTEAFF,CASSTGGSTEAFF
465,CASSVGGSTEAFF,CASSAGGSTEAFF
466,CASSVGGSTEAFF,CASSEGGSTEAFF
467,CASSFSGNTGELFF,CASSFSPNTGELFF
468,CASSVGGGTYNEQFF,CASSVGGGYNEQFF
469,CASSLHSNTGELFF,CASSLNSNTGELFF
470,CASSGSAYNEQFF,CASSGSGYNEQFF
471,CASSVGGELFF,CASSGGGELFF
472,CASSLAGASGYTF,CASSLGASGYTF
473,CASSLGGEAFF,CASSLGGEQFF
474,CASSLGGEAFF,CASSLGGELFF
475,CASSLGGEAFF,CASSLGGAAFF
476,CASSLGGEAFF,CASSLGGELFF
477,CASSLGGEAFF,CASSLGSEAFF
478,CASSLGGEAFF,CASSLGGELFF
479,CASSLGGEAFF,CASSGGGEAFF
480,CASSQGYEQYF,CASSQGGEQYF
481,CASSVASSYEQYF,CASSVGSSYEQYF
482,CASSAGYEQYF,CASSAGSYEQYF
483,CASSLGAEQYF,CASSLGHEQYF
484,CASSVGSGSYEQYF,CASSVGGSYEQYF
485,CASSVGSGSYEQYF,CASSVGSGRYEQYF
486,CASSVGSGSYEQYF,CASSVGSSYEQYF
487,CASSLGQGWDEQYF,CASSLGQGNDEQYF
488,CASSEGGDTEAFF,CASSEGGSTEAFF
489,CASSLALEQYF,CASSLAYEQYF
490,CASSLAVYEQYF,CASSLGVYEQYF
491,CASSLAVYEQYF,CASSLAYEQYF
492,CASSLPGDPYEQYF,CASSLPAGDPYEQYF
493,CASSPGTEAFF,CASSPIGTEAFF
494,CASSGLGDNEQFF,CASSPLGDNEQFF
495,CASSPRDGPYEQYF,CASSPRDGSPYEQYF
496,CASSLAGTDTQYF,CASSLALTDTQYF
497,CASSLAVYNEQFF,CASSLAGYNEQFF
498,CASSRGYEQYF,CASSLGYEQYF
499,CASSEGLRPYEQYF,CASSEGLGPYEQYF
500,CASSQYMNTEAFF,CASSQNMNTEAFF
501,CASSPGTEAFF,CASSQGTEAFF
502,CASSQGYEQYF,CASSLGYEQYF
503,CASSPTDYNEQFF,CASSPDYNEQFF
504,CASSVGNEQFF,CASSVRGNEQFF
505,CASSVGGNEQFF,CASSVRGNEQFF
506,CASSLRQGAYEQYF,CASSLRQAYEQYF
507,CASSLRQGAYEQYF,CASSLRQGYEQYF
508,CASSSPSSYNEQFF,CASSPSSYNEQFF
509,CASSQESGRTYEQYF,CASSQERGRTYEQYF
510,CSVAETGELFF,CSVQETGELFF
511,CASSFISGYNEQFF,CASSFPSGYNEQFF
512,CASSVGNEQFF,CASSVGNGEQFF
513,CASSQTENTEAFF,CASSQLENTEAFF
514,CASSVSGVSYNEQFF,CASSVSGISYNEQFF
515,CASSPLHNEQFF,CASSPHNEQFF
516,CASSQGPANTEAFF,CASSQGPENTEAFF
517,CASSVGGEQFF,CASSVGNGEQFF
518,CASSPAYEQYF,CASSPASYEQYF
519,CASSLGTEAFF,CASSLGVEAFF
520,CASSQAPGSYEQYF,CASSQAPGAYEQYF
521,CASSLGATYEQYF,CASSLGQTYEQYF
522,CASSLEVGQETQYF,CASSLEVGGETQYF
523,CASSVGYEQYF,CASSVDGYEQYF
524,CASSLEGQQNTEAFF,CASSLEGQVNTEAFF
525,CASSLGTEAFF,CASSSGTEAFF
526,CASSTGYEQYF,CASSTDGYEQYF
527,CASSTGETQYF,CASSQTGETQYF
528,CASSFSGISYEQYF,CASSFSGSYEQYF
529,CASSPGTTYEQYF,CASSPGSTYEQYF
530,CASSEGTGLYEQYF,CASSEGTGRLYEQYF
531,CASSVGNEQFF,CASSVGGNEQFF
532,CASSVAQEQFF,CASSVAREQFF
533,CASRLTRGYNEQFF,CASSLTRGYNEQFF
534,CASSTGETQYF,CASSVGETQYF
535,CSARKISSYEQYF,CSARKRSSYEQYF
536,CASSVGEAQYF,CASSVGETQYF
537,CASSLGETQYF,CASSVGETQYF
538,CASSVGGAEQYF,CASSVGGAYEQYF
539,CASSVSETQYF,CASSVGETQYF
540,CASSVGEQQYF,CASSVGETQYF
541,CASSLGGLSYEQYF,CASSLGGPSYEQYF
542,CASSLAVYEQYF,CASSLADYEQYF
543,CASSVGGTQYF,CASSVGETQYF
544,CASSVGGGADQPQHF,CASSVGGADQPQHF
545,CASSVGGGEQYF,CASSVGGGYEQYF
546,CASSESTGELFF,CASSVSTGELFF
547,CASSASGSSYNEQFF,CASSPSGSSYNEQFF
548,CASSAGSSYNEQFF,CASSASGSSYNEQFF
549,CASSLGTEAFF,CASSRGTEAFF
550,CASSVGGEQFF,CASSVGGNEQFF
551,CASSVADEQFF,CASSVAREQFF
552,CASSVGQTQYF,CASSVGETQYF
553,CASSVANEQFF,CASSVAREQFF
554,CASSVAEEQFF,CASSVAREQFF
555,CASSVGSGSYEQYF,CASSVGSGHYEQYF
556,CASSVGDTQYF,CASSVGETQYF
557,CASSPGAGELFF,CASSPAGELFF
558,CASSYGQGETQYF,CASSYGGETQYF
559,CASSPSGSGYEQYF,CASSPSGSYEQYF
560,CASSPRDGPYEQYF,CASSPRDLGPYEQYF
561,CSVVNTGELFF,CSVGNTGELFF
562,CASWGIQETQYF,CASSGIQETQYF
563,CASSSPGTSTDTQYF,CASSSPGTSGDTQYF
564,CASSVGGNEQFF,CASSVGWGNEQFF
565,CASSRGSGSYEQYF,CASSRGSGSSYEQYF
566,CASSYGQGETQYF,CASSYGNGETQYF
567,CASSGLAGAGELFF,CASSGLAGTGELFF
568,CASSVGSGSYEQYF,CASSVGSGSSYEQYF
569,CASSEGGDTEAFF,CASSEGGGTEAFF
570,CASSLAGPDTQYF,CASSLAPDTQYF
571,CASSLAGGPYEQYF,CASSLAGPYEQYF
572,CASSVGSGSYEQYF,CASSVGQGSYEQYF
573,CASSVGTGTYEQYF,CASSVGWTGTYEQYF
574,CASSVVGGGTEAFF,CASSVVGGDTEAFF
575,CASSLAGSTDTQYF,CASSLGSTDTQYF
576,CASSSGTGNTEAFF,CASSSGTMNTEAFF
577,CASSVEGNTEAFF,CASSVEGFTEAFF
578,CASSYGGEQYF,CASSLGGEQYF
579,CATSDLQGITDTQYF,CATSDLQGETDTQYF
580,CASSSLTGNTEAFF,CASSSGTGNTEAFF
581,CASSYSFGELFF,CASSYSGGELFF
582,CSVEDGSSYNEQFF,CSVEVGSSYNEQFF
583,CASSVVGGQETQYF,CASSVDGGQETQYF
584,CASSIGLGNEQFF,CASSIGGGNEQFF
585,CASSVVGGGTEAFF,CASSVEGGGTEAFF
586,CASSLFTGELFF,CASSLTGELFF
587,CASSYLSEQYF,CASSYSSEQYF
588,CASSVAGNEQFF,CASSVAYNEQFF
589,CASSVAHYNEQFF,CASSVAYNEQFF
590,CASSVADNEQFF,CASSVAYNEQFF
591,CASSYGPDTQYF,CASSYGGDTQYF
592,CASSLSGDEQFF,CASSLSGHEQFF
593,CASSLSGDEQFF,CASSLTGDEQFF
594,CASSILTDTQYF,CASSLTDTQYF
595,CASSYGPNEQFF,CASSYGPYEQFF
596,CASSLGYNEQFF,CASSLEGYNEQFF
597,CASSEEGYNEQFF,CASSLEGYNEQFF
598,CASSYSLGNEQFF,CASSYSGNEQFF
599,CASSLTGRNTEAFF,CASSLSGRNTEAFF
600,CASSPGDTEAFF,CASSPQDTEAFF
601,CASSVDRYNEQFF,CASSVDSYNEQFF
602,CASSVVGSGELFF,CASSVGGSGELFF
603,CASSVAGSGELFF,CASSVGGSGELFF
604,CASSGGSSYEQYF,CASSGGSYEQYF
605,CASSGGSSYEQYF,CASSVGSSYEQYF
606,CASSGGPSYEQYF,CASSGGSYEQYF
607,CASSDGGGELFF,CASSGGGELFF
608,CASSVGASYEQYF,CASSVGGSYEQYF
609,CASSVGASYEQYF,CASSVGGASYEQYF
610,CASSVGASYEQYF,CASSVGSSYEQYF
611,CSARDLRGYGYTF,CSARDLRVYGYTF
612,CASSVVGDPSYEQYF,CASSVGGDPSYEQYF
613,CATSVGGGYTF,CATSVQGGYTF
614,CASSLGLNTEAFF,CASSLGGNTEAFF
615,CASSSVSYEQYF,CASSQVSYEQYF
616,CASSLGTGYEQYF,CASSPGTGYEQYF
617,CASSYSVSYEQYF,CASSFSVSYEQYF
618,CASSLGYNEQFF,CASSLAGYNEQFF
619,CASSIRSAYEQYF,CASSIRSSYEQYF
620,CASSSVSYEQYF,CASSSESYEQYF
621,CASSPGTNYEQYF,CASSPGTTYEQYF
622,CASSYSRGNEQYF,CASSYSTGNEQYF
623,CASSYPSYEQYF,CASSYSYEQYF
624,CASSVDMNTEAFF,CASSVMNTEAFF
625,CASSVAGNEQFF,CASSVAGPNEQFF
626,CASSLGQFSYEQYF,CASSLGQSYEQYF
627,CASSLGNTEAFF,CASSFGNTEAFF
628,CASSVAGNEQFF,CASSVRGNEQFF
629,CASSLAGAALAFF,CASSLAGAADAFF
630,CASSYGPNEQFF,CASSYGPNNEQFF
631,CASSMAANTEAFF,CASSMAVNTEAFF
632,CASREGYNEQFF,CASRMGYNEQFF
633,CASSYGRAEAFF,CASSYGREEAFF
634,CASSGDSSYEQYF,CASSGDSAYEQYF
635,CASSVADPNYGYTF,CASSVADSNYGYTF
636,CASSALGNEQFF,CASSASLGNEQFF
637,CASSGDAAYEQYF,CASSGDSAYEQYF
638,CASSSGQSYEQYF,CASSSGQGYEQYF
639,CASSLGNTEAFF,CASSLWGNTEAFF
640,CASSVGASYEQYF,CASSVDASYEQYF
641,CATSDLQGITDTQYF,CATSDLQGSTDTQYF
642,CATSDLQGITDTQYF,CATSDLVGITDTQYF
643,CASSLPGQPYEQYF,CASSQPGQPYEQYF
644,CASTLWGTNEKLFF,CASSLWGTNEKLFF
645,CASSVVGGGTEAFF,CASSVVGGNTEAFF
646,CASSLGYNEQFF,CASSLYYNEQFF
647,CASSGGNTEAFF,CASSGPNTEAFF
648,CASSYLGQGYGYTF,CASSYLGQAYGYTF
649,CASSQELANNEQFF,CASSQETANNEQFF
650,CASSYSPTYEQYF,CASSYSATYEQYF
651,CASSYSFGELFF,CASSYSIGELFF
652,CASSLAGSTDTQYF,CASSLAGESTDTQYF
653,CASSFGGLSYNEQFF,CASSLGGLSYNEQFF
654,CASSLQYEQYF,CASSLGYEQYF
655,CASSTGRSSYEQYF,CASSAGRSSYEQYF
656,CASSFASNTEAFF,CASSFYSNTEAFF
657,CSARGGQNTGELFF,CSARGGQVNTGELFF
658,CASSGGSSYEQYF,CASSGGNSYEQYF
659,CASSGGPSYEQYF,CASSGGNSYEQYF
660,CASSASGRGNEQFF,CASSASGRVGNEQFF
661,CASSLGNTEAFF,CASSRGNTEAFF
662,CASSVAGNEQFF,CASSVGGNEQFF
663,CASSRGVHEQYF,CASRGVHEQYF
664,CASSPGSSYNEQFF,CASSPSGSSYNEQFF
665,CASSLSVRTEQYF,CASSLSVGTEQYF
666,CASSPVDRVNEQYF,CASSPADRVNEQYF
667,CASSQVAGYEQYF,CASSQVEGYEQYF
668,CASSGYNEQFF,CASSGYSNEQFF
669,CASSVDMNTEAFF,CASSVVMNTEAFF
670,CASSLAPQDTQYF,CASSLAPDTQYF
671,CASSLGNTEAFF,CASSLGNNEAFF
672,CASSLGNTEAFF,CASSLGGTEAFF
673,CASSLGRGTYEQYF,CASSLGGTYEQYF
674,CASSWGNYEQYF,CASSWGYEQYF
675,CASSLIGNEQFF,CASSLPGNEQFF
676,CASSGDSSYEQYF,CASSGDSYEQYF
677,CASSLQLNTEAFF,CASSLQGNTEAFF
678,CASSFPGQGAGELFF,CASSFGQGAGELFF
679,CASSIITGSNQPQHF,CASSIGTGSNQPQHF
680,CASSMGQGTYEQYF,CASSMGQGTSYEQYF
681,CASSMGQGTYEQYF,CASSMGQGTLYEQYF
682,CASSSNTGELFF,CASSPSNTGELFF
683,CASSYSGPGELFF,CASSYSGGELFF
684,CASSDGTYNEQFF,CASSGGTYNEQFF
685,CASSPAGAYEQYF,CASSPVGAYEQYF
686,CASSPAGAYEQYF,CASSPAGNYEQYF
687,CASSLGGGYNEQFF,CASSLLGGGYNEQFF
688,CASSLLGFSYNEQFF,CASSLLGGSYNEQFF
689,CASSLGTGYNEQFF,CASSLTGYNEQFF
690,CASGLGTYEQYF,CASGLGGYEQYF
691,CASSLGAGGGETQYF,CASSLGAGGETQYF
692,CASSLTSGIYNEQFF,CASSLTSGPYNEQFF
693,CASSLTAGNTEAFF,CASSLTVGNTEAFF
694,CASSLGGGYEQYF,CASSLGGYEQYF
695,CASSLGSTDTQYF,CASSLGSDTQYF
696,CASSLAQGNTGELFF,CASSLGQGNTGELFF
697,CASSSTGGLYNEQFF,CASSSTGGAYNEQFF
698,CAIGGTGGTGELFF,CAGGTGGTGELFF
699,CASSETGELFF,CASSGTGELFF
700,CASSLGGGYEQYF,CASSLGGYEQYF
701,CASSLGEYTDTQYF,CASSLGPYTDTQYF
702,CASSLTGETYEQYF,CASSLTGTYEQYF
703,CASSLGVGTEAFF,CASSLGGTEAFF
704,CASSLSGQPQHF,CASSLIGQPQHF
705,CASSPGGQPQHF,CASSSGGQPQHF
706,CASSQGGQPQHF,CASSSGGQPQHF
707,CASSLGSGSYNEQFF,CASSLDSGSYNEQFF
708,CASSSGYEQYF,CASSPSGYEQYF
709,CASSLGGGYEQYF,CASSLEGGYEQYF
710,CASSLGGTDTQYF,CASSLGTGTDTQYF
711,CASSLGGSYEQYF,CASSLGQSYEQYF
712,CASSLVSGELFF,CASSLVPGELFF
713,CASSQDPGVNTEAFF,CASSQDPGLNTEAFF
714,CASSWGQTYEQYF,CASSSGQTYEQYF
715,CASSYTNTGELFF,CASSYSNTGELFF
716,CASSQDPGMNTEAFF,CASSQDPGLNTEAFF
717,CASSQDPALNTEAFF,CASSQDPGLNTEAFF
718,CASSLGLAGGNEQFF,CASSLGLAGGYEQFF
719,CASSLGSTDTQYF,CASSLGTDTQYF
720,CASSGGSGYEQYF,CASSEGGSGYEQYF
721,CASSLAPGGDTEAFF,CASSLATGGDTEAFF
722,CASSFGYEQYF,CASSFTGYEQYF
723,CASSYSAGDTGELFF,CASSYSLGDTGELFF
724,CASSLTGSSTDTQYF,CASSLTGFSTDTQYF
725,CASSLGLVYEQYF,CASSLGLVSYEQYF
726,CASSLQLNTEAFF,CASSLKLNTEAFF
727,CASSFPDTQYF,CASSFPDEQYF
728,CATSDLQGETDTQYF,CATSDLQGSTDTQYF
729,CASSSTGGLYNEQFF,CASSSTGGGYNEQFF
730,CASSLGGGYNEQFF,CASSLGGYNEQFF
731,CASSLGSGYNEQFF,CASSLGGYNEQFF
732,CASSIQGDNQPQHF,CASSLQGDNQPQHF
733,CASSIGGNQPQHF,CASSLGGNQPQHF
734,CASSWTGETEAFF,CASSWTGGTEAFF
735,CASSLGVYNEQFF,CASSLGGYNEQFF
736,CASSLGVYNEQFF,CASSLGPYNEQFF
737,CASSLGVGYNEQFF,CASSLGGYNEQFF
738,CASSLGTGYNEQFF,CASSLGGYNEQFF
739,CASSLGVGNQPQHF,CASSLGGNQPQHF
740,CASSVVGGDTEAFF,CASSVVGGGTEAFF
741,CASSVVGGDTEAFF,CASSVVGGNTEAFF
742,CASSLTGETYEQYF,CASSTGETYEQYF
743,CASSLTGEAYEQYF,CASSLTEAYEQYF
744,CASSRTSGNTDTQYF,CASSRTSGGTDTQYF
745,CASSVGLSTDTQYF,CASSVGYSTDTQYF
746,CASSWTGETEAFF,CASSTGETEAFF
747,CASSWGQTYEQYF,CASSLGQTYEQYF
748,CASSVGISTDTQYF,CASSVGYSTDTQYF
749,CASSSNTGELFF,CASSGNTGELFF
750,CASSLGLNEQFF,CASSLGENEQFF
751,CASSFGYEQYF,CASSLGYEQYF
752,CASSLGVYNEQFF,CASSLGQYNEQFF
753,CASSLTGESNQPQHF,CASSLTESNQPQHF
754,CASSSNTGELFF,CASSSYTGELFF
755,CASSLGSGYNEQFF,CASSLGSSYNEQFF
756,CASSLGGTDTQYF,CASSLGTDTQYF
757,CASSPGGQPQHF,CASSPEGGQPQHF
758,CASSLHRDSYEQYF,CASSLHRDHYEQYF
759,CASSLHRDSYEQYF,CASSLSRDSYEQYF
760,CASSLHRDSYEQYF,CASSLHRDVSYEQYF
761,CASSLGSGSYNEQFF,CASSLGSSYNEQFF
762,CASSLGLTDTQYF,CASSLFLTDTQYF
763,CASSLGLTDTQYF,CASSLGTDTQYF
764,CASSSGTMNTEAFF,CASSSGMNTEAFF
765,CASSLSQGSYNEQFF,CASSLSQGAYNEQFF
766,CASSLGQGIGYTF,CASSLGQGSGYTF
767,CASSQENYSNQPQHF,CASSQERYSNQPQHF
768,CASSQVRYQETQYF,CASSQSRYQETQYF
769,CASSLGGSYEQYF,CASSLIGGSYEQYF
770,CASSLTNTGELFF,CASSLTGNTGELFF
771,CASSLGVGTEAFF,CASSLGQGTEAFF
772,CASSLGVGTEAFF,CASSLSVGTEAFF
773,CASSLYTGSNTEAFF,CASSLYTGANTEAFF
774,CASSLYTGSNTEAFF,CASSLYTGVNTEAFF
775,CASSPTSDQETQYF,CASRPTSDQETQYF
776,CASSLSQGAYNEQFF,CASSLQGAYNEQFF
777,CASSLGLNEQFF,CASSRLGLNEQFF
778,CASSQDRDSSYEQYF,CASSQDPDSSYEQYF
779,CASSLGGTDTQYF,CASSLGGSDTQYF
780,CASSLGGTDTQYF,CASSLGTDTQYF
781,CASSLTAGNTEAFF,CASSLTTGNTEAFF
782,CASSLVSGELFF,CASSLVLSGELFF
783,CASSLTGTGNTEAFF,CASSLTGTGSTEAFF
784,CASSLGSTDTQYF,CASSLGVSTDTQYF
785,CASSLGLTDTQYF,CASSLGTDTQYF
786,CASSLGLNNEQFF,CASSLTLNNEQFF
787,CASSSGAYEQYF,CASSLGAYEQYF
788,CSASGGAGEQFF,CSASGGAGELFF
789,CASSLQGNTEAFF,CASSLGGNTEAFF
790,CASSHGQGSYEQYF,CASSHEQGSYEQYF
791,CASSPGGSYEQYF,CASSPPGGSYEQYF
792,CASSIGLGSNQPQHF,CASSIDLGSNQPQHF
793,CASTLGRGLNTEAFF,CASTLGRRLNTEAFF
794,CASSIGAGVLYEQYF,CASSIEAGVLYEQYF
795,CASSPGGSYEQYF,CASSPGGSEQYF
796,CASSPGGSYEQYF,CASSPGGYEQYF
797,CASSQRDGSYEQYF,CASSQRDTSYEQYF
798,CASSPSGDRSYEQYF,CASSPSGDLSYEQYF
799,CASSIGQGVTYEQYF,CASSIGQGITYEQYF
800,CASSIGQGIEYEQYF,CASSIGQGITYEQYF
801,CASSIGAGITYEQYF,CASSIGQGITYEQYF
802,CASSAGQGLTYEQYF,CASSAGQGITYEQYF
803,CASSFGNTEAFF,CASSFGSTEAFF
804,CASSIGQGWTYEQYF,CASSIGQGITYEQYF
805,CASSIGQGITYEQYF,CASSAGQGITYEQYF
806,CASSIGQGLTYEQYF,CASSIGQGITYEQYF
807,CASSAGLGITYEQYF,CASSAGQGITYEQYF
808,CASSAGQGISYEQYF,CASSAGQGITYEQYF
809,CASSGDYNEQFF,CASSGTDYNEQFF
810,CASSAGQGITYEQYF,CASSIGQGITYEQYF
811,CASSLQGNTEAFF,CASSLSGNTEAFF
812,CASSIGVGTSYEQYF,CASSIVGTSYEQYF
813,CASSHGQGSYEQYF,CASSHGQGSSYEQYF
814,CASSIGSGASYEQYF,CASSISGASYEQYF
815,CASSTGQGIPDTQYF,CASSTGQGIADTQYF
816,CASSIGTGWSTEAFF,CASSIGTGSTEAFF
817,CASSSGAYEQYF,CASSSGFYEQYF
818,CASSIGRGTAYEQYF,CASSIGRGGAYEQYF
819,CASSIGRGTAYEQYF,CASSIGRGLAYEQYF
820,CASSIGLGLAYEQYF,CASSIGRGLAYEQYF
821,CASSIGRGLAYEQYF,CASSIGRGGAYEQYF
822,CSARDNLSYEQYF,CSARDLSYEQYF
823,CASSIGTGRSYEQYF,CASSIGTGTSYEQYF
824,CASSIGTGDSYEQYF,CASSIGTGTSYEQYF
825,CASSHGTGTSYEQYF,CASSIGTGTSYEQYF
826,CASSMGTGTSYEQYF,CASSIGTGTSYEQYF
827,CASSLQGNTEAFF,CASSLWQGNTEAFF
828,CASSIGVGTSYEQYF,CASSIGTGTSYEQYF
829,CASSIGTGYSYEQYF,CASSIGTGTSYEQYF
830,CASSIGTGTIYEQYF,CASSIGTGTSYEQYF
831,CASSIGRGTSYEQYF,CASSIGTGTSYEQYF
832,CASSIGEGTSYEQYF,CASSIGTGTSYEQYF
833,CASSIGQGTSYEQYF,CASSIGTGTSYEQYF
834,CASSIGTGFSYEQYF,CASSIGTGTSYEQYF
835,CASSIGTGWSYEQYF,CASSIGTGTSYEQYF
836,CASSIGTGNSYEQYF,CASSIGTGTSYEQYF
837,CASSIGSGTSYEQYF,CASSIGTGTSYEQYF
838,CASSAGQGTSYEQYF,CASSARQGTSYEQYF
839,CASSPGTGVAYEQYF,CASSPGTGVRYEQYF
840,CASSPGTGRRYEQYF,CASSPGTGVRYEQYF
841,CASSPGTGVSYEQYF,CASSPGTGVRYEQYF
842,CASSIGLSSYNEQFF,CASSIGGSSYNEQFF
843,CASSIGAGVHNEQFF,CASSIGAGVFNEQFF
844,CASSIGAGVHNEQFF,CASSIGAGVGNEQFF
845,CASSIGAGFGNEQFF,CASSIGAGVGNEQFF
846,CASSIGRSSYNEQFF,CASSIGGSSYNEQFF
847,CASSIGAGVRNEQFF,CASSIGAGVFNEQFF
848,CASSIGAGVRNEQFF,CASSIGAGVGNEQFF
849,CASSTGAGVGNEQFF,CASSTAAGVGNEQFF
850,CASSTGAGVGNEQFF,CASSIGAGVGNEQFF
851,CASSIGAGAGNEQFF,CASSIGAGVGNEQFF
852,CASSLTAGVYEQYF,CASSLTAGVTYEQYF
853,CASSIGTGVAYEQYF,CASSIGTGEAYEQYF
854,CASSTGTGVSYEQYF,CASSTGTGVYEQYF
855,CASSTGTGLVYEQYF,CASSTGTGVYEQYF
856,CASSIGLGEAYEQYF,CASSIGTGEAYEQYF
857,CASSIGTGEGYEQYF,CASSIGTGEAYEQYF
858,CASSIGTGSAYEQYF,CASSIGTGEAYEQYF
859,CASSIGSGEAYEQYF,CASSIGTGEAYEQYF
860,CASSIGTGSYNEQFF,CASSIRTGSYNEQFF
861,CASSSTGAGTDTQYF,CASSATGAGTDTQYF
862,CASSYGGVGYTF,CASSYGGYGYTF
863,CASSFSGTEFF,CASSFSGTEQFF
864,CASSFAGYEQFF,CASSFGYEQFF
865,CASSWTGAYEQYF,CASSWTGPYEQYF
866,CASSSSYEQYF,CASSISYEQYF
867,CASSSSYEQYF,CASSQSYEQYF
868,CASSSSYEQYF,CASSLSYEQYF
869,CASSQSGEQYF,CASSQSYEQYF
870,CASSQEAGSYEQYF,CASSQERGSYEQYF
871,CASSLSGGSTDTQYF,CASSLTGGSTDTQYF
872,CASSLSGGSTDTQYF,CASSSSGGSTDTQYF
873,CASSISSEQYF,CASSISYEQYF
874,CASSFAGNEQFF,CASSFGGNEQFF
875,CASSFDGNEQFF,CASSFGGNEQFF
876,CASSFRGYEQYF,CASSFGYEQYF
877,CASSLTGAVTDTQYF,CASSLTGATTDTQYF
878,CASSLTGAVTDTQYF,CASSLTGAITDTQYF
879,CASSLSYEQYF,CASSISYEQYF
880,CASSLSYEQYF,CASSQSYEQYF
881,CASSLSYEQYF,CASSLGSYEQYF
882,CASSYGSYEQYF,CASSYGPYEQYF
883,CASSLTYEQYF,CASSLSYEQYF
884,CASSFSGEQYF,CASSFWGEQYF
885,CSVEAGGGYEQYF,CSVEAGGSGYEQYF
886,CASSFGTTEAFF,CASSFGNTEAFF
887,CASSFSGEQFF,CASSFSGTEQFF
888,CASSLGAYEQYF,CASSLGSYEQYF
889,CASSLSGASTDTQYF,CASSTSGASTDTQYF
890,CASSWDRVYEQYF,CASSWDRSYEQYF
891,CASSFHGEQYF,CASSFWGEQYF
892,CASSSSGSSTDTQYF,CASSSSGTSTDTQYF
893,CASSSSGSSTDTQYF,CASSSSGGSTDTQYF
894,CASSFRGYEQYF,CASSRGYEQYF
895,CASSPGGIQYF,CASSPGGEQYF
896,CASSPTGEEQFF,CASSPTGNEQFF
897,CASSPTGYEQFF,CASSPTGNEQFF
898,CASSEGGSYEQYF,CASSGGSYEQYF
899,CASSQTDTQYF,CASSQLTDTQYF
900,CASSPTGAEQFF,CASSPTGNEQFF
901,CASSLGGAEAFF,CASSLGGEAFF
902,CASSLGGAEAFF,CASSLGGPEAFF
903,CASSLTGYEQYF,CASSLGGYEQYF
904,CASSSSGYEQYF,CASSSDGYEQYF
905,CASSPTGHEQFF,CASSPTGNEQFF
906,CASSPTGSEQFF,CASSPTGNEQFF
907,CASSLVGEKLFF,CASSLGEKLFF
908,CASSFLGDGYTF,CASSFGGDGYTF
909,CASSWGGELFF,CASSFGGELFF
910,CASSWGGTEAFF,CASSPGGTEAFF
911,CASSLTGYEQYF,CASSLGGYEQYF
912,CASSYGSTEAFF,CASSYGSPTEAFF
913,CASSLVGPTEAFF,CASSLVGNTEAFF
914,CSVEQGSYEQYF,CSVEQGPYEQYF
915,CASSLSGPSYNEQFF,CASSLSGSYNEQFF
916,CASSPPTGVSYEQYF,CASSPPTGVPYEQYF
917,CASSYLGDTQYF,CASSYYLGDTQYF
918,CASSLGAYEQYF,CASSLGANEQYF
919,CSAGGGTEAFF,CSAGGNTEAFF
920,CSAPSGGAAETQYF,CSAPSGGAQETQYF
921,CASSLTGAVTDTQYF,CASSLTGASTDTQYF
922,CASSLGETQYF,CASSLIETQYF
923,CASSLSGASTDTQYF,CASSLTGASTDTQYF
924,CASSLGTEAFF,CASSLMGTEAFF
925,CASSQGGVQFF,CASSQGGVQQFF
926,CASSEAGNEQFF,CASSLAGNEQFF
927,CASSLGSEQFF,CASSLGGEQFF
928,CASSLPTDTQYF,CASSLGTDTQYF
929,CASSLVGEQFF,CASSLGVGEQFF
930,CASSYGSAEQYF,CASSYGAEQYF
931,CASSYGSYEQYF,CASSYGNSYEQYF
932,CASSYGSYEQYF,CASSYGQSYEQYF
933,CASSLAGDEQFF,CASSLAGDYEQFF
934,CASSLGETQYF,CASSLGDTQYF
935,CASSPTGYEQFF,CASSPTSYEQFF
936,CASSWDRANYGYTF,CASSWDRNYGYTF
937,CASSLAETQYF,CASSFLAETQYF
938,CASSWTGAGEQYF,CASSWTGAEQYF
939,CASSLSGEKLFF,CASSLGEKLFF
940,CASSLTNTQYF,CASSLTDTQYF
941,CASSFGEKLFF,CASSLGEKLFF
942,CASSLQDTQYF,CASSLTDTQYF
943,CASSWTGAYEQYF,CASSWTGAEQYF
944,CASSLSGGSTDTQYF,CASSLTGGSTDTQYF
945,CASSLSGGSTDTQYF,CASSSSGGSTDTQYF
946,CASSFAGNEQFF,CASSPAGNEQFF
947,CASSYDNEQFF,CASSSDNEQFF
948,CASSSTDTQYF,CASSLTDTQYF
949,CASSSTDTQYF,CASSFTDTQYF
950,CASSPTGAEQYF,CASSWTGAEQYF
951,CASSPAGGEQFF,CASSPAGNEQFF
952,CSASSGRETQYF,CSASDGRETQYF
953,CASSLSYEQYF,CASSLSPEQYF
954,CASSLTYEQYF,CASSLTNYEQYF
955,CASSLTYEQYF,CASSLTYEQFF
956,CASSPSNTGELFF,CASRPSNTGELFF
957,CASSFKDTQYF,CASSFTDTQYF
958,CASSPTSYEQYF,CASSPTSYEQFF
959,CASSLSEKLFF,CASSLGEKLFF
960,CASTSGPEQYF,CASSSGPEQYF
961,CASSLRGGELFF,CASSLFGGELFF
962,CASSFSGEQFF,CASSFSPGEQFF
963,CASSLADTQYF,CASSLTDTQYF
964,CASSLTSYEQFF,CASSPTSYEQFF
965,CASSLTGAEQYF,CASSWTGAEQYF
966,CASSPSSEQFF,CASSPSNEQFF
967,CASSLSSGSEQFF,CASSLSVGSEQFF
968,CASSSSGSSTDTQYF,CASSSSGGSTDTQYF
969,CASSYAGNEQFF,CASSPAGNEQFF
970,CASSQTDTQYF,CASSQADTQYF
971,CASSSSYEQYF,CASSSSDEQYF
972,CASSSSETQYF,CASSSSGTQYF
973,CASSLSGTQYF,CASSSSGTQYF
974,CSVELGTGEQYF,CSVEAGTGEQYF
975,CASSYGSAEQYF,CASSYGPAEQYF
976,CASSSSSEQYF,CASSSSDEQYF
977,CASSPTGETQYF,CASSPTQETQYF
978,CASSYGSTEAFF,CASSYGTEAFF
979,CASSVEGGGTEAFF,CASSVVGGGTEAFF
980,CASSLSGEKLFF,CASSLGGEKLFF
981,CASSQGGYEQYF,CASSYQGGYEQYF
982,CASSPAGTTNYGYTF,CASSPGTTNYGYTF
983,CASSYSGGELFF,CASSYSIGELFF
984,CASSSTGELFF,CASSQSTGELFF
985,CASSQGGETQYF,CASSLQGGETQYF
986,CASSLTGAAPDTQYF,CASSLTGAADTQYF
987,CASSLGEKLFF,CASSLGGEKLFF
988,CASSYGSTEAFF,CASSYGSHTEAFF
989,CASSWTGNEAFF,CASSWTGNTEAFF
990,CSVEQGSYEQYF,CSVEQGVSYEQYF
991,CSVEAGDGYEQYF,CSVEAGIGYEQYF
992,CASSQGGYEQYF,CASSQGLYEQYF
993,CASSSDFSSYEQYF,CASSSDSSYEQYF
994,CSVEAGGGYEQYF,CSVEAGIGYEQYF
995,CASSYGGTEAFF,CASSYEGTEAFF
996,CASSSGTGDSPLHF,CASSLGTGDSPLHF
997,CASSWGGTEAFF,CASSTGGTEAFF
998,CASSLQGTGELFF,CASSLQGGTGELFF
999,CASSLGSEQFF,CASSLGNEQFF
1000,CASSVGDTYEQYF,CASSVGHTYEQYF
1001,CASSLYGPEQYF,CASSLGGPEQYF
1002,CASSSTDTQYF,CASSPSTDTQYF
1003,CASSLGGESYEQYF,CASSLGGPSYEQYF
1004,CASSPTGLEQYF,CASSTGLEQYF
1005,CASSGDNSYEQYF,CASSGGNSYEQYF
1006,CASSFSHTQYF,CASSFSHEQYF
1007,CASSLGTGELFF,CASSLGLTGELFF
1008,CASSFDGNEQFF,CASSLDGNEQFF
1009,CASSYGGETQYF,CASSYGGTQYF
1010,CASSYGGDTQYF,CASSYGGTQYF
1011,CASSYGGDTQYF,CASSYGGETQYF
1012,CASSLGVEETQYF,CASSLGGEETQYF
1013,CASSFSGEQYF,CASSFSHEQYF
1014,CASSFSAEQYF,CASSFSHEQYF
1015,CASSYGGTEQYF,CASSYGGTQYF
1016,CASSYSETQYF,CASSYSQETQYF
1017,CASSLGGAEAFF,CASSLGGTEAFF
1018,CASSYVGNEQFF,CASSYVRGNEQFF
1019,CASSYGGETQYF,CASSYGNGETQYF
1020,CASSLSYEQYF,CASSLVSYEQYF
1021,CASSLAGDEQFF,CASSLAADEQFF
1022,CASSLGETQYF,CASSLGVETQYF
1023,CASSPGQGGEKLFF,CASSSPGQGGEKLFF
1024,CASSVEGGGTEAFF,CASSEGGGTEAFF
1025,CASSYGGEKLFF,CASSYGNEKLFF
1026,CASSVGDTYEQYF,CASSVGDNYEQYF
1027,CSVEQGSYEQYF,CSVEQGVSYEQYF
1028,CSVEAGDGYEQYF,CSVEAGVGYEQYF
1029,CASSYSGGELFF,CASSYSSGGELFF
1030,CASSFGSYEQYF,CASSFGQSYEQYF
1031,CASSLTMNYGYTF,CASSLTGNYGYTF
1032,CASSLNYGYTF,CASSLVNYGYTF
1033,CASSLGGPGEQFF,CASSLGGPGEQYF
1034,CASSYGSYEQYF,CASSYGQSYEQYF
1035,CSVEAGGGYEQYF,CSVEAGVGYEQYF
1036,CASSLVGYGYTF,CASSLVNYGYTF
1037,CASSAGLAGDYEQYF,CASSAGLAGDEQYF
1038,CSIGAGTSYEQYF,CSVGAGTSYEQYF
1039,CSVESGTYEQYF,CSVEGGTYEQYF
1040,CSVEQGSYEQYF,CSVEQGYEQYF
1041,CSVELGTGEQYF,CSVELGTWEQYF
1042,CASSYGGDTQYF,CASSGYGGDTQYF
1043,CASSYGGDTQYF,CASSYTGGDTQYF
1044,CATSDLTGNTGELFF,CATSDLGGNTGELFF
1045,CASSWPGTGELFF,CASSFPGTGELFF
1046,CASSFGYEQYF,CASSRGYEQYF
1047,CSVGDTGYEQYF,CSVGDIGYEQYF
1048,CASSTGQGAEAFF,CASSLGQGAEAFF
1049,CASSVGGYNEQFF,CASSVGGGYNEQFF
1050,CASSLAGNSYNEQFF,CASSLAGSYNEQFF
1051,CASSGSYEQYF,CASSGGSYEQYF
1052,CASSGSYEQYF,CASSTGSYEQYF
1053,CASSFGSAYEQYF,CASSFGSYEQYF
1054,CASSFGSAYEQYF,CASSFGSAEQYF
1055,CASSFGSAYEQYF,CASSFGGAYEQYF
1056,CASSFGSAYEQYF,CASSFGTAYEQYF
1057,CASSFGSAYEQYF,CASSFGSSYEQYF
1058,CASSVGGYEQYF,CASSVGGDYEQYF
1059,CASSVGGYEQYF,CASSVGGSYEQYF
1060,CASSLEGDIQYF,CASSLEGDTQYF
1061,CASSLGGNTEAFF,CASSLGGTEAFF
1062,CASSWSSYEQYF,CASSWGSYEQYF
1063,CASSLEGGYGYTF,CASSLGGYGYTF
1064,CASSLVGPTEAFF,CASSLVGNTEAFF
1065,CASSPGGYEQYF,CASSPTGGYEQYF
1066,CASSFGGSRYEQYF,CASSFGGSSYEQYF
1067,CASSFGGSRYEQYF,CASSFGGSIYEQYF
1068,CASSFGRGYEQYF,CASSFGRGPYEQYF
1069,CASSLGASYEQYF,CASSLGASSYEQYF
1070,CASSFGGHGYTF,CASSFGGDGYTF
1071,CASSFGSYEQYF,CASSFGVSYEQYF
1072,CASSFGSYEQYF,CASSWGSYEQYF
1073,CASSVTGTYEQYF,CASSLTGTYEQYF
1074,CASSLSYEQYF,CASSFSYEQYF
1075,CASSLSYEQYF,CASSYSYEQYF
1076,CASSLSYEQYF,CASSLTYEQYF
1077,CASSLGTSGETQYF,CASSLGTSVETQYF
1078,CASSLTGYNEQFF,CASTLTGYNEQFF
1079,CASSQTGGGTEAFF,CASSQTGGWTEAFF
1080,CASSLSYEQFF,CASSLSYEQYF
1081,CASSQGYEQYF,CASSQGNYEQYF
1082,CASSPGTGGETQYF,CASSPGTLGETQYF
1083,CASSPGTGGETQYF,CASSPGTIGETQYF
1084,CASSLEGYNEQFF,CASSLAGYNEQFF
1085,CASGLGGYEQYF,CASGLGRGYEQYF
1086,CASSLGGNTEAFF,CASSLSGNTEAFF
1087,CASSFTGASTDTQYF,CASSLTGASTDTQYF
1088,CASSLTGATTDTQYF,CASSLTGASTDTQYF
1089,CASSFWGEAFF,CASSLWGEAFF
1090,CASSLTGAITDTQYF,CASSLTGASTDTQYF
1091,CASSLTGAVTDTQYF,CASSLTGASTDTQYF
1092,CASSLTGTSTDTQYF,CASSLTGASTDTQYF
1093,CASSLTGGSTDTQYF,CASSLTGASTDTQYF
1094,CASSWTGASTDTQYF,CASSLTGASTDTQYF
1095,CASSPTGGITDTQYF,CASSPTGGTDTQYF
1096,CASSRTGASTDTQYF,CASSLTGASTDTQYF
1097,CASSLTGISTDTQYF,CASSLTGASTDTQYF
1098,CASSATGASTDTQYF,CASSLTGASTDTQYF
1099,CASSVDSYEQYF,CASSRDSYEQYF
1100,CASSLYTDTQYF,CASSLYRTDTQYF
1101,CASSQDDGYEQYF,CASSQDPGYEQYF
1102,CASSFGGNEQFF,CASSFGINEQFF
1103,CASSSPDSYEQYF,CASSSGDSYEQYF
1104,CASSQDPGSYEQYF,CASSQDPGSLYEQYF
1105,CASSQDPGSYEQYF,CASSQDPGYEQYF
1106,CASSLGGNTEAFF,CASSLGINTEAFF
1107,CASSLGASYEQYF,CASSLWASYEQYF
1108,CASSYGNGYEQYF,CASSYGNSYEQYF
1109,CASSYSGSYYGYTF,CASSYSGGYYGYTF
1110,CASSLETGGTDTQYF,CASSLFTGGTDTQYF
1111,CASSLSYEQYF,CASSFSYEQYF
1112,CASSSSGTSTDTQYF,CASSSSGGSTDTQYF
1113,CASSFGQGYEQYF,CASSFGGGYEQYF
1114,CASSLSWETQYF,CASSLSVETQYF
1115,CASSPRTGSTDTQYF,CASSPRGGSTDTQYF
1116,CASSLTGTSTDTQYF,CASSLTGGSTDTQYF
1117,CASSLIGDTQYF,CASSYIGDTQYF
1118,CASSYGGYGYTF,CASSYGGGYGYTF
1119,CASSDSYEQYF,CASSESYEQYF
1120,CASSLRGSSYEQYF,CASSLGSSYEQYF
1121,CASSLGGTEAFF,CASSLGTEAFF
1122,CASSLGGTEAFF,CASSLGGYTEAFF
1123,CASSQDAYEQYF,CASSQDSYEQYF
1124,CASSLYGEETQYF,CASSLGGEETQYF
1125,CASSFLSETQYF,CASSFLAETQYF
1126,CASSLSYEQYF,CASSLSPEQYF
1127,CASSSSGGLTDTQYF,CASSSSGGSTDTQYF
1128,CASSFGYEQYF,CASSFTGYEQYF
1129,CASSLDNTEAFF,CASSLANTEAFF
1130,CASSLTGGWTDTQYF,CASSLTGGSTDTQYF
1131,CASSLTGISTDTQYF,CASSLTGGSTDTQYF
1132,CASSVDSYEQYF,CASSQDSYEQYF
1133,CASSTSYEQYF,CASSLTSYEQYF
1134,CASSFGNTEAFF,CASSPGNTEAFF
1135,CASSLWENTEAFF,CASSLWEGNTEAFF
1136,CASSYGPYEQYF,CASSYGPAEQYF
1137,CASSSSGTSTDTQYF,CASSSSGTSGDTQYF
1138,CASSLTGYNEQFF,CASSLGGYNEQFF
1139,CASSYSGTSYEQYF,CASSYSGDSYEQYF
1140,CASSFGYEQFF,CASSFNYEQFF
1141,CASSSSGNSGDTQYF,CASSSSGTSGDTQYF
1142,CASSNDYEQYF,CASSFDYEQYF
1143,CASSGSYEQYF,CASSGSGEQYF
1144,CASSLGSYEQYF,CASSLTGSYEQYF
1145,CASSLLWGSYNEQFF,CASSLWGSYNEQFF
1146,CASSLLAGIYNEQFF,CASSLLAGTYNEQFF
1147,CASSLMAGTDTQYF,CASSLIAGTDTQYF
1148,CASSGGGTEAFF,CASSSGGTEAFF
1149,CASSGGGTEAFF,CASSGGGRTEAFF
1150,CASSLSWYYEQYF,CASSLSPYYEQYF
1151,CASSLTGGSTDTQYF,CASSLTGGSDTQYF
1152,CASSLGGTEAFF,CASSSGGTEAFF
1153,CASSLGASYEQYF,CASSLGATYEQYF
1154,CASSQGGTEAFF,CASSSGGTEAFF
1155,CASSVGGYEQYF,CASSVDGYEQYF
1156,CASSPGQGGTDTQYF,CASSHGQGGTDTQYF
1157,CASSLSSGGTDTQYF,CASSLSGGGTDTQYF
1158,CASSAGGTEAFF,CASSSGGTEAFF
1159,CASSLAGGGTDTQYF,CASSLSGGGTDTQYF
1160,CASSYGQLNTEAFF,CASSYGGQLNTEAFF
1161,CASSQDPGSYEQYF,CASSQDPGLSYEQYF
1162,CASSLGGNTEAFF,CASSLGQNTEAFF
1163,CASSLTGYNEQFF,CASSLTGLYNEQFF
1164,CASSLSGGQETQYF,CASSLSSGQETQYF
1165,CASSLSGGQETQYF,CASSLSQGGQETQYF
1166,CASSFGQGYEQYF,CASSEGQGYEQYF
1167,CASSDSYEQYF,CASSDSGYEQYF
1168,CASSSGGPETQYF,CASSSGGLETQYF
1169,CASSFGYEQYF,CASSFGTYEQYF
1170,CASSFGYEQYF,CASSLGYEQYF
1171,CASSLGAGGETQYF,CASSLGAPGETQYF
1172,CASSLMAGTDTQYF,CASSLRAGTDTQYF
1173,CASSLEGGYGYTF,CASSLQGGYGYTF
1174,CASSFGYEQFF,CASSFGYEQYF
1175,CASSLIGDTQYF,CASSLQGDTQYF
1176,CASSVGGYNEQFF,CASSVGGNEQFF
1177,CASSVGGYEQYF,CASSVGGGYEQYF
1178,CASSVGGYEQYF,CASSVGGAYEQYF
1179,CASSFGNTEAFF,CASSFPGNTEAFF
1180,CASSLTGYNEQFF,CASSLTGGNEQFF
1181,CASSLSGGQETQYF,CASSLSGGETQYF
1182,CASSYSGTSYEQYF,CASSYSGTSEYEQYF
1183,CASSLIGDTQYF,CASSLSIGDTQYF
1184,CASSQRGYEQYF,CASSQGYEQYF
1185,CASSLEGYNEQFF,CASSLEPYNEQFF
1186,CASSYSGSYYGYTF,CASSYSGTSYYGYTF
1187,CASSQGSGEQYF,CASSQGSGYEQYF
1188,CASSVGSGSNYEQYF,CASSVGSGSSYEQYF
1189,CASSPGGYEQYF,CASSPQGYEQYF
1190,CASSLGSYEQYF,CASSLVSYEQYF
1191,CASSQRGYEQYF,CASSQGYEQYF
1192,CASSLSYEQYF,CASSLVSYEQYF
1193,CASSLTGYNEQFF,CASSLTAYNEQFF
1194,CASSFGQGYEQYF,CASSFGQSYEQYF
1195,CASSFGQGSYEQYF,CASSFGQSYEQYF
1196,CASSVEGGGTDTQYF,CASSVAGGGTDTQYF
1197,CASSLRGSSYEQYF,CASSLGSSYEQYF
1198,CASSFDGTVYEQYF,CASSFGGTVYEQYF
1199,CASSLAGNYGYTF,CASSLTGNYGYTF
1200,CASSSTGTSSDTQYF,CASSSTGTSGDTQYF
1201,CASSLTGYNEQFF,CASSLTGYYNEQFF
1202,CASSFGQGYEQYF,CASKFGQGYEQYF
1203,CASSFLDSQETQYF,CASSFLDLQETQYF
1204,CASSFGYEQYF,CASSWGYEQYF
1205,CASSLAGNYGYTF,CASSLAGDYGYTF
1206,CASSYGPSNQPQHF,CASSYGSNQPQHF
1207,CASSLSGGGYGYTF,CASSLSGGGNYGYTF
1208,CASSLEGNEQYF,CASSLGGNEQYF
1209,CASSLGDGYTF,CASSLGGDGYTF
1210,CASSLGATEAFF,CASSLGANEAFF
1211,CASSLNGDTQYF,CASSLGGDTQYF
1212,CSARDSSGVGETQYF,CSARDSGGVGETQYF
1213,CASSLEIGDTQYF,CASSLEGDTQYF
1214,CASSFGGGETQYF,CASSFGGGEQYF
1215,CASSLYNEQFF,CASSLYSNEQFF
1216,CASSLGGSPYEQYF,CASSLGGAPYEQYF
1217,CASSLGGSPYEQYF,CASSLGGSSYEQYF
1218,CASSLGGSPYEQYF,CASSLGGSAYEQYF
1219,CASSLGGSPYEQYF,CASSLGGSHYEQYF
1220,CASSFGRGGYEQYF,CASSFGGGYEQYF
1221,CASSLNQGAYEQYF,CASSLGQGAYEQYF
1222,CASSPGGGAEAFF,CASSPGGAEAFF
1223,CASSLEGYNEQFF,CASSLPGYNEQFF
1224,CASSLAGSYNEQFF,CASSLATSYNEQFF
1225,CASSQGNHQPQHF,CASSQGNQPQHF
1226,CASSVGAPYEQYF,CASSPGAPYEQYF
1227,CASSPSSYEQYF,CASSPSAYEQYF
1228,CASSDSYEQYF,CASSDPYEQYF
1229,CASSLSAGGYEQYF,CASSLSASGYEQYF
1230,CATSDLFTDTQYF,CATSDLVTDTQYF
1231,CATSDLFTDTQYF,CATSDLATDTQYF
1232,CASSDNYEQYF,CASSLNYEQYF
1233,CASSIAAGPTDTQYF,CASSIGAGPTDTQYF
1234,CASSGGGSGNTIYF,CASSPGGSGNTIYF
1235,CASSYSGAEAFF,CASSYSSGAEAFF
1236,CASSLNGDTQYF,CASSLGDTQYF
1237,CASSEAVSSGNTIYF,CASSESVSSGNTIYF
1238,CASSLYNEQFF,CASSLNNEQFF
1239,CASSLYNEQFF,CASSLDNEQFF
1240,CASSLYNEQFF,CASSIYNEQFF
1241,CASSLNYNEQFF,CASSLYNEQFF
1242,CASSYSGAEAFF,CASSYGSGAEAFF
1243,CASSDSYEQYF,CASSDTYEQYF
1244,CASSHTGEQYF,CASSHTGIEQYF
1245,CASSSPSGNEQFF,CASSPSGNEQFF
1246,CASSDGETQYF,CASSDLGETQYF
1247,CASSPSSYEQYF,CASSSSYEQYF
1248,CASSLSPGGYEQYF,CASSSPGGYEQYF
1249,CASSLNGDTQYF,CASSLTGDTQYF
1250,CASSPGGGAEAFF,CASSPLGGAEAFF
1251,CASSLGNQPQHF,CASSLGNNQPQHF
1252,CASSLVTGELFF,CASSLGVTGELFF
1253,CASSLSAGGYEQYF,CASSLSAGFYEQYF
1254,CASSQGSTGELFF,CASSQDSTGELFF
1255,CASSLGETYEQYF,CASSLGATYEQYF
1256,CASSSSYEQYF,CASSDSSYEQYF
1257,CASSLAGGLDEQFF,CASSLAGGQDEQFF
1258,CASSYPGQEAFF,CASSYTGQEAFF
1259,CASSFTGNTEAFF,CASSTGNTEAFF
1260,CASSLNGDTQYF,CASSLGGDTQYF
1261,CASSQTGGSTDTQYF,CASSQTGSTDTQYF
1262,CASSLSGGTEAFF,CASSLLGGTEAFF
1263,CSVEGEGTYEQYF,CSVEGYGTYEQYF
1264,CSVEGEGTYEQYF,CSVEGTGTYEQYF
1265,CASSLNYNEQFF,CASSLNNNEQFF
1266,CASRLQGATEAFF,CASRLQGAGTEAFF
1267,CASSSPSGNEQFF,CASSSASGNEQFF
1268,CASSGRDSYEQYF,CASSGLDSYEQYF
1269,CASSSDGSSYNEQFF,CASSIDGSSYNEQFF
1270,CASSIDQSSYNEQFF,CASSIDGSSYNEQFF
1271,CASSPPGETQYF,CASSPPEETQYF
1272,CASSISGSVNTEAFF,CASSISGSGNTEAFF
1273,CSVERPNSYEQYF,CSVGRPNSYEQYF
1274,CSAREQGTNTGELFF,CSAREQTNTGELFF
1275,CSAREQNTGELFF,CSAREQTNTGELFF
1276,CASSYPGGPYNEQFF,CASSYGGGPYNEQFF
1277,CASSPSSYEQYF,CASSPSGSYEQYF
1278,CSARGSSSYEQYF,CSARGTSSYEQYF
1279,CASSYSGGTEAFF,CASSYSGGTSEAFF
1280,CASSPDPTDTQYF,CASSPNPTDTQYF
1281,CASSRGNNEQFF,CASSRVNNEQFF
1282,CASSLGQTYEQYF,CASSLGGTYEQYF
1283,CASSLQGNTEAFF,CASSLLQGNTEAFF
1284,CASSISGSAYNEQFF,CASSISGSGYNEQFF
1285,CASSISGSAYNEQFF,CASSISGAAYNEQFF
1286,CASSYSGSYNEQFF,CASSYSGSGYNEQFF
1287,CASSVDSYNEQFF,CASSVADSYNEQFF
1288,CASSPTSGGANEQFF,CASSPTSGGYNEQFF
1289,CASSSTGFTEAFF,CASSLSTGFTEAFF
1290,CASSLSGGTTDTQYF,CASSLMGGTTDTQYF
1291,CASSLAGGETQYF,CASSLMGGETQYF
1292,CASSIGGANTEAFF,CASSIQGANTEAFF
1293,CASSDSYEQYF,CASSGDSYEQYF
1294,CASSDSYEQYF,CASSSDSYEQYF
1295,CASSRGYEQYF,CASSWGYEQYF
1296,CASSSTTDTQYF,CASSSTSDTQYF
1297,CASSLTVGNTEAFF,CASSLTTGNTEAFF
1298,CASSQGQGNQPQHF,CASSQGQGNYQPQHF
1299,CSVEGEGTYEQYF,CSVEGGTYEQYF
1300,CSVMGGYEQYF,CSVEGGYEQYF
1301,CASSYRGSNQPQHF,CASSYGSNQPQHF
1302,CASSYSGSYNEQFF,CASSYSASYNEQFF
1303,CASSYSGSYNEQFF,CASSYSGSSYNEQFF
1304,CASSLGGAEQYF,CASSLGGYEQYF
1305,CASSHPGGTEAFF,CASSHGGTEAFF
1306,CASSHGTEAFF,CASSHGGTEAFF
1307,CASSLGSEKLFF,CASSLGEKLFF
1308,CASSLGGGYTF,CASSLGGGGYTF
1309,CASSQDLGTQYF,CASSQDYGTQYF
1310,CSARDIANYGYTF,CSARDSANYGYTF
1311,CASSLGSDTQYF,CASSLGGDTQYF
1312,CASSLGGYEQYF,CASSLGSGYEQYF
1313,CASSLGGYEQYF,CASSLGSYEQYF
1314,CASSQDWGGNEQFF,CASSQDWGGYNEQFF
1315,CASSLGGGELFF,CASSLGFGELFF
1316,CASSLGGYEQYF,CASSLGSYEQYF
1317,CASSLGGEQFF,CASSLGAEQFF
1318,CASSVGGSYEQYF,CASSVGGRSYEQYF
1319,CASSVGGASYEQYF,CASSVGGRSYEQYF
1320,CASSQGAEAFF,CASSQGTEAFF
1321,CASSQGAEAFF,CASSQGKEAFF
1322,CASSHGTEAFF,CASSQGTEAFF
1323,CASSLGGEAFF,CASSLWGEAFF
1324,CASSLGGEQYF,CASSLGYEQYF
1325,CASSLDNTEAFF,CASSLMNTEAFF
1326,CASSVGGDRSYEQYF,CASSVGGRSYEQYF
1327,CASSLGGYEQYF,CASSLEGGYEQYF
1328,CASSLGGELFF,CASSLGGVELFF
1329,CASSLGGELFF,CASSLGGVELFF
1330,CASSLGSEAFF,CASSLAGSEAFF
1331,CASSLGGELFF,CASSLGGVELFF
1332,CASSAGGEQYF,CASSLAGGEQYF
1333,CASSLGGEQYF,CASSLAGGEQYF
1334,CASSYRTGGGGYTF,CASSYFTGGGGYTF
1335,CASSPPSYNEQFF,CASSPSSYNEQFF
1336,CASSLGGDTQYF,CASSLGTDTQYF
1337,CASSLGGDTQYF,CASSLGDTQYF
1338,CASSLGSDTQYF,CASSLGTDTQYF
1339,CASSLGSDTQYF,CASSLGDTQYF
1340,CASSLGGELFF,CASSEGGELFF
1341,CASSLGGELFF,CASSEGGELFF
1342,CASSSTGGAYNEQFF,CASSSTGGGYNEQFF
1343,CASSLGGELFF,CASSEGGELFF
1344,CASSPTGNEQFF,CASSPAGNEQFF
1345,CASSQGGELFF,CASSEGGELFF
1346,CASSLGGEQYF,CASSLLGEQYF
1347,CASSSSGANVLTF,CASSSPGANVLTF
1348,CSARDIANYGYTF,CSARDQANYGYTF
1349,CASSFLYNEQFF,CASSFLVNEQFF
1350,CASTEGGELFF,CASSEGGELFF
1351,CASSPTGNEQFF,CASSPSGNEQFF
1352,CASSPTGNEQFF,CASSPEGNEQFF
1353,CASSLGGDTQYF,CASSLTGDTQYF
1354,CSVGQGFGNTIYF,CSVGGGFGNTIYF
1355,CASSQTVGETQYF,CASSQGVGETQYF
1356,CASSLGSDTQYF,CASSLGGDTQYF
1357,CASSQDWGYNEQFF,CASSQDTGYNEQFF
1358,CASSQDWGYNEQFF,CASSQDRGYNEQFF
1359,CASSVGGDYEQYF,CASSVGGGYEQYF
1360,CASSVGGDYEQYF,CASSVGGAYEQYF
1361,CASSVGGYNEQFF,CASSVGGNEQFF
1362,CASSGGSYEQYF,CASSGGNSYEQYF
1363,CASSVGGSYEQYF,CASSVGGGYEQYF
1364,CASSVGGSYEQYF,CASSVGGAYEQYF
1365,CASSVGTSGNNEQFF,CASSEGTSGNNEQFF
1366,CASSVGGASYEQYF,CASSVGGAYEQYF
1367,CASSQPSGTEAFF,CASSQPSLGTEAFF
1368,CASSLGGSEQYF,CASSLGGPEQYF
1369,CASSVGSGRYEQYF,CASSVGSGHYEQYF
1370,CASSRGDTEAFF,CASSRGNTEAFF
1371,CASSLGDTQYF,CASSLEGDTQYF
1372,CASSLGGEQYF,CASSLGGPEQYF
1373,CASSLVGDTQYF,CASSLEGDTQYF
1374,CASSLGGPEQFF,CASSLGGPEQYF
1375,CASSLRDSSYEQYF,CASSFRDSSYEQYF
1376,CASSVSSGANVLTF,CASSVGSSGANVLTF
1377,CASSTGSYEQYF,CASSTGTYEQYF
1378,CASSGGSYEQYF,CASSGGSEQYF
1379,CASSPTGNEQFF,CASSTTGNEQFF
1380,CASSSGGVYEQYF,CASSYGGVYEQYF
1381,CASSLGGPEQFF,CASSLMGPEQFF
1382,CASSVGGVSTGELFF,CASSVGGKSTGELFF
1383,CASSPGTSGTYEQYF,CASSPGTSVTYEQYF
1384,CASSVGGDSSYEQYF,CASSVGGGSSYEQYF
1385,CASSLGGEAFF,CASSLGGTEAFF
1386,CASSLGGDEQFF,CASSLGGREQFF
1387,CASSEGGSTEAFF,CASSEGGGTEAFF
1388,CASSFGSSYEQYF,CASSLGSSYEQYF
1389,CASSGGNEKLFF,CASSGQGNEKLFF
1390,CASSLGTGYEQYF,CASSSGTGYEQYF
1391,CASSLGGPEAFF,CASSLGGTEAFF
1392,CASSVGGSYEQYF,CASSVGQGSYEQYF
1393,CASSYSDRDYEQYF,CASSYDRDYEQYF
1394,CASSSTGDQPQHF,CASSSGGDQPQHF
1395,CASSLGLAGGNEQFF,CASSLGLAGNNEQFF
1396,CASSGGDAEAFF,CASSGGAEAFF
1397,CASSLGGEQYF,CASSLGGYEQYF
1398,CASSLPQRETQYF,CASSLPDRETQYF
1399,CASSLGGYEQYF,CASSLGQGYEQYF
1400,CASSLANTEAFF,CASSLVANTEAFF
1401,CASSISYEQYF,CASSLSYEQYF
1402,CASSYEQGYEQYF,CASSYPQGYEQYF
1403,CASSLDWSSYNEQFF,CASSLDGSSYNEQFF
1404,CASSLDWSSYNEQFF,CASSLDRSSYNEQFF
1405,CASSLANTEAFF,CASSLRNTEAFF
1406,CASSLGGYEQYF,CASSLGSYEQYF
1407,CASSSAYEQYF,CASSSPYEQYF
1408,CASSQGGTEAFF,CASSQGTEAFF
1409,CSVDTTNYNEQFF,CSVDTTYNEQFF
1410,CASSLGGYEQYF,CASSLEGGYEQYF
1411,CASSGTVYGYTF,CASSGQVYGYTF
1412,CASSSAYEQYF,CASSPSAYEQYF
1413,CASSQGTGELFF,CASSQRGTGELFF
1414,CASSQGTGELFF,CASSQETGELFF
1415,CASSLEGDTQYF,CASSLAGDTQYF
1416,CASNRGLGNEQFF,CASNRGLYNEQFF
1417,CASSLGGTEAFF,CASSLAGGTEAFF
1418,CASSLSTDTQYF,CASSSSTDTQYF
1419,CASSQSGNEQFF,CASSQGNEQFF
1420,CASSLGSYEQYF,CASSVGSYEQYF
1421,CASSPGQPYEQYF,CASSPGQTYEQYF
1422,CASSYLAGGTDTQYF,CASSTLAGGTDTQYF
1423,CASSRGQPQHF,CASSPGQPQHF
1424,CASSLGVTQYF,CASSLGETQYF
1425,CSARDSANYGYTF,CSARDQANYGYTF
1426,CASSGNQPQHF,CASAGNQPQHF
1427,CASSGNQPQHF,CASSQNQPQHF
1428,CASSRGQPQHF,CASSFGQPQHF
1429,CASSLEGDTQYF,CASSLEGTDTQYF
1430,CASSLGVTQYF,CASSLGETQYF
1431,CASSYGQNTGELFF,CASSYGLNTGELFF
1432,CASSHSYEQYF,CASSSSYEQYF
1433,CASSFGNTEAFF,CASSFLNTEAFF
1434,CASSFANTEAFF,CASSFLNTEAFF
1435,CASSLFSYEQYF,CASSLTSYEQYF
1436,CASSFSYEQYF,CASSSSYEQYF
1437,CASSPGGAEAFF,CASSPLGGAEAFF
1438,CASSSAYEQYF,CASSSSYEQYF
1439,CASRAADTQYF,CASRASDTQYF
1440,CASSLREVNEQYF,CASSLRVNEQYF
1441,CASSLANTEAFF,CASSLENTEAFF
1442,CASSLGSDTQYF,CASSLGSTDTQYF
1443,CASSLQGITGELFF,CASSLGITGELFF
1444,CASSYGSPTEAFF,CASSYGSHTEAFF
1445,CASSLDNTEAFF,CASSLENTEAFF
1446,CASSLTGGNTGELFF,CASSLTGGITGELFF
1447,CASSYGDGTGELFF,CASSYDGTGELFF
1448,CASSLPYSNQPQHF,CASSLGYSNQPQHF
1449,CASSLGPYTGELFF,CASSLGPSYTGELFF
1450,CASSHGGTEAFF,CASSHGEGTEAFF
1451,CASSPGGTEAFF,CASSTGGTEAFF
1452,CASSLQGNEQFF,CASSLGGNEQFF
1453,CASSLGGYGYTF,CASSLQGGYGYTF
1454,CASSSAYEQYF,CASSSIYEQYF
1455,CASSLAYEQYF,CASSLADYEQYF
1456,CASSRGQPQHF,CASSPGQPQHF
1457,CASSQGGGEQFF,CASSQGGFEQFF
1458,CASSLAYEQYF,CASSLVAYEQYF
1459,CASSLAYEQYF,CASSLTAYEQYF
1460,CASSLAYEQYF,CASSLSAYEQYF
1461,CASSLGGTEAFF,CASSLGQGTEAFF
1462,CASSPGGAEAFF,CASSPTGAEAFF
1463,CASSSAYEQYF,CASSLSAYEQYF
1464,CASSLGSDTQYF,CASSLGSTDTQYF
1465,CASSFGNTEAFF,CASSFGLNTEAFF
1466,CASSPTGGTGELFF,CASSPTGEGTGELFF
1467,CASSYLAGGTDTQYF,CASSWLAGGTDTQYF
1468,CASSFGGGTEAFF,CASSFQGGTEAFF
1469,CASSLYGYSNQPQHF,CASSLGYSNQPQHF
1470,CSVEGGTNTGELFF,CSVESGTNTGELFF
1471,CASSLRGYSNQPQHF,CASSLGYSNQPQHF
1472,CASSLGGVPGTEAFF,CASSLGGVWGTEAFF
1473,CASSLGQAAYEQYF,CASSLGQAYYEQYF
1474,CASSLGWGYEQYF,CASSLGGYEQYF
1475,CASSLGSGYEQYF,CASSLGQGYEQYF
1476,CASSLGGYEQYF,CASSLGQGYEQYF
1477,CASSLGQALYEQYF,CASSLGQAYYEQYF
1478,CASSPTGPSYEQYF,CASSPTGASYEQYF
1479,CASSLSPGELFF,CASSLVPGELFF
1480,CSAGTGDYEQYF,CSAGTGTYEQYF
1481,CASSQGYEQYF,CASSQDYEQYF
1482,CASSLSGPNTEAFF,CASSLSGNTEAFF
1483,CASSSGPTYEQYF,CASSSGQTYEQYF
1484,CASSLAGYTEAFF,CASSLAGATEAFF
1485,CASSLAGYTEAFF,CASSLSGYTEAFF
1486,CASSPGTTYEQYF,CASSPGPTYEQYF
1487,CASSSGHTYEQYF,CASSSGQTYEQYF
1488,CASSLSGFTEAFF,CASSLSGYTEAFF
1489,CASSLSPGNEQFF,CASSLSPRNEQFF
1490,CASSLAGYNEQFF,CASSLAGNEQFF
1491,CASSLAGYNEQFF,CASSLAGANEQFF
1492,CASSLAGYNEQFF,CASSLAGLNEQFF
1493,CASSLAGTETQYF,CASSLAGETQYF
1494,CASSLGSYEQYF,CASSVGSYEQYF
1495,CASSQAAGGYTF,CASSQGAGGYTF
1496,CASSPGTTYEQYF,CASSPGQTYEQYF
1497,CASSMAANTEAFF,CASSMAVNTEAFF
1498,CASSLAGYTEAFF,CASSLTGYTEAFF
1499,CASSLSYEQYF,CASSFSYEQYF
1500,CASSPTGYEQYF,CASSFTGYEQYF
1501,CASSYSYEQYF,CASSFSYEQYF
1502,CASSLSGFTEAFF,CASSLLGFTEAFF
1503,CASSPGQQETQYF,CASSPGQLQETQYF
1504,CASSLGWGNTEAFF,CASSLWGNTEAFF
1505,CASSLDNEQFF,CASSLYNEQFF
1506,CASSLGTAYNEQFF,CASSSGTAYNEQFF
1507,CASSLGTAYNEQFF,CASSLGTGYNEQFF
1508,CASSWDLNTEAFF,CASSQWDLNTEAFF
1509,CASSPGTDTQYF,CASSPGDTQYF
1510,CASSILAVSNTEAFF,CASSILAGSNTEAFF
1511,CASSSPYEQYF,CASSSSYEQYF
1512,CASSLSPGNEQFF,CASSLSRGNEQFF
1513,CASSLAGYNEQFF,CASSLAGTNEQFF
1514,CASSLAGYPYNEQFF,CASSLAGGPYNEQFF
1515,CASSPNGHEQYF,CASSPQGHEQYF
1516,CASLGGSYEQYF,CASRGGSYEQYF
1517,CASSLDNEQFF,CASSLDGNEQFF
1518,CASSTGTGLYEQYF,CASSTGTGIYEQYF
1519,CASSLGDRYGYTF,CASSLDRYGYTF
1520,CASGLNSNQPQHF,CASSLNSNQPQHF
1521,CASSLALTDTQYF,CASSLALTPDTQYF
1522,CASSWGPPNYGYTF,CASSWGPINYGYTF
1523,CASSSGPTYEQYF,CASSSPTYEQYF
1524,CASSLLGPSYEQYF,CASSLRGPSYEQYF
1525,CASSVLDGNTGELFF,CASSLDGNTGELFF
1526,CASSWTSGNTGELFF,CASSWTGGNTGELFF
1527,CASSLAGYPYNEQFF,CASSLAGPPYNEQFF
1528,CASSTGTGLYEQYF,CASSFGTGLYEQYF
1529,CASSLLAGETDTQYF,CASSLLAGVTDTQYF
1530,CASSLLAGETDTQYF,CASSLLAGYTDTQYF
1531,CASSLLTGEQYF,CASSLGTGEQYF
1532,CASSPGTDTQYF,CASSFGTDTQYF
1533,CASSPGTDTQYF,CASSLGTDTQYF
1534,CASSSPYEQYF,CASSSIYEQYF
1535,CASSIGVSYEQYF,CASSIGAVSYEQYF
1536,CASSLGYEQYF,CASSQGYEQYF
1537,CASSPGTGSPYEQYF,CASSPGTGSFYEQYF
1538,CASSLGGPYEQYF,CASSLGGPSYEQYF
1539,CASSLDSNEQFF,CASSLLSNEQFF
1540,CASSLFQGAGYGYTF,CASSLSQGAGYGYTF
1541,CASSQGDSYEQYF,CASSQGQSYEQYF
1542,CASSLGDRYGYTF,CASSLGDHYGYTF
1543,CASSLGDFYGYTF,CASSLGDHYGYTF
1544,CASSGGGEQYF,CASSLGGEQYF
1545,CASSLSPGNEQFF,CASSLSIGNEQFF
1546,CASSLAGYNEQFF,CASSLAGSYNEQFF
1547,CASSLLDSNQPQHF,CASSLTDSNQPQHF
1548,CASSSDRGGYNEQFF,CASSSRGGYNEQFF
1549,CASSSGPTYEQYF,CASSSPPTYEQYF
1550,CASSPTVSSYNEQFF,CASSPTGSSYNEQFF
1551,CASSQGYEQYF,CASSPQGYEQYF
1552,CASSLQTGNYGYTF,CASSLTGNYGYTF
1553,CASSPGQSYEQYF,CASSFGQSYEQYF
1554,CASSLGANEQYF,CASSLANEQYF
1555,CASSPTSGSPYEQYF,CASSPTSGKPYEQYF
1556,CASSPGTDTQYF,CASSLGTDTQYF
1557,CASSYSSSSYNEQFF,CASSYSGSSYNEQFF
1558,CASSLSSGVYEQYF,CASSLSSGVPYEQYF
1559,CASSVEGSAYNEQFF,CASSVEGSSYNEQFF
1560,CSVEQGPYEQYF,CSVEQGYEQYF
1561,CASSLGYEQYF,CASSLAGYEQYF
1562,CASSQEAGVGNTIYF,CASSQEAGTGNTIYF
1563,CASSLSGNTEAFF,CASSLSGTTEAFF
1564,CASSIGNTEAFF,CASSSGNTEAFF
1565,CASSLSGNTEAFF,CASSLLSGNTEAFF
1566,CASSLIGDEQFF,CASSLLGDEQFF
1567,CASSIGNTEAFF,CASSQGNTEAFF
1568,CASRLYNEQFF,CASSLYNEQFF
1569,CASSLVGDEQYF,CASSLVGVEQYF
1570,CASSRDSYEQYF,CASSQDSYEQYF
1571,CASSLTGASTDTQYF,CASSLTGGSTDTQYF
1572,CASSLSGNTEAFF,CASSLSKNTEAFF
1573,CASSLWGTDTQYF,CASSLEGTDTQYF
1574,CASSLGSNEQFF,CASSLGENEQFF
1575,CASSIGNTEAFF,CASSIGMNTEAFF
1576,CASSLAGGGTGELFF,CASSLARGGTGELFF
1577,CASSLGQGNNEQFF,CASSLGQGINEQFF
1578,CASSLGNQPQHF,CASSLAGNQPQHF
1579,CASSIGNTEAFF,CASSTGNTEAFF
1580,CASSLGTTEAFF,CASSLDTTEAFF
1581,CASSLGQSYEQYF,CASSLGQTYEQYF
1582,CSVEDRYYGYTF,CSVEDREYYGYTF
1583,CASSLTGELFF,CASSGTGELFF
1584,CSAPSGGAQETQYF,CSARSGGAQETQYF
1585,CASSAAGSYEQYF,CASYSAAGSYEQYF
1586,CASSFQGTEAFF,CASSFQGAEAFF
1587,CASSLGYEQYF,CASSLGSYEQYF
1588,CASSSGNTEAFF,CASSSGMNTEAFF
1589,CSADRGGNYGYTF,CSARGGNYGYTF
1590,CASSLPDYEQYF,CASSLADYEQYF
1591,CASSVGTGGNQPQHF,CASSVGAGGNQPQHF
1592,CASSQDYEQYF,CASSQGYEQYF
1593,CASSLTGELFF,CASSLGGELFF
1594,CASSPSAYEQYF,CASSPTAYEQYF
1595,CASSPSAYEQYF,CASSLSAYEQYF
1596,CASSPMNTEAFF,CASSPHMNTEAFF
1597,CASSQEGGAGEKLFF,CASSQETGAGEKLFF
1598,CASSPGTYEQYF,CASSTGTYEQYF
1599,CASSPGTYEQYF,CASSPGGTYEQYF
1600,CASSVMNTEAFF,CASSVVMNTEAFF
1601,CSARPLAGLYNEQFF,CSARPLAGGYNEQFF
1602,CASSIGNTEAFF,CASSIKGNTEAFF
1603,CASSPGLAAPYEQYF,CASSPGLAAYEQYF
1604,CASSPTGGTDTQYF,CASSPTGPTDTQYF
1605,CSVEHKYNEQFF,CSVEHSYNEQFF
1606,CASSLSGNTEAFF,CASSLSSNTEAFF
1607,CASSIGNTEAFF,CASSIGMNTEAFF
1608,CASSLGYEQYF,CASSLGGYEQYF
1609,CSVETGSGYTF,CSVETGDGYTF
1610,CASSLVGDEQYF,CASSLVPGDEQYF
1611,CASSIHLGTEAFF,CASSISLGTEAFF
1612,CASSPLDTGELFF,CASSYLDTGELFF
1613,CATSDLISNQPQHF,CATSDLGSNQPQHF
1614,CASSQEAAGSYEQYF,CASSQEASGSYEQYF
1615,CASSPGPTYEQYF,CASSPGQTYEQYF
1616,CASSLAGVEQYF,CASSLVGVEQYF
1617,CASSLAGSYEQYF,CASSLPGSYEQYF
1618,CASSPLTGATGELFF,CASSPLTGNTGELFF
1619,CASSQGTGLSYEQYF,CASSQGTGESYEQYF
1620,CASSLSGYTEAFF,CASSLTGYTEAFF
1621,CASSSGQTYEQYF,CASSSGQGYEQYF
1622,CASSSITGTAYEQYF,CASSLITGTAYEQYF
1623,CASSLTGALNTEAFF,CASSLGALNTEAFF
1624,CASSLGGAYEQYF,CASSLGGAPYEQYF
1625,CASSDPYEQYF,CASSDTYEQYF
1626,CASSRQSSYNEQFF,CASSVQSSYNEQFF
1627,CASSLSRSNEQFF,CASSLSRGNEQFF
1628,CASSLAGNEQFF,CASSLAGTNEQFF
1629,CASSLAGANEQFF,CASSLAGTNEQFF
1630,CASSLAGLNEQFF,CASSLAGTNEQFF
1631,CASSLAGISYEQYF,CASSLMAGISYEQYF
1632,CASSLAGISYEQYF,CASSLVAGISYEQYF
1633,CASSLGSNQPQHF,CASSLGGNQPQHF
1634,CASSFVGAEQYF,CASSFVGSEQYF
1635,CASSSGQTYEQYF,CASSLGQTYEQYF
1636,CASSQAAGHYEQYF,CASSQTAGHYEQYF
1637,CASSLGSNQPQHF,CASSLNSNQPQHF
1638,CASSQGGGEQYF,CASSSGGGEQYF
1639,CASSLSPRNEQFF,CASSLSGPRNEQFF
1640,CASSLGGAYEQYF,CASSLEGGAYEQYF
1641,CASSLGKGEQFF,CASSLGVGEQFF
1642,CASSLAGSYEQYF,CASSLGSYEQYF
1643,CASSQDPGSLYEQYF,CASSQDPGNLYEQYF
1644,CASSLAGTGELFF,CASSLANTGELFF
1645,CASSFGTGAYEQYF,CASSFGTGLYEQYF
1646,CASSLGGAYEQYF,CASSLGGSYEQYF
1647,CASSLAGSYEQYF,CASSLGGSYEQYF
1648,CASSFVGAEQYF,CASSFVGGEQYF
1649,CASSLAQGGTEAFF,CASSLWQGGTEAFF
1650,CASSFGNTEAFF,CASSRGNTEAFF
1651,CASSVRGNEQFF,CASSVGGNEQFF
1652,CSVGDGNTGELFF,CSVDGNTGELFF
1653,CASSLSPRNEQFF,CASSLSPRAEQFF
1654,CASSLSPRNEQFF,CASSLSPGNEQFF
1655,CASSLAGTGELFF,CASSLAYGTGELFF
1656,CASSLRDGSNQPQHF,CASSLRQGSNQPQHF
1657,CASSISGASYEQYF,CASSIAGASYEQYF
1658,CASSLAGQINEKLFF,CASSLAGQGNEKLFF
1659,CASSLEGLSYEQYF,CASSLVGLSYEQYF
1660,CASSLEGLSYEQYF,CASSLNGLSYEQYF
1661,CASSLGSNQPQHF,CASSLGYSNQPQHF
1662,CASSLGGAYEQYF,CASSLGGYEQYF
1663,CASSLAGSYEQYF,CASSLAGGSYEQYF
1664,CASSLVAGGTDTQYF,CASSLVAGDTDTQYF
1665,CASTLSYEQYF,CASTLQSYEQYF
1666,CASSLAQGGTEAFF,CASSLEQGGTEAFF
1667,CASSLTGGYEQYF,CASSLGGYEQYF
1668,CASSLTGGYEQYF,CASSLDGGYEQYF
1669,CASSLAGGPLHEQYF,CASSLAGTPLHEQYF
1670,CASSLAGSTYEQYF,CASSLASTYEQYF
1671,CASSQDAGTGNTIYF,CASSQDAGSGNTIYF
1672,CASSLAGTDYGYTF,CASSLALTDYGYTF
1673,CASSLGSNQPQHF,CASSLYSNQPQHF
1674,CASSLAGYEQYF,CASSLGGYEQYF
1675,CASSLAGYEQYF,CASSLASGYEQYF
1676,CASSPSSYNEQFF,CASSPLSSYNEQFF
1677,CASSPLDRGGYEQYF,CASSPGDRGGYEQYF
1678,CSVVGTSGSNEQFF,CSVVGTSGYNEQFF
1679,CAISESWTDTQYF,CAISEWTDTQYF
1680,CASSPGQGTDTQYF,CASSTGQGTDTQYF
1681,CASSSGNTEAFF,CASSQGNTEAFF
1682,CASSFGQGTDTQYF,CASSTGQGTDTQYF
1683,CASSLSANEQYF,CASSLSNEQYF
1684,CASSLWASYEQYF,CASSLWADYEQYF
1685,CASSFGTGELFF,CASSWGTGELFF
1686,CASSSGQGTDTQYF,CASSTGQGTDTQYF
1687,CATSDFGRGTDTQYF,CATSDFGGTDTQYF
1688,CASSYSSGAEAFF,CASSYGSGAEAFF
1689,CASSLRDEQYF,CASSPRDEQYF
1690,CASSLSNYEQYF,CASSLSNEQYF
1691,CASSIGPYEQYF,CASSIGYEQYF
1692,CASSLGGEQFF,CASSLGGGQFF
1693,CASSYGAEQYF,CASSYGPAEQYF
1694,CASSYLGDSYEQYF,CASSYSGDSYEQYF
1695,CASSLGDTQYF,CASSLTGDTQYF
1696,CASSLPMNTEAFF,CASSLMNTEAFF
1697,CSAGTENTGELFF,CSAGGENTGELFF
1698,CASSLLKNTEAFF,CASSLSKNTEAFF
1699,CASSLEPSYEQYF,CASSLESYEQYF
1700,CASSLGTDTQYF,CASSLGGDTQYF
1701,CASSSGNTEAFF,CASSTGNTEAFF
1702,CASSLGDTQYF,CASSLGGDTQYF
1703,CSVGGTYEQYF,CSVGATYEQYF
1704,CASSIGTGSTEAFF,CASSIGGSTEAFF
1705,CASSIGGHTEAFF,CASSIGGSTEAFF
1706,CASSLTEYSNQPQHF,CASSLTESNQPQHF
1707,CASSLGINTEAFF,CASSLGQNTEAFF
1708,CASSFGTGELFF,CASSGTGELFF
1709,CATSDLGSNQPQHF,CATSDGGSNQPQHF
1710,CASSLSNYEQYF,CASSLDNYEQYF
1711,CASSLTAVQETQYF,CASSLTGVQETQYF
1712,CASSLDRETQYF,CASSLLDRETQYF
1713,CASSFEGGGYEQYF,CASSFEGGKYEQYF
1714,CASSFEGGGYEQYF,CASSFEGGLYEQYF
1715,CASSFEGGGYEQYF,CASSFEGGGEQYF
1716,CASSFEGGGYEQYF,CASSFEGGIYEQYF
1717,CASSFEGGGYEQYF,CASSFEGGSYEQYF
1718,CASSIVGSYNEQFF,CASSNVGSYNEQFF
1719,CASSFGTGELFF,CASSFGTGEQFF
1720,CASSLTGALYEQYF,CASSLEGALYEQYF
1721,CASSLVGDSYEQYF,CASSLVGDRSYEQYF
1722,CASRLAGGAFNEQFF,CASRAGGAFNEQFF
1723,CASSLVHTDTQYF,CASSLSHTDTQYF
1724,CASSLVHTDTQYF,CASSLRHTDTQYF
1725,CASSKVGSYNEQFF,CASSIVGSYNEQFF
1726,CASSKVGSYNEQFF,CASSNVGSYNEQFF
1727,CSGFRENTGELFF,CSGRRENTGELFF
1728,CASSLGGEQFF,CASSLGNEQFF
1729,CASSLGGEQFF,CASSLGGHQFF
1730,CASSPSSYNEQFF,CASSLSSYNEQFF
1731,CASSQGGANEQYF,CASSQMGANEQYF
1732,CASSPSAYEQYF,CASSPAYEQYF
1733,CASSLLGGETQYF,CASSLSGGETQYF
1734,CASSKVGSYNEQFF,CASSKDGSYNEQFF
1735,CASSYLAGGTDTQYF,CASSWLAGGTDTQYF
1736,CASSTLAGGTDTQYF,CASSWLAGGTDTQYF
1737,CASRDTGASYNEQFF,CASRDSGASYNEQFF
1738,CSVGGTGAYEQYF,CSVGGTGVYEQYF
1739,CASSLVGGADTQYF,CASSLVGGADEQYF
1740,CASSLTEKLFF,CASSLDEKLFF
1741,CASSYIYEQYF,CASSYHYEQYF
1742,CASSSGTSGYEQYF,CASSYSGTSGYEQYF
1743,CASSLAAGGYEQYF,CASSLAVGGYEQYF
1744,CASSYSGWETQYF,CASSYSSWETQYF
1745,CSVGGTYEQYF,CSVEGGTYEQYF
1746,CASSSTDSYEQYF,CASSSDSYEQYF
1747,CASSIGPYEQYF,CASSIAGPYEQYF
1748,CSAEGGYEQYF,CSVEGGYEQYF
1749,CASSFSPGEQFF,CASSFSPGELFF
1750,CASSQAPGYEQYF,CASSQGPGYEQYF
1751,CASSSLGGNQPQHF,CASSLGGNQPQHF
1752,CASSLTSEQYF,CASSLTSYEQYF
1753,CASSPWDQSSYEQYF,CASSPWDSSYEQYF
1754,CASSLESGEQYF,CASSLESYEQYF
1755,CASSLGTEAFF,CASSLGVEAFF
1756,CASSFGYNEQFF,CASSFYNEQFF
1757,CASSLYGNEQFF,CASSLDGNEQFF
1758,CASSPTGSEQYF,CASSPTGNEQYF
1759,CASSPGQPQHF,CASSFGQPQHF
1760,CASSPTNTEAFF,CASSPGNTEAFF
1761,CASSLYNEQFF,CASSYYNEQFF
1762,CASSLYNEQFF,CASSFYNEQFF
1763,CASSLGEKLFF,CASSLGGEKLFF
1764,CASSYSGQGYEQYF,CASSYSGQAYEQYF
1765,CASSYSGQGYEQYF,CASSYSGQNYEQYF
1766,CASSEGHLYEQYF,CASSEGKLYEQYF
1767,CASSLGTEAFF,CASSSGTEAFF
1768,CASSLIYPNTGELFF,CASSLILPNTGELFF
1769,CASSQGNTEAFF,CASSTGNTEAFF
1770,CASSLTGGSTDTQYF,CASSLTGGSDTQYF
1771,CASSLLGGSNQPQHF,CASSLEGGSNQPQHF
1772,CASSSHRATNEKLFF,CASSHRATNEKLFF
1773,CASSLTGDTEAFF,CASSLLGDTEAFF
1774,CASSWGTGELFF,CASSGTGELFF
1775,CASSLSPSGETQYF,CASSLSPSPGETQYF
1776,CASSPLSSYNEQFF,CASSPLASYNEQFF
1777,CASSWGTGELFF,CASSWGHTGELFF
1778,CASSLYGNEQFF,CASSLQGNEQFF
1779,CASSLGETQYF,CASSLSETQYF
1780,CASSLPGSYEQYF,CASSLGSYEQYF
1781,CASSPESTYEQYF,CASSPGSTYEQYF
1782,CASSLLGGSNQPQHF,CASSLLPGSNQPQHF
1783,CASSLGTEAFF,CASSRGTEAFF
1784,CASSRGPEAFF,CASSRGTEAFF
1785,CASSLPGSYEQYF,CASSLGGSYEQYF
1786,CASSLGGGQFF,CASSLGGHQFF
1787,CASSQAPGYEQYF,CASSQAPGSYEQYF
1788,CASSPPVFTGELFF,CASSPPVTGELFF
1789,CASSLSGNTGELFF,CASSLGNTGELFF
1790,CASSPLSSYNEQFF,CASSLSSYNEQFF
1791,CSVAGDYGYTF,CSVVGDYGYTF
1792,CSVAGDYGYTF,CSVIGDYGYTF
1793,CASSFGGPSYEQYF,CASSFGGSSYEQYF
1794,CASSQPGDGYEQYF,CASSQPGQGYEQYF
1795,CASSIGYEQYF,CASSMIGYEQYF
1796,CASSQGNTEAFF,CASQSQGNTEAFF
1797,CASSLGGTNEQYF,CASSLGGTYEQYF
1798,CASSPTNTEAFF,CASSYTNTEAFF
1799,CASSLWGSSYNEQFF,CASSLGGSSYNEQFF
1800,CASSLSLGYEQYF,CASSLSLAGYEQYF
1801,CASSEGYEQYF,CASSEIYEQYF
1802,CASSEGYEQYF,CASSEMYEQYF
1803,CASSEGDTQYF,CASSELDTQYF
1804,CASSEGDTQYF,CASSESDTQYF
1805,CASSYSLGYEQYF,CASSYSGGYEQYF
1806,CASSSNTGELFF,CASTSNTGELFF
1807,CASSESYEQYF,CASSEIYEQYF
1808,CASSESYEQYF,CASSEMYEQYF
1809,CASSLTTGGTEAFF,CASSLTTGNTEAFF
1810,CASSGDSAYEQYF,CASSGDSYEQYF
1811,CASSLVPGFDEQYF,CASSLVPGDEQYF
1812,CASSLTGDTQYF,CASSLGGDTQYF
1813,CASSLGGNQPQHF,CASSLGSNQPQHF
1814,CASSYAGGYEQYF,CASSYQGGYEQYF
1815,CASSRDSNTEAFF,CASRRDSNTEAFF
1816,CASSFPGNEQYF,CASSFVGNEQYF
1817,CASSLDGNEQFF,CASSLDGINEQFF
1818,CASSLGGYNEQFF,CASSLGQYNEQFF
1819,CASSLIAGTDTQYF,CASSLRAGTDTQYF
1820,CASSLGPYNEQFF,CASSLGQYNEQFF
1821,CASSLAGGPYNEQFF,CASSLAGPPYNEQFF
1822,CASSLDGNEQFF,CASSLQGNEQFF
1823,CASRGGSYEQYF,CASRRGSYEQYF
1824,CASSLGGSYNEQFF,CASSLGPSYNEQFF
1825,CASSSLNQPQHF,CASSSLPNQPQHF
1826,CASSLYSTDTQYF,CASSIYSTDTQYF
1827,CASSLYSTDTQYF,CASSLYNTDTQYF
1828,CASSLGQGGSPLHF,CASSLGQAGSPLHF
1829,CASSSSYEQYF,CASSSIYEQYF
1830,CASSLGETQYF,CASSLSETQYF
1831,CSAPGPSSYEQYF,CSASGPSSYEQYF
1832,CASSYSGDSYEQYF,CASSYSGDSSYEQYF
1833,CASSQSQSYEQYF,CASSQGQSYEQYF
1834,CASSYPGLGYEQYF,CASSNYPGLGYEQYF
1835,CASSDLGNEQFF,CASSDAGNEQFF
1836,CASSLGGSYNEQFF,CASSLGGSSYNEQFF
1837,CASSYGTEAFF,CASSYEGTEAFF
1838,CASSFGQPQHF,CASSPGQPQHF
1839,CASSPGNTEAFF,CASSFPGNTEAFF
1840,CASSLLTDTQYF,CASSLDLTDTQYF
1841,CASSLSRGNEQFF,CASSLSIGNEQFF
1842,CASSLSRGNEQFF,CASSLSPGNEQFF
1843,CASSPTGVSYNEQFF,CASSPSGVSYNEQFF
1844,CSVLAGSYEQYF,CSVLAGGSYEQYF
1845,CASSLVSSYEQYF,CASSLGSSYEQYF
1846,CASSFGQPQHF,CASSFWGQPQHF
1847,CASSFLNTEAFF,CASSFGLNTEAFF
1848,CASSQGPGYEQYF,CASSQGSGYEQYF
1849,CSVAGLAGGYEQYF,CSVGGLAGGYEQYF
1850,CASSLYTDTQYF,CASSLYADTQYF
1851,CASSLGALNTEAFF,CASSLALNTEAFF
1852,CASSYAGGYEQYF,CASSYSGGYEQYF
1853,CASSSSGTSGDTQYF,CASSSTGTSGDTQYF
1854,CASSSSDEQYF,CASSSTSDEQYF
1855,CASSYGGGQETQYF,CASSYSGGQETQYF
1856,CASSSQNTEAFF,CASSYSQNTEAFF
1857,CSVTGLNTEAFF,CSVGLNTEAFF
1858,CASSLYSTDTQYF,CASSLYVTDTQYF
1859,CASSYSSPYEQYF,CASSYSSPGYEQYF
1860,CSVGGGSTDTQYF,CSVGGPSTDTQYF
1861,CASSYSAPYEQYF,CASSYSAPGYEQYF
1862,CASSLSKNTEAFF,CASSLSSNTEAFF
1863,CASSLGTGNQPQHF,CASSLGTGIQPQHF
1864,CASSLSVPSQETQYF,CASSLSHPSQETQYF
1865,CASSDSSYEQYF,CASSLDSSYEQYF
1866,CASSDSSYEQYF,CASSRDSSYEQYF
1867,CASRRDSNTEAFF,CASRTDSNTEAFF
1868,CASSLSGPNNEQFF,CASSLSGPRNEQFF
1869,CASSLSGPNNEQFF,CASSLSGPNSNEQFF
1870,CASSLSSPANYGYTF,CASSLSSPNYGYTF
1871,CASSLSATDTQYF,CASSLSHTDTQYF
1872,CASSPGEGTEAFF,CASSHGEGTEAFF
1873,CASSLNSNQPQHF,CASSLNNNQPQHF
1874,CASSFGGAEAFF,CASSFMGGAEAFF
1875,CASSFVGSEQYF,CASSFVGGEQYF
1876,CSAPGGNYGYTF,CSARGGNYGYTF
1877,CASSLGNNQPQHF,CASSLANNQPQHF
1878,CASSQDRGYNEQFF,CASSQDRGTYNEQFF
1879,CASSQDRGYNEQFF,CASSQDRGLYNEQFF
1880,CASSQDRGYNEQFF,CASSQDRGYYNEQFF
1881,CASSSGTEAFF,CASSRGTEAFF
1882,CASSSPGQGGYGYTF,CASSPGQGGYGYTF
1883,CASSLGITGELFF,CASSLGNTGELFF
1884,CASSLGITGELFF,CASSLGRTGELFF
1885,CASSLGLTGELFF,CASSLGNTGELFF
1886,CASSLGLTGELFF,CASSLGRTGELFF
1887,CASSPLGTEAFF,CASSPGTEAFF
1888,CASSELGTDTQYF,CASSELGHTDTQYF
1889,CASSRVSYEQYF,CASSLVSYEQYF
1890,CASSYSAQSSYEQYF,CASSYSAGSSYEQYF
1891,CASSPGTASTDTQYF,CASSPGTSTDTQYF
1892,CASSDGSTDTQYF,CASSLGSTDTQYF
1893,CASSYSSGRAYEQYF,CASSYSSGSAYEQYF
1894,CASSLGQGVNTEAFF,CASSLQGVNTEAFF
1895,CASSPAGYNYGYTF,CASSPTGYNYGYTF
1896,CASSLGSNQPQHF,CASSLGYSNQPQHF
1897,CASSYQGGYEQYF,CASSYSGGYEQYF
1898,CASSQDSQGGYGYTF,CASSQDQGGYGYTF
1899,CASSFGGGGNQPQHF,CASSFGGGGQPQHF
1900,CASSLGQGAYEQYF,CASSLGQGGAYEQYF
1901,CASSYGSDQPQHF,CASSYGSNQPQHF
1902,CASSYGGSSYNEQFF,CASSYSGSSYNEQFF
1903,CASSLGSNQPQHF,CASSLYSNQPQHF
1904,CASSSSVNTEAFF,CASSSSWNTEAFF
1905,CASSLSPYYEQYF,CASSLSPNYEQYF
1906,CASSLVLTGELFF,CASSLVLSGELFF
1907,CASSYGTGGTEAFF,CASSYGTGYTEAFF
1908,CASSYGTGGTEAFF,CASSYGTGFTEAFF
1909,CASSYGTGGTEAFF,CASSYSGTGGTEAFF
1910,CASSLNSNQPQHF,CASSLYSNQPQHF
1911,CASSLSHHTDTQYF,CASSLSHTDTQYF
1912,CASSLNRDSAYEQYF,CASSNRDSAYEQYF
1913,CASSLSHAVDGYTF,CASSLSSAVDGYTF
1914,CASSLGQYNEQFF,CASRLGQYNEQFF
1915,CASSLRQGTQETQYF,CASSLRQGMQETQYF
1916,CASSLGYEQYF,CASSDLGYEQYF
1917,CASSLVGGPDEQYF,CASSLVGGDEQYF
1918,CASSLVRNEQFF,CASSLVNNEQFF
1919,CASSLGYEQYF,CASSLGGEQYF
1920,CASSLGQNTEAFF,CASSLGQGTEAFF
1921,CASSPGDSSYEQYF,CASSPTDSSYEQYF
1922,CASSLSHSYNEQFF,CASSLSSYNEQFF
1923,CASSVGAGPSYEQYF,CASSVGAGLSYEQYF
1924,CASSVGAGPSYEQYF,CASSVGAGGSYEQYF
1925,CASSSPTYEQYF,CASSSPPTYEQYF
1926,CASSLDGYTGELFF,CASSLTGYTGELFF
1927,CASSPRDGAYEQYF,CASSPRWGAYEQYF
1928,CASSSGAPQETQYF,CASSSLAPQETQYF
1929,CSVEAGIGYEQYF,CSVEAGVGYEQYF
1930,CASSATSGGYNEQFF,CASSPTSGGYNEQFF
1931,CASSLTGLYNEQFF,CASSLTGYYNEQFF
1932,CASSLTGVQETQYF,CASSLTGNQETQYF
1933,CSVEGYGTYEQYF,CSVEGGTYEQYF
1934,CASSLSSPIYNEQFF,CASSLSSPFYNEQFF
1935,CASSPRQGGETQYF,CASSSRQGGETQYF
1936,CASSLGYEQYF,CASSLGNEQYF
1937,CASSLGYEQYF,CASSLGLEQYF
1938,CASSLGQNTEAFF,CASSLRQNTEAFF
1939,CASSLTGPQETQYF,CASSLTGNQETQYF
1940,CASSLVPDRETQYF,CASSLPDRETQYF
1941,CSVEGTGTYEQYF,CSVEGGTYEQYF
1942,CASSPGTGNEKLFF,CASSPPGTGNEKLFF
1943,CASSLQGGYGYTF,CASSLGQGGYGYTF
1944,CASSLGSYEQYF,CASSLGGSYEQYF
1945,CASSLVGDRSYEQYF,CASSLVGDRAYEQYF
1946,CASSQGGANVLTF,CASSFQGGANVLTF
1947,CASSLSIGTDTQYF,CASSLSIGDTQYF
1948,CASSPPEETQYF,CASSPPEHETQYF
1949,CASSPLGNEQFF,CASSRLGNEQFF
1950,CASSLQGGEQYF,CASSLGGEQYF
1951,CASSLGTGEQYF,CASSLGGEQYF
1952,CASSPEGGNEQFF,CASSPGGGNEQFF
1953,CASSLSEAYEQYF,CASSLSAYEQYF
1954,CASSLGTDTQYF,CASSLGPDTQYF
1955,CASSLGSSYNEQFF,CASSLSSYNEQFF
1956,CASSLGGSYEQYF,CASSFGGSYEQYF
1957,CASSRLAGPYNEQFF,CASSILAGPYNEQFF
1958,CASSLTGTAGNTIYF,CASSLTGTPGNTIYF
1959,CASSFGTDTQYF,CASSLGTDTQYF
1960,CASSIYSTDTQYF,CASSLYSTDTQYF
1961,CASSLQGNEQYF,CASSLGNEQYF
1962,CASSLYNTDTQYF,CASSLYSTDTQYF
1963,CASSLYNTDTQYF,CASSLYVTDTQYF
1964,CASSQGPGAPYEQYF,CASSQGPGGPYEQYF
1965,CASSLGSYEQYF,CASSLNSYEQYF
1966,CASSLGSYEQYF,CASSLGGYEQYF
1967,CASSVGGSWQETQYF,CASSVGGSSQETQYF
1968,CASSLGNEQFF,CASSLDGNEQFF
1969,CASSLGNEQFF,CASSLEGNEQFF
1970,CASSPATGELFF,CASSPPTGELFF
1971,CASSPATGELFF,CASSPITGELFF
1972,CASSEVRELFF,CASSEIRELFF
1973,CASSSPYNEQFF,CASSSQYNEQFF
1974,CASSVGWGSSYEQYF,CASSVGSGSSYEQYF
1975,CASSVGWGSSYEQYF,CASSVGTGSSYEQYF
1976,CASSVGWGSSYEQYF,CASSVGGGSSYEQYF
1977,CASSVGWGGSYEQYF,CASSVGAGGSYEQYF
1978,CASSLGLDEQYF,CASSLPGLDEQYF
1979,CASSVSGGSSYEQYF,CASSVGGGSSYEQYF
1980,CASSLSQGAYNEQFF,CASSLQGAYNEQFF
1981,CASSVGGNEQFF,CASSVGWGNEQFF
1982,CASSQGYEQYF,CASSPQGYEQYF
1983,CASSASGGSSYEQYF,CASSAGGGSSYEQYF
1984,CASSLASNTEAFF,CASSLALNTEAFF
1985,CASSVSTGELFF,CASSVVSTGELFF
1986,CASSVGQGAYEQYF,CASSVGQGSYEQYF
1987,CASSLDRGGYEQYF,CASSLDGGYEQYF
1988,CASSLGGSYEQYF,CASSLAGGSYEQYF
1989,CASSLGGSYEQYF,CASSLGGYEQYF
1990,CASSLWQGGTEAFF,CASSLEQGGTEAFF
1991,CASSLVNNEQFF,CASSRVNNEQFF
1992,CASSYGGETQYF,CASSYGNGETQYF
1993,CASSLSGNEQFF,CASSLKGNEQFF
1994,CASSPSNEQFF,CASSRSNEQFF
1995,CASSEIGEQYF,CASSEIYEQYF
1996,CSAATGTGYEQYF,CSAQTGTGYEQYF
1997,CASSVSGSYEQYF,CASSVAGSYEQYF
1998,CASSRLGNEQFF,CASSRLGLNEQFF
1999,CSVEVPGQGDNEQFF,CSVEVPGQGLNEQFF
2000,CASSSGQGADTQYF,CASSSGLGADTQYF
2001,CASSLGGEQYF,CASSLGNEQYF
2002,CASSLGGEQYF,CASSLGLEQYF
2003,CSVDGNTGELFF,CSVDGTGELFF
2004,CASSLAGPGELFF,CASSYLAGPGELFF
2005,CASSLGPDTQYF,CASSLGTDTQYF
2006,CASSGLAGSNEQFF,CASSGLAGSYNEQFF
2007,CASSATFSYEQYF,CASSMTFSYEQYF
2008,CASSQGSGYEQYF,CASSQGTSGYEQYF
2009,CASSYSTDGELFF,CASSYSTTGELFF
2010,CASSFSGSSYNEQFF,CASSYSGSSYNEQFF
2011,CASSASGSSYNEQFF,CASSYSGSSYNEQFF
2012,CASRPGLQETQYF,CASRGLQETQYF
2013,CASSHSGSSYNEQFF,CASSYSGSSYNEQFF
2014,CASSTSGSSYNEQFF,CASSYSGSSYNEQFF
2015,CASSYSGSGYNEQFF,CASSYSGSSYNEQFF
2016,CASSSSGSSYNEQFF,CASSYSGSSYNEQFF
2017,CASSDSGSSYNEQFF,CASSYSGSSYNEQFF
2018,CASSLSGSSYNEQFF,CASSYSGSSYNEQFF
2019,CASSQWGNEQFF,CASSQGNEQFF
2020,CASSYQGSNTEAFF,CASSYQGLNTEAFF
2021,CASSPSGSSYNEQFF,CASSYSGSSYNEQFF
2022,CASSQSGSSYNEQFF,CASSYSGSSYNEQFF
2023,CASSEALGSEQYF,CASSEAEGSEQYF
2024,CASSLAGTYEQYF,CASSLVGTYEQYF
2025,CASSLGYSNQPQHF,CASSLYSNQPQHF
2026,CSVGDGSSYEQYF,CSVGRGSSYEQYF
2027,CASSVEGNSYNEQFF,CASSVEGSSYNEQFF
2028,CASSYGQGVGELFF,CASSYGGVGELFF
