,Seq1,Seq2
0,CASSEGYSGNTIYF,CASSEYSGNTIYF
1,CSARDRERYEQYF,CSARDRETYEQYF
2,CSVAPSSYEQYF,CSVAISSYEQYF
3,CSVGPSSYEQYF,CSVGGSSYEQYF
4,CSAWGMNTEAFF,CSASGMNTEAFF
5,CASSLGSGTQYF,CASSLFSGTQYF
6,CASSLSAYNEQFF,CASSLTAYNEQFF
7,CASSLPGSYEQYF,CASSLSGSYEQYF
8,CASSFDSSYEQYF,CASSFSSYEQYF
9,CASSLGRGGNEQFF,CASSLGSGGNEQFF
10,CASSLGGEETQYF,CASSLQGEETQYF
11,CASSLGGEETQYF,CASSLLGEETQYF
12,CSVGRGPYEQYF,CSVGRGGYEQYF
13,CASSLESGELFF,CASSLGSGELFF
14,CASSSDRSSYEQYF,CASSHDRSSYEQYF
15,CASSFDISYEQYF,CASSFDSYEQYF
16,CASSLSGNNEQFF,CASSSSGNNEQFF
17,CASSGRDSSYEQYF,CASSGRDSFYEQYF
18,CASSGRDSSYEQYF,CASSGRDSTYEQYF
19,CASSYLGNEQFF,CASSYSLGNEQFF
20,CASSYLYEQYF,CASSYGYEQYF
21,CASSLAGGTETQYF,CASSLAGGTDTQYF
22,CASSQDPGGNTEAFF,CASSQDPGMNTEAFF
23,CASSQDPGGNTEAFF,CASSQDPGLNTEAFF
24,CASSQDPGGNTEAFF,CASSQDPGVNTEAFF
25,CSARDQADSYEQYF,CSARDADSYEQYF
26,CASSYPDTQYF,CASSYGDTQYF
27,CASSLPGSYEQYF,CASSLGGSYEQYF
28,CASSYLGNEQFF,CASSYLDNEQFF
29,CASSDGQGLGYGYTF,CASSFGQGLGYGYTF
30,CASSTGTSTDTQYF,CASSSTGTSTDTQYF
31,CASSPVAGPTYEQYF,CASSPVAGETYEQYF
32,CSAQGGGDYGYTF,CSAGGGGDYGYTF
33,CSARDTLSYEQYF,CSARDNLSYEQYF
34,CSARDGQTYEQYF,CSARDGTTYEQYF
35,CASSYLYEQYF,CASSYVYEQYF
36,CSARDAGTSYEQYF,CSARDLGTSYEQYF
37,CASSLIGGADTQYF,CASSLIGGGDTQYF
38,CASSLTWYNEQFF,CASSLTGYNEQFF
39,CSARDPGQGYEQYF,CSARDPGQAYEQYF
40,CASSIFGTANQPQHF,CASSISGTANQPQHF
41,CSASFGYEQYF,CSASYGYEQYF
42,CASSLSGNTEAFF,CASSLSGGTEAFF
43,CSASEGYEQYF,CSASYGYEQYF
44,CSASEGYEQYF,CSANEGYEQYF
45,CSARDQGSSYEQYF,CSARDQGSPYEQYF
46,CASSPDGYTEAFF,CASSPGYTEAFF
47,CASSQDWGSYNEQFF,CASSQDWGYNEQFF
48,CASSLESGELFF,CASSLGSGELFF
49,CASSGTGGYEQYF,CASSDGTGGYEQYF
50,CASSLPGGTEAFF,CASSPGGTEAFF
51,CASSLSGNNEQFF,CASSLMGNNEQFF
52,CASSEGQVSNQPQHF,CASSEGQYSNQPQHF
53,CASSEGQVSNQPQHF,CASSEGQWSNQPQHF
54,CASSLGDSSYEQYF,CASTLGDSSYEQYF
55,CSAGTGGTGELFF,CSAGIGGTGELFF
56,CASSEGYSGNTIYF,CASSEGPYSGNTIYF
57,CASSEQFNEKLFF,CASSEQGNEKLFF
58,CSVEWVYNEQFF,CSVEAVYNEQFF
59,CASSQAGVYEQYF,CASSQEGVYEQYF
60,CASSLSGNNEQFF,CASSLSGNYNEQFF
61,CASSPGQGYNEQFF,CASSVGQGYNEQFF
62,CASSPDSSSYNEQFF,CASSPDSSYNEQFF
63,CSAARAGGSYNEQFF,CSAAAGGSYNEQFF
64,CASSYPDTQYF,CASSFPDTQYF
65,CASSFLGNEQFF,CASSFLNEQFF
66,CASSRGPYNEQFF,CASSPGPYNEQFF
67,CASSYQSSYEQYF,CASSYTQSSYEQYF
68,CASSLESGELFF,CASSLASGELFF
69,CASSLGDSSYEQYF,CASSLGDSPYEQYF
70,CSARDPSYEQYF,CSARDLSYEQYF
71,CASSSGTVNTGELFF,CASSLGTVNTGELFF
72,CSARDISYEQYF,CSARDLSYEQYF
73,CSARDLTYEQYF,CSARDLAYEQYF
74,CSARDLTYEQYF,CSARDLSYEQYF
75,CSARDLTYEQYF,CSARDLEYEQYF
76,CASSGPGDTEAFF,CASSSPGDTEAFF
77,CSARDTLSYEQYF,CSARDLSYEQYF
78,CASSLGPTDTQYF,CASSLGSTDTQYF
79,CASSLIGGADTQYF,CASSLGGGADTQYF
80,CASSLIGGADTQYF,CASSLTGGADTQYF
81,CASSSGLAGPYEQYF,CASSSGLAGNYEQYF
82,CASSRTDSYNEQFF,CASSLTDSYNEQFF
83,CASSFDSSYEQYF,CASSFSSYEQYF
84,CSARDLTYEQYF,CSARDSTYEQYF
85,CASSLSAYNEQFF,CASSLDAYNEQFF
86,CASSYEREEAFF,CASSYERTEAFF
87,CASSKLNTEAFF,CASSMLNTEAFF
88,CASSFLGNEQFF,CASSPLGNEQFF
89,CSARDRNQPQHF,CSARDRSQPQHF
90,CSARGEGNYGYTF,CSARGGNYGYTF
91,CASSLGTSSYEQYF,CASSLGRTSSYEQYF
92,CASSVGNTYEQYF,CASSVGHTYEQYF
93,CASSLLRADTQYF,CASSLLRGDTQYF
94,CSARARSQPQHF,CSARDRSQPQHF
95,CASSPLGNEQFF,CASSRLGNEQFF
96,CSAPVTNYEQYF,CSAPVTSYEQYF
97,CASSFLGNEQFF,CASSRLGNEQFF
98,CASSFLGNEQFF,CASSFGNEQFF
99,CSARGPTSSYEQYF,CSARGTSSYEQYF
100,CASSLGPTDTQYF,CASSLGSTDTQYF
101,CASSKLNTEAFF,CASSIKLNTEAFF
102,CASSKLNTEAFF,CASSDKLNTEAFF
103,CSVSETSTDTQYF,CSVSETTTDTQYF
104,CSVETGSYNEQFF,CSVETGWYNEQFF
105,CASSMAGNYEQYF,CASSMAGAYEQYF
106,CSATGLADYEQYF,CSATGLAGYEQYF
107,CASSLTWYNEQFF,CASSLTSYNEQFF
108,CASSLTWYNEQFF,CASSLTAYNEQFF
109,CASSQDLGTDTQYF,CASSQDRGTDTQYF
110,CSAWGMNTEAFF,CSASGMNTEAFF
111,CASSQDRSYNEQFF,CASSQDRTYNEQFF
112,CSAGSSYEQYF,CSAGASYEQYF
113,CASSLPHSYEQYF,CASSLPDHSYEQYF
114,CASSQDGTGELFF,CASSQPGTGELFF
115,CSADGGSSYNEQFF,CSADGGASYNEQFF
116,CASSVVLAEDTQYF,CASSVVLADTQYF
117,CASSLSGSTDTQYF,CASSLTSGSTDTQYF
118,CASSVGQPNSPLHF,CASSVGQNNSPLHF
119,CASSVGTANTEAFF,CASSVGAANTEAFF
120,CASSLGAYEQYF,CASSLGATYEQYF
121,CASSQVEADTQYF,CASSQVEGDTQYF
122,CASSQVEETQYF,CASSQVERETQYF
123,CASSLGGTEAFF,CASSPLGGTEAFF
124,CASSYSYEQYF,CASRYSYEQYF
125,CSVAISSYEQYF,CSVISSYEQYF
126,CASSQGTSLYNEQFF,CASSQGTSAYNEQFF
127,CASSLGPRGTQYF,CASSLGPRGEQYF
128,CASSYGFGELFF,CASSYGPGELFF
129,CASSLQTGDQPQHF,CASSLGTGDQPQHF
130,CASSLGAYEQYF,CASSLGGYEQYF
131,CASSGSSYEQYF,CASSPSSYEQYF
132,CASSLGAEQYF,CASSLGGEQYF
133,CASSPTGAEAFF,CASSFTGAEAFF
134,CASSQVEETQYF,CASSQVGETQYF
135,CASSYSYEQYF,CASSYGSYEQYF
136,CASSQDYEQYF,CASSQGYEQYF
137,CASSGSSYEQYF,CASSSSYEQYF
138,CASSQGGYEQYF,CASSYGGYEQYF
139,CASSQGGYEQYF,CASSQGYEQYF
140,CASSQGSYEQYF,CASSGSYEQYF
141,CASSYYNEQFF,CASSLYNEQFF
142,CASSEGPGAYEQYF,CASSEGQGAYEQYF
143,CASSTSYEQYF,CASSSSYEQYF
144,CSARDRETYEQYF,CSARDRGTYEQYF
145,CSARGLAASYEQYF,CSARGLRASYEQYF
146,CASSYSYEQYF,CASSSSYEQYF
147,CASSLNPNEQFF,CASSLNYNEQFF
148,CASSMQGSYNEQFF,CASSMSGSYNEQFF
149,CASSLGGTEAFF,CASSLGGAEAFF
150,CASSLGGTEAFF,CASSLGGDEAFF
151,CASSLGGTEAFF,CASSLGGSEAFF
152,CASSLGAYEQYF,CASSLAYEQYF
153,CASNQGGTEAFF,CASSQGGTEAFF
154,CASSTTGGDGYTF,CASSWTGGDGYTF
155,CASSLGGRTEAFF,CASSLGGTEAFF
156,CASSQDYEQYF,CASSQGYEQYF
157,CASSQGGYEQYF,CASSQGYEQYF
158,CASSIDSSYEQYF,CASSIRSSYEQYF
159,CASSPGTSYGNEQFF,CASSPGTSGGNEQFF
160,CASRTYNEQFF,CASRLYNEQFF
161,CASSPGAYEQYF,CASSPGTAYEQYF
162,CSASGMNTEAFF,CSASIMNTEAFF
163,CASSLWEGETQYF,CASSLWAGETQYF
164,CSASSMNTEAFF,CSASIMNTEAFF
165,CASSLAGATGELFF,CASSLAGTGELFF
166,CASSLAGATGELFF,CASSLAGAGELFF
167,CASSLEGGLSYEQYF,CASSLEGLSYEQYF
168,CASSFAGGTYEQYF,CASSFAGGIYEQYF
169,CASSLTGSEQFF,CASSLAGSEQFF
170,CSAGDRDYEQYF,CSAGDRAYEQYF
171,CASSQSGNEQFF,CASSQGNEQFF
172,CASSGSSYEQYF,CASSTSSYEQYF
173,CASSIGGNEQFF,CASSIEGNEQFF
174,CAISEGYEQYF,CAISESYEQYF
175,CSADGTGSYEQYF,CSAGTGSYEQYF
176,CASSFNYGYTF,CASSFDYGYTF
177,CASSSQIGETQYF,CASSSQGETQYF
178,CASSLGLGNTEAFF,CASSLGQGNTEAFF
179,CASSYVGDTQYF,CASSYGDTQYF
180,CASSPPGNIQYF,CASSPQGNIQYF
181,CASSPPGNIQYF,CASSPTGNIQYF
182,CASSWTSGTDTQYF,CASSLWTSGTDTQYF
183,CASSFQGLASNEQFF,CASSFPGLASNEQFF
184,CASSLTQETQYF,CASSPTQETQYF
185,CASGLGGYNEQFF,CASSLGGYNEQFF
186,CSGSGSSYEQYF,CSGISGSSYEQYF
187,CASSYSSGGYTF,CASSYSSGYGYTF
188,CSARDLTGAYEQYF,CSARDTGAYEQYF
189,CASSYVGDTQYF,CASSYVGGDTQYF
190,CASSYSSNNEKLFF,CASSYSSPNEKLFF
191,CASSLTAYNEQFF,CASSLDAYNEQFF
192,CASSSQGLETQYF,CASSSGGLETQYF
193,CASSGSSYEQYF,CASSGGSYEQYF
194,CASSLGGVTDTQYF,CASSLGGPTDTQYF
195,CASSLGAAQETQYF,CASSLGAPQETQYF
196,CASSLGGSYEQYF,CASSLGESYEQYF
197,CASSLSMSNNEQFF,CASSLSDSNNEQFF
198,CASSLSGSTDTQYF,CASSLSGPTDTQYF
199,CASSSVPSYEQYF,CASSSVDSYEQYF
200,CASSLWTGSYEQYF,CASSLWGTGSYEQYF
201,CASSGSSYEQYF,CASSLGSSYEQYF
202,CSARDLTGAYEQYF,CSARDPTGAYEQYF
203,CASSLGAYEQYF,CASSPGAYEQYF
204,CASSQDYEQYF,CASSQGYEQYF
205,CASSLLSFEQYF,CASSLLGFEQYF
206,CASSQGGYEQYF,CASSQGYEQYF
207,CASSLGGESYEQYF,CASSLGGSYEQYF
208,CASSPLAGGYEQYF,CASSPGLAGGYEQYF
209,CASSLVGGNQPQHF,CASSLQGGNQPQHF
210,CASSLGGGEQYF,CASSPGGGEQYF
211,CASSLGAYEQYF,CASSLTAYEQYF
212,CASSLGAYEQYF,CASSLSAYEQYF
213,CASSLGAYEQYF,CASSLVAYEQYF
214,CASSLQNTGELFF,CASSLGNTGELFF
215,CATSRDRAYEQYF,CATSSRDRAYEQYF
216,CASSSLGDTQYF,CASSFLGDTQYF
217,CSAELEGAYNEQFF,CSAELAGAYNEQFF
218,CASSIQGAAYNEQFF,CASSISGAAYNEQFF
219,CASSYSGQQPQHF,CASSYSGNQPQHF
220,CASSLDSGYEQYF,CASSLDSSYEQYF
221,CASSYGGPYNEQFF,CASSYGGRYNEQFF
222,CASSLEGGLSYEQYF,CASSLEGGLTYEQYF
223,CASSIGGNEQFF,CASSIGGYNEQFF
224,CASSLGAAQETQYF,CASSLGTAQETQYF
225,CSVGGSSYEQYF,CSVGRGSSYEQYF
226,CSVNQGYEQYF,CSVEQGYEQYF
227,CASSLASGYEQFF,CASSLASGYEQYF
228,CASSLASGYEQFF,CASSLASYEQFF
229,CASSYSSNNEKLFF,CASSYSSANNEKLFF
230,CASSQDEGNIQYF,CASSQAEGNIQYF
231,CASSPEDYNEQFF,CASSPTDYNEQFF
232,CASSPRVLYEQYF,CASSPRVSYEQYF
233,CASSFMTGTYEQYF,CASSFRTGTYEQYF
234,CASSQEGGYTGELFF,CASSQEGGNTGELFF
235,CASSFMNTEAFF,CASSFINTEAFF
236,CASSWTGGEQFF,CASSWTGGDEQFF
237,CASSLGPSSEQFF,CASSLGPSNEQFF
238,CSVETTNTGELFF,CSVETGNTGELFF
239,CASSLGSGGNEQFF,CASSLGSGYNEQFF
240,CASSFSSSGNTIYF,CASSFSSSPGNTIYF
241,CATSDFGTDTQYF,CATSDPGTDTQYF
242,CASSLSGSYEQYF,CASSLGGSYEQYF
243,CASSLTAGSTDTQYF,CASSLTASSTDTQYF
244,CASSLGGGEAFF,CASSLGLGGEAFF
245,CASSRSSYEQYF,CASSSSYEQYF
246,CASSQSSYEQYF,CASSSSYEQYF
247,CASSFSSYEQYF,CASSSSYEQYF
248,CASSYSGSPLHF,CASSYSLGSPLHF
249,CATSRGGQETQYF,CATSTGGQETQYF
250,CATSRGGQETQYF,CATSRGSQETQYF
251,CATSRGGQETQYF,CATSRGQQETQYF
252,CASSWSSYEQYF,CASSSSYEQYF
253,CASSLSSYEQYF,CASSLSSYQYF
254,CASSLSSYEQYF,CASSSSYEQYF
255,CASSYVGGELFF,CASSYVGPGELFF
256,CASSFWAEQYF,CASSFLAEQYF
257,CASSLGADYEQYF,CASSLGAYEQYF
258,CASSAGGYGYTF,CASSPGGYGYTF
259,CASSAGGYGYTF,CASSLGGYGYTF
260,CASSGFSYEQYF,CASSGSYEQYF
261,CASSRSSYEQYF,CASSSSYEQYF
262,CASSYTSGSTDTQYF,CASSYISGSTDTQYF
263,CASSQSSYEQYF,CASSSSYEQYF
264,CASSFSSYEQYF,CASSSSYEQYF
265,CASSLQGSGTEAFF,CASSLQGTGTEAFF
266,CASSLTGGSTDTQYF,CASSLTGWSTDTQYF
267,CASSYGHPYEQYF,CASSYGPYEQYF
268,CASSWSSYEQYF,CASSSSYEQYF
269,CASSLSSYEQYF,CASSSSYEQYF
270,CASSITSGGFYEQYF,CASSITSGGSYEQYF
271,CASSYGGPYEQYF,CASSYGPYEQYF
272,CASSYGGPYEQYF,CASSYGGGYEQYF
273,CASSLTGGYTDTQYF,CASSLTGGGTDTQYF
274,CAISQSYEQYF,CAISNSYEQYF
275,CASSLGGGSTDTQYF,CASSLAGGSTDTQYF
276,CASSPGGGSTDTQYF,CASSPSGGSTDTQYF
277,CASSLDISYEQYF,CASSLDSYEQYF
278,CASSPAGGGTDTQYF,CASSWAGGGTDTQYF
279,CASSRSSYEQYF,CASSLRSSYEQYF
280,CASSYVGGPEAFF,CASSYAGGPEAFF
281,CATSDLMTDTQYF,CATSDLFTDTQYF
282,CASSYSSGSNNEQFF,CASSYSSGSGNEQFF
283,CATSDLWTDTQYF,CATSDLFTDTQYF
284,CASSLSSYEQYF,CASSLRSSYEQYF
285,CASSGFSYEQYF,CASSGGSYEQYF
286,CASSFEGSYEQYF,CASSFGSYEQYF
287,CASSLVGGELFF,CASSLGGELFF
288,CASSLVGGELFF,CASSLGGELFF
289,CASSLVGGELFF,CASSLGGELFF
290,CASSPGTGSYEQYF,CASSGTGSYEQYF
291,CASSLGGSDEQFF,CASSLGGDEQFF
292,CASSLRGGNTEAFF,CASSLGGNTEAFF
293,CASSPGGTEAFF,CASSQGGTEAFF
294,CASSLVSSYNEQFF,CASSLTSSYNEQFF
295,CASSLRGNTEAFF,CASSLGGNTEAFF
296,CASSLRGNTEAFF,CASSRGNTEAFF
297,CASSLGTDTQYF,CASSLSTDTQYF
298,CASSLGGGSTDTQYF,CASSLGGASTDTQYF
299,CSVETTNTGELFF,CSVCETTNTGELFF
300,CASSLSGSYEQYF,CASSLSGTYEQYF
301,CASSRGSSYEQYF,CASSFGSSYEQYF
302,CASSLDPGAYNEQFF,CASSLDPDAYNEQFF
303,CASSLGNYEQYF,CASSQGNYEQYF
304,CASSQGGGGTDTQYF,CASSQAGGGTDTQYF
305,CASSLGGTYEQYF,CASSPGGTYEQYF
306,CASSVVMNTEAFF,CASSVMNTEAFF
307,CASGGQPYNEQFF,CASGGPYNEQFF
308,CASSLIGGEQYF,CASSLIGDEQYF
309,CASSLVGGYEQYF,CASSLEGGYEQYF
310,CASSLVGGEQYF,CASSLVGDEQYF
311,CASSLPSYEQYF,CASSLDSYEQYF
312,CASSVLMNTEAFF,CASSVMNTEAFF
313,CATSDLTADTQYF,CATSDLTRDTQYF
314,CATSDLMTDTQYF,CATSDLATDTQYF
315,CATSDLTGDEQFF,CATSDLTVDEQFF
316,CATSDLTGDEQFF,CATSDLTRDEQFF
317,CASSAGSYEQYF,CASSLAGSYEQYF
318,CATSDLWTDTQYF,CATSDLATDTQYF
319,CASSLIGGEQYF,CASSLAGGEQYF
320,CATSDLYRDEQYF,CATSDLTRDEQYF
321,CASSLVGGEQYF,CASSLAGGEQYF
322,CASSLGGTYEQYF,CASSLAGTYEQYF
323,CASSLGGTYEQYF,CASSLGGQTYEQYF
324,CASSLDISYEQYF,CASSLDIYYEQYF
325,CASSYVGGNTEAFF,CASSYSGGNTEAFF
326,CASSEVGSGNTIYF,CASSEAGSGNTIYF
327,CAISQSYEQYF,CAISESYEQYF
328,CASSPAGWYEQYF,CASSPGWYEQYF
329,CASSLVGYNEQFF,CASSLVGYGEQFF
330,CASSFSSYEQYF,CASSFSYEQYF
331,CASSLVGSGNTIYF,CASSLWGSGNTIYF
332,CASSLVGSYEQYF,CASSLVGYEQYF
333,CASSQDQGTEAFF,CASSQIQGTEAFF
334,CASSPGTGSYEQYF,CASSPGTGLYEQYF
335,CASSFPGSGNTIYF,CASSFQGSGNTIYF
336,CASSLVGGYEQYF,CASSLVGYEQYF
337,CATSDFGTDTQYF,CATSDFGGTDTQYF
338,CATSDFGTDTQYF,CATSDFGSTDTQYF
339,CASSLTGGYTDTQYF,CASSLTGGSTDTQYF
340,CASSLGGGSTDTQYF,CASSLTGGSTDTQYF
341,CASSFMSYEQYF,CASSFSYEQYF
342,CASSLLGYEQYF,CASSLVGYEQYF
343,CASSLAGGAGETQYF,CASSLAGGRGETQYF
344,CASSLDPGAYNEQFF,CASSLDPGGYNEQFF
345,CASSPYYNEQFF,CASSLYYNEQFF
346,CASSPMNTEAFF,CASSPGNTEAFF
347,CASSQGQGHQPQHF,CASSQGQGGHQPQHF
348,CASSLGGGEQFF,CASSLGGDEQFF
349,CASSFMNTEAFF,CASSDMNTEAFF
350,CASSPMNTEAFF,CASSDMNTEAFF
351,CASSLTSGSTDTQYF,CASSVTSGSTDTQYF
352,CASSLTSGSTDTQYF,CASSETSGSTDTQYF
353,CASSPAGGGTDTQYF,CASSPAGGTDTQYF
354,CASSRSSYEQYF,CASSFSSYEQYF
355,CASSQSSYEQYF,CASSFSSYEQYF
356,CASSPSSGSQETQYF,CASSKSSGSQETQYF
357,CASSYSTSGYEQYF,CASSYSTGYEQYF
358,CASSWSSYEQYF,CASSFSSYEQYF
359,CASSLFGGEETQYF,CASSLFPGEETQYF
360,CASSLIQGPTDTQYF,CASSLQGPTDTQYF
361,CASSLTAGATDTQYF,CASSLRAGATDTQYF
362,CASSLSSYEQYF,CASSFSSYEQYF
363,CASSFMSYEQYF,CASSFSSYEQYF
364,CASSLSGSYEQYF,CASSLSGGSYEQYF
365,CASSAGSYEQYF,CASSLGSYEQYF
366,CASSIGGSPYNEQFF,CASSIGGSSYNEQFF
367,CASSIGGSPYNEQFF,CASSIGGSLYNEQFF
368,CASSESAEGNQPQHF,CASSESAGNQPQHF
369,CASSPSGSEQFF,CASSPTSGSEQFF
370,CASSLGGTYEQYF,CASSLGGSYEQYF
371,CASSLGGTYEQYF,CASSLGGFYEQYF
372,CASSVSGANVLTF,CASSVGANVLTF
373,CASSLRTEAFF,CASSLVRTEAFF
374,CASSLSGSYEQYF,CASSSGSYEQYF
375,CASSVLMNTEAFF,CASSVVMNTEAFF
376,CASSQFTDTQYF,CASSQFADTQYF
377,CASSFSSYEQYF,CASSFSDSYEQYF
378,CASSQDPGQVNGYTF,CASSQDPGQVYGYTF
379,CASSLTGGGGETQYF,CASSLTGTGGETQYF
380,CASSPGQGAYEQYF,CASSQGQGAYEQYF
381,CASSPGQGAYEQYF,CASSPGQGSYEQYF
382,CASSLSSYEQYF,CASSLISYEQYF
383,CASSVVIGDTQYF,CASSVLIGDTQYF
384,CASSFMNTEAFF,CASSLMNTEAFF
385,CASSPMNTEAFF,CASSLMNTEAFF
386,CASSLMSYEQYF,CASSLISYEQYF
387,CASSPTTGELFF,CASSPYTGELFF
388,CASSLSTYEQYF,CASSLASTYEQYF
389,CASSLVGGELFF,CASSLVSGELFF
390,CASSQDLNNEQFF,CASSQDLANEQFF
391,CASSVSDTQYF,CASSVGSDTQYF
392,CASSDNQETQYF,CASSVNQETQYF
393,CASSVGNEQFF,CASSVGDNEQFF
394,CAISESRGDTQYF,CAISESRTDTQYF
395,CASSVANEQFF,CASSVASNEQFF
396,CASSVANEQFF,CASSVADNEQFF
397,CASSQGLGNQPQHF,CASSGGLGNQPQHF
398,CASSVGDEQFF,CASSVGDNEQFF
399,CASSVGNEQYF,CASSVGDNEQYF
400,CASSVGGNEQFF,CASSVGDNEQFF
401,CASSVGDTQYF,CASSVGPDTQYF
402,CASSVGDTQYF,CASSVGEDTQYF
403,CASSVGDTQYF,CASSVGSDTQYF
404,CASSVGETQYF,CASSVGEDTQYF
405,CASSVGGQNTEAFF,CASSVGGENTEAFF
406,CASSVAGGELFF,CASSVAGSGELFF
407,CASSVAGGELFF,CASSVAGTGELFF
408,CASSLGTEAFF,CASSPGTEAFF
409,CASSVGDEQYF,CASSVGDNEQYF
410,CASSVADEQFF,CASSVADNEQFF
411,CASSQAPGSYEQYF,CASSQAPGQSYEQYF
412,CASSVGGDTQYF,CASSVGPDTQYF
413,CASSVGGDTQYF,CASSVGEDTQYF
414,CASSVGGDTQYF,CASSVGSDTQYF
415,CASSQEGTASYEQYF,CASSQEGSASYEQYF
416,CASSESTGELFF,CASSETGELFF
417,CASSVGYEQFF,CASSVGYNEQFF
418,CASSVGNEQFF,CASSVGYNEQFF
419,CASSGRDSSYNEQFF,CASSPRDSSYNEQFF
420,CASSVGGEQFF,CASSVPGGEQFF
421,CASSVGGNEQFF,CASSVGYNEQFF
422,CASSVGETQYF,CASSVAGETQYF
423,CSVVRLTEAFF,CSVVRDTEAFF
424,CASSPQGYEQYF,CASSPVGYEQYF
425,CASSPQGYEQYF,CASSPDGYEQYF
426,CASSLPTDTQYF,CASSPTDTQYF
427,CASSVGYEQYF,CASSVGGYEQYF
428,CASSVGGEQYF,CASSVGGYEQYF
429,CASSVGGGEQYF,CASSVGGYEQYF
430,CASSVGGSEQYF,CASSVGGYEQYF
431,CASSQAPGSYEQYF,CASSQDPGSYEQYF
432,CASSVGGAEQYF,CASSVGGYEQYF
433,CASSESGTGGHEQFF,CASSESGTGGNEQFF
434,CASSPYNNEQFF,CASSPHNNEQFF
435,CASTGTDYNEQFF,CASSGTDYNEQFF
436,CASSLGGEAFF,CASSLGGELFF
437,CASSLGGEAFF,CASSLGGEQFF
438,CASSLGGEAFF,CASSLGGAAFF
439,CASSLGGEAFF,CASSLGGELFF
440,CASSLGGEAFF,CASSLGSEAFF
441,CASSLGGEAFF,CASSGGGEAFF
442,CASSLGGEAFF,CASSLGGELFF
443,CASSQGYEQYF,CASSQGGEQYF
444,CASSEGGDTEAFF,CASSEGGSTEAFF
445,CASSFSGNTGELFF,CASSFSPNTGELFF
446,CASSGSSYNEQFF,CASSGSGYNEQFF
447,CASSLAGASGYTF,CASSLGASGYTF
448,CASSTGGELFF,CASSGGGELFF
449,CASSGSAYNEQFF,CASSGSGYNEQFF
450,CASSVGGNEQFF,CASSVGGYNEQFF
451,CASSVGGSEQYF,CASSVGGSYEQYF
452,CASSVGGSEQYF,CASSVGGSNEQYF
453,CASSLGAEQYF,CASSLGHEQYF
454,CASSPGTEAFF,CASSHGTEAFF
455,CASSLGQGWDEQYF,CASSLGQGNDEQYF
456,CASSVGGSTEAFF,CASSPGGSTEAFF
457,CASSVGGSTEAFF,CASSAGGSTEAFF
458,CASSVGGSTEAFF,CASSTGGSTEAFF
459,CASSVGGSTEAFF,CASSSGGSTEAFF
460,CASSVGGSTEAFF,CASSEGGSTEAFF
461,CASSVGGELFF,CASSGGGELFF
462,CASSVASSYEQYF,CASSVGSSYEQYF
463,CASSVGSGSYEQYF,CASSVGSSYEQYF
464,CASSVGSGSYEQYF,CASSVGSGRYEQYF
465,CASSVGSGSYEQYF,CASSVGGSYEQYF
466,CASSAGYEQYF,CASSAGSYEQYF
467,CASSLHSNTGELFF,CASSLNSNTGELFF
468,CASSLAVYEQYF,CASSLAYEQYF
469,CASSLALEQYF,CASSLAYEQYF
470,CASSVGDEQFF,CASSVGLDEQFF
471,CASSGLGDNEQFF,CASSPLGDNEQFF
472,CASSPRDGPYEQYF,CASSPRDGSPYEQYF
473,CASSLAGTDTQYF,CASSLALTDTQYF
474,CASSPGTEAFF,CASSPIGTEAFF
475,CASSLAVYNEQFF,CASSLAGYNEQFF
476,CASSLPGDPYEQYF,CASSLPAGDPYEQYF
477,CASSPGTTYEQYF,CASSPGTAYEQYF
478,CASSQGYEQYF,CASSLGYEQYF
479,CASSRGYEQYF,CASSLGYEQYF
480,CASSPGTEAFF,CASSQGTEAFF
481,CASSEGLRPYEQYF,CASSEGLGPYEQYF
482,CASSLRQGAYEQYF,CASSLRQGYEQYF
483,CASSVGNEQFF,CASSVRGNEQFF
484,CASSVGGNEQFF,CASSVRGNEQFF
485,CASSFISGYNEQFF,CASSFPSGYNEQFF
486,CASSQESGRTYEQYF,CASSQERGRTYEQYF
487,CSVAETGELFF,CSVQETGELFF
488,CASSEGSGYEQYF,CASSEGQGYEQYF
489,CASSLGSGELFF,CASSLASGELFF
490,CASSPLHNEQFF,CASSPHNEQFF
491,CASSPTLVPYEQYF,CASSPTGVPYEQYF
492,CASSLTNTEAFF,CASSLTATEAFF
493,CASSVSGVSYNEQFF,CASSVSGISYNEQFF
494,CASSPAYEQYF,CASSPASYEQYF
495,CASSLGTEAFF,CASSLGVEAFF
496,CASSQAPGSYEQYF,CASSQAPGAYEQYF
497,CASSLEGQQNTEAFF,CASSLEGQVNTEAFF
498,CASSTGYEQYF,CASSTDGYEQYF
499,CASSLGTEAFF,CASSSGTEAFF
500,CASSTGETQYF,CASSQTGETQYF
501,CASSPGTTYEQYF,CASSPGSTYEQYF
502,CASSEGTGLYEQYF,CASSEGTGRLYEQYF
503,CASSLAVYEQYF,CASSLADYEQYF
504,CASSLGGLSYEQYF,CASSLGGPSYEQYF
505,CASSVGAANTEAFF,CASGVGAANTEAFF
506,CASSLGETQYF,CASSVGETQYF
507,CASSVGNEQFF,CASSVGGNEQFF
508,CASSVGEQQYF,CASSVGETQYF
509,CSARKISSYEQYF,CSARKRSSYEQYF
510,CASSVGEAQYF,CASSVGETQYF
511,CASSVGGEQFF,CASSVGGNEQFF
512,CASSVGDTQYF,CASSVGETQYF
513,CASSVGGTQYF,CASSVGETQYF
514,CASSTGETQYF,CASSVGETQYF
515,CASSVSETQYF,CASSVGETQYF
516,CASSVGGELFF,CASSVGAGELFF
517,CASSASGSSYNEQFF,CASSPSGSSYNEQFF
518,CASSASGSSYNEQFF,CASSASGDSYNEQFF
519,CASSVGSGSYEQYF,CASSVGSGHYEQYF
520,CASSLGTEAFF,CASSRGTEAFF
521,CASSVAGELFF,CASSVGAGELFF
522,CASSVGQTQYF,CASSVGETQYF
523,CASSVGGAEQYF,CASSVGGAYEQYF
524,CASSPRDGPYEQYF,CASSPRDLGPYEQYF
525,CSVVNTGELFF,CSVGNTGELFF
526,CASSSPGTSTDTQYF,CASSSPGTSGDTQYF
527,CASSPSGSGYEQYF,CASSPSGSYEQYF
528,CASWGIQETQYF,CASSGIQETQYF
529,CASSYGQGETQYF,CASSYGGETQYF
530,CASSLAGPDTQYF,CASSLAPDTQYF
531,CASSEGGDTEAFF,CASSEGGGTEAFF
532,CASSRGSGSYEQYF,CASSRGSGSSYEQYF
533,CASSLTNTEAFF,CASSLTVNTEAFF
534,CASSGLAGAGELFF,CASSGLAGTGELFF
535,CASSVGSGSYEQYF,CASSVGSGSSYEQYF
536,CASSYGQGETQYF,CASSYGNGETQYF
537,CASSGLAGRYNEQFF,CASSGLAGTYNEQFF
538,CASSFSGNPYEQYF,CASSFSGTPYEQYF
539,CASSVGSGSYEQYF,CASSVGQGSYEQYF
540,CASSAGYEQYF,CASSAQGYEQYF
541,CASSEGTGLYEQYF,CASSEGTGWYEQYF
542,CASSLGQVYNEQFF,CASSLGVYNEQFF
543,CASSSGTGNTEAFF,CASSSGTMNTEAFF
544,CASSIGQGRNQPQHF,CASSIGQGINQPQHF
545,CASSIGQGRNQPQHF,CASSIGQGMNQPQHF
546,CASSYGYEQYF,CASSYVYEQYF
547,CASSLAGNEQYF,CASSWAGNEQYF
548,CASSVAEETQYF,CASSVAGETQYF
549,CASSLSGDEQFF,CASSLTGDEQFF
550,CASSLSGDEQFF,CASSLSGNEQFF
551,CASSFSGNEQFF,CASSFSGGNEQFF
552,CASSFSGNEQFF,CASSFSGYEQFF
553,CASSFSGNEQFF,CASSFAGNEQFF
554,CASSFSGNEQFF,CASSFSGEQFF
555,CASSFSGNEQFF,CASSLSGNEQFF
556,CASSLTGETQYF,CASSLLGETQYF
557,CASSVGDNEQFF,CASSVGYNEQFF
558,CASSYGPSEQYF,CASSYGPYEQYF
559,CASSEEGYNEQFF,CASSLEGYNEQFF
560,CASSLEAGGDTQYF,CASSLEAGGTDTQYF
561,CASSMDRWTEAFF,CASSMDRGTEAFF
562,CASSPGDTEAFF,CASSPQDTEAFF
563,CASSYSGNTEAFF,CASSYSAGNTEAFF
564,CASSDGGQETQYF,CASSDTGGQETQYF
565,CASSPPRETQYF,CASSPPGETQYF
566,CASSYSGNTEAFF,CASSYSGGTEAFF
567,CASSYSGNTEAFF,CASSYPGNTEAFF
568,CASSVAGSGELFF,CASSVGGSGELFF
569,CASSVVGDPSYEQYF,CASSVGGDPSYEQYF
570,CASSGGSSYEQYF,CASSVGSSYEQYF
571,CASSGGSSYEQYF,CASSGGSYEQYF
572,CASSYSRGNEQYF,CASSYSTGNEQYF
573,CASSFDSSYEQYF,CASSFGSSYEQYF
574,CASSPPSNEQFF,CASSPPSGNEQFF
575,CASSIRSAYEQYF,CASSIRSSYEQYF
576,CASSYSVSYEQYF,CASSFSVSYEQYF
577,CASSFDSYEQYF,CASSFSYEQYF
578,CASSGPTYEQYF,CASSPTYEQYF
579,CASSLGNEQFF,CASSLGNEQYF
580,CASSQVGIQETQYF,CASSQVRGIQETQYF
581,CASSLAGNEQYF,CASSLAGSEQYF
582,CASSLAGNEQYF,CASSLAGIEQYF
583,CASSLAGNEQYF,CASSLAGVEQYF
584,CASSLAGNEQYF,CASSLAGNYEQYF
585,CASSLAGNEQYF,CASSLAGGEQYF
586,CASSLAGNEQYF,CASSLAGIEQYF
587,CASSLAGNEQYF,CASSLAGLEQYF
588,CASSLAGNEQYF,CASSLAGNEQFF
589,CASSLAGNEQYF,CASSLAGTEQYF
590,CASSLAGNEQYF,CASSLAGANEQYF
591,CASSLAGNEQYF,CASSLAGYEQYF
592,CASSLSGAGYGYTF,CASSLSGADYGYTF
593,CASSQITGGNQPQHF,CASSQGTGGNQPQHF
594,CASSLAGNEQYF,CASSLAGNEQFF
595,CASSLAGNEQYF,CASSLAGTEQYF
596,CAISESWDTQYF,CAISESWTDTQYF
597,CASSYSGRQETQYF,CASSYSGQETQYF
598,CASSYGRTEAFF,CASSYDRTEAFF
599,CAISESRTDTQYF,CAISESWTDTQYF
600,CASSYSGNTEAFF,CASSYSGGNTEAFF
601,CSVRGTDYGYTF,CSVAGTDYGYTF
602,CASSPGQAQETQYF,CASSPGQWQETQYF
603,CASSQELAAYEQYF,CASSQELAASYEQYF
604,CASSPGTEAFF,CASSLGTEAFF
605,CASSYGRDTQYF,CASSYGDTQYF
606,CASSYGPDTQYF,CASSYGDTQYF
607,CASSEALAYEQYF,CASSEALEYEQYF
608,CASSYGRDEAFF,CASSYGREEAFF
609,CSVETGNTGELFF,CSVEVGNTGELFF
610,CAISESWETQYF,CAISESSETQYF
611,CASSVVGGMTEAFF,CASSVVGGGTEAFF
612,CASSVVGGMTEAFF,CASSVVGGNTEAFF
613,CASSPGTEAFF,CASSPGNTEAFF
614,CASSYGPSEQYF,CASSYGPAEQYF
615,CASSPGTEAFF,CASSSGTEAFF
616,CASSYSGNTEAFF,CASSYSGVNTEAFF
617,CASSYSGNTEAFF,CASSYEGNTEAFF
618,CSARGAGNTGELFF,CSARGAGMNTGELFF
619,CASSPPRETQYF,CASSPPEETQYF
620,CASSFGVGGEQYF,CASSFGVGEQYF
621,CASSQVGGNEQFF,CASSQVHGNEQFF
622,CASSPGTEAFF,CASSRGTEAFF
623,CASSELESYEQYF,CASSELSYEQYF
624,CSVTRGTEAFF,CSVARGTEAFF
625,CASSVGEDTQYF,CASSVGETQYF
626,CASSNSGGASYEQYF,CASSASGGASYEQYF
627,CASSFGVGGEQYF,CASSFVGGEQYF
628,CASSGGSSYEQYF,CASSGGNSYEQYF
629,CASSLPGSGELFF,CASSLRGSGELFF
630,CASSVGDNEQFF,CASSVGGNEQFF
631,CSAREGRTEAFF,CSARPGRTEAFF
632,CASSPPSNEQFF,CASSPSNEQFF
633,CASSQVAGYEQYF,CASSQVEGYEQYF
634,CASSPVDRVNEQYF,CASSPADRVNEQYF
635,CASSLGRGTYEQYF,CASSLGGTYEQYF
636,CASSQVGGNEQFF,CASSQTGGNEQFF
637,CASSYSRGNEQYF,CASSYSRGYEQYF
638,CASSYSRGNEQYF,CASSYSGGNEQYF
639,CASSGDSSYEQYF,CASSGDSYEQYF
640,CASSYSGNTEAFF,CASSYSQNTEAFF
641,CASSFPGQGAGELFF,CASSFGQGAGELFF
642,CASSLQLNTEAFF,CASSLQGNTEAFF
643,CASSYSGPGELFF,CASSYVGPGELFF
644,CASSSNTGELFF,CASSPSNTGELFF
645,CASSLGTGYNEQFF,CASSLTGYNEQFF
646,CASSPSSYEQYF,CASSSSYEQYF
647,CASSLDSNQPQHF,CASSLLDSNQPQHF
648,CASSLAGFYNEQFF,CASSLLAGFYNEQFF
649,CASSYEGGPETQYF,CASSYEGGMETQYF
650,CASSLLGFSYNEQFF,CASSLLGGSYNEQFF
651,CASSLLGFSYNEQFF,CASSLLGQSYNEQFF
652,CASSLGGSYEQYF,CASSPLGGSYEQYF
653,CASSQTSGYTDTQYF,CASSQTSGGTDTQYF
654,CASSLGGYEQYF,CASSLGQGYEQYF
655,CASSLGTGNTEAFF,CASSLGGNTEAFF
656,CASSLAGSSYNEQFF,CASSLAGSYNEQFF
657,CASSLTAGNTEAFF,CASSLTPGNTEAFF
658,CASSSTGGLYNEQFF,CASSSTGGAYNEQFF
659,CASSETGELFF,CASSGTGELFF
660,CASSYGGGELFF,CASSGGGELFF
661,CASSLGGGYEQYF,CASSLGGYEQYF
662,CASSLAQGNTGELFF,CASSLGQGNTGELFF
663,CAIGGTGGTGELFF,CAGGTGGTGELFF
664,CASSLGEYTDTQYF,CASSLGPYTDTQYF
665,CASSLGGGYEQYF,CASSLGGYEQYF
666,CASSLGVGTEAFF,CASSLGGTEAFF
667,CASSLTGETYEQYF,CASSLTGTYEQYF
668,CASSSGYEQYF,CASSPSGYEQYF
669,CASSLGSGSYNEQFF,CASSLDSGSYNEQFF
670,CASGLAAYEQYF,CASGLLAYEQYF
671,CASSQGGQPQHF,CASSSGGQPQHF
672,CASSLGGSYEQYF,CASSLGQSYEQYF
673,CASSYNYNEQFF,CASSPNYNEQFF
674,CASSQAGAEAFF,CASSQAGAAEAFF
675,CASSLDSNQPQHF,CASSLGSNQPQHF
676,CASSWGQGVYNEQFF,CASSQGQGVYNEQFF
677,CASSFPGAEQYF,CASSFVGAEQYF
678,CASSYTNTGELFF,CASSYSNTGELFF
679,CASSLGSTDTQYF,CASSLGTDTQYF
680,CASSPSSYEQYF,CASSPNSYEQYF
681,CASSPSSYEQYF,CASSTSSYEQYF
682,CASSLARDTSYEQYF,CASSLARDSYEQYF
683,CASSPPGSEQFF,CASSPPGQEQFF
684,CASSWTGETEAFF,CASSWTGTEAFF
685,CASSLGLGYNEQFF,CASSLGTGYNEQFF
686,CASSLTGSSTDTQYF,CASSLTGFSTDTQYF
687,CASSYSAGDTGELFF,CASSYSLGDTGELFF
688,CASSLGTGINEQFF,CASSLGTGYNEQFF
689,CASSLGSGYNEQFF,CASSLGTGYNEQFF
690,CASSLGTGYNEQFF,CASSLGGYNEQFF
691,CASSPDRANTEAFF,CASSPDRMNTEAFF
692,CASSWTGETEAFF,CASSWTGGTEAFF
693,CASSLGLGYNEQFF,CASSLGGYNEQFF
694,CASSLGLYNEQFF,CASSLGGYNEQFF
695,CASSLGLYNEQFF,CASSLGPYNEQFF
696,CASSIGGNQPQHF,CASSLGGNQPQHF
697,CASSLTGEAYEQYF,CASSLTEAYEQYF
698,CASSLGTGVEYEQYF,CASSLGTGVVYEQYF
699,CASSLGTGVEYEQYF,CASSLGTGVSYEQYF
700,CASSLDSNQPQHF,CASSLGSNQPQHF
701,CASSLGVGNQPQHF,CASSLGGNQPQHF
702,CASSLGSGYNEQFF,CASSLGGYNEQFF
703,CASSLGVYNEQFF,CASSLGGYNEQFF
704,CASSLGVYNEQFF,CASSLGPYNEQFF
705,CASSIQGDNQPQHF,CASSLQGDNQPQHF
706,CASSLTGETYEQYF,CASSTGETYEQYF
707,CASSWTGETEAFF,CASSTGETEAFF
708,CASSLDSNQPQHF,CASSLNSNQPQHF
709,CASSLDSNQPQHF,CASSLGSNQPQHF
710,CASSRTSGNTDTQYF,CASSRTSGGTDTQYF
711,CASSVGLSTDTQYF,CASSVGYSTDTQYF
712,CASSVGISTDTQYF,CASSVGYSTDTQYF
713,CASSSTGTSTDTQYF,CASSSTGDSTDTQYF
714,CASSSGGTDTQYF,CASSSRGGTDTQYF
715,CASSPSSYEQYF,CASSPDSYEQYF
716,CASSPDSNEQFF,CASSPRDSNEQFF
717,CASSLSPGSEQYF,CASSLSPGEQYF
718,CASSPLGGSYEQYF,CASSPLGGPYEQYF
719,CASKDSYEQYF,CASTDSYEQYF
720,CASSLGSGSYNEQFF,CASSLGSSYNEQFF
721,CASSLGGSYEQYF,CASSGGSYEQYF
722,CASSLGGSYEQYF,CASSLSGGSYEQYF
723,CASSLGSGYNEQFF,CASSLGSSYNEQFF
724,CATSDLQGETDTQYF,CATSDLQGVTDTQYF
725,CASSLHRDSYEQYF,CASSLHRDHYEQYF
726,CASSLHRDSYEQYF,CASSLHRDVSYEQYF
727,CASSLHRDSYEQYF,CASSLSRDSYEQYF
728,CASSSGTMNTEAFF,CASSSGMNTEAFF
729,CASSLGSGSYNEQFF,CASSLGSSYNEQFF
730,CASSLGGSYEQYF,CASSLGSSYEQYF
731,CASSQDWDSSYEQYF,CASSQDRDSSYEQYF
732,CASSLGSGYNEQFF,CASSLGSSYNEQFF
733,CASSLSQGSYNEQFF,CASSLSQGAYNEQFF
734,CASSQVRYQETQYF,CASSQSRYQETQYF
735,CASSLGQGIGYTF,CASSLGQGSGYTF
736,CASSQENYSNQPQHF,CASSQERYSNQPQHF
737,CASSVGWTGTYEQYF,CASSVGWGGTYEQYF
738,CASSLGGTEQYF,CASSLGGEQYF
739,CASSYGQGETQYF,CASSYGGETQYF
740,CASSLDSNQPQHF,CASSLADSNQPQHF
741,CASSLGVGTEAFF,CASSLGQGTEAFF
742,CASSLGGSYEQYF,CASSLIGGSYEQYF
743,CASSLGGYEQYF,CASSLGGEQYF
744,CASSLTASSTDTQYF,CASSLLASSTDTQYF
745,CASSLSQGAYNEQFF,CASSLQGAYNEQFF
746,CASSYGQGETQYF,CASSYGNGETQYF
747,CASSPTSDQETQYF,CASRPTSDQETQYF
748,CASSYSADATGELFF,CASSYSALATGELFF
749,CASSQDRDSSYEQYF,CASSQDPDSSYEQYF
750,CASSLPGLEDTQYF,CASSPGLEDTQYF
751,CASSLGLAAYNEQFF,CASSLGQAAYNEQFF
752,CASSVANNSPLHF,CASSVARNSPLHF
753,CASSLHRDSYEQYF,CASSLHRDYEQYF
754,CASSLTGTGNTEAFF,CASSLTGTGSTEAFF
755,CASSLGTGDQPQHF,CASSLGGDQPQHF
756,CASSLDSNQPQHF,CASSLYSNQPQHF
757,CASSLAEGLNTEAFF,CASSLEEGLNTEAFF
758,CASSLAFGTEAFF,CASSLAQGTEAFF
759,CASSLTAGNTEAFF,CASSLTTGNTEAFF
760,CASSYFSGNTGELFF,CASSYTSGNTGELFF
761,CASSLVSGELFF,CASSLVLSGELFF
762,CASSPDSYEQYF,CASSPDGYEQYF
763,CASSLQGNTEAFF,CASSVQGNTEAFF
764,CASSLDGYNEQFF,CASSLEGYNEQFF
765,CASSPTSGGSYEQYF,CASSITSGGSYEQYF
766,CASTLDGPLSYEQYF,CASSLDGPLSYEQYF
767,CASSIVEGTGELFF,CASSIVSGTGELFF
768,CASSIGAGVLYEQYF,CASSIEAGVLYEQYF
769,CASSPGGSYEQYF,CASSPPGGSYEQYF
770,CASSIGLGSNQPQHF,CASSIDLGSNQPQHF
771,CASSIGTGLSYEQYF,CASSIGTSLSYEQYF
772,CASSPGGSYEQYF,CASSPGGSEQYF
773,CASSPGGSYEQYF,CASSPGGYEQYF
774,CASSIGQGETYEQYF,CASSIGQGITYEQYF
775,CASSIGQGIAYEQYF,CASSIGQGITYEQYF
776,CASSIGQGMTYEQYF,CASSIGQGITYEQYF
777,CASSAGQGVTYEQYF,CASSAGQGITYEQYF
778,CASSIGSGITYEQYF,CASSIGQGITYEQYF
779,CASSIGQGYTYEQYF,CASSIGQGITYEQYF
780,CASSLGQGASEQYF,CASSLGQGAYEQYF
781,CASSIGQGSTYEQYF,CASSIGQGITYEQYF
782,CASSIGQGIMYEQYF,CASSIGQGITYEQYF
783,CASSIGQGATYEQYF,CASSIGQGITYEQYF
784,CASSFGNTEAFF,CASSFGSTEAFF
785,CASSIGQGWTYEQYF,CASSIGQGITYEQYF
786,CASSIGAGITYEQYF,CASSIGQGITYEQYF
787,CASSLDGYNEQFF,CASSLAGYNEQFF
788,CASSLDGYNEQFF,CASSLPGYNEQFF
789,CASSPRGSEQYF,CASSPRGNEQYF
790,CASSIGTGWSTEAFF,CASSIGTGSTEAFF
791,CASSLLANTEAFF,CASSLLVNTEAFF
792,CASSSGAGGTDTQYF,CASSSLAGGTDTQYF
793,CASSIGRGNTYEQYF,CASSIGRGLTYEQYF
794,CASSIGRGNTYEQYF,CASSIGRGTYEQYF
795,CASSIGRGLAYEQYF,CASSIGRGLTYEQYF
796,CASSIGRGLAYEQYF,CASSIGRGGAYEQYF
797,CASSTGLGLYNEQFF,CASSTGLGGYNEQFF
798,CASSIGAGLTYEQYF,CASSIGRGLTYEQYF
799,CASSIGTGGAYEQYF,CASSIGRGGAYEQYF
800,CASSLQGNTEAFF,CASSLGQGNTEAFF
801,CASSIGTGISYEQYF,CASSIGTGTSYEQYF
802,CASSIGTGNSYEQYF,CASSIGTGTSYEQYF
803,CASSIGTGYSYEQYF,CASSIGTGTSYEQYF
804,CASSIGQGTSYEQYF,CASSIGTGTSYEQYF
805,CASSIGTGAVYEQYF,CASSIGTGVVYEQYF
806,CASSIGAGTSYEQYF,CASSIGTGTSYEQYF
807,CASSIGTGKSYEQYF,CASSIGTGTSYEQYF
808,CASSLQGNTEAFF,CASSLWQGNTEAFF
809,CASSIGTGHSYEQYF,CASSIGTGTSYEQYF
810,CSARDNLSYEQYF,CSARDLSYEQYF
811,CASSIGTGVSYEQYF,CASSIGTGTSYEQYF
812,CASSIGTGVSYEQYF,CASSIGTGVVYEQYF
813,CASSLGTGVVYEQYF,CASSIGTGVVYEQYF
814,CASSIGTGLSYEQYF,CASSIGTGTSYEQYF
815,CASSVGTGVVYEQYF,CASSIGTGVVYEQYF
816,CASSIGLGYTGELFF,CASSIGAGYTGELFF
817,CASSPDSYEQYF,CASSPDYEQYF
818,CASSIGAGITGELFF,CASSIGAGYTGELFF
819,CASSAGQGTSYEQYF,CASSARQGTSYEQYF
820,CASSPGLGASYEQYF,CASSPGLASYEQYF
821,CASSIGAGVGTEAFF,CASSIEAGVGTEAFF
822,CASSIGAGTSTEQFF,CASSIGAGTSNEQFF
823,CASSQVRSYEQYF,CASSQVGRSYEQYF
824,CASSIGAGVHNEQFF,CASSIGAGVGNEQFF
825,CASSIGAGVHNEQFF,CASSIGAGVFNEQFF
826,CASSIGAGVSYEQYF,CASSIGAVSYEQYF
827,CASSIGAGTRNEQFF,CASSIGAGTSNEQFF
828,CASSPGTGFSYEQYF,CASSPGTGSSYEQYF
829,CASSPGTGRSYEQYF,CASSPGTGSSYEQYF
830,CASSPGQGSSYEQYF,CASSPGTGSSYEQYF
831,CASSLGTGSSYEQYF,CASSPGTGSSYEQYF
832,CASSPGTGNSYEQYF,CASSPGTGSSYEQYF
833,CASSIGLGQAYEQYF,CASSIGPGQAYEQYF
834,CASSLLANTEAFF,CASSLLQNTEAFF
835,CASSTGTGVSYEQYF,CASSTGTGVYEQYF
836,CSVTGTSTDTQYF,CSGTGTSTDTQYF
837,CASSFSGSEQYF,CASSFSGVEQYF
838,CASSYGSYEQYF,CASSYGPYEQYF
839,CASSYGSYEQYF,CASSYGNYEQYF
840,CASSMTGGSTDTQYF,CASSGTGGSTDTQYF
841,CASSMTGGSTDTQYF,CASSSTGGSTDTQYF
842,CASSASGGSTDTQYF,CASSPSGGSTDTQYF
843,CASSASGGSTDTQYF,CASSASGVSTDTQYF
844,CASSLAYEQYF,CASSLTYEQYF
845,CASSLAGTYEQYF,CASSLAGNYEQYF
846,CASSSTGGSTDTQYF,CASSGTGGSTDTQYF
847,CASSSTGGSTDTQYF,CASSSTGGSADTQYF
848,CASSLSGAGTDTQYF,CASSLSGASTDTQYF
849,CASSFTGASTDTQYF,CASSFTGVSTDTQYF
850,CASSFTGASTDTQYF,CASSATGASTDTQYF
851,CASSFTGASTDTQYF,CASSWTGASTDTQYF
852,CASSSTGAGTDTQYF,CASSATGAGTDTQYF
853,CASSSTGAGTDTQYF,CASSSTGATTDTQYF
854,CASSFGGTEQYF,CASSFGGHEQYF
855,CASSQEAGSYEQYF,CASSQERGSYEQYF
856,CASSFSGREQYF,CASSFSGVEQYF
857,CASSSSGSSTDTQYF,CASSSSGTSTDTQYF
858,CASSSSGSSTDTQYF,CASSSSGSSSDTQYF
859,CASSSSGSSADTQYF,CASSSSGSSSDTQYF
860,CASSSTGASTDTQYF,CASSSTGAGTDTQYF
861,CASSSTGASTDTQYF,CASSSTGATTDTQYF
862,CASSSTGASTDTQYF,CASSATGASTDTQYF
863,CASSSTGASTDTQYF,CASSSTGGSTDTQYF
864,CASSSTGASTDTQYF,CASSWTGASTDTQYF
865,CASSSSGGSTDTQYF,CASSSSGGITDTQYF
866,CASSSSGGSTDTQYF,CASSPSGGSTDTQYF
867,CASSSSGGSTDTQYF,CASSSSGTSTDTQYF
868,CASSSSGGSTDTQYF,CASSSTGGSTDTQYF
869,CASSYGGTGYTF,CASSYGGYGYTF
870,CASSFGGYGYTF,CASSYGGYGYTF
871,CASSSSYEQYF,CASSISYEQYF
872,CASSSSYEQYF,CASGSSYEQYF
873,CASSSSYEQYF,CASSASYEQYF
874,CASSYGGVGYTF,CASSYGGYGYTF
875,CASSLAGPSTDTQYF,CASSLAGGSTDTQYF
876,CASSSGGTEAFF,CASSAGGTEAFF
877,CASSISSEQYF,CASSISYEQYF
878,CASSWAGAYEQYF,CASSFAGAYEQYF
879,CASSQRKYEQYF,CASSQRGYEQYF
880,CASSLAGETQYF,CASSLARGETQYF
881,CASSYVGVNYGYTF,CASSYVGVLYGYTF
882,CASSSGGTEAFF,CASSYSGGTEAFF
883,CASSLGGAEAFF,CASSLGGEAFF
884,CASSLGGAEAFF,CASSLGGPEAFF
885,CASSPTGYEQFF,CASSPTGNEQFF
886,CASSLGQEAFF,CASSLGGEAFF
887,CASSLGQEAFF,CASSLGSEAFF
888,CASSVGYNEQFF,CASSVGGYNEQFF
889,CASSSTGYEQYF,CASSSDGYEQYF
890,CASSPTGVEQFF,CASSPTGNEQFF
891,CASSEGGSYEQYF,CASSGGSYEQYF
892,CASSQVGETQYF,CASSQTVGETQYF
893,CASSPTGFEQFF,CASSPTGNEQFF
894,CASSSTGNEQFF,CASSPTGNEQFF
895,CASSQTDTQYF,CASSQLTDTQYF
896,CASSPTGHEQFF,CASSPTGNEQFF
897,CASSPDGYEQYF,CASSSDGYEQYF
898,CASSLGLGNEQFF,CASSLGGNEQFF
899,CSAPDYNEQFF,CSARDYNEQFF
900,CASSLVGYEQYF,CASSLVGPYEQYF
901,CASSLGGYGYTF,CASSLGAGYGYTF
902,CASSLVGEKLFF,CASSLGEKLFF
903,CSALSGNTGELFF,CSAPSGNTGELFF
904,CASSEGSYEQYF,CASSEGISYEQYF
905,CASSLSRTDTQYF,CASSLSTDTQYF
906,CASSQGGFEAFF,CASSQGGTEAFF
907,CASSYSGETQYF,CASSYFSGETQYF
908,CASSLGGETQYF,CASSLGETQYF
909,CASSQVGETQYF,CASSQEGETQYF
910,CASSLGVNTEAFF,CASSLGTVNTEAFF
911,CASSLGAYEQYF,CASSLGANEQYF
912,CASSPQGYEQYF,CASSPQGDEQYF
913,CASSPQGYEQYF,CASSPSGYEQYF
914,CASSLTGAVTDTQYF,CASSLTGASTDTQYF
915,CSAPSGGAAETQYF,CSAPSGGAQETQYF
916,CASSFTGASTDTQYF,CASSLTGASTDTQYF
917,CASSSTGAGTDTQYF,CASSRTGAGTDTQYF
918,CASSSTGASTDTQYF,CASSLTGASTDTQYF
919,CASSLSGNTIYF,CASSFSGNTIYF
920,CASSYSGETQYF,CASSYSGWETQYF
921,CASSLPTDTQYF,CASSLGTDTQYF
922,CASSSPGRETQYF,CASSSGRETQYF
923,CASSLESNYGYTF,CASSLEANYGYTF
924,CASSLPSGYNEQFF,CASSFPSGYNEQFF
925,CASSMTGGSTDTQYF,CASSLTGGSTDTQYF
926,CASSLTYEQYF,CASSLTRYEQYF
927,CASSASGGSTDTQYF,CASSSSGGSTDTQYF
928,CASSSSGYGYTF,CASSSGYGYTF
929,CSVEKGQGYEQYF,CSVEKGQPYEQYF
930,CASSLSEKLFF,CASSLGEKLFF
931,CASSKGDGYTF,CASSYGDGYTF
932,CASSSGPGYTF,CASSSGYGYTF
933,CASSSTGGSTDTQYF,CASSSSGGSTDTQYF
934,CASSSTGGSTDTQYF,CASSLTGGSTDTQYF
935,CASSVAHGYEQYF,CASSVALGYEQYF
936,CASSFLGELFF,CASSFSGELFF
937,CASSLVGYEQYF,CASSLWGYEQYF
938,CASSPSNEQFF,CASSSSNEQFF
939,CASSPSNEQFF,CASSPHNEQFF
940,CASSPSNEQFF,CASSPGNEQFF
941,CASSPSNEQFF,CASSASNEQFF
942,CASSLEGEKLFF,CASSLGEKLFF
943,CASSSSGSSTDTQYF,CASSSSGGSTDTQYF
944,CASSFSGEQFF,CASSFSGELFF
945,CASSLAGEKLFF,CASSLGEKLFF
946,CASSSSYEQYF,CASSFSYEQYF
947,CASSYSLAGDNEQFF,CASSYSLADNEQFF
948,CASSFMETQYF,CASSFGETQYF
949,CASSFRVEQFF,CASSFNRVEQFF
950,CASGGTDTQYF,CASGGADTQYF
951,CASSLGGYGYTF,CASSLGTGYGYTF
952,CASSFGDTQYF,CASSFGETQYF
953,CASTFSGELFF,CASSFSGELFF
954,CASSLGETQYF,CASLLGETQYF
955,CASSLGETQYF,CASSFGETQYF
956,CASSLMGETQYF,CASSLIGETQYF
957,CASSFAGELFF,CASSFSGELFF
958,CASSFAGELFF,CASSSAGELFF
959,CASSWTGPYEQYF,CASSTGPYEQYF
960,CASSQGGFEAFF,CASSQGGGEAFF
961,CASSYSGEQYF,CASSYSGDEQYF
962,CASSLSGTQYF,CASSSSGTQYF
963,CSVLTGLNTEAFF,CSVTGLNTEAFF
964,CASSSSETQYF,CASSSSGTQYF
965,CASSFPGNEQFF,CASSFPGNEAFF
966,CASSFSGTQYF,CASSSSGTQYF
967,CASSQTDTQYF,CASSQADTQYF
968,CASSFVYEQFF,CASSFNYEQFF
969,CASSPTGETQYF,CASSPTQETQYF
970,CASSVEGGGTEAFF,CASSVVGGGTEAFF
971,CASSLDGNEQFF,CASSLDSNEQFF
972,CASSSSETQYF,CASSSESETQYF
973,CASSLGGETQYF,CASSLGSGETQYF
974,CASSSATEAFF,CASSSGTEAFF
975,CASSQVGETQYF,CASSQGVGETQYF
976,CASTPPNEKLFF,CASRPPNEKLFF
977,CASSPAGTTNYGYTF,CASSPGTTNYGYTF
978,CASSPTDTQYF,CASSFTDTQYF
979,CASSLEGEKLFF,CASSLGGEKLFF
980,CASSPGGYGYTF,CASSPGEGYGYTF
981,CASSLAGEKLFF,CASSLGGEKLFF
982,CASSPDGYEQYF,CASSPDYEQYF
983,CASSLAGPSTDTQYF,CASSLAGESTDTQYF
984,CASSSGGTEAFF,CASSSGTEAFF
985,CASSYGFEQYF,CASSYGFLQYF
986,CASSYPGYEQYF,CASSYDGYEQYF
987,CASSLSPGYYGYTF,CASSLSPDYYGYTF
988,CASSPREGLTDTQYF,CASSEREGLTDTQYF
989,CASSSSYEQYF,CASSFSSYEQYF
990,CASSTGLYEQYF,CASSQGLYEQYF
991,CASSPDHYEQYF,CASSPDSYEQYF
992,CASSLLGETQYF,CASSLELGETQYF
993,CASSYGGTEAFF,CASSYEGTEAFF
994,CASSLQGTGELFF,CASSLQGGELFF
995,CASSLYSTDTQYF,CASSIYSTDTQYF
996,CASSLYSTDTQYF,CASSLYNTDTQYF
997,CASRNGPYEQYF,CASRQGPYEQYF
998,CASSLDGNEQFF,CASSLGNEQFF
999,CASSVGYNEQFF,CASSVGGNEQFF
1000,CASSGDNSYEQYF,CASSGGNSYEQYF
1001,CASSFLGELFF,CASSFLGEQFF
1002,CASSSTDTQYF,CASSPSTDTQYF
1003,CASSFSGEQFF,CASSFLGEQFF
1004,CASSFVGEQFF,CASSFLGEQFF
1005,CSVARDTEAFF,CSVARGTEAFF
1006,CASSLSGNEQFF,CASSLGNEQFF
1007,CASSVAGETQYF,CASSVGETQYF
1008,CASSQSYEQYF,CASSQGYEQYF
1009,CASSLLGETQYF,CASSLLEETQYF
1010,CASSLDGNEQFF,CASSLEGNEQFF
1011,CASSYSGETQYF,CASSYGGETQYF
1012,CASSLGGETQYF,CASSYGGETQYF
1013,CASSTTGCEQFF,CASSTTGNEQFF
1014,CASSFGGETQYF,CASSYGGETQYF
1015,CASSLAGAEQYF,CASSLAGAGEQYF
1016,CASSSTGNEQFF,CASSTTGNEQFF
1017,CASSYAGETQYF,CASSYGGETQYF
1018,CASSLSGNEQFF,CASSLEGNEQFF
1019,CASSLSGNEQFF,CASSLSGNEQYF
1020,CASSLGGAEAFF,CASSLGGTEAFF
1021,CSARDGTSGRAEQFF,CSARDRTSGRAEQFF
1022,CASSLGVNTEAFF,CASSLMVNTEAFF
1023,CASSLGVNTEAFF,CASSLTVNTEAFF
1024,CASSLGVNTEAFF,CASSLVGVNTEAFF
1025,CASSLGVNTEAFF,CASSLQGVNTEAFF
1026,CASSYVGNEQFF,CASSYVRGNEQFF
1027,CASSVEGGGTEAFF,CASSEGGGTEAFF
1028,CASSYGSYEQYF,CASSYGDSYEQYF
1029,CASSYGSYEQYF,CASSYEGSYEQYF
1030,CASSFSDTQYF,CASSFSADTQYF
1031,CASSLAGGFYNEQFF,CASSLAGGSYNEQFF
1032,CASSLAYEQYF,CASSLANEQYF
1033,CASSQDLQGHEQYF,CASSQDLQGFEQYF
1034,CASSLIFYEQYF,CASSLISYEQYF
1035,CASSYSEGVTEAFF,CASSYSAGVTEAFF
1036,CASSFVADTQYF,CASSFSADTQYF
1037,CASSYSGETQYF,CASSYSMGETQYF
1038,CASSLYSTDTQYF,CASSLYVTDTQYF
1039,CASSWGAYEQYF,CASSWGYEQYF
1040,CASSFGDTQYF,CASSRGDTQYF
1041,CASSILAGGYNEQFF,CASSLLAGGYNEQFF
1042,CASSFQGGNEQFF,CASSFTGGNEQFF
1043,CASSLRGYEQYF,CASSRGYEQYF
1044,CATSDGYEQYF,CATSDDYEQYF
1045,CASSLLAGFYNEQFF,CASSLLAGGYNEQFF
1046,CASSRLAGGYNEQFF,CASSLLAGGYNEQFF
1047,CASSSSYEQYF,CASSPSSYEQYF
1048,CASSLLAGIYNEQFF,CASSLLAGGYNEQFF
1049,CATSDFGGNTGELFF,CATSDLGGNTGELFF
1050,CASSFGIYEQYF,CASSFAGIYEQYF
1051,CASSLTGPSYEQYF,CASSLTGPSSYEQYF
1052,CASSFAGAYEQYF,CASSFAGIYEQYF
1053,CASSLSAGGYGEQYF,CASSLSAGGYEQYF
1054,CASSVGGYEQYF,CASSVGGSYEQYF
1055,CASSVGGYEQYF,CASSVGGDYEQYF
1056,CASSPTGPNEQFF,CASSPTGNEQFF
1057,CASSGSYEQYF,CASSTGSYEQYF
1058,CASSGSYEQYF,CASSGGSYEQYF
1059,CASSLMWGNNEQFF,CASSLMGNNEQFF
1060,CASSDGHTNTEAFF,CASSDGHTGNTEAFF
1061,CASSSSYEQYF,CASSISYEQYF
1062,CATSDGYEQYF,CATSDTYEQYF
1063,CASSSSYEQYF,CASSFSYEQYF
1064,CASSSSYEQYF,CASSHSYEQYF
1065,CASSSSYEQYF,CASSSAYEQYF
1066,CASSLVGPTEAFF,CASSLVGNTEAFF
1067,CASSLEGGYGYTF,CASSLGGYGYTF
1068,CASSLDSYEQYF,CASSLSYEQYF
1069,CASSQGYEQYF,CASSLGYEQYF
1070,CASSSGQGYEQYF,CASSSGVGYEQYF
1071,CASSLYSYEQYF,CASSLSYEQYF
1072,CASSLEGYNEQFF,CASSLAGYNEQFF
1073,CASSSSYEQYF,CASSLSYEQYF
1074,CASSLTGYNEQFF,CASTLTGYNEQFF
1075,CASSSSYEQYF,CASSSPYEQYF
1076,CASSLGTSGETQYF,CASSLGTSVETQYF
1077,CASSLTGPSYEQYF,CASSPTGPSYEQYF
1078,CASSLTGPSYEQYF,CASSLLGPSYEQYF
1079,CASSLYTYEQYF,CASSLTYEQYF
1080,CASSPLTGYEQYF,CASSPTGYEQYF
1081,CASSLTGASPDTQYF,CASSLTGASTDTQYF
1082,CASSSTGAGTDTQYF,CASSRTGAGTDTQYF
1083,CASSATGAGTDTQYF,CASSRTGAGTDTQYF
1084,CASSIVGTDYEQYF,CASSIVGTSYEQYF
1085,CASSLTGWSTDTQYF,CASSLTGASTDTQYF
1086,CASSLEGYNEQFF,CASSLPGYNEQFF
1087,CASSLTGTSTDTQYF,CASSLTGASTDTQYF
1088,CASSLVGSNEQFF,CASSLGSNEQFF
1089,CASSATGASTDTQYF,CASSLTGASTDTQYF
1090,CASSQDSYEQYF,CASSRDSYEQYF
1091,CASSQDSYEQYF,CASSLDSYEQYF
1092,CASSLSGASTDTQYF,CASSLTGASTDTQYF
1093,CASSWTGASTDTQYF,CASSLTGASTDTQYF
1094,CASSLGQGYEQYF,CASSLGQSYEQYF
1095,CASSLEGSTYEQYF,CASSLAGSTYEQYF
1096,CASSLIQGYEQYF,CASSLRQGYEQYF
1097,CASSLGAGTEAFF,CASSLAGTEAFF
1098,CASSLGQGYEQYF,CASSLRQGYEQYF
1099,CAISESYEQFF,CAISESYEQYF
1100,CASSSSYEQYF,CASSTSSYEQYF
1101,CASSSSYEQYF,CASYSSSYEQYF
1102,CASSSSYEQYF,CASFSSSYEQYF
1103,CASSWGSYEQYF,CASSLWGSYEQYF
1104,CAISNSYEQYF,CAISESYEQYF
1105,CASSLQGTSTDTQYF,CASSLQGGSTDTQYF
1106,CASSLAGTYEQYF,CASSLAGGYEQYF
1107,CASSLAGTYEQYF,CASSLAGAYEQYF
1108,CASSLYGEETQYF,CASSLGGEETQYF
1109,CASSWGLEQYF,CASSFGLEQYF
1110,CASSLTYEQYF,CASSLTRYEQYF
1111,CASSISYEQYF,CASSFSYEQYF
1112,CASSFGYEQYF,CASSFGLEQYF
1113,CASSFGYEQYF,CASSFSYEQYF
1114,CASSLTGWSTDTQYF,CASSLTGGSTDTQYF
1115,CASSGTGGSTDTQYF,CASSLTGGSTDTQYF
1116,CASSILAAYNEQFF,CASSILAYNEQFF
1117,CASSLTGTSTDTQYF,CASSLTGGSTDTQYF
1118,CASSSSYEQYF,CASSFSYEQYF
1119,CASSSSGGITDTQYF,CASSSSGGSTDTQYF
1120,CASSLTGYNEQFF,CASSLTGPYNEQFF
1121,CASSLTGYNEQFF,CASSLGTGYNEQFF
1122,CASSPSGGSTDTQYF,CASSSSGGSTDTQYF
1123,CASSSSGTSTDTQYF,CASSSSGGSTDTQYF
1124,CASSLAGGSTDTQYF,CASSLTGGSTDTQYF
1125,CASSLAGSYEQYF,CASSLAGGYEQYF
1126,CASSLAGSYEQYF,CASSLAGAYEQYF
1127,CASSWTGPYEQYF,CASSTGPYEQYF
1128,CASSVGEGGRTEAFF,CASSVGEGRTEAFF
1129,CASSLTGGGTDTQYF,CASSLTGGSTDTQYF
1130,CASSASGIYNEQFF,CASRASGIYNEQFF
1131,CASSSTGGSTDTQYF,CASSSSGGSTDTQYF
1132,CASSSTGGSTDTQYF,CASSLTGGSTDTQYF
1133,CASSFGGPDYEQYF,CASSFGGPSYEQYF
1134,CASSYGGYGYTF,CASSYGGSYGYTF
1135,CASSASYEQYF,CASSFSYEQYF
1136,CASSLSGGGYGYTF,CASSLSGGNYGYTF
1137,CASSLSGGGYGYTF,CASSLSTGGGYGYTF
1138,CASSYGPYEQYF,CASSYGPAEQYF
1139,CASSLLWGSYNEQFF,CASSLWGSYNEQFF
1140,CASSSSYEQYF,CASSRSSYEQYF
1141,CASSLTGYNEQFF,CASSLGGYNEQFF
1142,CASSPVGSYEQYF,CASSHVGSYEQYF
1143,CASSSSGTSTDTQYF,CASSSSGTSGDTQYF
1144,CASSLLAGFYNEQFF,CASSLLAGTYNEQFF
1145,CASSLLAGIYNEQFF,CASSLLAGTYNEQFF
1146,CASSESSYEQYF,CASSRSSYEQYF
1147,CASSLLAGGYNEQFF,CASSLLAGTYNEQFF
1148,CASSLLAGGYNEQFF,CASSLLAGGRNEQFF
1149,CASSGSYEQYF,CASSGSGEQYF
1150,CASSYGGGYEQYF,CASSYAGGYEQYF
1151,CASSFGGGEAFF,CASSFGGAEAFF
1152,CASSLAGGSTDTQYF,CASSLAGESTDTQYF
1153,CASSSTGGSADTQYF,CASSSTGGADTQYF
1154,CASSYSSREQFF,CASSYSSGEQFF
1155,CASSVDDYEQYF,CASSLDDYEQYF
1156,CASSAGGTEAFF,CASSSGGTEAFF
1157,CASSWTGPTEAFF,CASSWTGNTEAFF
1158,CASSQDPGSYEQYF,CASSQDPGLSYEQYF
1159,CASSLSGATYNEQFF,CASSLSGPTYNEQFF
1160,CASSPLGGSYEQYF,CASSPLGGPYEQYF
1161,CASSLGDYEQYF,CASSWLGDYEQYF
1162,CASSSSYEQYF,CASSFSSYEQYF
1163,CSVEAGGSGYEQYF,CSVEAGGSYEQYF
1164,CASSSGGPETQYF,CASSSGGLETQYF
1165,CASSLAGTYEQYF,CASSLGGTYEQYF
1166,CASSLVQGGGYTF,CASSLQGGGYTF
1167,CASSLTSGSPLHF,CASSLTGGSPLHF
1168,CASSLAGSYEQYF,CASSLGGSYEQYF
1169,CASSLIGDTQYF,CASSLQGDTQYF
1170,CASSFGIYEQYF,CASSFGYEQYF
1171,CASSLGQGYEQYF,CASSLGQYYEQYF
1172,CASSFGGAEAFF,CASSFMGGAEAFF
1173,CASSWGLEQYF,CASSWGFEQYF
1174,CASSVGGYEQYF,CASSVGGAYEQYF
1175,CASSLGGNTEAFF,CASSEGGNTEAFF
1176,CASSLGDFYEQYF,CASSLGGFYEQYF
1177,CASSLLSGANVLTF,CASSLVSGANVLTF
1178,CASSFGTGAYEQYF,CASSIGTGAYEQYF
1179,CASSLEGYNEQFF,CASSLEPYNEQFF
1180,CASSSSYEQYF,CASSSGSYEQYF
1181,CASSQRGYEQYF,CASSQGYEQYF
1182,CASSLTGYNEQFF,CASSLTGGNEQFF
1183,CASSQGAYEQYF,CASSQGYEQYF
1184,CASSFGGPSYEQYF,CASSFGGSSYEQYF
1185,CASSFGNTGELFF,CASSFRNTGELFF
1186,CASSPQETQYF,CASSAPQETQYF
1187,CASSLLDSNQPQHF,CASSLADSNQPQHF
1188,CASSLIGDTQYF,CASSLSIGDTQYF
1189,CASSLSAGGYGEQYF,CASSLSAGGQGEQYF
1190,CASSQGYEQYF,CASSPQGYEQYF
1191,CSAREGGMNTEAFF,CSAREGLMNTEAFF
1192,CASSISYEQYF,CASSLISYEQYF
1193,CASSLTGYNEQFF,CASSLTSYNEQFF
1194,CASSLTGYNEQFF,CASSLTAYNEQFF
1195,CASSQDQGYEQYF,CASSQWQGYEQYF
1196,CASSLQGANEQYF,CASSLQGAGEQYF
1197,CSAREGSMNTEAFF,CSAREGLMNTEAFF
1198,CASSPSSYEQYF,CASSPSGSYEQYF
1199,CASSQTSGGTDTQYF,CASSQDSGGTDTQYF
1200,CASSLTGYNEQFF,CASSLTGGYNEQFF
1201,CASSLTGYNEQFF,CASSLTGYYNEQFF
1202,CASSFTDTGELFF,CASSLTDTGELFF
1203,CASSQLAGGTDTQYF,CASSQLAGGEDTQYF
1204,CSVGGQGYEQYF,CSVGGQGGYEQYF
1205,CASSFGQGYEQYF,CASKFGQGYEQYF
1206,CASSPSGTGELFF,CASSPSMTGELFF
1207,CASSLSGGGYGYTF,CASSLSGGGNYGYTF
1208,CASSLGDGYTF,CASSLGGDGYTF
1209,CASSLEGNEQYF,CASSLGGNEQYF
1210,CASSLGGSPYEQYF,CASSLGGSHYEQYF
1211,CASSLGGSPYEQYF,CASSLGGAPYEQYF
1212,CASSLGGSPYEQYF,CASSLGGSAYEQYF
1213,CASSLYNEQFF,CASSLYSNEQFF
1214,CSARDSSGVGETQYF,CSARDSGGVGETQYF
1215,CASSLSGGTEAFF,CASSLGGTEAFF
1216,CASSLLNTEAFF,CASSLANTEAFF
1217,CASSPGGGAEAFF,CASSPGGAEAFF
1218,CATSDDYEQYF,CATSDTYEQYF
1219,CASSLSAYNEQFF,CASSLASAYNEQFF
1220,CASSFGRGGYEQYF,CASSFGGGYEQYF
1221,CASSLEIGDTQYF,CASSLEGDTQYF
1222,CASSFGGGETQYF,CASSFGGGEQYF
1223,CASSLNQGAYEQYF,CASSLGQGAYEQYF
1224,CASSQGNHQPQHF,CASSQGNQPQHF
1225,CASSLEGYNEQFF,CASSLPGYNEQFF
1226,CASSFGSTYEQYF,CASSFGSSYEQYF
1227,CASSLLNTEAFF,CASSLRNTEAFF
1228,CASSLAGSYNEQFF,CASSLATSYNEQFF
1229,CASIQGAYEQYF,CASIGGAYEQYF
1230,CASSPSSYEQYF,CASSPSAYEQYF
1231,CASSLEIGDTQYF,CASSLIGDTQYF
1232,CASSIAAGPTDTQYF,CASSIGAGPTDTQYF
1233,CASSDNYEQYF,CASSLNYEQYF
1234,CATSDLFTDTQYF,CATSDLATDTQYF
1235,CASSDSYEQYF,CASSDPYEQYF
1236,CASSYSGAEAFF,CASSYSSGAEAFF
1237,CASSMAGELFF,CASSGAGELFF
1238,CASSYSGGTEAFF,CASSYSGGNTEAFF
1239,CSARDRDSAYEQYF,CSARGRDSAYEQYF
1240,CASSLEGDGYTF,CASSLLGDGYTF
1241,CASSLNSNQPQHF,CASSLYSNQPQHF
1242,CSVEGAYTGELFF,CSVEGGYTGELFF
1243,CASSLGENTEAFF,CASSLGPNTEAFF
1244,CASSPGGEQYF,CASSPLGEQYF
1245,CASSHTGEQYF,CASSHTGIEQYF
1246,CASSPWDMSYEQYF,CASSPWDSSYEQYF
1247,CASSPGGGAEAFF,CASSPLGGAEAFF
1248,CASSSPSGNEQFF,CASSPSGNEQFF
1249,CASSLLAGGYNEQFF,CASSLLAGTYNEQFF
1250,CASSLLAGGYNEQFF,CASSLLAGGRNEQFF
1251,CASSLSPGGYEQYF,CASSSPGGYEQYF
1252,CASSPSSYEQYF,CASSSSYEQYF
1253,CASSDSYEQYF,CASSDTYEQYF
1254,CASSDGETQYF,CASSDLGETQYF
1255,CASSFTGNTEAFF,CASSTGNTEAFF
1256,CASSQTGGSTDTQYF,CASSQTGSTDTQYF
1257,CASSQGSTGELFF,CASSQDSTGELFF
1258,CASSTGQAVETQYF,CASSTGQGVETQYF
1259,CASSYPGQEAFF,CASSYTGQEAFF
1260,CASSSSYEQYF,CASSDSSYEQYF
1261,CASSLSAGGYEQYF,CASSLSAGFYEQYF
1262,CASSLGETYEQYF,CASSLGATYEQYF
1263,CASSYPGNTEAFF,CASSYEGNTEAFF
1264,CASSYAGNYGYTF,CASSYVGNYGYTF
1265,CASSLSAGRTDTQYF,CASSLSAGVTDTQYF
1266,CSVEGEGTYEQYF,CSVEGTGTYEQYF
1267,CASSFGASNQPQHF,CASSFGQSNQPQHF
1268,CASSLTGPSSYEQYF,CASSLTGDSSYEQYF
1269,CASSISGSVNTEAFF,CASSISGSGNTEAFF
1270,CASSPPGETQYF,CASSPPEETQYF
1271,CASSGRDSYEQYF,CASSGLDSYEQYF
1272,CASSIAGGPGNEQFF,CASSIAGGLGNEQFF
1273,CASSIAGGPGNEQFF,CASSIAGGVGNEQFF
1274,CASSSPSGNEQFF,CASSSASGNEQFF
1275,CASSMAGSSYNEQFF,CASMAGSSYNEQFF
1276,CASSIDQSSYNEQFF,CASSIDGSSYNEQFF
1277,CASSSDGSSYNEQFF,CASSIDGSSYNEQFF
1278,CSARDPGGAYEQYF,CSARDPTGAYEQYF
1279,CASSRDASSYNEQFF,CASSRDSSSYNEQFF
1280,CASTRDSSSYNEQFF,CASSRDSSSYNEQFF
1281,CASSYSGGTEAFF,CASSYSGGTSEAFF
1282,CSAREQGTNTGELFF,CSAREQTNTGELFF
1283,CSAREQNTGELFF,CSAREQTNTGELFF
1284,CASSPSSYEQYF,CASSPSGSYEQYF
1285,CASSYPGGPYNEQFF,CASSYGGGPYNEQFF
1286,CASSPDPTDTQYF,CASSPNPTDTQYF
1287,CASSRGNNEQFF,CASSRVNNEQFF
1288,CASSISGSAYNEQFF,CASSISGSGYNEQFF
1289,CASSISGSAYNEQFF,CASSISGAAYNEQFF
1290,CASSISGGAYNEQFF,CASSISGAAYNEQFF
1291,CASSLGQTYEQYF,CASSLGGTYEQYF
1292,CASSLQGNTEAFF,CASSLLQGNTEAFF
1293,CASSYSGSYNEQFF,CASSYSGSSYNEQFF
1294,CASSYSGSYNEQFF,CASSYSGSGYNEQFF
1295,CASSIQGSYEQYF,CASSIQGDYEQYF
1296,CASSLQGNTEAFF,CASSLQGLNTEAFF
1297,CASSSTGFTEAFF,CASSLSTGFTEAFF
1298,CSVAESNYGYTF,CSVASNYGYTF
1299,CASSRGYEQYF,CASSWGYEQYF
1300,CASSYRGSNQPQHF,CASSYGSNQPQHF
1301,CASSIGGANTEAFF,CASSIQGANTEAFF
1302,CSVEGEGTYEQYF,CSVEGGTYEQYF
1303,CASSSTTDTQYF,CASSSTSDTQYF
1304,CASSLTPGNTEAFF,CASSLTTGNTEAFF
1305,CASSDSYEQYF,CASSGDSYEQYF
1306,CASSDSYEQYF,CASSIDSYEQYF
1307,CASSLGSEKLFF,CASSLGEKLFF
1308,CASSLGGYEQYF,CASSLGSYEQYF
1309,CASSQDLGTQYF,CASSQDYGTQYF
1310,CASSLGGYEQYF,CASSLGSGYEQYF
1311,CASSLGGGYTF,CASSLGGGGYTF
1312,CASSLGSDTQYF,CASSLGGDTQYF
1313,CASSLGGAEQYF,CASSLGGYEQYF
1314,CASSHGTEAFF,CASSHGGTEAFF
1315,CSARDIANYGYTF,CSARDSANYGYTF
1316,CASSHPGGTEAFF,CASSHGGTEAFF
1317,CASSLGSNTEAFF,CASSLSNTEAFF
1318,CASSLGGYEQYF,CASSLGSYEQYF
1319,CASSLGGGELFF,CASSLGFGELFF
1320,CASSQDWGGNEQFF,CASSQDWGGYNEQFF
1321,CASSLGGEAFF,CASSLWGEAFF
1322,CASSVGGDRSYEQYF,CASSVGGRSYEQYF
1323,CASSLDNTEAFF,CASSLMNTEAFF
1324,CASSPGGSEQYF,CASSPGSEQYF
1325,CASSVGGSYEQYF,CASSVGGRSYEQYF
1326,CASSLGGYEQYF,CASSLGGEQYF
1327,CASSQGAEAFF,CASSQGTEAFF
1328,CASSQGAEAFF,CASSQGKEAFF
1329,CASSHGTEAFF,CASSQGTEAFF
1330,CASSVGGASYEQYF,CASSVGGRSYEQYF
1331,CASSLGAEQYF,CASSLGIEQYF
1332,CASSLGAEQYF,CASSLGYEQYF
1333,CASSLGGELFF,CASSLGGVELFF
1334,CASSAGGEQYF,CASSLAGGEQYF
1335,CASSLGGELFF,CASSLGGVELFF
1336,CASSLGSEAFF,CASSLAGSEAFF
1337,CASSLGAGAFF,CASSLAGAGAFF
1338,CASSLGGELFF,CASSLGGVELFF
1339,CASSYRTGGGGYTF,CASSYFTGGGGYTF
1340,CASSLGGDTQYF,CASSLGTDTQYF
1341,CASSSGAANTGELFF,CASSSGANTGELFF
1342,CASSLGGGELFF,CASSLGVGELFF
1343,CASSGEGLNTEAFF,CASSVEGLNTEAFF
1344,CASSLGSGELFF,CASSLASGELFF
1345,CASSPTGNEQFF,CASSPGNEQFF
1346,CASSLGGDTQYF,CASSLTGDTQYF
1347,CSVGQGFGNTIYF,CSVGGGFGNTIYF
1348,CASSPTGNEQFF,CASSPEGNEQFF
1349,CASSPTGNEQFF,CASSPSGNEQFF
1350,CASSQTVGETQYF,CASSQGVGETQYF
1351,CASSQDWGYNEQFF,CASSQDTGYNEQFF
1352,CASSQDWGYNEQFF,CASSQDRGYNEQFF
1353,CASSAGGSYEQYF,CASSAGQGSYEQYF
1354,CASSQPSGTEAFF,CASSQPSLGTEAFF
1355,CASSVSSGANVLTF,CASSVGSSGANVLTF
1356,CASSLRDSSYEQYF,CASSFRDSSYEQYF
1357,CASSVGSGRYEQYF,CASSVGSGHYEQYF
1358,CASSVGGSYEQYF,CASSVGGAYEQYF
1359,CASSLGDTQYF,CASSLEGDTQYF
1360,CASSVGTSGNNEQFF,CASSEGTSGNNEQFF
1361,CASSVGGDYEQYF,CASSVGGAYEQYF
1362,CASSLASGVGNEQFF,CASSLASGVGREQFF
1363,CASSGGSYEQYF,CASSGGNSYEQYF
1364,CASSLVGDTQYF,CASSLEGDTQYF
1365,CASSAGWGNQPQHF,CASSAGWLGNQPQHF
1366,CASSVGGASYEQYF,CASSVGGAYEQYF
1367,CASSVGGYNEQFF,CASSVGGNEQFF
1368,CASSVGGSYNEQFF,CASSGGGSYNEQFF
1369,CASSLGGPEQFF,CASSLMGPEQFF
1370,CASSTGSYEQYF,CASSTGTYEQYF
1371,CASSSGGVYEQYF,CASSYGGVYEQYF
1372,CASSGGSYEQYF,CASSGGSEQYF
1373,CASSPTGNEQFF,CASSTTGNEQFF
1374,CASSLGGEAFF,CASSLGGTEAFF
1375,CASSLGTGYEQYF,CASSSGTGYEQYF
1376,CASSLGGPEAFF,CASSLGGTEAFF
1377,CASSVGGVSTGELFF,CASSVGGKSTGELFF
1378,CASSGAGLSYEQYF,CASSEGAGLSYEQYF
1379,CASSVGGDSSYEQYF,CASSVGGGSSYEQYF
1380,CASSGGNEKLFF,CASSGQGNEKLFF
1381,CASSEGGSTEAFF,CASSEGGGTEAFF
1382,CASSFGSSYEQYF,CASSLGSSYEQYF
1383,CASSVGSSYEQYF,CASSVEGSSYEQYF
1384,CASSVQGSSYEQYF,CASSVEGSSYEQYF
1385,CASSVGGSYEQYF,CASSVGQGSYEQYF
1386,CASSLGGYEQYF,CASSLGQGYEQYF
1387,CASSGGDAEAFF,CASSGGAEAFF
1388,CASSISYEQYF,CASSLSYEQYF
1389,CASSLGGYEQYF,CASSLGSYEQYF
1390,CASSLDWSSYNEQFF,CASSLDGSSYNEQFF
1391,CASSLANTEAFF,CASSLVANTEAFF
1392,CASSLRENYGYTF,CASSLVENYGYTF
1393,CASSSAYEQYF,CASSSPYEQYF
1394,CASSLANTEAFF,CASSLRNTEAFF
1395,CASSQGGTEAFF,CASSQGTEAFF
1396,CSVDTTNYNEQFF,CSVDTTYNEQFF
1397,CASSLGGYEQYF,CASSLGGEQYF
1398,CASSSAYEQYF,CASSPSAYEQYF
1399,CASSLEGDTQYF,CASSLIGDTQYF
1400,CASSLSGTYEQYF,CASSLSGHTYEQYF
1401,CASSLQGNEQFF,CASSLGGNEQFF
1402,CASSYLAGGTDTQYF,CASSSLAGGTDTQYF
1403,CASSYLAGGTDTQYF,CASSTLAGGTDTQYF
1404,CASNRGLGNEQFF,CASNRGLYNEQFF
1405,CASSQGPYTGELFF,CASSQRPYTGELFF
1406,CASSLGSYEQYF,CASSVGSYEQYF
1407,CASSPTGGTGELFF,CASSPTGTGELFF
1408,CASSQSGNEQFF,CASSQGNEQFF
1409,CASSPGQPYEQYF,CASSPGQTYEQYF
1410,CASSLEGDTQYF,CASSLAGDTQYF
1411,CASSLSGTYEQYF,CASSLSQTYEQYF
1412,CASSGNQPQHF,CASAGNQPQHF
1413,CASSGNQPQHF,CASSLNQPQHF
1414,CASSGNQPQHF,CASSQNQPQHF
1415,CASSQGGTEAFF,CASSQGGGEAFF
1416,CASSLGGTEAFF,CASSLSGGTEAFF
1417,CASSFANTEAFF,CASSFLNTEAFF
1418,CASSFSYEQYF,CASSSSYEQYF
1419,CASSRGQPQHF,CASSFGQPQHF
1420,CASSHSYEQYF,CASSSSYEQYF
1421,CASSLFSYEQYF,CASSLTSYEQYF
1422,CASSFGNTEAFF,CASSFLNTEAFF
1423,CASSLGPYSYEQYF,CASSLGPYSVEQYF
1424,CASSSAYEQYF,CASSSSYEQYF
1425,CASSLGVTQYF,CASSLGETQYF
1426,CASSPGGAEAFF,CASSPLGGAEAFF
1427,CASSYGQNTGELFF,CASSYGLNTGELFF
1428,CASSLEGDTQYF,CASSLEGTDTQYF
1429,CASSLDNTEAFF,CASSLENTEAFF
1430,CASSLGSDTQYF,CASSLGSTDTQYF
1431,CASRAADTQYF,CASRASDTQYF
1432,CASSLREVNEQYF,CASSLRVNEQYF
1433,CASSLANTEAFF,CASSLENTEAFF
1434,CASSLSNTEAFF,CASSLENTEAFF
1435,CASSLQGITGELFF,CASSLGITGELFF
1436,CASSLGSYEQYF,CASSLASYEQYF
1437,CASSSERDTQYF,CASSSLRDTQYF
1438,CASSFGGGTEAFF,CASSLFGGGTEAFF
1439,CASSINGYSNQPQHF,CASSIGYSNQPQHF
1440,CASSQGGTEAFF,CASSQGQTEAFF
1441,CASSLGGTEAFF,CASSPGGTEAFF
1442,CASSHGGTEAFF,CASSHGEGTEAFF
1443,CASSLQGNEQFF,CASSLGGNEQFF
1444,CASSLGGTEAFF,CASSLEGGTEAFF
1445,CASSLAYEQYF,CASSLADYEQYF
1446,CASSSGRGEQFF,CASSLSGRGEQFF
1447,CASSQGGGEQFF,CASSQGGFEQFF
1448,CASSRGQPQHF,CASSPGQPQHF
1449,CASSLAYEQYF,CASSLTAYEQYF
1450,CASSLAYEQYF,CASSLSAYEQYF
1451,CASSLAYEQYF,CASSLVAYEQYF
1452,CASSSAYEQYF,CASSLSAYEQYF
1453,CASSPGGAEAFF,CASSPTGAEAFF
1454,CASSLGGTEAFF,CASSLGQGTEAFF
1455,CASSYLAGGTDTQYF,CASSWLAGGTDTQYF
1456,CASSLGSDTQYF,CASSLGSTDTQYF
1457,CASSPTGGTGELFF,CASSPTGEGTGELFF
1458,CASSFGNTEAFF,CASSFGLNTEAFF
1459,CASSLQGLGEQYF,CASSLQGAGEQYF
1460,CASSFGGGTEAFF,CASSFQGGTEAFF
1461,CASSLGGYEQYF,CASSLGQGYEQYF
1462,CASSLGQAAYEQYF,CASSLGQAYYEQYF
1463,CASSLGGVPGTEAFF,CASSLGGVWGTEAFF
1464,CASSLGSGYEQYF,CASSLGQGYEQYF
1465,CSAGTGDYEQYF,CSAGTGTYEQYF
1466,CASSPTGPSYEQYF,CASSPTGASYEQYF
1467,CASSLAGYNEQFF,CASSLPGYNEQFF
1468,CASSSGHTYEQYF,CASSLSGHTYEQYF
1469,CASSLAGTETQYF,CASSLAGTEQYF
1470,CASSFSYEQYF,CASSRSYEQYF
1471,CASSLSYEQYF,CASSRSYEQYF
1472,CASSLSPGNEQFF,CASSLSPRNEQFF
1473,CASSYSYEQYF,CASSRSYEQYF
1474,CASSPGTTYEQYF,CASSPGPTYEQYF
1475,CASSLAGYNEQFF,CASSLAGANEQFF
1476,CASSLAGYNEQFF,CASSLAGLNEQFF
1477,CASSLAGYNEQFF,CASSLAGNEQFF
1478,CASSLAGYTEAFF,CASSLAGGTEAFF
1479,CASSLAGYTEAFF,CASSLAGTEAFF
1480,CASSLAGYTEAFF,CASSLAGATEAFF
1481,CASSLGSYEQYF,CASSVGSYEQYF
1482,CASSMAANTEAFF,CASSMAVNTEAFF
1483,CASSLAGTETQYF,CASSLAGETQYF
1484,CASSLAGTETQYF,CASSLAGTEQYF
1485,CASSLDRGAYNEQFF,CASSDRGAYNEQFF
1486,CASSPGTTYEQYF,CASSPGQTYEQYF
1487,CASSPGTTYEQYF,CASSPGTGTYEQYF
1488,CASSLAGYNEQFF,CASSLAGNEQFF
1489,CASSLGFGELFF,CASSLGVGELFF
1490,CASSQAAGGYTF,CASSQGAGGYTF
1491,CASSLSGFTEAFF,CASSLLGFTEAFF
1492,CASSSGGFNQPQHF,CASSSPGFNQPQHF
1493,CASSSESYEQYF,CASSSERYEQYF
1494,CASSLGSGELFF,CASSLSGELFF
1495,CASSILAVSNTEAFF,CASSILAGSNTEAFF
1496,CASSQGNYEQYF,CASSEQGNYEQYF
1497,CASSPGTDTQYF,CASSPGDTQYF
1498,CASSSPYEQYF,CASSSSYEQYF
1499,CASSLSPGNEQFF,CASSLSRGNEQFF
1500,CASSWDLNTEAFF,CASSQWDLNTEAFF
1501,CASSPNGHEQYF,CASSPQGHEQYF
1502,CASSLAGYPYNEQFF,CASSLAGGPYNEQFF
1503,CASSLAGYNEQFF,CASSLAGTNEQFF
1504,CASLGGSYEQYF,CASRGGSYEQYF
1505,CASSTGTGLYEQYF,CASSTGTGIYEQYF
1506,CASSWGPPNYGYTF,CASSWGPINYGYTF
1507,CASGLNSNQPQHF,CASSLNSNQPQHF
1508,CASSLGITGNTEAFF,CASSLGTGNTEAFF
1509,CASSLALTDTQYF,CASSLALTPDTQYF
1510,CASSLGSYEQYF,CASSLASYEQYF
1511,CASSPTDSNQPQHF,CASSSTDSNQPQHF
1512,CASSPTDSNQPQHF,CASSATDSNQPQHF
1513,CASSPTGYEQYF,CASSPRGYEQYF
1514,CASSSDTSSYNEQFF,CASSSDHSSYNEQFF
1515,CASSSTDANQPQHF,CASSSTDSNQPQHF
1516,CASSLGWQGETQYF,CASSLGWGGETQYF
1517,CASSYSTGNEQYF,CASSYSTGYEQYF
1518,CASSLMGEEQYF,CASSLMGEDEQYF
1519,CASSLGETQYF,CASSPGETQYF
1520,CASSLDNEQFF,CASSLDHNEQFF
1521,CASSGGPYEQYF,CASSGGSYEQYF
1522,CASSRDSSSYNEQFF,CASSRDSPSYNEQFF
1523,CASSTGTGLYEQYF,CASSFGTGLYEQYF
1524,CASSPGTDTQYF,CASSFGTDTQYF
1525,CASSPGTDTQYF,CASSLGTDTQYF
1526,CASSIGVSYEQYF,CASSIGAVSYEQYF
1527,CASSLLTGEQYF,CASSLGTGEQYF
1528,CASSLLAGETDTQYF,CASSLLAGVTDTQYF
1529,CASSLLAGETDTQYF,CASSLLAGYTDTQYF
1530,CASSLDNEQFF,CASSLHDNEQFF
1531,CASSLDSNEQFF,CASSLLSNEQFF
1532,CASSLGGPYEQYF,CASSLGGPSYEQYF
1533,CASSLFQGAGYGYTF,CASSLSQGAGYGYTF
1534,CASSQGDSYEQYF,CASSQGQSYEQYF
1535,CASSLGYEQYF,CASSQGYEQYF
1536,CASSLAGYNEQFF,CASSLAGGNEQFF
1537,CASSPGTGSPYEQYF,CASSPGTGSFYEQYF
1538,CASSLGDRYGYTF,CASSLGDHYGYTF
1539,CASSLGDFYGYTF,CASSLGDHYGYTF
1540,CASSFGVEQFF,CASSFGNEQFF
1541,CASSGGGEQYF,CASSLGGEQYF
1542,CASSQVGGTGELFF,CASSQVGSGTGELFF
1543,CASSLSPGNEQFF,CASSLSIGNEQFF
1544,CASSLAGYNEQFF,CASSLAGSYNEQFF
1545,CASSQGYEQYF,CASSPQGYEQYF
1546,CASSPTVSSYNEQFF,CASSPTGSSYNEQFF
1547,CASSYSSSSYNEQFF,CASSYSGSSYNEQFF
1548,CASSLGTVNTEAFF,CASSLTVNTEAFF
1549,CASSSGPTYEQYF,CASSSPPTYEQYF
1550,CASSSDRGGYNEQFF,CASSSRGGYNEQFF
1551,CASSYSTGNEQYF,CASSYSGGNEQYF
1552,CASSGLADSYEQYF,CASSLADSYEQYF
1553,CASSLGANEQYF,CASSLANEQYF
1554,CASSPGTDTQYF,CASSLGTDTQYF
1555,CASSLSSGVYEQYF,CASSLSSGVPYEQYF
1556,CASSPTSGSPYEQYF,CASSPTSGKPYEQYF
1557,CSVEQGPYEQYF,CSVEQGYEQYF
1558,CASSYPQGYEQYF,CASSYSQGYEQYF
1559,CASSLGIEQYF,CASSLAGIEQYF
1560,CASSLGIEQYF,CASSLAGIEQYF
1561,CASSQDRGGTEAFF,CASSQDRGYTEAFF
1562,CASSLGYEQYF,CASSLAGYEQYF
1563,CASSQEAGVGNTIYF,CASSQEAGTGNTIYF
1564,CASSQVHSYEQYF,CASSQVPSYEQYF
1565,CASSRGTEAFF,CASSRGSEAFF
1566,CASSLIETQYF,CASSFIETQYF
1567,CASSLIGDTQYF,CASSLAGDTQYF
1568,CATSRTDSYEQYF,CATSRQDSYEQYF
1569,CASSLTGASTDTQYF,CASSLTGGSTDTQYF
1570,CASSRGTEAFF,CASSLGTEAFF
1571,CASSLIGDEQFF,CASSLLGDEQFF
1572,CASSIGNTEAFF,CASSQGNTEAFF
1573,CASSIGNTEAFF,CASSIWGNTEAFF
1574,CASSLIETQYF,CASSLIGETQYF
1575,CASSLGQGNNEQFF,CASSLGQGINEQFF
1576,CASSIGNTEAFF,CASSIGMNTEAFF
1577,CASSLGSNEQFF,CASSLGENEQFF
1578,CASSLGNQPQHF,CASSLAGNQPQHF
1579,CASSLAGGGTGELFF,CASSLARGGTGELFF
1580,CASSLWGTDTQYF,CASSLEGTDTQYF
1581,CASSIGNTEAFF,CASSAGNTEAFF
1582,CASSIGNTEAFF,CASSTGNTEAFF
1583,CASSQGGTEAFF,CASSQGSTEAFF
1584,CASSLTGELFF,CASSLFGELFF
1585,CASSLWAGETQYF,CASSLSWAGETQYF
1586,CASSLGTGTDTQYF,CASSLGSGTDTQYF
1587,CASSFQGTEAFF,CASSFQGAEAFF
1588,CASSAAGSYEQYF,CASYSAAGSYEQYF
1589,CASSLGYEQYF,CASSLGSYEQYF
1590,CASSSGNTEAFF,CASSSGMNTEAFF
1591,CASSLGQSYEQYF,CASSLGSSYEQYF
1592,CASSLGQSYEQYF,CASSLGQYYEQYF
1593,CASSPSAYEQYF,CASSPGAYEQYF
1594,CASSVMNTEAFF,CASSNMNTEAFF
1595,CASSLPDYEQYF,CASSLADYEQYF
1596,CASSPGTYEQYF,CASSPGNTYEQYF
1597,CASSPGTYEQYF,CASSPGAYEQYF
1598,CASRSYAGELFF,CASRSMAGELFF
1599,CASSVGTGGNQPQHF,CASSVGAGGNQPQHF
1600,CASSPSAYEQYF,CASSPTAYEQYF
1601,CASSPSAYEQYF,CASSLSAYEQYF
1602,CASSPMNTEAFF,CASSPHMNTEAFF
1603,CASSLTGELFF,CASSLGGELFF
1604,CASSQGGTEAFF,CASSQGGNTEAFF
1605,CASSQEGGAGEKLFF,CASSQETGAGEKLFF
1606,CASSPGTYEQYF,CASSTGTYEQYF
1607,CASSPGTYEQYF,CASSPGGTYEQYF
1608,CASSVMNTEAFF,CASSVVMNTEAFF
1609,CASSIGNTEAFF,CASSIKGNTEAFF
1610,CSVDLTGETQYF,CSVDLPGETQYF
1611,CSARPLAGLYNEQFF,CSARPLAGGYNEQFF
1612,CASSPTGGTDTQYF,CASSPTGPTDTQYF
1613,CASSYRNEQFF,CASSYWNEQFF
1614,CASSIGNTEAFF,CASSIGMNTEAFF
1615,CSASIMNTEAFF,CSASGMNTEAFF
1616,CSVETGSGYTF,CSVETGDGYTF
1617,CSVETGSGYTF,CSVETGNGYTF
1618,CASSYLTGELFF,CASSYGTGELFF
1619,CASSLAGSEQFF,CASSLAGNEQFF
1620,CASSLAGTYEQYF,CASSLAGTEQYF
1621,CASSLAGANEQFF,CASSLAGNEQFF
1622,CASSLAGLNEQFF,CASSLAGNEQFF
1623,CASSLAGSEQYF,CASSLAGTEQYF
1624,CASSPGQGSQYF,CASSPGQGRSQYF
1625,CASSPGPTYEQYF,CASSPGQTYEQYF
1626,CASSLAGIEQYF,CASSLAGTEQYF
1627,CASSLAGVEQYF,CASSLAGTEQYF
1628,CASSLAGGEQYF,CASSLAGTEQYF
1629,CASSLAGIEQYF,CASSLAGTEQYF
1630,CASSISSASYEQYF,CASSISTASYEQYF
1631,CASSQEAAGSYEQYF,CASSQEASGSYEQYF
1632,CASSLAGLEQYF,CASSLAGTEQYF
1633,CASSLAGTGQYF,CASSLAGTEQYF
1634,CASSLAGTGMYF,CASSLAGTGMLF
1635,CASSIHLGTEAFF,CASSISLGTEAFF
1636,CASSLAGAEQFF,CASSLAGNEQFF
1637,CASSLAGVEQFF,CASSLAGNEQFF
1638,CASSISGASYEQYF,CASSISTASYEQYF
1639,CASSLAGYEQYF,CASSLAGTEQYF
1640,CASSLTGGGEQFF,CASSLVGGGEQFF
1641,CASSLAGANEQFF,CASSLAGTNEQFF
1642,CASSLSRSNEQFF,CASSLSRGNEQFF
1643,CASSLAGLNEQFF,CASSLAGTNEQFF
1644,CASSDPYEQYF,CASSDTYEQYF
1645,CASSLGSNQPQHF,CASSLGGNQPQHF
1646,CASSLAGISYEQYF,CASSLVAGISYEQYF
1647,CASSLAGISYEQYF,CASSLMAGISYEQYF
1648,CASSLAGNEQFF,CASSLAGTNEQFF
1649,CASSRQSSYNEQFF,CASSVQSSYNEQFF
1650,CASSQAAGHYEQYF,CASSQTAGHYEQYF
1651,CASSLGSNQPQHF,CASSLNSNQPQHF
1652,CASSQGGGEQYF,CASSSGGGEQYF
1653,CASSLLAGSGTEAFF,CASSLLGSGTEAFF
1654,CASSLAGSYEQYF,CASSLGSYEQYF
1655,CASSLGKGEQFF,CASSLGVGEQFF
1656,CASSLAGSEQFF,CASSLAGSKEQFF
1657,CASSLAGANEQFF,CASSLAGGNEQFF
1658,CASSLAGLNEQFF,CASSLAGGNEQFF
1659,CASSLAGSYEQYF,CASSLGGSYEQYF
1660,CASTLAGGNEQFF,CASSLAGGNEQFF
1661,CASSFVGAEQYF,CASSFVGGEQYF
1662,CASSLAGGWNEQFF,CASSLAGGNEQFF
1663,CASSLAGNEQFF,CASSLAGGNEQFF
1664,CASSVRGNEQFF,CASSVGGNEQFF
1665,CSVGDGNTGELFF,CSVDGNTGELFF
1666,CASSLSPRNEQFF,CASSLSPGNEQFF
1667,CASSLSPRNEQFF,CASSLSPRAEQFF
1668,CASSISSGYNEQFF,CASSISGSGYNEQFF
1669,CASSLAGTGELFF,CASSLAYGTGELFF
1670,CASSLEGLSYEQYF,CASSLEGYSYEQYF
1671,CASSLEGLSYEQYF,CASSLVGLSYEQYF
1672,CASSLEGLSYEQYF,CASSLNGLSYEQYF
1673,CASSISGASYEQYF,CASSIAGASYEQYF
1674,CASSLAGAYEQYF,CASSLLAGAYEQYF
1675,CASTLSYEQYF,CASTLQSYEQYF
1676,CASSLAGTYEQYF,CASSLASTYEQYF
1677,CASSLAGSTYEQYF,CASSLASTYEQYF
1678,CASSLAGSYEQYF,CASSLAGGSYEQYF
1679,CASSLAGGYEQYF,CASSLDGGYEQYF
1680,CASSLAGGYEQYF,CASSLASGYEQYF
1681,CASSLAGGYEQYF,CASSLAGGSYEQYF
1682,CASSLAGGYEQYF,CASSLAVGGYEQYF
1683,CASSLAGGYEQYF,CASSLATGYEQYF
1684,CASSLAGAEAFF,CASSLAPGAEAFF
1685,CASSLGSNQPQHF,CASSLYSNQPQHF
1686,CASSYPGRFYEQYF,CASSYPGRYEQYF
1687,CASSLVAGGTDTQYF,CASSLVAGDTDTQYF
1688,CASSLVAGGTDTQYF,CASSLVAGNTDTQYF
1689,CASSQDAGTGNTIYF,CASSQDAGSGNTIYF
1690,CASSLAGGLLNEQFF,CASSLAGGLSNEQFF
1691,CASSLAGYEQYF,CASSLASGYEQYF
1692,CASSLAGYEQYF,CASSLATGYEQYF
1693,CATSDFGRGTDTQYF,CATSDFGGTDTQYF
1694,CASSLGDEQYF,CASSLPGDEQYF
1695,CAISESWTDTQYF,CAISEWTDTQYF
1696,CASSPGTYNEQFF,CASSPGPYNEQFF
1697,CASSLGGEQFF,CASSLGREQFF
1698,CASSFGDEQYF,CASSFGDTQYF
1699,CASSFGDEQYF,CASSFPDEQYF
1700,CASSFGDEQYF,CASSFGSEQYF
1701,CASSLAGNEQFF,CASSLAGTNEQFF
1702,CASSISMNTEAFF,CASSIGMNTEAFF
1703,CASSITLYNEQFF,CASSITAYNEQFF
1704,CASSLEPSYEQYF,CASSLESYEQYF
1705,CASSFLNEQFF,CASSFYNEQFF
1706,CASSQDSRTSYEQYF,CASSQDSMTSYEQYF
1707,CASSYGVGGTEAFF,CASSYGTGGTEAFF
1708,CSVGGTYEQYF,CSVGATYEQYF
1709,CASSLGTDTQYF,CASSLGGDTQYF
1710,CASSIGTGSTEAFF,CASSIGGSTEAFF
1711,CASSLWGSYEQYF,CASSLLGSYEQYF
1712,CASSPNSYEQYF,CASSPDSYEQYF
1713,CASSKTGGSYEQYF,CASSWTGGSYEQYF
1714,CASSLGLNNQPQHF,CASSLGWNNQPQHF
1715,CASSLLSSYEQYF,CASSLLGSYEQYF
1716,CASSLVHTDTQYF,CASSLSHTDTQYF
1717,CASSLVHTDTQYF,CASSLGHTDTQYF
1718,CASSPGTGTYEQYF,CASSSPGTGTYEQYF
1719,CASSLSQTYEQYF,CASSLSQVYEQYF
1720,CASSFEGGGYEQYF,CASSFEGGYEQYF
1721,CASSFEGGGYEQYF,CASSFEGGSYEQYF
1722,CASSFEGGGYEQYF,CASSFEGGIYEQYF
1723,CASSFEGGGYEQYF,CASSFEGGLYEQYF
1724,CASSFEGGGYEQYF,CASSFEGGGEQYF
1725,CASSLAGNEQFF,CASSLAGGNEQFF
1726,CASSLIQGNTGELFF,CASSLRQGNTGELFF
1727,CASSLGGEQFF,CASSLGNEQFF
1728,CASSFLNEQFF,CASSFGNEQFF
1729,CASSFATLNEQFF,CASSFASLNEQFF
1730,CSVDSGNEQYF,CSVDSGYEQYF
1731,CASSLLGGETQYF,CASSLSGGETQYF
1732,CASSSGRETQYF,CASSSGVETQYF
1733,CASSYSGQETQYF,CASSYSQETQYF
1734,CASSYLAGGTDTQYF,CASSWLAGGTDTQYF
1735,CASSSLAGGTDTQYF,CASSWLAGGTDTQYF
1736,CASSTLAGGTDTQYF,CASSWLAGGTDTQYF
1737,CASSALAGVETQYF,CASSLAGVETQYF
1738,CASSSPGQGDYEQYF,CASSSPGQGFYEQYF
1739,CASSLLVNTEAFF,CASSLGVNTEAFF
1740,CASSLLVNTEAFF,CASSLLQNTEAFF
1741,CASSYERGYEQYF,CASSYSRGYEQYF
1742,CASSEGQGNQPQHF,CASSEGQGGNQPQHF
1743,CASSISMNTEAFF,CASSIGMNTEAFF
1744,CASSYSGWETQYF,CASSYSSWETQYF
1745,CAISESYEQYF,CAISESDEQYF
1746,CASSLTEKLFF,CASSLDEKLFF
1747,CASSYGPNNEQFF,CASSYGPSNEQFF
1748,CSVGGTYEQYF,CSVEGGTYEQYF
1749,CASSGDRSSGNTIYF,CASSQDRSSGNTIYF
1750,CASSLGLAGGYEQFF,CASSLGLAGVYEQFF
1751,CASSSPGQGDYEQYF,CASSSPGQGFYEQYF
1752,CASSLTGPYNEQFF,CASSLITGPYNEQFF
1753,CASSLTGPYNEQFF,CASSLGPYNEQFF
1754,CASSFSGELFF,CASSFSPGELFF
1755,CASSLGTGYNEQFF,CASSLGGYNEQFF
1756,CASSPASGEQYF,CASSPASYEQYF
1757,CASSWTGTEAFF,CASSWTGGTEAFF
1758,CASSLGQGNTEAFF,CASSLWQGNTEAFF
1759,CASSILAYNEQFF,CASSITAYNEQFF
1760,CASSLGTEAFF,CASSLGVEAFF
1761,CASSPGPYNEQFF,CASRPGPYNEQFF
1762,CASSQGNTEAFF,CASSAGNTEAFF
1763,CASSQGNTEAFF,CASSTGNTEAFF
1764,CASSLSGGTEAFF,CASSLSGGATEAFF
1765,CASSQDQPQHF,CASSQNQPQHF
1766,CASSVGEGRTEAFF,CASSVGEGLTEAFF
1767,CASSYSGQGYEQYF,CASSYSGQAYEQYF
1768,CASSLGEKLFF,CASSLGGEKLFF
1769,CASSPDNEQFF,CASSFDNEQFF
1770,CASSLIYPNTGELFF,CASSLILPNTGELFF
1771,CASSLGTEAFF,CASSSGTEAFF
1772,CASSLTGGSTDTQYF,CASSLTGGSDTQYF
1773,CSVEGGAGSYEQYF,CSVEGGASYEQYF
1774,CASSLTGPYNEQFF,CASSLTGPSYNEQFF
1775,CASSLGPETYEQYF,CASSLGETYEQYF
1776,CSARDGNTGELFF,CSARDFNTGELFF
1777,CASSFSYEQYF,CASSFSSYEQYF
1778,CASSFGGDTSYEQYF,CASSFGGDSSYEQYF
1779,CASSTGPYEQYF,CASSTDPYEQYF
1780,CASSFGLEQYF,CASSFGYEQYF
1781,CASSEGVDYEQYF,CASSEVDYEQYF
1782,CASSLSGGTEAFF,CASSLEGGTEAFF
1783,CASSLLTGVTDTQYF,CASSLLAGVTDTQYF
1784,CASSFSYEQYF,CASSFGYEQYF
1785,CASSLGGTGEQYF,CASSLGGTYEQYF
1786,CASSPGNEQFF,CASSLGNEQFF
1787,CASSPGNEQFF,CASSVGNEQFF
1788,CASSLANEQFF,CASSLGNEQFF
1789,CASSLGQGNTEAFF,CASSLGQGVNTEAFF
1790,CASSPTGVPYEQYF,CASSPTGPYEQYF
1791,CASSLGREQFF,CASSLGNEQFF
1792,CASSLGTEAFF,CASSRGTEAFF
1793,CASSLWGGEQYF,CASSLGGEQYF
1794,CASSFGGPSYEQYF,CASSFGGSSYEQYF
1795,CASSPLGQPQHF,CASSPGQPQHF
1796,CASSLGQGNTEAFF,CASSLGQGGTEAFF
1797,CASSLGQGNTEAFF,CASSLGQGTEAFF
1798,CASSPGLSSYNEQFF,CASSPGPSSYNEQFF
1799,CASSFSYEQYF,CASSFSHEQYF
1800,CASSQGNTEAFF,CASQSQGNTEAFF
1801,CASSLGGTNEQYF,CASSLGGTYEQYF
1802,CASSIWGNTEAFF,CASSIKGNTEAFF
1803,CASSFGPEQYF,CASSFGTEQYF
1804,CSARDLAGGSNEQFF,CSARDLAGGFNEQFF
1805,CASSEDNEQFF,CASSEVNEQFF
1806,CASSEGDTQYF,CASSESDTQYF
1807,CASSEGDTQYF,CASSEIDTQYF
1808,CASSLANEQFF,CASSLANEQYF
1809,CASSEGNEQFF,CASSEVNEQFF
1810,CASSEGGEQYF,CASSELGEQYF
1811,CASSEGGEQYF,CASSEVGEQYF
1812,CASSEGGEQYF,CASSEMGEQYF
1813,CASSENNEQFF,CASSEVNEQFF
1814,CSVNSGTNTGELFF,CSVESGTNTGELFF
1815,CASSETNEQFF,CASSEVNEQFF
1816,CASSLLAESYNEQFF,CASSLLAEHYNEQFF
1817,CASSLTGPYNEQFF,CASSLTGGYNEQFF
1818,CASSLTGPYNEQFF,CASSLTGYYNEQFF
1819,CASSLSGGNYGYTF,CASSLSGGGNYGYTF
1820,CASRIAGGPSYEQYF,CASRIAGGPYEQYF
1821,CASSEGQGYEQYF,CASSEGQGAYEQYF
1822,CASSPTGGGTEAFF,CASSYTGGGTEAFF
1823,CASSLGSNQPQHF,CASSLNSNQPQHF
1824,CASSLEGTDTQYF,CASSLEVGTDTQYF
1825,CASSRDSNTEAFF,CASRRDSNTEAFF
1826,CASSLGGNQPQHF,CASSLGSNQPQHF
1827,CASSFPGNEQYF,CASSFVGNEQYF
1828,CASSLTGDTQYF,CASSLGGDTQYF
1829,CASSPGGNTEAFF,CASSNGGNTEAFF
1830,CASSPGGNTEAFF,CASSVGGNTEAFF
1831,CASSLAGGPYNEQFF,CASSPAGGPYNEQFF
1832,CASSPGDTQYF,CASSPGTDTQYF
1833,CASSLESYEQYF,CASSLGESYEQYF
1834,CASSSLNQPQHF,CASSSLPNQPQHF
1835,CASSYSGDSYEQYF,CASSYSGDSSYEQYF
1836,CASRGGSYEQYF,CASRRGSYEQYF
1837,CSAPGPSSYEQYF,CSASGPSSYEQYF
1838,CASSLGETQYF,CASSLSETQYF
1839,CASSLGQGGSPLHF,CASSLGQAGSPLHF
1840,CASSLYSTDTQYF,CASSIYSTDTQYF
1841,CASSLYSTDTQYF,CASSLYNTDTQYF
1842,CASSLAGTNEQFF,CASSLAGGNEQFF
1843,CASSYPGLGYEQYF,CASSNYPGLGYEQYF
1844,CASSYGTEAFF,CASSYEGTEAFF
1845,CASSDLGNEQFF,CASSDAGNEQFF
1846,CASSLSRGNEQFF,CASSLSPGNEQFF
1847,CASSLSRGNEQFF,CASSLSIGNEQFF
1848,CASSLLTDTQYF,CASSLDLTDTQYF
1849,CASSPGDTQYF,CASSPGTDTQYF
1850,CASSPGNTEAFF,CASSFPGNTEAFF
1851,CASSPTGVSYNEQFF,CASSPSGVSYNEQFF
1852,CASSFGQPQHF,CASSPGQPQHF
1853,CASSFYNEQFF,CASSFGNEQFF
1854,CASSFLNTEAFF,CASSFGLNTEAFF
1855,CSVAGLAGGYEQYF,CSVGGLAGGYEQYF
1856,CASSFGQPQHF,CASSFWGQPQHF
1857,CASSLVSSYEQYF,CASSLGSSYEQYF
1858,CASSYSGDSYEQYF,CASSYGDSYEQYF
1859,CASSYSATYEQYF,CASSYSGATYEQYF
1860,CASSLGETQYF,CASSLYGETQYF
1861,CASSSSGTSGDTQYF,CASSSTGTSGDTQYF
1862,CASSYSAPYEQYF,CASSYSAPGYEQYF
1863,CSVTGLNTEAFF,CSVGLNTEAFF
1864,CASSLGSNQPQHF,CASSLYSNQPQHF
1865,CASSVVGGNTEAFF,CASSVVGKNTEAFF
1866,CASSLGGNQPQHF,CASSLGGDQPQHF
1867,CASSSATGELFF,CASSSGTGELFF
1868,CSVGGGSYNEQFF,CSVHGGSYNEQFF
1869,CSVGGGSTDTQYF,CSVGGPSTDTQYF
1870,CASSYSSPYEQYF,CASSYSSPGYEQYF
1871,CASSLGGYNEQFF,CASSLTGGYNEQFF
1872,CASSLGGYNEQFF,CASSLGGLNEQFF
1873,CASSLYSTDTQYF,CASSLYVTDTQYF
1874,CASSVAGSSYNEQFF,CASSEAGSSYNEQFF
1875,CASSPLGTEAFF,CASSPGGTEAFF
1876,CASRRDSNTEAFF,CASRTDSNTEAFF
1877,CASSYSIGELFF,CASSYGIGELFF
1878,CASSLSSPANYGYTF,CASSLSSPNYGYTF
1879,CASSLNSNQPQHF,CASSLNNNQPQHF
1880,CSARDTGAYEQYF,CSARDPTGAYEQYF
1881,CASSRDRDSSYEQYF,CASSQDRDSSYEQYF
1882,CASSLSATDTQYF,CASSLSHTDTQYF
1883,CASSPGEGTEAFF,CASSHGEGTEAFF
1884,CASSSGTEAFF,CASSRGTEAFF
1885,CASSFGGAEAFF,CASSFMGGAEAFF
1886,CASSQDRGYNEQFF,CASSQDRGYYNEQFF
1887,CASSQDRGYNEQFF,CASSQDRGLYNEQFF
1888,CASSLAGGPSYEQYF,CASSLAGGSYEQYF
1889,CASSLGLTGELFF,CASSLGNTGELFF
1890,CASSLGLTGELFF,CASSLGRTGELFF
1891,CASSLGITGELFF,CASSLGNTGELFF
1892,CASSLGITGELFF,CASSLGRTGELFF
1893,CASSELGTDTQYF,CASSELGHTDTQYF
1894,CASSSPGQGGYGYTF,CASSPGQGGYGYTF
1895,CASSPAGYNYGYTF,CASSPTGYNYGYTF
1896,CASSDGSTDTQYF,CASSLGSTDTQYF
1897,CASSYSAQSSYEQYF,CASSYSAGSSYEQYF
1898,CASSPGTASTDTQYF,CASSPGTSTDTQYF
1899,CASSDMNTEAFF,CASSLMNTEAFF
1900,CASSYGDPNYGYTF,CASSYGDNYGYTF
1901,CASSLGQGAYEQYF,CASSLGQGGAYEQYF
1902,CASSYSGANYEQYF,CASSYSGATYEQYF
1903,CASSLSPYYEQYF,CASSLSPNYEQYF
1904,CASSLNSNQPQHF,CASSLYSNQPQHF
1905,CASSYGTGGTEAFF,CASSYGTGFTEAFF
1906,CASSYGTGGTEAFF,CASSYGTGYTEAFF
1907,CASSLVLTGELFF,CASSLVLSGELFF
1908,CASSLGSNQPQHF,CASSLYSNQPQHF
1909,CASSYVGGDTQYF,CASSYTGGDTQYF
1910,CASSLGLDSNTEAFF,CASSLGDSNTEAFF
1911,CASSLSSPGDEQFF,CASSLSSPRDEQFF
1912,CASSPGQGLQPQHF,CASSPGQGIQPQHF
1913,CASSLGDSSYEQYF,CASSLSGDSSYEQYF
1914,CASSLGDSSYEQYF,CASSLGSSYEQYF
1915,CASSLGDSSYEQYF,CASSLGDLSSYEQYF
1916,CASSLSAGVTDTQYF,CASSLLAGVTDTQYF
1917,CASSYSDTYEQYF,CASSYSGTYEQYF
1918,CASSPGTDTQYF,CASSFGTDTQYF
1919,CASSPGTDTQYF,CASSLGTDTQYF
1920,CASSLDHNEQFF,CASSLTHNEQFF
1921,CASSPGTNEQFF,CASSIGTNEQFF
1922,CASSLTGDSSYEQYF,CASSLSGDSSYEQYF
1923,CASSLTGDSSYEQYF,CASSLTQDSSYEQYF
1924,CASSLTLDEQYF,CASSLGLDEQYF
1925,CASSLGSSYNEQFF,CASSLSSYNEQFF
1926,CASSLGESYEQYF,CASSLGEGSYEQYF
1927,CASSFGANEQFF,CASSFGNEQFF
1928,CASSLSYGGETQYF,CASSLSGGETQYF
1929,CASSSLGSYEQYF,CASSSGSYEQYF
1930,CASSYEGNTEAFF,CASSYEGTEAFF
1931,CSVELGNYEQYF,CSVDLGNYEQYF
1932,CASSLWGNEQFF,CASSLSGNEQFF
1933,CASSLSSSVTDTQYF,CASSLSSVTDTQYF
1934,CASSGGSYEQYF,CASSSGSYEQYF
1935,CASSLFGELFF,CASSLGGELFF
1936,CASSPGGYEQYF,CASSPGGGEQYF
1937,CASSLSGGSYEQYF,CASSLIGGSYEQYF
1938,CASSAGQGSYEQYF,CASSVGQGSYEQYF
1939,CASSYDGYEQYF,CASSYSDGYEQYF
1940,CSVELGNYEQYF,CSVEGGNYEQYF
1941,CASSLTDSYNEQFF,CASSLTSYNEQFF
1942,CASSSSAPQETQYF,CASSSLAPQETQYF
1943,CASSYSTGYEQYF,CASSYSDGYEQYF
1944,CASSYSTGYEQYF,CASSYSRGYEQYF
1945,CASSFSSYEQYF,CASSFSDSYEQYF
1946,CASSLEGSYEQYF,CASSYEGSYEQYF
1947,CASSLGSSYNEQFF,CASSLSSSYNEQFF
1948,CASSLGESYEQYF,CASSLGGSYEQYF
1949,CSVEGTGTYEQYF,CSVEGGTYEQYF
1950,CASSLVPDRETQYF,CASSLPDRETQYF
1951,CASSYSDTYEQYF,CASSYSRTYEQYF
1952,CASSPGTDTQYF,CASSLGTDTQYF
1953,CASSYSTGYEQYF,CASSYSTGSYEQYF
1954,CASSQGGANVLTF,CASSFQGGANVLTF
1955,CASSLVGDRSYEQYF,CASSLVGDRAYEQYF
1956,CASSLGSYEQYF,CASSLGGSYEQYF
1957,CASSLQGNEQFF,CASSLVGNEQFF
1958,CASSLGTGEQYF,CASSLGGEQYF
1959,CSARLAGVEQYF,CSAPLAGVEQYF
1960,CASSLQGGELFF,CASSLGGELFF
1961,CASSLSIGTDTQYF,CASSLSIGDTQYF
1962,CASSPEGGNEQFF,CASSPGGGNEQFF
1963,CASSPPEETQYF,CASSPPEHETQYF
1964,CASSPLGNEQFF,CASSRLGNEQFF
1965,CASSFGTDTQYF,CASSPGTDTQYF
1966,CASSLEGGTEAFF,CASSLEIGTEAFF
1967,CASSLGSSYNEQFF,CASSLSSYNEQFF
1968,CASSLGTDTQYF,CASSLGPDTQYF
1969,CASSLGTDTQYF,CASSPGTDTQYF
1970,CASSLSEAYEQYF,CASSLSAYEQYF
1971,CASSLGGSYEQYF,CASSFGGSYEQYF
1972,CASSLYGWETQYF,CASSLYGETQYF
1973,CASSLERSYEQYF,CASSLEVSYEQYF
1974,CASSLHRDHYEQYF,CASSLHRDYEQYF
1975,CASSLTGTAGNTIYF,CASSLTGTPGNTIYF
1976,CASSQGPGAPYEQYF,CASSQGPGGPYEQYF
1977,CASSLQGNEQYF,CASSLGNEQYF
1978,CASSIYSTDTQYF,CASSLYSTDTQYF
1979,CASSLGHTDTQYF,CASSLGTDTQYF
1980,CASSGQGITEAFF,CASSGQGDTEAFF
1981,CASSLASSNEQFF,CASSLATSNEQFF
1982,CASSYSGTYEQYF,CASSYSRTYEQYF
1983,CASSYSGTYEQYF,CASSYSWGTYEQYF
1984,CASSFGTDTQYF,CASSLGTDTQYF
1985,CASSLGSSYNEQFF,CASSLSSSYNEQFF
1986,CASSLYNTDTQYF,CASSLYVTDTQYF
1987,CASSLYNTDTQYF,CASSLYSTDTQYF
1988,CASSPGNTYEQYF,CASSPGGTYEQYF
1989,CASSPGAYEQYF,CASSPTAYEQYF
1990,CASSFGVGSSYEQYF,CASSFGGSSYEQYF
1991,CASSLGNEQFF,CASSLEGNEQFF
1992,CASSFGAGSSYEQYF,CASSFGGSSYEQYF
1993,CASSPATGELFF,CASSPPTGELFF
1994,CASSPATGELFF,CASSPITGELFF
1995,CASSVGNEQFF,CASSVYNEQFF
1996,CASSLSQGAYNEQFF,CASSLQGAYNEQFF
1997,CASSQGYEQYF,CASSPQGYEQYF
1998,CASSPGTGSSYEQYF,CASSPTGSSYEQYF
1999,CASSLGLDEQYF,CASSLPGLDEQYF
2000,CASSVGWGSSYEQYF,CASSVGTGSSYEQYF
2001,CASSVGWGSSYEQYF,CASSVGSGSSYEQYF
2002,CASSVGWGSSYEQYF,CASSVGGGSSYEQYF
2003,CASSLASNTEAFF,CASSLALNTEAFF
2004,CASSVGQGAYEQYF,CASSVGQGSYEQYF
2005,CASSLGGSYEQYF,CASSLAGGSYEQYF
2006,CASSLAGFGNQPQHF,CASSLAGFGQPQHF
2007,CASSLDRGGYEQYF,CASSLDGGYEQYF
2008,CASSLVNNEQFF,CASSRVNNEQFF
2009,CASSLSGNEQFF,CASSLKGNEQFF
2010,CASSYGGETQYF,CASSYGNGETQYF
2011,CASSRLGNEQFF,CASSRLGLNEQFF
2012,CSVDSGYEQYF,CSVDFGYEQYF
2013,CASSPSNEQFF,CASSRSNEQFF
2014,CASSVSGSYEQYF,CASSPSGSYEQYF
2015,CASSLSSYNEQFF,CASSLTSYNEQFF
2016,CASSLTGGNEQFF,CASSLTGGYNEQFF
2017,CASSLGQGTEAFF,CASSLGQETEAFF
2018,CASSLGGEQYF,CASSLGNEQYF
2019,CASSLGEGSYEQYF,CASSLGGSYEQYF
2020,CASSLGPDTQYF,CASSLGTDTQYF
2021,CASSPGTDTQYF,CASSLGTDTQYF
2022,CSASGGLGYEQYF,CSASGGGGYEQYF
2023,CASSWRGTDTQYF,CASSWGTDTQYF
2024,CASSGLAGSNEQFF,CASSGLAGSYNEQFF
2025,CSVDGNTGELFF,CSVDGTGELFF
2026,CASSTGTGYTEAFF,CASSYGTGYTEAFF
2027,CASSLSSYNEQFF,CASSLSSSYNEQFF
2028,CASSIIGADTQYF,CASSIIGGDTQYF
2029,CASSTTTGELFF,CASSTTGGELFF
2030,CASSATFSYEQYF,CASSMTFSYEQYF
2031,CSVIPGQGGYEQYF,CSVPGQGGYEQYF
2032,CASSSPGTGVNEQFF,CASSSPGTGDNEQFF
2033,CASSYSTDGELFF,CASSYSTTGELFF
2034,CASSQDGPGNQPQHF,CASSQDPGNQPQHF
2035,CASSQDLLAGEQFF,CASSQDLLAEQFF
2036,CASSYSGNQPQHF,CASSYSGGNQPQHF
2037,CASSLTGGGYEQYF,CASSLGGGGYEQYF
2038,CSVEGGNYEQYF,CSVEGGTYEQYF
2039,CSVVGQGGYEQYF,CSVGGQGGYEQYF
2040,CASSYSLGSYEQYF,CASSYSTGSYEQYF
2041,CASSSGGTGELFF,CASSSGTGELFF
2042,CASSIQGNTGELFF,CASSIQGTNTGELFF
2043,CASSQAGTGPYEQYF,CASSQAGTGMYEQYF
2044,CSVPGQGGYEQYF,CSVGGQGGYEQYF
