,Seq1,Seq2
0,CATSLADYNEQFF,CATSVADYNEQFF
1,CSAGSSYEQYF,CSARSSYEQYF
2,CSARDQGSSYEQYF,CSARDLGSSYEQYF
3,CSARILADYEQYF,CSARPLADYEQYF
4,CASSFDSSYEQYF,CASSFSSYEQYF
5,CASSLPGSYEQYF,CASSLSGSYEQYF
6,CASSLDSYEQYF,CASSLSSYEQYF
7,CASSLGRGGNEQFF,CASSLGSGGNEQFF
8,CSVGRGPYEQYF,CSVGRGGYEQYF
9,CASSSDRSSYEQYF,CASSHDRSSYEQYF
10,CASSLESGELFF,CASSLGSGELFF
11,CASSYLYEQYF,CASSYTYEQYF
12,CASSFDISYEQYF,CASSFDSYEQYF
13,CASSGRDSSYEQYF,CASSGRDSTYEQYF
14,CASSGGAAGELFF,CASSIGAAGELFF
15,CASSFIGETQYF,CASSFSGETQYF
16,CASSLPGSYEQYF,CASSLGGSYEQYF
17,CSARDQADSYEQYF,CSARDADSYEQYF
18,CASSYLGNEQFF,CASSYLDNEQFF
19,CASSTGTSTDTQYF,CASSSTGTSTDTQYF
20,CASSLGTTDTQYF,CASSLGSTDTQYF
21,CASSQDPGGNTEAFF,CASSQDPGVNTEAFF
22,CASSLAGGTETQYF,CASSLAGGTDTQYF
23,CASSPGQGHNQPQHF,CASSIGQGHNQPQHF
24,CASSPGQGHNQPQHF,CASSPGQGINQPQHF
25,CASSLDSYEQYF,CASSPDSYEQYF
26,CSARDTLSYEQYF,CSARDNLSYEQYF
27,CASSYLYEQYF,CASSYIYEQYF
28,CASSAGLADYEQYF,CASSAGLAGDYEQYF
29,CASSLDSYEQYF,CASSLDAYEQYF
30,CASSVGNTYEQYF,CASSVGDTYEQYF
31,CASSPPGGNEQFF,CASSQPGGNEQFF
32,CSARDPGGSYEQYF,CSARDPGGAYEQYF
33,CASSLFAGAYNEQFF,CASSLAGAYNEQFF
34,CSASFGYEQYF,CSASYGYEQYF
35,CSASEGYEQYF,CSASYGYEQYF
36,CSASEGYEQYF,CSANEGYEQYF
37,CASSIFGTANQPQHF,CASSISGTANQPQHF
38,CSARDQGSSYEQYF,CSARDQGSPYEQYF
39,CASSYGAYNEQFF,CASSSGAYNEQFF
40,CASSEGGRGDTQYF,CASSEGGRFDTQYF
41,CASSLSGNTEAFF,CASSLSGGTEAFF
42,CASSGTGGYEQYF,CASSDGTGGYEQYF
43,CASSLDSYEQYF,CASSLDFSYEQYF
44,CASSLESGELFF,CASSLGSGELFF
45,CASSLPGGTEAFF,CASSPGGTEAFF
46,CASSLGDSSYEQYF,CASTLGDSSYEQYF
47,CASSEGQVSNQPQHF,CASSEGQYSNQPQHF
48,CASSEGQVSNQPQHF,CASSEGQWSNQPQHF
49,CSAGTGGTGELFF,CSAGIGGTGELFF
50,CSVGQGPYEQYF,CSVEQGPYEQYF
51,CSAGTGPYEQYF,CSAGTGDYEQYF
52,CASSQAGVYEQYF,CASSQEGVYEQYF
53,CASSEGYSGNTIYF,CASSEGPYSGNTIYF
54,CASSEQFNEKLFF,CASSEQGNEKLFF
55,CSVAAGGNTEAFF,CSVAAGNTEAFF
56,CASSQDPGGNTEAFF,CASSQDPGLNTEAFF
57,CSAARAGGSYNEQFF,CSAAAGGSYNEQFF
58,CSVGQGPYEQYF,CSVDGQGPYEQYF
59,CASSYPDTQYF,CASSFPDTQYF
60,CAWSVLAGGEQYF,CAWSVLAGAGEQYF
61,CASSFDSSYEQYF,CASSFDSYEQYF
62,CASSLDSYEQYF,CASSFDSYEQYF
63,CASSLGDSSYEQYF,CASSLGDSPYEQYF
64,CASSGPGDTEAFF,CASSSPGDTEAFF
65,CSARDLTYEQYF,CSARDLAYEQYF
66,CSARDLTYEQYF,CSARDLEYEQYF
67,CSARDLTYEQYF,CSARDLSYEQYF
68,CASSSGTVNTGELFF,CASSLGTVNTGELFF
69,CSARDPSYEQYF,CSARDLSYEQYF
70,CSARDTLSYEQYF,CSARDLSYEQYF
71,CASSLIGGADTQYF,CASSLGGGADTQYF
72,CASSLIGGADTQYF,CASSLTGGADTQYF
73,CASSLWAGSQPQHF,CASSLWAGSNQPQHF
74,CASSEGQFNTEAFF,CASSEGQVNTEAFF
75,CASSRTDSYNEQFF,CASSFTDSYNEQFF
76,CASSYIGTGELFF,CASSYDGTGELFF
77,CASSLDSYEQYF,CASSLEDSYEQYF
78,CASSTGTSTDTQYF,CASSTTTSTDTQYF
79,CASSAGQLTYEQYF,CASSAGQGTYEQYF
80,CSARDPGGSYEQYF,CSARDPTGSYEQYF
81,CSARDPGGSYEQYF,CSARDPSGSYEQYF
82,CASSLLGGDGYTF,CASSFLGGDGYTF
83,CASSLPLQETQYF,CASSLPEQETQYF
84,CASSKLNTEAFF,CASSMLNTEAFF
85,CASSLGTSSYEQYF,CASSLGRTSSYEQYF
86,CASSLLRADTQYF,CASSLLRGDTQYF
87,CASSVGNTYEQYF,CASSVGHTYEQYF
88,CASSLPISYEQYF,CASSLISYEQYF
89,CSARGPTSSYEQYF,CSARGTSSYEQYF
90,CASSPLGNEQFF,CASSRLGNEQFF
91,CASSERTNTEAFF,CASSEARTNTEAFF
92,CASSGLAGTDTQYF,CASSFLAGTDTQYF
93,CSARPRNQPQHF,CSARPVNQPQHF
94,CASSLDSYEQYF,CASSLVSYEQYF
95,CASSKLNTEAFF,CASSDKLNTEAFF
96,CASSLAGGLETQYF,CASSLAGLETQYF
97,CASSLPGSYEQYF,CASSLLGSYEQYF
98,CASSLDSYEQYF,CASSLESYEQYF
99,CSATGLADYEQYF,CSATGLAGYEQYF
100,CSAGSSYEQYF,CSAGASYEQYF
101,CASSQDLGTDTQYF,CASSQDRGTDTQYF
102,CSAWGMNTEAFF,CSASGMNTEAFF
103,CSAWGMNTEAFF,CSALGMNTEAFF
104,CASSETNTGELFF,CASSETGTGELFF
105,CASSEWVGETQYF,CASSEWVGHETQYF
106,CASSYVGNEQFF,CASSYVGSEQFF
107,CASSQALGTEAFF,CASSQATGTEAFF
108,CASSLEGRQETQYF,CASSLEARQETQYF
109,CASSSGTSGTDTQYF,CASSLGTSGTDTQYF
110,CASSYGNEQFF,CASSLGNEQFF
111,CASSIRYNEQFF,CASSRYNEQFF
112,CASSQGGVEQYF,CASSQGGSEQYF
113,CATSDLGPGELFF,CATSDLGTPGELFF
114,CASSYDRGYEQYF,CASSYTRGYEQYF
115,CSAKGLAGEFYEQYF,CSAKGLAGVFYEQYF
116,CASSLGAGGYEQYF,CASSLGGGYEQYF
117,CASSLGVGYNEQFF,CASSMGVGYNEQFF
118,CASSLGVGYNEQFF,CASSLGIGYNEQFF
119,CASSLGVGYNEQFF,CASSLGLGYNEQFF
120,CASSLGVGYNEQFF,CASSLGSGYNEQFF
121,CASSLGVGYNEQFF,CASSLGVGANEQFF
122,CASSLGVGYNEQFF,CASSLGGGYNEQFF
123,CASSLGVSTEAFF,CASSLGVGTEAFF
124,CSARGTSGEYNEQFF,CSARGTSGLYNEQFF
125,CASSIGGGESYEQYF,CASSIGTGESYEQYF
126,CASSIGGGESYEQYF,CASSIGGGFSYEQYF
127,CSVGVSSYEQYF,CSVGVSYEQYF
128,CASSIGQGMNTEAFF,CASSAGQGMNTEAFF
129,CASSIGQGMNTEAFF,CASSIGQGMETEAFF
130,CASSSGGYEQYF,CASSSGAYEQYF
131,CASSLGLNEQFF,CASSLGSNEQFF
132,CSVDRYTEAFF,CSVDRDTEAFF
133,CASSYSYEQYF,CASSQSYEQYF
134,CASSSGGYEQYF,CASSSTGYEQYF
135,CASSYNGNEQFF,CASSYNGVEQFF
136,CASSYNGNEQFF,CASSYNQGNEQFF
137,CASSYGNYYEQYF,CASSYGNGYEQYF
138,CATSIDRGYNQPQHF,CATSRDRGYNQPQHF
139,CASSSVLADTQYF,CASSSVHLADTQYF
140,CASSFSGATYNEQFF,CASSLSGATYNEQFF
141,CASSLAGYNEQFF,CASSPAGYNEQFF
142,CASSEGPGAYEQYF,CASSEGQGAYEQYF
143,CASSYSGSTEAFF,CASSYSGGTEAFF
144,CASSLEQGAYEQYF,CASSLEQGAAEQYF
145,CASSLGVEQYF,CASSLGGEQYF
146,CASSLAGYNEQFF,CASSLAGSYNEQFF
147,CASSLGGSTEAFF,CASSLGGSEAFF
148,CASSSGGYEQYF,CASSSDGYEQYF
149,CASSVGSGANVLTF,CASSVSSGANVLTF
150,CASSLGSYEQYF,CASSLGGYEQYF
151,CASSLEGEQFF,CASSLGGEQFF
152,CASNQGGTEAFF,CASSQGGTEAFF
153,CASSLGVEQYF,CASSLGVYEQYF
154,CASSLGSYEQYF,CASSLGGYEQYF
155,CASSLEGWEQYF,CASSLEGFEQYF
156,CASSLGQNTGELFF,CASSYGQNTGELFF
157,CSAAPLAKNIQYF,CSASPLAKNIQYF
158,CASSQDDSYEQYF,CASSQGDSYEQYF
159,CASSQGYETQYF,CASSQGYEQYF
160,CASSLGNSGELFF,CASSLGSGELFF
161,CASSLGDGNQPQHF,CASSLGDGGNQPQHF
162,CASSPGGYEQYF,CASSPGTYEQYF
163,CSVGGGNEQYF,CSVPGGNEQYF
164,CASSLFGVEQYF,CASSLAGVEQYF
165,CASSLTGGNEQYF,CASSLTGGYEQYF
166,CASSLAGGGYEQYF,CASSLAGGYEQYF
167,CASSLTGSEQFF,CASSLAGSEQFF
168,CASSPLADSYNEQFF,CASSPLAGSYNEQFF
169,CASSLAGQGYEQYF,CASSLAGGYEQYF
170,CASSLAGGGYEQYF,CASSLAAGGYEQYF
171,CASSLGGGGTEAFF,CASSLEGGGTEAFF
172,CASSLGVSTEAFF,CASSLSGVSTEAFF
173,CASSLGSYEQYF,CASSVGSYEQYF
174,CASSLLAGGETQYF,CASSLLGGETQYF
175,CASSPGGREQYF,CASSPGGDEQYF
176,CASSFGAEQYF,CASSYGAEQYF
177,CATSDLGPGELFF,CATSDLQGPGELFF
178,CASSYDRGYEQYF,CASSYERGYEQYF
179,CASRTYNEQFF,CASRDYNEQFF
180,CASRGIGTEAFF,CASIGIGTEAFF
181,CSVYSGSSYNEQFF,CSVPSGSSYNEQFF
182,CASSSGGYEQYF,CASSSGQYEQYF
183,CASSSGGYEQYF,CASSSGFYEQYF
184,CASSDWNEQFF,CASSDDNEQFF
185,CASSLATGELFF,CASSVLATGELFF
186,CSARGLAGGSYEQYF,CSARDLAGGSYEQYF
187,CASSWYMNTEAFF,CASSLYMNTEAFF
188,CASSPGNEQFF,CASSPMGNEQFF
189,CASSPGNEQFF,CASSPHNEQFF
190,CSVDRYTEAFF,CSVDRNTEAFF
191,CASSWEGNTEAFF,CASSLWEGNTEAFF
192,CASSLTGGTEAFF,CASSLTGFGTEAFF
193,CASSLGVGYNEQFF,CASSLGGYNEQFF
194,CASSLLAGGTGELFF,CASSLLAGVTGELFF
195,CASSPGGQPQHF,CASSEGGQPQHF
196,CASSGAGGTDTQYF,CASSGGGTDTQYF
197,CASSYSSTGYEQYF,CASSYSTGYEQYF
198,CASSLATGELFF,CASSLDTGELFF
199,CASSYDRGYEQYF,CASSYMDRGYEQYF
200,CASSLAYSNQPQHF,CASSLSYSNQPQHF
201,CASSWEGNTEAFF,CASSPEGNTEAFF
202,CSARDFPTGSYEQYF,CSARDPTGSYEQYF
203,CASSTGMGNEQFF,CASSTGGGNEQFF
204,CASSLLAGGETQYF,CASSLSLAGGETQYF
205,CASRKQGHEQFF,CASSKQGHEQFF
206,CASSSPRVSYEQYF,CASSSPVSYEQYF
207,CASSLGLNEQFF,CASSLGNEQFF
208,CASSPGGYEQYF,CASSPGAYEQYF
209,CASSVGSGANVLTF,CASSVGSSGANVLTF
210,CASSQETYYGYTF,CASSQETIYGYTF
211,CASSQETYYGYTF,CASSQETVYGYTF
212,CASSQETYYGYTF,CASSQETTYGYTF
213,CASSWDPNEQFF,CASSWDYNEQFF
214,CASSLGGDSYEQYF,CASSLGGSYEQYF
215,CSVPGTGGGYTF,CSVPGTGEGYTF
216,CASSPGGYEQYF,CASSPGGTYEQYF
217,CATSRDRAYEQYF,CATSSRDRAYEQYF
218,CASSVTGITEAFF,CASSVTGTTEAFF
219,CASSPADRVDEQYF,CASSPADRVNEQYF
220,CASSLAYSNQPQHF,CASSLADSNQPQHF
221,CASSYSSGQETQYF,CASSYSSDQETQYF
222,CASSYSAGGSYEQYF,CASSYSAGSSYEQYF
223,CASSYSPGLGTEAFF,CASSYSPGGGTEAFF
224,CASSLAGGGYEQYF,CASSLTGGGYEQYF
225,CATSRDRAYEQYF,CATSRDRGYEQYF
226,CASSYVGNEQFF,CASSYMGNEQFF
227,CASSLDLTYEQYF,CASSLDQTYEQYF
228,CASSLDLTYEQYF,CASSLDLSYEQYF
229,CASSLDLTYEQYF,CASSLDITYEQYF
230,CASSYNGNEQFF,CASSYMGNEQFF
231,CASSPGLAGNEQFF,CASSPGLANNEQFF
232,CASSQGYETQYF,CASSQGGETQYF
233,CSARDLKGNTEAFF,CSARDLAGNTEAFF
234,CASSLAGGGYEQYF,CASSLAGGSYEQYF
235,CASSLAGGGYEQYF,CASSLGGGGYEQYF
236,CSASGRSSYNEQFF,CSASGQSSYNEQFF
237,CASSLQGQETQYF,CASSLQGDETQYF
238,CASSLGGIGYEQYF,CASSLGGGGYEQYF
239,CASSLSGTGVYEQYF,CASSLSGTGPYEQYF
240,CASSLGGQGYEQYF,CASSLGGGGYEQYF
241,CASSYSSGQETQYF,CASSYSGGQETQYF
242,CASSQHNTGELFF,CASSHNTGELFF
243,CASSLFAGSTEAFF,CASSFAGSTEAFF
244,CASSPEDYNEQFF,CASSPTDYNEQFF
245,CASSQDEGNIQYF,CASSQAEGNIQYF
246,CSVETTNTGELFF,CSVETGNTGELFF
247,CASSLGPSSEQFF,CASSLGPSNEQFF
248,CASSEGTSGTDTQYF,CASSEGVSGTDTQYF
249,CATSLSYNEQFF,CATSLGSYNEQFF
250,CASSVVDSEQFF,CASSVGDSEQFF
251,CASSLGPYNEQFF,CASSLGPSNEQFF
252,CASSLGGGEQFF,CASSLRGGEQFF
253,CASSSLGGNQPQHF,CASSLGGNQPQHF
254,CASSLVGNQPQHF,CASSLGGNQPQHF
255,CASSVGTTGETQYF,CASSVGTGGETQYF
256,CASSLTAGSTDTQYF,CASSLTASSTDTQYF
257,CASSLGSGGNEQFF,CASSLGSGYNEQFF
258,CASSLSGSYEQYF,CASSLGGSYEQYF
259,CASSVNTEAFF,CASSWNTEAFF
260,CATSDFGTDTQYF,CATSDPGTDTQYF
261,CASSWSSYEQYF,CASSWASYEQYF
262,CASSLGGGEAFF,CASSLGLGGEAFF
263,CASSYVGGYGYTF,CASSYGGYGYTF
264,CASSYVGGYGYTF,CASSYPGGYGYTF
265,CASSFMSYEQYF,CASSFSYEQYF
266,CASSFMSYEQYF,CASSFGSYEQYF
267,CASSFSSYEQYF,CASSFSYEQYF
268,CASSFSSYEQYF,CASSFGSYEQYF
269,CATSRGGQETQYF,CATSRGSQETQYF
270,CATSRGGQETQYF,CATSRGQQETQYF
271,CASSLGGGSTDTQYF,CASSLSGGSTDTQYF
272,CASSLSSYEQYF,CASSLSSEQYF
273,CASSPLIGYEQYF,CASSPLIGSYEQYF
274,CASSYVGGYGYTF,CASSYGGYGYTF
275,CASSQSPYEQYF,CASSQSYEQYF
276,CASSLTGGSTDTQYF,CASSLTGWSTDTQYF
277,CASSLTGGSTDTQYF,CASSLTGGFTDTQYF
278,CASSFMNTEAFF,CASSFGNTEAFF
279,CASSFMNTEAFF,CASSFANTEAFF
280,CASSLQGQETQYF,CASSLSGQETQYF
281,CATSRDRGLNQPQHF,CATSRDRGYNQPQHF
282,CAISQSYEQYF,CAISESYEQYF
283,CAISQSYEQYF,CAISNSYEQYF
284,CASSYTSGSTDTQYF,CASSYISGSTDTQYF
285,CASSLGGGSTDTQYF,CASSLTGGSTDTQYF
286,CASSLSGAETQYF,CASSLSGQETQYF
287,CATSDLTEDTQYF,CATSDLEDTQYF
288,CASSLQGSGTEAFF,CASSLQGTGTEAFF
289,CASSLDISYEQYF,CASSLDSYEQYF
290,CATQDLFTDTQYF,CATSDLFTDTQYF
291,CASSRSSYEQYF,CASSLRSSYEQYF
292,CATSDLTGDEQFF,CATSDLLGDEQFF
293,CASSPAGGGTDTQYF,CASSWAGGGTDTQYF
294,CASSYSSGSNNEQFF,CASSYSSGSGNEQFF
295,CASSLSSYEQYF,CASSLRSSYEQYF
296,CASSFEGSYEQYF,CASSFGSYEQYF
297,CASSGFSYEQYF,CASSGGSYEQYF
298,CASSLVGGEQYF,CASSLGGEQYF
299,CASSLGGSDEQFF,CASSLGGDEQFF
300,CASSPGTGSYEQYF,CASSGTGSYEQYF
301,CSVETTNTGELFF,CSVCETTNTGELFF
302,CASSLGGGSTDTQYF,CASSLGGASTDTQYF
303,CASSLLVSNQPQHF,CASSLQVSNQPQHF
304,CASSPGGTEAFF,CASSQGGTEAFF
305,CASSLRGNTEAFF,CASSRGNTEAFF
306,CASSLRGNTEAFF,CASSLGGNTEAFF
307,CASSVNTEAFF,CASSWNTEAFF
308,CASSLGTDTQYF,CASSLSTDTQYF
309,CASSLRGGNTEAFF,CASSLGGNTEAFF
310,CASSQGGGGTDTQYF,CASSQAGGGTDTQYF
311,CASSLDPGAYNEQFF,CASSLDPDAYNEQFF
312,CASSQGWEQYF,CASSQGYEQYF
313,CASSFSHEQYF,CASSFSYEQYF
314,CASSLGGTYEQYF,CASSPGGTYEQYF
315,CASSLGNYEQYF,CASSQGNYEQYF
316,CASSLSTGNYGYTF,CASSLQTGNYGYTF
317,CASSRGSSYEQYF,CASSFGSSYEQYF
318,CASSVLMNTEAFF,CASSVMNTEAFF
319,CASGGQPYNEQFF,CASGGPYNEQFF
320,CASSLVGGEQYF,CASSLVGDEQYF
321,CASSVVMNTEAFF,CASSVMNTEAFF
322,CASSQEGVLEQYF,CASSQEGVHEQYF
323,CATSDLTGDEQFF,CATSDLTSDEQFF
324,CATSDLYRDEQYF,CATSDLTRDEQYF
325,CASSLGGTYEQYF,CASSLGGAYEQYF
326,CASSLGGTYEQYF,CASSLAGTYEQYF
327,CASSLDISYEQYF,CASSLDIYYEQYF
328,CASSLSGATEAFF,CASSLVSGATEAFF
329,CASSSGTDTQYF,CASSSSTDTQYF
330,CASSEVGSGNTIYF,CASSEAGSGNTIYF
331,CASSQDGSYEQYF,CASSQDVGSYEQYF
332,CASSPAGWYEQYF,CASSPGWYEQYF
333,CASSVNTEAFF,CASSSVNTEAFF
334,CAISQSYEQYF,CAISESYEQYF
335,CASSLGAGEYEQYF,CASSLGQGEYEQYF
336,CASSLVLGEQYF,CASSLVGEQYF
337,CASSFTGDYEQYF,CASSFTGYEQYF
338,CASSSGTDTQYF,CASSSAGTDTQYF
339,CASSYVGGYGYTF,CASSYGGGYGYTF
340,CASSFMSYEQYF,CASSFDSYEQYF
341,CASSFSHEQYF,CASSFSYEQYF
342,CASSFSSYEQYF,CASSFDSYEQYF
343,CASSLLAGEQYF,CASSLLGEQYF
344,CASSLSTGNYGYTF,CASSLSGGNYGYTF
345,CASSQNQGNEQFF,CASSQVQGNEQFF
346,CASSYSGSPLHF,CASSYQGSPLHF
347,CATSDFGTDTQYF,CATSDFGSTDTQYF
348,CASSLDPGAYNEQFF,CASSLDPGGYNEQFF
349,CASSPMNTEAFF,CASSPGNTEAFF
350,CASSSDYEQYF,CASSFDYEQYF
351,CASSPYYNEQFF,CASSLYYNEQFF
352,CASSLAGGSGETQYF,CASSLAGGRGETQYF
353,CASSLTGGAADTQYF,CASSLTGGADTQYF
354,CASSRSSYEQYF,CASSRVSYEQYF
355,CASSPMNTEAFF,CASSDMNTEAFF
356,CASSFMNTEAFF,CASSDMNTEAFF
357,CASSYMNTEAFF,CASSDMNTEAFF
358,CASSLGGGEQFF,CASSLGGDEQFF
359,CASSLTAGATDTQYF,CASSLTGATDTQYF
360,CASSLFGGEETQYF,CASSLFPGEETQYF
361,CSARVVNTGELFF,CSARVENTGELFF
362,CASSLSTGSTDTQYF,CASSLSTGRTDTQYF
363,CASSLTAGSTDTQYF,CASSLTSGSTDTQYF
364,CASSAPSTDTQYF,CASSAASTDTQYF
365,CASSPAGGGTDTQYF,CASSPAGGTDTQYF
366,CASSYSTSGYEQYF,CASSYSTGYEQYF
367,CASSWTVSYEQYF,CASSSTVSYEQYF
368,CASSLTSGSTDTQYF,CASSLTSPSTDTQYF
369,CASSLTSGSTDTQYF,CASSQTSGSTDTQYF
370,CASSLSSGATDTQYF,CASSLSSGTDTQYF
371,CASSIGGSPYNEQFF,CASSIGGSLYNEQFF
372,CASSLVGGELFF,CASSLVDGELFF
373,CASSESAEGNQPQHF,CASSESAGNQPQHF
374,CASSLGGTYEQYF,CASSLYGGTYEQYF
375,CASSLGGTYEQYF,CASSLGGSYEQYF
376,CASSLGGTYEQYF,CASSLGGFYEQYF
377,CASSPSGSEQFF,CASSPTSGSEQFF
378,CASSVSGANVLTF,CASSVGANVLTF
379,CATSRVYNEQFF,CATSRDYNEQFF
380,CASSLSGSYEQYF,CASSSGSYEQYF
381,CASSLRTEAFF,CASSLVRTEAFF
382,CASSVLMNTEAFF,CASSVVMNTEAFF
383,CASSLAGVYEQYF,CASSLAGVPYEQYF
384,CASSYMNTEAFF,CASSYTNTEAFF
385,CASSLSSYEQYF,CASSLVSYEQYF
386,CASSQFTDTQYF,CASSQFADTQYF
387,CASSVVGNTEAFF,CASSVVMNTEAFF
388,CASRDLSYNEQFF,CASRLSYNEQFF
389,CASSLTGGSQETQYF,CASSLTGSQETQYF
390,CASSPVGADTQYF,CASSPLGADTQYF
391,CASSPGQGAYEQYF,CASSQGQGAYEQYF
392,CASSPGQGAYEQYF,CASSPGQGSYEQYF
393,CASSPLGDTQYF,CASSPLGADTQYF
394,CSVEAVNTGELFF,CSVELAVNTGELFF
395,CASSQGGLETQYF,CASSQGGETQYF
396,CASSLSGSYEQYF,CASSLLGSYEQYF
397,CASSVVIGDTQYF,CASSVLIGDTQYF
398,CASSQGGGNQPQHF,CASSQGGDNQPQHF
399,CASSLSSYEQYF,CASSLESYEQYF
400,CASSLSSYEQYF,CASSLDSYEQYF
401,CSADWTGGQETQYF,CSADETGGQETQYF
402,CASSLLSGANVLTF,CASSLLASGANVLTF
403,CASSLSTYEQYF,CASSLASTYEQYF
404,CASSLDPYNEQFF,CASSLEPYNEQFF
405,CASSLGGGEQFF,CASSLGGGELFF
406,CASSQGQNTYEQYF,CASSQGQDTYEQYF
407,CASSLGGTYEQYF,CASSLGGYEQYF
408,CASSLSLTGNEQFF,CASSLSLEGNEQFF
409,CASSLVGGELFF,CASSLGGGELFF
410,CATSDFGTDTQYF,CATSDFGDTDTQYF
411,CASSVVGNTEAFF,CASSVVGKNTEAFF
412,CASSVGGDTQYF,CASSVAGDTQYF
413,CASSLGNEQFF,CASSALGNEQFF
414,CASSPQGYEQYF,CASSPPGYEQYF
415,CASSVGDEQFF,CASSVGDSEQFF
416,CASSVGIEQFF,CASSVGGIEQFF
417,CASSVGSEQFF,CASSVGDSEQFF
418,CATSRDQNSPLHF,CATSRDPNSPLHF
419,CASSVSDTQYF,CASSVASDTQYF
420,CASSVADTQYF,CASSVASDTQYF
421,CASSVADTQYF,CASSVAGDTQYF
422,CASSQVTGQPQHF,CASSQVGQPQHF
423,CASSQGLGNQPQHF,CASSGGLGNQPQHF
424,CASSVGDTQYF,CASSVAGDTQYF
425,CASSVGNTIYF,CASSVLGNTIYF
426,CASSVGGNEQFF,CASSVGGIEQFF
427,CASSVGGNEQFF,CASSVGGKNEQFF
428,CASSVTGDTQYF,CASSVAGDTQYF
429,CASSVGGEQFF,CASSVGGIEQFF
430,CASSQEGTASYEQYF,CASSQEGSASYEQYF
431,CASSESTGELFF,CASSETGELFF
432,CASSLGETQYF,CASSLTGETQYF
433,CASSLYGIEQYF,CASSLYGPEQYF
434,CASSTGETQYF,CASSLTGETQYF
435,CASSLGNEQFF,CASSLGYNEQFF
436,CASSPQGYEQYF,CASSPSGYEQYF
437,CASSLGGELFF,CASSLGGEQFF
438,CASSPGGEQFF,CASSLGGEQFF
439,CSVVRLTEAFF,CSVVRDTEAFF
440,CASSLGPEAFF,CASSLGTEAFF
441,CASSPQGVNTEAFF,CASSPQGNTEAFF
442,CASSLGTEAFF,CASSWGTEAFF
443,CASSRGYEQYF,CASSRDGYEQYF
444,CASSTTDTQYF,CASSDTDTQYF
445,CASSVTDTQYF,CASSDTDTQYF
446,CASSQAPGSYEQYF,CASSQDPGSYEQYF
447,CASSFGGVEQFF,CASSFGGVEAFF
448,CASSLGTEAFF,CASSLAGTEAFF
449,CASSESGTGGHEQFF,CASSESGTGGNEQFF
450,CASSPYNNEQFF,CASSPHNNEQFF
451,CASSGSSYNEQFF,CASSGSGYNEQFF
452,CASSQGYEQYF,CASSQGGEQYF
453,CASSGSAYNEQFF,CASSGSGYNEQFF
454,CASSAGYEQYF,CASSAGSYEQYF
455,CASSLGGEAFF,CASSLGGELFF
456,CASSLGGEAFF,CASSLGSEAFF
457,CASSLGGEAFF,CASSLGGELFF
458,CASSLGGEAFF,CASSGGGEAFF
459,CASSLGGEAFF,CASSLGGELFF
460,CASSLGGEAFF,CASSLGGEQFF
461,CASSLGGEAFF,CASSLGGAAFF
462,CASSEGGDTEAFF,CASSEGGSTEAFF
463,CASSFSGNTGELFF,CASSFSPNTGELFF
464,CASSVGGSTEAFF,CASSEGGSTEAFF
465,CASSVGGSTEAFF,CASSSGGSTEAFF
466,CASSVGGSTEAFF,CASSAGGSTEAFF
467,CASSVGGSTEAFF,CASSTGGSTEAFF
468,CASSVGGSTEAFF,CASSPGGSTEAFF
469,CASSVGSGSYEQYF,CASSVGSSYEQYF
470,CASSVGSGSYEQYF,CASSVGGSYEQYF
471,CASSVGSGSYEQYF,CASSVGSGRYEQYF
472,CASSPGTEAFF,CASSHGTEAFF
473,CASTGTDYNEQFF,CASSGTDYNEQFF
474,CASSVASSYEQYF,CASSVGSSYEQYF
475,CASSVGGGTYNEQFF,CASSVGGGYNEQFF
476,CASSLGQGWDEQYF,CASSLGQGNDEQYF
477,CASSVGGSEQYF,CASSVGGSYEQYF
478,CASSVGGSEQYF,CASSVGGSNEQYF
479,CASSLGAEQYF,CASSLGHEQYF
480,CASSLHSNTGELFF,CASSLNSNTGELFF
481,CASSVGGELFF,CASSGGGELFF
482,CASSVGGNEQFF,CASSVGGYNEQFF
483,CASSTGGELFF,CASSGGGELFF
484,CASSLAGASGYTF,CASSLGASGYTF
485,CASSVGDEQFF,CASSVGLDEQFF
486,CASSLAVYEQYF,CASSLGVYEQYF
487,CASSLAVYEQYF,CASSLAYEQYF
488,CASSLALEQYF,CASSLAYEQYF
489,CASSLAVYNEQFF,CASSLAGYNEQFF
490,CASSLPGDPYEQYF,CASSLPAGDPYEQYF
491,CASSLAGTDTQYF,CASSLALTDTQYF
492,CASSPGTEAFF,CASSPIGTEAFF
493,CASSGLGDNEQFF,CASSPLGDNEQFF
494,CASSPRDGPYEQYF,CASSPRDGSPYEQYF
495,CASSQGYEQYF,CASSLGYEQYF
496,CASSPGTTYEQYF,CASSPGTAYEQYF
497,CASSRGYEQYF,CASSLGYEQYF
498,CASSLRQGAYEQYF,CASSLRQAYEQYF
499,CASSVGNEQFF,CASSVRGNEQFF
500,CASSVGGNEQFF,CASSVRGNEQFF
501,CASSFISGYNEQFF,CASSFPSGYNEQFF
502,CASSEGSGYEQYF,CASSEGSYEQYF
503,CASSQESGRTYEQYF,CASSQERGRTYEQYF
504,CSVAETGELFF,CSVQETGELFF
505,CASSSPSSYNEQFF,CASSPSSYNEQFF
506,CASSVSGVSYNEQFF,CASSVSGISYNEQFF
507,CASSQGNEQFF,CASSQEGNEQFF
508,CASSQGNEQFF,CASSQVGNEQFF
509,CASSPLHNEQFF,CASSLLHNEQFF
510,CASSQAPGSYEQYF,CASSQAPGAYEQYF
511,CASSLGTEAFF,CASSLGVEAFF
512,CASSPAYEQYF,CASSPASYEQYF
513,CASSVGYEQYF,CASSVDGYEQYF
514,CASSLEGQQNTEAFF,CASSLEGQVNTEAFF
515,CASSLEVGQETQYF,CASSLEVGGETQYF
516,CASSLGATYEQYF,CASSLGQTYEQYF
517,CASSLGTEAFF,CASSSGTEAFF
518,CASSTGYEQYF,CASSTDGYEQYF
519,CASSFRRTNEKLFF,CASSFRATNEKLFF
520,CASSSPSSYNEQFF,CASSSPISYNEQFF
521,CASSPGTTYEQYF,CASSPGSTYEQYF
522,CASSEGTGLYEQYF,CASSEGTGRLYEQYF
523,CASSVAEEQFF,CASSVAREQFF
524,CASSVGGAEQYF,CASSVGGAYEQYF
525,CSARKISSYEQYF,CSARKRSSYEQYF
526,CASSVADEQFF,CASSVAREQFF
527,CASSESTGELFF,CASSVSTGELFF
528,CASSASGSSYNEQFF,CASSPSGSSYNEQFF
529,CASSASGSSYNEQFF,CASSASGDSYNEQFF
530,CASRLTRGYNEQFF,CASSLTRGYNEQFF
531,CASSVGGGADQPQHF,CASSVGGADQPQHF
532,CASSVANEQFF,CASSVAREQFF
533,CASSLGTEAFF,CASSRGTEAFF
534,CASSVAQEQFF,CASSVAREQFF
535,CASSVGAANTEAFF,CASGVGAANTEAFF
536,CASSAGSSYNEQFF,CASSASGSSYNEQFF
537,CASSPGAGELFF,CASSPAGELFF
538,CASSYGQGETQYF,CASSYGGETQYF
539,CASSPSGSGYEQYF,CASSPSGSYEQYF
540,CASSPRDGPYEQYF,CASSPRDLGPYEQYF
541,CSVVNTGELFF,CSVGNTGELFF
542,CASSLTNTEAFF,CASSLTVNTEAFF
543,CASSEGGDTEAFF,CASSEGGGTEAFF
544,CASSVGSGSYEQYF,CASSVGSGSSYEQYF
545,CASSLAGPDTQYF,CASSLAPDTQYF
546,CASSRGSGSYEQYF,CASSRGSGSSYEQYF
547,CASSYGQGETQYF,CASSYGNGETQYF
548,CASSVGGNEQFF,CASSVGWGNEQFF
549,CASSGLAGAGELFF,CASSGLAGTGELFF
550,CASSGLAGRYNEQFF,CASSGLAGTYNEQFF
551,CASSLGGLNTEAFF,CASSLGELNTEAFF
552,CATSDLQGITDTQYF,CATSDLQGETDTQYF
553,CASSVVGGGTEAFF,CASSVVGGDTEAFF
554,CASSIGGLYNEQFF,CASSIGMGLYNEQFF
555,CASSIGQGRNQPQHF,CASSIGQGHNQPQHF
556,CSVETGNTGELFF,CSVVTGNTGELFF
557,CASSIGGRTGELFF,CASSIGGYTGELFF
558,CASSEGGSYEQYF,CASSEGSYEQYF
559,CASSLGPSNEQFF,CASSLGSNEQFF
560,CASSYGTTEAFF,CASSFGTTEAFF
561,CASSYTYEQYF,CASSYIYEQYF
562,CASSQAGSGTGELFF,CASSQAGGTGELFF
563,CASSYRGSGTDTQYF,CASSYGSGTDTQYF
564,CASSLFTGELFF,CASSFTGELFF
565,CASSGYNEQFF,CASSLGYNEQFF
566,CASSGYNEQFF,CASSPGYNEQFF
567,CASSPPGYEQYF,CASSPSGYEQYF
568,CASSPPGYEQYF,CASSPQGYEQYF
569,CASSFGTAEAFF,CASSFGTTEAFF
570,CASSPGDTEAFF,CASSPQDTEAFF
571,CASSYLGGSTDTQYF,CASSYLGTSTDTQYF
572,CASSHSGVTYNEQFF,CASSHSGGTYNEQFF
573,CASSLVGTEAFF,CASSLVEGTEAFF
574,CASSFGTAEAFF,CASSFGGAEAFF
575,CASSPPRETQYF,CASSPPGETQYF
576,CASSVVGDPSYEQYF,CASSVGGDPSYEQYF
577,CASSVDGTGELFF,CASSVPGTGELFF
578,CASSVGGKNEQFF,CASSVGGYNEQFF
579,CASSVGASYEQYF,CASSVGSSYEQYF
580,CASSVGASYEQYF,CASSVGGASYEQYF
581,CASSVGASYEQYF,CASSVGGSYEQYF
582,CASSLEGGQPQHF,CASSLEGNQPQHF
583,CASSVGVYNEQFF,CASSVGGYNEQFF
584,CASSLGAEQYF,CASSLGGEQYF
585,CASSEGGSYEQYF,CASSEGISYEQYF
586,CASSQGGSEQYF,CASSLGGSEQYF
587,CASSLGTGYEQYF,CASSPGTGYEQYF
588,CASSLGLNTEAFF,CASSLGGNTEAFF
589,CASSYSVSYEQYF,CASSFSVSYEQYF
590,CASSFDSSYEQYF,CASSFGSSYEQYF
591,CASSFDSYEQYF,CASSFSYEQYF
592,CASSYPSYEQYF,CASSYSYEQYF
593,CASSPPGNEQFF,CASSPPSGNEQFF
594,CSAIRDFRYNEQFF,CSAIRDRYNEQFF
595,CASSLPGTYNEQFF,CASSLEGTYNEQFF
596,CASSLGQFSYEQYF,CASSLGQSYEQYF
597,CASSLGAEQYF,CASSLGYEQYF
598,CASSLAGNEQYF,CASSLAGNYEQYF
599,CASSLAGNEQYF,CASSLAGIEQYF
600,CASSLAGNEQYF,CASSLAGYEQYF
601,CASSLAGNEQYF,CASSLAGTEQYF
602,CASSLAGNEQYF,CASSLAGSEQYF
603,CASSLAGNEQYF,CASSLAGNEQFF
604,CASSLAGNEQYF,CASSLAGLEQYF
605,CASSLAGNEQYF,CASSLAGVEQYF
606,CSVRGTDYGYTF,CSVAGTDYGYTF
607,CASSYGAQQYF,CASSYGAEQYF
608,CASSLAGNEQYF,CASSLAGTEQYF
609,CASSYTRGYEQYF,CASSYERGYEQYF
610,CASSFITEAFF,CASSFETEAFF
611,CASSQDLSAYEQYF,CASSQDLTAYEQYF
612,CAISESWETQYF,CAISESSETQYF
613,CATSDLQGITDTQYF,CATSDLQGSTDTQYF
614,CASSFDSYEQYF,CASSFSYEQYF
615,CASSQERANTEAFF,CASSQEIANTEAFF
616,CASSEARGWYEQYF,CASSEARGYEQYF
617,CASSSGQSYEQYF,CASSSGQGYEQYF
618,CASSYGQGSPLHF,CASSYQGSPLHF
619,CASSGGNTEAFF,CASSGPNTEAFF
620,CASSYGGVQETQYF,CASSYGGGQETQYF
621,CASSLGGLNTEAFF,CASSLGTGLNTEAFF
622,CASSLSTGNTEAFF,CASSLGTGNTEAFF
623,CASSFGTAEAFF,CASSFGGAEAFF
624,CASSIGGLYNEQFF,CASSIGGSLYNEQFF
625,CSARGAGNTGELFF,CSARGAGMNTGELFF
626,CSARGGQNTGELFF,CSARGGQVNTGELFF
627,CASSLGVSYEQYF,CASSLGSYEQYF
628,CASSLAGYTDTQYF,CASSLLAGYTDTQYF
629,CASSPPRETQYF,CASSPPEETQYF
630,CASSVGGQGAYEQYF,CASSVGQGAYEQYF
631,CASSLGVSYEQYF,CASSLGGSYEQYF
632,CASSQLGEQFF,CASSFLGEQFF
633,CASSLEGGQPQHF,CASSLEGSGQPQHF
634,CASSPRDRVHEQYF,CASSPTDRVHEQYF
635,CASSTGQGSYEQYF,CASSTGQGTYEQYF
636,CASSPIDRVTEAFF,CASSPPDRVTEAFF
637,CASSIGGLYNEQFF,CASSITGGLYNEQFF
638,CASSLRRDEQFF,CASSLRVDEQFF
639,CASSPRDRVNEQYF,CASSPADRVNEQYF
640,CASSPVDRVNEQYF,CASSPADRVNEQYF
641,CASSPVDRVYEQYF,CASSPPDRVYEQYF
642,CASSGYNEQFF,CASSGYSNEQFF
643,CASSVGGKNEQFF,CASSVGGKVNEQFF
644,CASSVGGKNEQFF,CASSVGGKGEQFF
645,CASSPEASYEQYF,CASSPESSYEQYF
646,CATSDLQGITDTQYF,CATSDLQGYTDTQYF
647,CASSIGGLYNEQFF,CASSIGGYNEQFF
648,CASSPGQGTYEQYF,CASSPGGTYEQYF
649,CASSMGQGTYEQYF,CASSMGQGTTYEQYF
650,CASSMGQGTYEQYF,CASSMGQGTVYEQYF
651,CASSMGQGTYEQYF,CASSMGQGTSYEQYF
652,CASSLQLNTEAFF,CASSLQGNTEAFF
653,CASSLSTGNTIYF,CASSLSGNTIYF
654,CASSQGYGFYEQYF,CASSQGQGFYEQYF
655,CASSLGTGNTEAFF,CASSLGGNTEAFF
656,CASSLGGSYEQYF,CASSPLGGSYEQYF
657,CASSPSSYEQYF,CASSSSYEQYF
658,CASSLLGFSYNEQFF,CASSLLGQSYNEQFF
659,CASSLAGFYNEQFF,CASSLLAGFYNEQFF
660,CASSWNTEAFF,CASSWGTEAFF
661,CASSLTSGIYNEQFF,CASSLTSGPYNEQFF
662,CASSLTAGNTEAFF,CASSLTPGNTEAFF
663,CASSLTAGNTEAFF,CASSLTVGNTEAFF
664,CASSLAGSSYNEQFF,CASSLAGSYNEQFF
665,CASSLGSTDTQYF,CASSLGSDTQYF
666,CASSLAQGNTGELFF,CASSLGQGNTGELFF
667,CASSLGGGYEQYF,CASSLGGYEQYF
668,CASSSTGGLYNEQFF,CASSSTGGAYNEQFF
669,CASSPGVGNQPQHF,CASSPGVYGNQPQHF
670,CASSLGGGYEQYF,CASSLGGYEQYF
671,CASSLGVGTEAFF,CASSLGGTEAFF
672,CASSQGGQPQHF,CASSSGGQPQHF
673,CASGLAAYEQYF,CASGLLAYEQYF
674,CASSLGSGSYNEQFF,CASSLDSGSYNEQFF
675,CASSLSGQPQHF,CASSLIGQPQHF
676,CASSPGGQPQHF,CASSSGGQPQHF
677,CASSQVAGGETQYF,CASSQVAGGQETQYF
678,CASSLGGSYEQYF,CASSLGQSYEQYF
679,CASSLVSGELFF,CASSLVPGELFF
680,CASSFPGAEQYF,CASSFVGAEQYF
681,CASSWGQGVYNEQFF,CASSQGQGVYNEQFF
682,CASSQDPALNTEAFF,CASSQDPGLNTEAFF
683,CASSWGQTYEQYF,CASSSGQTYEQYF
684,CASSQDPGVNTEAFF,CASSQDPGLNTEAFF
685,CASSLAEGLNTEAFF,CASSLAGGLNTEAFF
686,CASSQDSGLNTEAFF,CASSQDPGLNTEAFF
687,CASSYTNTGELFF,CASSYSNTGELFF
688,CASSLARDTSYEQYF,CASSLARDSYEQYF
689,CASSPSSYEQYF,CASSTSSYEQYF
690,CASSPSSYEQYF,CASSPNSYEQYF
691,CASSLAPGGDTEAFF,CASSLATGGDTEAFF
692,CATSDRDSYEQYF,CATSDLDSYEQYF
693,CASSLQLNTEAFF,CASSLKLNTEAFF
694,CASSLGSGSYNEQFF,CASSLSSGSYNEQFF
695,CATSDLQGETDTQYF,CATSDLQGSTDTQYF
696,CASSPAGAYEQYF,CASSPGGAYEQYF
697,CASSLSLAGFNEQFF,CASSLSLAGYNEQFF
698,CASSPPGSEQFF,CASSPPGQEQFF
699,CASSSNTGELFF,CASSSVTGELFF
700,CATSDRDSYEQYF,CATSDRSSYEQYF
701,CASSIGGNQPQHF,CASSLGGNQPQHF
702,CASSLGIGYNEQFF,CASSLGGYNEQFF
703,CASSPDRANTEAFF,CASSPDRMNTEAFF
704,CASSLGLGYNEQFF,CASSLGGYNEQFF
705,CASSLGSGYNEQFF,CASSLGGYNEQFF
706,CASSWTGETEAFF,CASSWTGGTEAFF
707,CASSLGTGVEYEQYF,CASSLGTGVSYEQYF
708,CASSLGTGVEYEQYF,CASSLGTGVVYEQYF
709,CASSLGLYNEQFF,CASSLGGYNEQFF
710,CASSLGLYNEQFF,CASSLGPYNEQFF
711,CASSLGVGYNEQFF,CASSLGGYNEQFF
712,CASSLTGEAYEQYF,CASSLTEAYEQYF
713,CASSVVGGDTEAFF,CASSVVGGGTEAFF
714,CASSLGVGNQPQHF,CASSLGGNQPQHF
715,CASSLGGGYNEQFF,CASSLGGYNEQFF
716,CASSLDSNQPQHF,CASSLGSNQPQHF
717,CASSVGLSTDTQYF,CASSVGYSTDTQYF
718,CASSWGQTYEQYF,CASSLGQTYEQYF
719,CASSVGISTDTQYF,CASSVGYSTDTQYF
720,CASSSNTGELFF,CASSASNTGELFF
721,CASSLDSNQPQHF,CASSLGSNQPQHF
722,CASSLTSGIYNEQFF,CASSLTSGSYNEQFF
723,CASSFPDTQYF,CASSIPDTQYF
724,CASSLGSGSYNEQFF,CASSLTSGSYNEQFF
725,CASSLGGSYEQYF,CASSGGSYEQYF
726,CASSLGLYNEQFF,CASSLTGLYNEQFF
727,CASSLSPYTGELFF,CASSLSPSTGELFF
728,CASSLGLNEQFF,CASSLGENEQFF
729,CASSSNTGELFF,CASSPNTGELFF
730,CASSLDSNQPQHF,CASSLDHSNQPQHF
731,CASSLDSNQPQHF,CASSLSDSNQPQHF
732,CASSFGFGEQFF,CASSFGTGEQFF
733,CASSLGSGSYNEQFF,CASSLGSSYNEQFF
734,CASSLSLRETQYF,CASSLSWRETQYF
735,CASSLGSGYNEQFF,CASSLGSSYNEQFF
736,CASSLGGSYEQYF,CASSLGSSYEQYF
737,CASSLGGTDTQYF,CASSLGTDTQYF
738,CASSLGGTDTQYF,CASSLGHTDTQYF
739,CASSLHRDSYEQYF,CASSLHRDHYEQYF
740,CASSLHRDSYEQYF,CASSLSRDSYEQYF
741,CASSLHRDSYEQYF,CASSLHRDVSYEQYF
742,CASSPGGQPQHF,CASSPEGGQPQHF
743,CASSSNTGELFF,CASSSYTGELFF
744,CASSLGLTDTQYF,CASSLGTDTQYF
745,CASSLGLTDTQYF,CASSLGHTDTQYF
746,CASSLGLTDTQYF,CASSLFLTDTQYF
747,CASSSGTMNTEAFF,CASSSGMNTEAFF
748,CASSQENYSNQPQHF,CASSQERYSNQPQHF
749,CASSLGQGIGYTF,CASSLGQGSGYTF
750,CASSLTNTGELFF,CASSLTGNTGELFF
751,CASSLGGSYEQYF,CASSLIGGSYEQYF
752,CASSLTASSTDTQYF,CASSLLASSTDTQYF
753,CASSLGGTEQYF,CASSLGGEQYF
754,CASSLGVGTEAFF,CASSLSVGTEAFF
755,CASSLGVGTEAFF,CASSLGQGTEAFF
756,CASSYGQGETQYF,CASSYGGETQYF
757,CASSLDSNQPQHF,CASSLADSNQPQHF
758,CASSPTSDQETQYF,CASRPTSDQETQYF
759,CASSLSQGAYNEQFF,CASSLQGAYNEQFF
760,CASSYGQGETQYF,CASSYGNGETQYF
761,CASSLGSTDTQYF,CASSLAGSTDTQYF
762,CATSDLQGETDTQYF,CATSDLQGYTDTQYF
763,CASSLGGSYEQYF,CASSLLGSYEQYF
764,CASSQDRDSSYEQYF,CASSQDPDSSYEQYF
765,CASSLGLNEQFF,CASSRLGLNEQFF
766,CASSLTGTGNTEAFF,CASSLTGTGSTEAFF
767,CASSVANNSPLHF,CASSVARNSPLHF
768,CASSLGGSYEQYF,CASSFGGSYEQYF
769,CASSLTAGNTEAFF,CASSLTTGNTEAFF
770,CASSYFSGNTGELFF,CASSYTSGNTGELFF
771,CASSLGGTDTQYF,CASSLGGSDTQYF
772,CASSLHRDSYEQYF,CASSLHRDYEQYF
773,CASSLGLNEQFF,CASSLGGLNEQFF
774,CASSLGSTDTQYF,CASSLGVSTDTQYF
775,CASSLGTGDQPQHF,CASSLGGDQPQHF
776,CASNPGTGSYNEQFF,CASNPGTGSPNEQFF
777,CASSIGLGYTGELFF,CASSIGGYTGELFF
778,CASSIGQYTGELFF,CASSIGGYTGELFF
779,CASSIGQGAAGELFF,CASSIVQGAAGELFF
780,CASSLLGGDEQYF,CASSLLGGYEQYF
781,CASSIGAGILNEQFF,CASSIGAGINEQFF
782,CASSIGTGVTYEQYF,CASSIATGVTYEQYF
783,CSARDLQDSYEQYF,CSARDLQVSYEQYF
784,CASSPGGTYEQYF,CASSPGGYEQYF
785,CASSFGNTEAFF,CASSFGSTEAFF
786,CASSAGQGLTYEQYF,CASSAGQGITYEQYF
787,CASSAGQGTTYEQYF,CASSAGQGITYEQYF
788,CASSIRDSYEQYF,CASSIRSSYEQYF
789,CASSHGQGSYEQYF,CASSHGQGSSYEQYF
790,CASSLYSGANVLTF,CASSLYISGANVLTF
791,CASSTGQGIPDTQYF,CASSTGQGIADTQYF
792,CASSIGTGLAYEQYF,CASSIGRGLAYEQYF
793,CASSIGLGLAYEQYF,CASSIGRGLAYEQYF
794,CASSFTGDYEQYF,CASSFTGYEQYF
795,CASSIGAGLTYEQYF,CASSIGRGLTYEQYF
796,CASSPDSYEQYF,CASSFDSYEQYF
797,CASSIGQGLAYEQYF,CASSIGRGLAYEQYF
798,CASSSGAYEQYF,CASSSGQYEQYF
799,CASSSGAYEQYF,CASSSGFYEQYF
800,CASSIGAGLAYEQYF,CASSIGRGLAYEQYF
801,CASSTGLGLYNEQFF,CASSTGLGGYNEQFF
802,CASSIGVGLTYEQYF,CASSIGRGLTYEQYF
803,CASSIGSGLAYEQYF,CASSIGRGLAYEQYF
804,CASSIGRGTAYEQYF,CASSIGRGLAYEQYF
805,CASSIGTGTIYEQYF,CASSIGTGTSYEQYF
806,CASSIGTGQSYEQYF,CASSIGTGTSYEQYF
807,CSARDNLSYEQYF,CSARDLSYEQYF
808,CASSIGTGVTYEQYF,CASSIGTGVVYEQYF
809,CASSIGTGLVYEQYF,CASSIGTGVVYEQYF
810,CASSIGTGFSYEQYF,CASSIGTGTSYEQYF
811,CASSIGTGKSYEQYF,CASSIGTGTSYEQYF
812,CASSIGTGESYEQYF,CASSIGTGTSYEQYF
813,CASSIGRGTSYEQYF,CASSIGTGTSYEQYF
814,CASSVGTGVVYEQYF,CASSIGTGVVYEQYF
815,CASSIGTGVSYEQYF,CASSIGTGVVYEQYF
816,CASSIGTGVSYEQYF,CASSIGTGTSYEQYF
817,CASSRGTGTSYEQYF,CASSIGTGTSYEQYF
818,CASSIGQGVVYEQYF,CASSIGTGVVYEQYF
819,CASSIGTGWSYEQYF,CASSIGTGTSYEQYF
820,CASSIGAGVVYEQYF,CASSIGTGVVYEQYF
821,CASSIGTGISYEQYF,CASSIGTGTSYEQYF
822,CASSIGEGTSYEQYF,CASSIGTGTSYEQYF
823,CASSIGTGTAYEQYF,CASSIGTGTSYEQYF
824,CASSIGTGVAYEQYF,CASSIGTGVVYEQYF
825,CASSIGTGASYEQYF,CASSIGTGTSYEQYF
826,CASSIGQGTSYEQYF,CASSIGTGTSYEQYF
827,CASSPGTGTSYEQYF,CASSIGTGTSYEQYF
828,CASSIGTGVGYEQYF,CASSIGTGVVYEQYF
829,CASSTYNEQFF,CASSTNNEQFF
830,CASSAGQGTSYEQYF,CASSARQGTSYEQYF
831,CASSPDSYEQYF,CASSPDYEQYF
832,CASSPGTGRRYEQYF,CASSPGTGVRYEQYF
833,CASSEVGVDEQYF,CASSEGGVDEQYF
834,CASSIGAGVGTEAFF,CASSIEAGVGTEAFF
835,CASSQVRSYEQYF,CASSQVGRSYEQYF
836,CASSIGAGVHNEQFF,CASSIGAGVFNEQFF
837,CASSIGAGLGHEQFF,CASSIGAGLGNEQFF
838,CASSLGSSHEQYF,CASSLGSSYEQYF
839,CASSIGAGVRNEQFF,CASSIGAGVFNEQFF
840,CASSMGVGSSYEQYF,CASSMGVGSVYEQYF
841,CASSPGTGLSYEQYF,CASSPGTGSSYEQYF
842,CASSPGTGISYEQYF,CASSPGTGSSYEQYF
843,CASSPGTGQSYEQYF,CASSPGTGSSYEQYF
844,CASSPGTGTSYEQYF,CASSPGTGSSYEQYF
845,CASSIGVGQAYEQYF,CASSIGPGQAYEQYF
846,CASSIGTGQAYEQYF,CASSIGPGQAYEQYF
847,CASSLLANTEAFF,CASSLLQNTEAFF
848,CASSIGTGLAYEQYF,CASSIGTGEAYEQYF
849,CSVTGTSTDTQYF,CSGTGTSTDTQYF
850,CASSIGTGNAYEQYF,CASSIGTGEAYEQYF
851,CASSIGTGFAYEQYF,CASSIGTGEAYEQYF
852,CASSIGTGESYEQYF,CASSIGTGEAYEQYF
853,CASSIGTGAAYEQYF,CASSIGTGEAYEQYF
854,CASSIGTGQAYEQYF,CASSIGTGEAYEQYF
855,CASSPDSYEQYF,CASSLDSYEQYF
856,CASSVGTGEAYEQYF,CASSIGTGEAYEQYF
857,CASSIGTGGAYEQYF,CASSIGTGEAYEQYF
858,CASSIGTGDAYEQYF,CASSIGTGEAYEQYF
859,CASSIGTGTAYEQYF,CASSIGTGEAYEQYF
860,CASSIGTGVAYEQYF,CASSIGTGEAYEQYF
861,CASSIGTGIAYEQYF,CASSIGTGEAYEQYF
862,CASSIGSGEAYEQYF,CASSIGTGEAYEQYF
863,CASSIGAGVGTEAFF,CASSIGAGVTEAFF
864,CASSYSHEQYF,CASSYSYEQYF
865,CASSLDAYEQYF,CASSLQAYEQYF
866,CASSPTGNEQYF,CASSFTGNEQYF
867,CASSFTGASTDTQYF,CASSFTGAVTDTQYF
868,CASSFTGASTDTQYF,CASSRTGASTDTQYF
869,CASSFTGASTDTQYF,CASSATGASTDTQYF
870,CASSFTGASTDTQYF,CASSPTGASTDTQYF
871,CASSFTGASTDTQYF,CASSFTGANTDTQYF
872,CASSLGYEQYF,CASSVGYEQYF
873,CASHSSGYNEQFF,CASSSGYNEQFF
874,CASSFTGFEQYF,CASSFTGNEQYF
875,CASSISSEQYF,CASSISYEQYF
876,CASSFSGVEQYF,CASSFGGVEQYF
877,CASSFSTEAFF,CASSFSGTEAFF
878,CASSWGTEAFF,CASSWGNTEAFF
879,CASSWTGNEQYF,CASSFTGNEQYF
880,CASSSSGSSADTQYF,CASSSSGSSGDTQYF
881,CASSISYEQYF,CASSYSYEQYF
882,CASSFSGYEQFF,CASSFSGTEQFF
883,CASSEGGDTQYF,CASSFGGDTQYF
884,CASSYSAYEQYF,CASSYSYEQYF
885,CASSFSYEQYF,CASSISYEQYF
886,CASSFSYEQYF,CASSYSYEQYF
887,CASSLSGAGTDTQYF,CASSLSGASTDTQYF
888,CASSNSGGSTDTQYF,CASSFSGGSTDTQYF
889,CASSLSYEQFF,CASSHSYEQFF
890,CASSLTGAVTDTQYF,CASSFTGAVTDTQYF
891,CASSLTGAVTDTQYF,CASSLTGATTDTQYF
892,CASSLTGAVTDTQYF,CASSLTGAETDTQYF
893,CASSLTGAVTDTQYF,CASSRTGAVTDTQYF
894,CASSFGSTEAFF,CASSFGNTEAFF
895,CASSLSGGSTDTQYF,CASSLTGGSTDTQYF
896,CASSLSGGSTDTQYF,CASSLSGGSADTQYF
897,CASSLSGGSTDTQYF,CASSLSGASTDTQYF
898,CASSLSGGSTDTQYF,CASSFSGGSTDTQYF
899,CASSFGTTEAFF,CASSFGNTEAFF
900,CASSFATEAFF,CASSFANTEAFF
901,CASSFSGHEQFF,CASSFGGHEQFF
902,CASSFSGHEQFF,CASSFSGTEQFF
903,CASSLSGAVTDTQYF,CASSLSGASTDTQYF
904,CASSYGGVGYTF,CASSYGGYGYTF
905,CASSFSGGNEQFF,CASSFGGNEQFF
906,CASSYSYEQYF,CASSISYEQYF
907,CASSYPGGYGYTF,CASSYGGYGYTF
908,CASSPSGGGEQYF,CASSPSGGYEQYF
909,CASSSSGASTDTQYF,CASSLSGASTDTQYF
910,CASSSSGASTDTQYF,CASSTSGASTDTQYF
911,CASSLAGDNEQFF,CASSPAGDNEQFF
912,CASSWTGASTDTQYF,CASSRTGASTDTQYF
913,CASSWTGASTDTQYF,CASSWTGISTDTQYF
914,CASSWTGASTDTQYF,CASSATGASTDTQYF
915,CASSWTGASTDTQYF,CASSPTGASTDTQYF
916,CASSLTGNEQYF,CASSFTGNEQYF
917,CASSFTGYEQYF,CASSFTGNEQYF
918,CASSFGGTEAFF,CASSFGGAEAFF
919,CASSFGGTEAFF,CASSFGGVEAFF
920,CASSFGGTEAFF,CASSFGNTEAFF
921,CASSFGGTEAFF,CASSFSGTEAFF
922,CASSFGGTEAFF,CASSFGGGTEAFF
923,CASSLYNEQFF,CASSLYDEQFF
924,CASSPGGWQTQYF,CASSPGGWETQYF
925,CASSPDYNEQFF,CASSPDSYNEQFF
926,CASSSGGTEAFF,CASSYSGGTEAFF
927,CASSPTGYEQFF,CASSPTGNEQFF
928,CASSPTGNEQYF,CASSPTGNEQFF
929,CASSLGGEQFF,CASSLGGDEQFF
930,CASSLGGEQFF,CASSLGGELFF
931,CASSLAGAEQYF,CASSLGGAEQYF
932,CASSPTGSEQFF,CASSPTGNEQFF
933,CASSSTGNEQFF,CASSPTGNEQFF
934,CASSLLGEAFF,CASSLLGGEAFF
935,CASSQVGETQYF,CASSQTVGETQYF
936,CASSLGLGNEQFF,CASSLGGNEQFF
937,CASSLVPNEQFF,CASSLGPNEQFF
938,CASSLVPNEQFF,CASSLVLNEQFF
939,CASSSTGYEQYF,CASSSDGYEQYF
940,CASSYSHEQYF,CASSYTHEQYF
941,CASSLVGPTEAFF,CASSLVGNTEAFF
942,CASSLGGDEQYF,CASSLGGHEQYF
943,CASSWGGELFF,CASSFGGELFF
944,CASSQGGFEAFF,CASSQGGTEAFF
945,CASSEGSYEQYF,CASSEGISYEQYF
946,CSAPDYNEQFF,CSARDYNEQFF
947,CASSPQGYEQYF,CASSPQGDEQYF
948,CASSQVGETQYF,CASSQEGETQYF
949,CASSRDGYEQYF,CASSPDGYEQYF
950,CASSFQGNTEAFF,CASSFQGTEAFF
951,CASGLGTEAFF,CASSLGTEAFF
952,CASSLGTEAFF,CASSLMGTEAFF
953,CASSPTGGLTDTQYF,CASSPTGGTDTQYF
954,CASSAQGNSPLHF,CASSVQGNSPLHF
955,CASSLSGNTIYF,CASSFSGNTIYF
956,CASSFAGVEQFF,CASSLAGVEQFF
957,CASSSSGNTIYF,CASSFSGNTIYF
958,CASSLDGETQYF,CASSLDLETQYF
959,CASSYGFEQYF,CASSYGAEQYF
960,CASSLVGEQFF,CASSLGVGEQFF
961,CASSLYNEQFF,CASSLVNEQFF
962,CASSLYNEQFF,CASSSYNEQFF
963,CASSLSSEQYF,CASSLSPEQYF
964,CASSLSGELFF,CASSLGGELFF
965,CASSAQGGGYTF,CASSQGGGYTF
966,CASSATDTQYF,CASSFTDTQYF
967,CASSLGGEQFF,CASSLGDEQFF
968,CASSFSDTQYF,CASSFTDTQYF
969,CASSLLGETQYF,CASLLGETQYF
970,CASSLQGNTEAFF,CASSLGQGNTEAFF
971,CASSEGGDTQYF,CASSFGGDTQYF
972,CASSLYLGYEQYF,CASSLSLGYEQYF
973,CASSFSYEQYF,CASSFDSYEQYF
974,CASSHTGELFF,CASSHTPGELFF
975,CASSLGETQYF,CASLLGETQYF
976,CASSLGETQYF,CASSLGVETQYF
977,CASSLGETQYF,CASSLGQETQYF
978,CASSFLTDNEQFF,CASSFLSDNEQFF
979,CASSQEAGSYEQYF,CASSQEAGSSYEQYF
980,CASSLSGHEQFF,CASSLGHEQFF
981,CASSYGGYGYTF,CASSYGGSYGYTF
982,CASSYGGYGYTF,CASSYGGGYGYTF
983,CASSYPGGYGYTF,CASSYGGGYGYTF
984,CASSPTDTQYF,CASSFTDTQYF
985,CASSFGSYEQYF,CASSFDSYEQYF
986,CASSYDNEQFF,CASSGDNEQFF
987,CSVDRDTEAFF,CSVDRNTEAFF
988,CASSLQGNTEAFF,CASSLWQGNTEAFF
989,CASSFSPGGLFF,CASSFSPGELFF
990,CASSLSGTQYF,CASSSSGTQYF
991,CASSFPGDTQYF,CASSFPPDTQYF
992,CASSLGEKLFF,CASSLGGEKLFF
993,CASSLTGEKLFF,CASSLGGEKLFF
994,CASSLAGEKLFF,CASSLGGEKLFF
995,CASSSATEAFF,CASSSGTEAFF
996,CASSWGTEAFF,CASSSGTEAFF
997,CASSLAGPSTDTQYF,CASSLAGESTDTQYF
998,CASSYGGDTQYF,CASSYVGGDTQYF
999,CASTPPNEKLFF,CASRPPNEKLFF
1000,CASSAVNTGELFF,CASSASNTGELFF
1001,CASSQVGETQYF,CASSQGVGETQYF
1002,CASSYAGETQYF,CASSYAETQYF
1003,CASSQGGETQYF,CASSLQGGETQYF
1004,CASSLGSNEQFF,CASSLDSNEQFF
1005,CASSFGGTEAFF,CASSSGGTEAFF
1006,CASSFGGTEAFF,CASSFGGAEAFF
1007,CASSEGTPLHF,CASSEGSPLHF
1008,CASSPQGNTEAFF,CASSPEGNTEAFF
1009,CASSLGYEQYF,CASSDLGYEQYF
1010,CASSWGTEAFF,CASSRGTEAFF
1011,CASSAGLAGDYEQYF,CASSAGLAGGYEQYF
1012,CSARTSGGEQYF,CSARTSGGVEQYF
1013,CASSLYGPEQYF,CASSLGGPEQYF
1014,CASSVGDTYEQYF,CASSVGHTYEQYF
1015,CASSLTGFEQYF,CASSLLGFEQYF
1016,CASSPTDTQYF,CASSPRTDTQYF
1017,CASSPTDTQYF,CASSPSTDTQYF
1018,CASSLGSNEQFF,CASSLGNEQFF
1019,CASSPTGLEQYF,CASSTGLEQYF
1020,CASSYSHEQYF,CASSFSHEQYF
1021,CASSYGGNQPQHF,CASSYVGGNQPQHF
1022,CASSLAGAEQYF,CASSLAGAGEQYF
1023,CASSLGYEQYF,CASSLGGEQYF
1024,CASSFSVEQYF,CASSFSHEQYF
1025,CASSYGGTEQYF,CASSYGGTQYF
1026,CASSYGGDTQYF,CASSYGGTQYF
1027,CASSYGGDTQYF,CASSYGGETQYF
1028,CASSFSYEQYF,CASSFSHEQYF
1029,CASSQGGETQYF,CASSYGGETQYF
1030,CASSSTGNEQFF,CASSTTGNEQFF
1031,CASSFSGEQYF,CASSFSHEQYF
1032,CASSYAGETQYF,CASSYGGETQYF
1033,CASSLTGNEQYF,CASSLSGNEQYF
1034,CASSLDGYEQFF,CASSLDGNEQFF
1035,CASSPGQGGEKLFF,CASSSPGQGGEKLFF
1036,CASSQSYEQYF,CASSQGYEQYF
1037,CASSQSYEQYF,CASSQVSYEQYF
1038,CASSLGGEQFF,CASSLGGREQFF
1039,CASSLVYEQYF,CASSLVSYEQYF
1040,CASSYSETQYF,CASSYSQETQYF
1041,CSATVGTGELFF,CSATPGTGELFF
1042,CASSMGNQPQHF,CASSMTGNQPQHF
1043,CASSLAGDEQFF,CASSLAADEQFF
1044,CSVEAGDGYEQYF,CSVEAGVGYEQYF
1045,CASSLDAYEQYF,CASSLDSYEQYF
1046,CSATAGTSGSYEQYF,CSATAGTSGAYEQYF
1047,CASSFSGVEQYF,CASSFGGVEQYF
1048,CASSLAGLEQFF,CASSLAGNEQFF
1049,CASSLAGPSTDTQYF,CASSLAGSTDTQYF
1050,CASSQAGETQYF,CASSQGGETQYF
1051,CATSNTGELFF,CASTSNTGELFF
1052,CASSLAGNQFF,CASSLAGNEQFF
1053,CASSLSGYGYTF,CASSLSRYGYTF
1054,CASTGGFSYEQYF,CASTPGGFSYEQYF
1055,CSVESGTYEQYF,CSVEGGTYEQYF
1056,CASSLGYEQYF,CASSLGLEQYF
1057,CASSYGSYEQYF,CASSYSGSYEQYF
1058,CASSYGGDTQYF,CASSYTGGDTQYF
1059,CASSDTYEQYF,CASSDNYEQYF
1060,CATSDFGGNTGELFF,CATSDLGGNTGELFF
1061,CASSLLAGFYNEQFF,CASSLLAGGYNEQFF
1062,CASSLLAGIYNEQFF,CASSLLAGGYNEQFF
1063,CASSLLGYEQYF,CASSLGGYEQYF
1064,CASSFGGYEQFF,CASSFGGGEQFF
1065,CASSLTGPYEQYF,CASSLVGPYEQYF
1066,CASSLVGPTEAFF,CASSLVGNTEAFF
1067,CASSFGQGSYEQYF,CASSFGQGAYEQYF
1068,CASSPSGGYEQYF,CASSPTGGYEQYF
1069,CASSLEGDIQYF,CASSLEGDTQYF
1070,CASSQAGGELFF,CASSQATGELFF
1071,CASSWGTEAFF,CASSWNTEAFF
1072,CASSFGSYEQYF,CASSWGSYEQYF
1073,CASSFGSYEQYF,CASSFGVSYEQYF
1074,CASSQGYEQYF,CASSLGYEQYF
1075,CASSPLTGYEQYF,CASSPTGYEQYF
1076,CASSQSYEQYF,CASSQGYEQYF
1077,CASSLDSYEQYF,CASSLSYEQYF
1078,CASSQEEGETQYF,CASSQEGETQYF
1079,CASSQGYEQYF,CASSQDYEQYF
1080,CASSLVGSNEQFF,CASSLGSNEQFF
1081,CASSIVGTDYEQYF,CASSIVGTSYEQYF
1082,CASSLGQGYEQYF,CASSLGQSYEQYF
1083,CASSQDPGSYEQYF,CASSQDPGSLYEQYF
1084,CASSSPDSYEQYF,CASSSGDSYEQYF
1085,CASSFGGNEQFF,CASSFGINEQFF
1086,CASSLEAGAYEQYF,CASSLAGAYEQYF
1087,CASSLGGAEAFF,CASSLGGATEAFF
1088,CAISNSYEQYF,CAISESYEQYF
1089,CASSLQGTSTDTQYF,CASSLQGGSTDTQYF
1090,CASSSSYEQYF,CASSTSSYEQYF
1091,CASSSSYEQYF,CASFSSSYEQYF
1092,CASSPNVYEQYF,CASSPNSYEQYF
1093,CASSLLGGYEQYF,CASSLLSGYEQYF
1094,CASSVGYEQYF,CASSLGYEQYF
1095,CASSDTYEQYF,CASSDTDYEQYF
1096,CSARDELAGVDEQFF,CSARDLLAGVDEQFF
1097,CASSWGQYEQYF,CASSWGQLYEQYF
1098,CASSSGGPETQYF,CASSSTGPETQYF
1099,CASSLQAYEQYF,CASSLGQAYEQYF
1100,CASSLLQAGNTIYF,CASSLLGAGNTIYF
1101,CASSLGQGYEQYF,CASSSGQGYEQYF
1102,CASSLLSGSEQYF,CASSLLSGYEQYF
1103,CASSLSGGGYGYTF,CASSLSGGNYGYTF
1104,CASSWTGPGELFF,CASSLTGPGELFF
1105,CASSYGGYGYTF,CASSYGGSYGYTF
1106,CASSYGGYGYTF,CASSYGGGYGYTF
1107,CASSSGYNEQFF,CASSSYNEQFF
1108,CASSFGNLEQYF,CASSFGLEQYF
1109,CASSWGNTEAFF,CASSPGNTEAFF
1110,CASSLTGPYEQYF,CASSLTGSYEQYF
1111,CASSFGNTEAFF,CASSPGNTEAFF
1112,CASSLLAGGYNEQFF,CASSLLAGGRNEQFF
1113,CASSLLAGGYNEQFF,CASSLLAGTYNEQFF
1114,CASSSSGSSGDTQYF,CASSSSGTSGDTQYF
1115,CASSWTEGTEAFF,CASSWTGGTEAFF
1116,CASSLLAGFYNEQFF,CASSLLAGTYNEQFF
1117,CASSLAGVDGYTF,CASSLAGEDGYTF
1118,CASSTGNTEAFF,CASSPGNTEAFF
1119,CASSLLAGIYNEQFF,CASSLLAGTYNEQFF
1120,CASSLAGGIHNEQFF,CASSLAGGIYNEQFF
1121,CASSFTGNEQYF,CASSFPGNEQYF
1122,CASSYGQLNTEAFF,CASSYGGQLNTEAFF
1123,CASSSTGGAPDTQYF,CASSSTGGADTQYF
1124,CASSLSWYYEQYF,CASSLSPYYEQYF
1125,CASSLGGAEAFF,CASSFGGAEAFF
1126,CASSQDPGSYEQYF,CASSQDPGLSYEQYF
1127,CASSWGNTEAFF,CASSWTGNTEAFF
1128,CASSFGGVEAFF,CASSFGGAEAFF
1129,CASSLTGGSTDTQYF,CASSLTGGSDTQYF
1130,CASSFSGTEAFF,CASSSGTEAFF
1131,CASSLGQGYEQYF,CASSLGQTYEQYF
1132,CASSRTGGSADTQYF,CASSRTGGADTQYF
1133,CASSTGNTEAFF,CASSWTGNTEAFF
1134,CASSLSSIYEQYF,CASSLSAIYEQYF
1135,CASSLGTGGQETQYF,CASSLGTGQETQYF
1136,CASSFTGNEQYF,CASSFVGNEQYF
1137,CASSIVGNTGELFF,CASSIVNTGELFF
1138,CASSPRGPETQYF,CASSPRGGPETQYF
1139,CASSLSGPYEQYF,CASSLQGPYEQYF
1140,CASSLSGATYNEQFF,CASSLSGTYNEQFF
1141,CASSQAGGELFF,CASSQYGGELFF
1142,CASSSAGGGTDTQYF,CASSSGGGTDTQYF
1143,CASSLGQGYEQYF,CASSLGQYYEQYF
1144,CASSLTSGSPLHF,CASSLTGGSPLHF
1145,CASSFGGAEAFF,CASSFMGGAEAFF
1146,CASSFGGNEQFF,CASSFLGNEQFF
1147,CASSLGYEQYF,CASSDLGYEQYF
1148,CASSLGGNTEAFF,CASSEGGNTEAFF
1149,CASSFGNTEAFF,CASSFPGNTEAFF
1150,CASSLIQGSYEQYF,CASSLIGGSYEQYF
1151,CASSLEDYNEQFF,CASSLEPYNEQFF
1152,CASSSSYEQYF,CASSSGSYEQYF
1153,CASSFFGNTEAFF,CASSFPGNTEAFF
1154,CASSLGYEQYF,CASSLGGEQYF
1155,CASSQGYEQYF,CASSPQGYEQYF
1156,CASSMTDTGELFF,CASSMTTGELFF
1157,CASSQDPGSYEQYF,CASSQDGGSYEQYF
1158,CASSSTGTSTDTQYF,CASSSTGTSADTQYF
1159,CASSLLATSNQPQHF,CASSLLATVNQPQHF
1160,CASSQDQGYEQYF,CASSQDHGYEQYF
1161,CASSLTGVQETQYF,CASSLTGSQETQYF
1162,CSVRTVSTDTQYF,CSVVTVSTDTQYF
1163,CASSQETGMNTEAFF,CASSQETGVNTEAFF
1164,CASSSTGTSSDTQYF,CASSSTGTSADTQYF
1165,CASSFGGTEQYF,CASSFGGVEQYF
1166,CASSQEEGETQYF,CASSQEEGEETQYF
1167,CASSFTDTGELFF,CASSLTDTGELFF
1168,CAISESYEQYF,CAISESDEQYF
1169,CASSYGPSNQPQHF,CASSYGSNQPQHF
1170,CASSFGQGYEQYF,CASKFGQGYEQYF
1171,CASSLGQGAYEQYF,CASSQLGQGAYEQYF
1172,CASSLSGGGYGYTF,CASSLSGGGNYGYTF
1173,CASSLGYEQYF,CASSLGLEQYF
1174,CASSLGATEAFF,CASSLGANEAFF
1175,CASSLNGDTQYF,CASSLGGDTQYF
1176,CASSLGDGYTF,CASSLGGDGYTF
1177,CASSLEGNEQYF,CASSLGGNEQYF
1178,CSARDSSGVGETQYF,CSARDSGGVGETQYF
1179,CATSDDYEQYF,CATSDTYEQYF
1180,CASSLSGGTEAFF,CASSLGGTEAFF
1181,CASSLGFHEQYF,CASSLGGHEQYF
1182,CASSLNQGAYEQYF,CASSLGQGAYEQYF
1183,CASSLSAYNEQFF,CASSLASAYNEQFF
1184,CASSLLNTEAFF,CASSLANTEAFF
1185,CASSLGGSPYEQYF,CASSLGGAPYEQYF
1186,CASSLGGSPYEQYF,CASSLGGSHYEQYF
1187,CASSLGGSPYEQYF,CASSLGGSAYEQYF
1188,CASSQGNHQPQHF,CASSQGNQPQHF
1189,CASSFGSTYEQYF,CASSFGSSYEQYF
1190,CASSLAGSYNEQFF,CASSLATSYNEQFF
1191,CASSLEGYNEQFF,CASSLPGYNEQFF
1192,CASSLLNTEAFF,CASSLRNTEAFF
1193,CASSPSSYEQYF,CASSPSAYEQYF
1194,CSARDRDSAYEQYF,CSARDRTSAYEQYF
1195,CASSDSYEQYF,CASSDPYEQYF
1196,CATSDLFTDTQYF,CATSDLATDTQYF
1197,CATSDLFTDTQYF,CATSDLVTDTQYF
1198,CASSLSAGGYEQYF,CASSLSASGYEQYF
1199,CASSIAAGPTDTQYF,CASSIGAGPTDTQYF
1200,CASSLNGDTQYF,CASSLGDTQYF
1201,CASSPTGANYGYTF,CASSPTGTANYGYTF
1202,CASSGGGSGNTIYF,CASSPGGSGNTIYF
1203,CASSIWTDTQYF,CASSIWGDTQYF
1204,CASSIAPTSNQPQHF,CASSIAPLSNQPQHF
1205,CASSLYNEQFF,CASSLVNEQFF
1206,CASSLYNEQFF,CASSSYNEQFF
1207,CSVEGAYTGELFF,CSVEGGYTGELFF
1208,CASSIGGANTEAFF,CASSIGGAVTEAFF
1209,CASSLWGPGNEQFF,CASSLLGPGNEQFF
1210,CASSDSYEQYF,CASSDTYEQYF
1211,CASSLLAGGYNEQFF,CASSLLAGGRNEQFF
1212,CASSLLAGGYNEQFF,CASSLLAGTYNEQFF
1213,CASSDGETQYF,CASSDLGETQYF
1214,CASSPGGGAEAFF,CASSPLGGAEAFF
1215,CASSLNGDTQYF,CASSLTGDTQYF
1216,CASSPWDMSYEQYF,CASSPWDSSYEQYF
1217,CASSPSSYEQYF,CASSSSYEQYF
1218,CASSLSPGGYEQYF,CASSSPGGYEQYF
1219,CASSHTGEQYF,CASSHTGIEQYF
1220,CASSSPSGNEQFF,CASSPSGNEQFF
1221,CASSFTGNTEAFF,CASSTGNTEAFF
1222,CASSQGSTGELFF,CASSQDSTGELFF
1223,CASSLGETYEQYF,CASSLGATYEQYF
1224,CASSQTGGSTDTQYF,CASSQTGSTDTQYF
1225,CASSYSGGTEAFF,CASSYRGGTEAFF
1226,CASSLSAGGYEQYF,CASSLSAGFYEQYF
1227,CASSLNGDTQYF,CASSLGGDTQYF
1228,CASSYRGFTEAFF,CASSYRGGTEAFF
1229,CASSLAGGLDEQFF,CASSLAGGQDEQFF
1230,CASSSSYEQYF,CASSDSSYEQYF
1231,CASSLTSGPYNEQFF,CASSLTSGSYNEQFF
1232,CSVEGEGTYEQYF,CSVEGYGTYEQYF
1233,CASSLGQTYEQYF,CASSLGQSYEQYF
1234,CASSPGGVTEAFF,CASSPGGVITEAFF
1235,CASSLNYNEQFF,CASSLNNNEQFF
1236,CASSLSAGRTDTQYF,CASSLSTGRTDTQYF
1237,CASSGRDSYEQYF,CASSGLDSYEQYF
1238,CASSPPGETQYF,CASSPPEETQYF
1239,CASSMAGSSYNEQFF,CASMAGSSYNEQFF
1240,CASSIAGGPGNEQFF,CASSIAGGVGNEQFF
1241,CASSIAGGPGNEQFF,CASSIAGGLGNEQFF
1242,CASSSPSGNEQFF,CASSSASGNEQFF
1243,CSARDPGGAYEQYF,CSARDPTGAYEQYF
1244,CSVERPNSYEQYF,CSVGRPNSYEQYF
1245,CASTRDSSSYNEQFF,CASSRDSSSYNEQFF
1246,CASSYPGGPYNEQFF,CASSYGGGPYNEQFF
1247,CSAREQNTGELFF,CSAREQTNTGELFF
1248,CASSYSGGTEAFF,CASSYSGGTSEAFF
1249,CASSPDPTDTQYF,CASSPNPTDTQYF
1250,CSARGSSSYEQYF,CSARGTSSYEQYF
1251,CASSPSSYEQYF,CASSPSGSYEQYF
1252,CSAREQGTNTGELFF,CSAREQTNTGELFF
1253,CASSLQGNTEAFF,CASSLLQGNTEAFF
1254,CASSLGQTYEQYF,CASSLGGTYEQYF
1255,CASSRGNNEQFF,CASSRVNNEQFF
1256,CASSISGSAYNEQFF,CASSISGSGYNEQFF
1257,CASSISGSAYNEQFF,CASSISGAAYNEQFF
1258,CASSISGGAYNEQFF,CASSISGAAYNEQFF
1259,CASSYSGSYNEQFF,CASSYSGSGYNEQFF
1260,CASSYSGSYNEQFF,CASSYSGSSYNEQFF
1261,CASSPTSGGANEQFF,CASSPTSGGYNEQFF
1262,CASSLQGNTEAFF,CASSLQGMNTEAFF
1263,CASSLQGNTEAFF,CASSLQGLNTEAFF
1264,CASSLAGGETQYF,CASSLMGGETQYF
1265,CASSDSYEQYF,CASSIDSYEQYF
1266,CASSQGQGNQPQHF,CASSQGQGNYQPQHF
1267,CSVAESNYGYTF,CSVASNYGYTF
1268,CASSLTPGNTEAFF,CASSLTTGNTEAFF
1269,CSVEGEGTYEQYF,CSVEGGTYEQYF
1270,CASSIGGANTEAFF,CASSIQGANTEAFF
1271,CSVMGGYEQYF,CSVEGGYEQYF
1272,CASSLTVGNTEAFF,CASSLTTGNTEAFF
1273,CASSLTVGNTEAFF,CASSLTVNTEAFF
1274,CASSYSGSYNEQFF,CASSYSASYNEQFF
1275,CASSLGGGYTF,CASSLGGGGYTF
1276,CASSQDLGTQYF,CASSQDYGTQYF
1277,CASSLGGYEQYF,CASSLGSYEQYF
1278,CASSLGGAEQYF,CASSLGGYEQYF
1279,CASSLGSNTEAFF,CASSLSNTEAFF
1280,CASSHGTEAFF,CASSHGGTEAFF
1281,CASSLGSDTQYF,CASSLGGDTQYF
1282,CASSHPGGTEAFF,CASSHGGTEAFF
1283,CSARDIANYGYTF,CSARDSANYGYTF
1284,CASSLGSEKLFF,CASSLGEKLFF
1285,CASSLGGYEQYF,CASSLGSGYEQYF
1286,CASSLGGYEQYF,CASSLGSYEQYF
1287,CASSLGGGELFF,CASSLGFGELFF
1288,CASSQDWGGNEQFF,CASSQDWGGYNEQFF
1289,CASSLGGEQYF,CASSLGYEQYF
1290,CASSVGGASYEQYF,CASSVGGRSYEQYF
1291,CASSVGGSYEQYF,CASSVGGRSYEQYF
1292,CASSVGGTGTGELFF,CASSVGGGTGELFF
1293,CASSQLGQPQHF,CASSQDGQPQHF
1294,CASSLGEGYTF,CASSLGDGYTF
1295,CASSVGGDRSYEQYF,CASSVGGRSYEQYF
1296,CASSLGGEAFF,CASSLWGEAFF
1297,CASSLGGEQFF,CASSLGAEQFF
1298,CASSEGDGYTF,CASSLGDGYTF
1299,CASSLGAEQYF,CASSLGYEQYF
1300,CASSQGAEAFF,CASSQGKEAFF
1301,CASSPGGSEQYF,CASSPGSEQYF
1302,CASSLGGELFF,CASSLGGVELFF
1303,CASSPLAGGTGELFF,CASSPLAGGSGELFF
1304,CASSLGSEAFF,CASSLAGSEAFF
1305,CASSLGGELFF,CASSLGGVELFF
1306,CASSLGGELFF,CASSLGGVELFF
1307,CASSYRTGGGGYTF,CASSYFTGGGGYTF
1308,CASSTGSYEQYF,CASSEGSYEQYF
1309,CASSPPSYNEQFF,CASSPSSYNEQFF
1310,CASSGGSYEQYF,CASSEGSYEQYF
1311,CASSSGAANTGELFF,CASSSGANTGELFF
1312,CASSLGSDTQYF,CASSLGDTQYF
1313,CASSLGGDTQYF,CASSLGDTQYF
1314,CASSLGGELFF,CASSLGVGELFF
1315,CASSLGGEQYF,CASSLLGEQYF
1316,CASSLGGELFF,CASSLGVGELFF
1317,CASSLGGDEQFF,CASSLGDEQFF
1318,CASSLGPDEQFF,CASSLGDEQFF
1319,CASSLGGELFF,CASSLGVGELFF
1320,CASSSSGANVLTF,CASSSPGANVLTF
1321,CSVGQGFGNTIYF,CSVGGGFGNTIYF
1322,CASSPTGNEQFF,CASSPSGNEQFF
1323,CASSPTGNEQFF,CASSPEGNEQFF
1324,CASSLGGDTQYF,CASSLTGDTQYF
1325,CASSQTVGETQYF,CASSQGVGETQYF
1326,CASSQDWGYNEQFF,CASSQDTGYNEQFF
1327,CASSLGSDTQYF,CASSLGGDTQYF
1328,CASSVGGSYNEQFF,CASSGGGSYNEQFF
1329,CASSVGGASYEQYF,CASSVGGAYEQYF
1330,CASSLVGDTQYF,CASSLEGDTQYF
1331,CASSFLYNEQFF,CASSFLGNEQFF
1332,CASSVGGSYEQYF,CASSVGGAYEQYF
1333,CASSLGGSEQYF,CASSLGGPEQYF
1334,CASSLGGPEQFF,CASSLGGPEQYF
1335,CASSVGGDYEQYF,CASSVGGAYEQYF
1336,CASSGGSYEQYF,CASSGGNSYEQYF
1337,CASSVPGTGELFF,CASSVPVTGELFF
1338,CASSVSSGANVLTF,CASSVGSSGANVLTF
1339,CASSLASGVGNEQFF,CASSLASGVGREQFF
1340,CASSQPSGTEAFF,CASSQPSLGTEAFF
1341,CASSLGGEQYF,CASSLGGPEQYF
1342,CASSPTGNEQFF,CASSTTGNEQFF
1343,CASSLGGPEQFF,CASSLMGPEQFF
1344,CASSGGSYEQYF,CASSGGSEQYF
1345,CASSTGSYEQYF,CASSTGTYEQYF
1346,CASSSGGVYEQYF,CASSYGGVYEQYF
1347,CASSEGGSTEAFF,CASSEGGGTEAFF
1348,CASSGAGLSYEQYF,CASSVGAGLSYEQYF
1349,CASSGAGLSYEQYF,CASSEGAGLSYEQYF
1350,CASSLGGDEQFF,CASSLGGREQFF
1351,CASSLGGPEAFF,CASSLGGTEAFF
1352,CASSFGSSYEQYF,CASSLGSSYEQYF
1353,CASSLGGEAFF,CASSLGGTEAFF
1354,CASSGGNEKLFF,CASSGQGNEKLFF
1355,CASSPGTSGTYEQYF,CASSPGTSVTYEQYF
1356,CASSVGSSYEQYF,CASSVEGSSYEQYF
1357,CATSRGNMNTEAFF,CATSRGGMNTEAFF
1358,CASSLGGEQFF,CASSLGQGEQFF
1359,CASSVQGSSYEQYF,CASSVEGSSYEQYF
1360,CASSLDFSYEQYF,CASSLDSYEQYF
1361,CASSLGGEQYF,CASSLGGYEQYF
1362,CASSLPQRETQYF,CASSLPDRETQYF
1363,CASSVSGGHNEQFF,CASSVSGHNEQFF
1364,CASSLGGYEQYF,CASSLGQGYEQYF
1365,CASSSAYEQYF,CASSSPYEQYF
1366,CASSLRENYGYTF,CASSLVENYGYTF
1367,CASSISYEQYF,CASSLSYEQYF
1368,CASSLANTEAFF,CASSLRNTEAFF
1369,CASSLANTEAFF,CASSLVANTEAFF
1370,CASSLGGYEQYF,CASSLGSYEQYF
1371,CASSYEQGYEQYF,CASSYPQGYEQYF
1372,CASSSAYEQYF,CASSPSAYEQYF
1373,CASSLGGTEAFF,CASSLGTEAFF
1374,CSVDTTNYNEQFF,CSVDTTYNEQFF
1375,CASSQGTGELFF,CASSQETGELFF
1376,CASSQGTGELFF,CASSQRGTGELFF
1377,CASSLQGNEQFF,CASSLGGNEQFF
1378,CASSLGGTEAFF,CASSLAGGTEAFF
1379,CASSWGSYEQYF,CASSLWGSYEQYF
1380,CASSLGSYEQYF,CASSVGSYEQYF
1381,CASSFGGELFF,CASSFTGELFF
1382,CASSPGQPYEQYF,CASSPGQTYEQYF
1383,CASSYLAGGTDTQYF,CASSTLAGGTDTQYF
1384,CASSYLAGGTDTQYF,CASSSLAGGTDTQYF
1385,CASSLSTDTQYF,CASSSSTDTQYF
1386,CASSQGPYTGELFF,CASSQRPYTGELFF
1387,CASSLGVTQYF,CASSLGETQYF
1388,CASSQSGNEQFF,CASSQSGPEQFF
1389,CASSFGNTEAFF,CASSFTGNTEAFF
1390,CASSSAYEQYF,CASSSSYEQYF
1391,CASSRGQPQHF,CASSFGQPQHF
1392,CASSFSYEQYF,CASSSSYEQYF
1393,CASSYGQNTGELFF,CASSYGLNTGELFF
1394,CASSFANTEAFF,CASSFLNTEAFF
1395,CASSLFSYEQYF,CASSLTSYEQYF
1396,CASSLDNTEAFF,CASSLENTEAFF
1397,CASSLREVNEQYF,CASSLRVNEQYF
1398,CASSLGSDTQYF,CASSLGSTDTQYF
1399,CASSLSNTEAFF,CASSLENTEAFF
1400,CASSLTGGNTGELFF,CASSLTGGITGELFF
1401,CASSLANTEAFF,CASSLENTEAFF
1402,CASSLQGITGELFF,CASSLGITGELFF
1403,CASSLGGTEAFF,CASSPGGTEAFF
1404,CASSLGGDEQYF,CASSLGGYEQYF
1405,CASSLFSYSNQPQHF,CASSLSYSNQPQHF
1406,CASSQGVPYEQYF,CASSQVGVPYEQYF
1407,CASSSAYEQYF,CASSSIYEQYF
1408,CASSLGGTEAFF,CASSLEGGTEAFF
1409,CASSLGGYGYTF,CASSLQGGYGYTF
1410,CASSSQGGNEQFF,CASSSGQGGNEQFF
1411,CASSHGGTEAFF,CASSHGEGTEAFF
1412,CASSLGPYTGELFF,CASSLGPSYTGELFF
1413,CASSLQGNEQFF,CASSLGGNEQFF
1414,CASSSGRGEQFF,CASSLSGRGEQFF
1415,CASSQGGGEQFF,CASSQGGFEQFF
1416,CASSSAYEQYF,CASSLSAYEQYF
1417,CASSRGQPQHF,CASSPGQPQHF
1418,CASSLGGTEAFF,CASSLGQGTEAFF
1419,CASSLAYEQYF,CASSLVAYEQYF
1420,CASSLAYEQYF,CASSLSAYEQYF
1421,CASSLAYEQYF,CASSLTAYEQYF
1422,CASSLGSDTQYF,CASSLGSTDTQYF
1423,CASSPTGGTGELFF,CASSPTGEGTGELFF
1424,CASSYLAGGTDTQYF,CASSWLAGGTDTQYF
1425,CASSLQGLGEQYF,CASSLQGAGEQYF
1426,CASSLGWGYEQYF,CASSLGGYEQYF
1427,CASSLGGVPGTEAFF,CASSLGGVWGTEAFF
1428,CASSLGSGYEQYF,CASSLGQGYEQYF
1429,CASSPTGPSYEQYF,CASSPTGASYEQYF
1430,CASSLSPGELFF,CASSLVPGELFF
1431,CASSSGHTYEQYF,CASSLSGHTYEQYF
1432,CASSLAGYNEQFF,CASSLPGYNEQFF
1433,CASSQGYEQYF,CASSQDYEQYF
1434,CASSLAGTETQYF,CASSLAGTEQYF
1435,CASSLAGYTEAFF,CASSLAGGTEAFF
1436,CASSLAGYTEAFF,CASSLSGYTEAFF
1437,CASSLAGYTEAFF,CASSLAGATEAFF
1438,CASSLAGYTEAFF,CASSLAGTEAFF
1439,CASSLSPGNEQFF,CASSLSPRNEQFF
1440,CASSSGPTYEQYF,CASSSGQTYEQYF
1441,CASSLSGFTEAFF,CASSLSGYTEAFF
1442,CASSLSGFTEAFF,CASSLSGGFTEAFF
1443,CASSPGTTYEQYF,CASSPGPTYEQYF
1444,CASSSGHTYEQYF,CASSSGQTYEQYF
1445,CASSLAGYNEQFF,CASSLAGANEQFF
1446,CASSLAGYNEQFF,CASSLAGNEQFF
1447,CASSLAGYNEQFF,CASSLAGLNEQFF
1448,CASSLAGTETQYF,CASSLAGTEQYF
1449,CASSLAGTETQYF,CASSLAGETQYF
1450,CASSQAAGGYTF,CASSQGAGGYTF
1451,CASSRGLDTEAFF,CASSRGLNTEAFF
1452,CASSPGTTYEQYF,CASSPGQTYEQYF
1453,CASSPGTTYEQYF,CASSPGTGTYEQYF
1454,CASSLDRGAYNEQFF,CASSDRGAYNEQFF
1455,CASSLGSYEQYF,CASSVGSYEQYF
1456,CASSLDSGSYNEQFF,CASSLSSGSYNEQFF
1457,CASSPTGYEQYF,CASSFTGYEQYF
1458,CASSLSYEQYF,CASSFSYEQYF
1459,CASSYSYEQYF,CASSFSYEQYF
1460,CASSWDLNTEAFF,CASSQWDLNTEAFF
1461,CASSQGNYEQYF,CASSEQGNYEQYF
1462,CASSLAGYPYNEQFF,CASSLAGGPYNEQFF
1463,CASSPNGHEQYF,CASSPQGHEQYF
1464,CASSLSPGNEQFF,CASSLSRGNEQFF
1465,CASSPGTDTQYF,CASSPGDTQYF
1466,CASSLDNEQFF,CASSLDGNEQFF
1467,CASSSPYEQYF,CASSSSYEQYF
1468,CASLGGSYEQYF,CASRGGSYEQYF
1469,CASSILAVSNTEAFF,CASSILAGSNTEAFF
1470,CASSLAGYNEQFF,CASSLAGTNEQFF
1471,CASSTGTGLYEQYF,CASSTGTGIYEQYF
1472,CASSLGDRYGYTF,CASSLDRYGYTF
1473,CASSLGITGNTEAFF,CASSLGTGNTEAFF
1474,CASSLALTDTQYF,CASSLALTPDTQYF
1475,CASSLDSGSYNEQFF,CASSLTSGSYNEQFF
1476,CASSPTGYEQYF,CASSPRGYEQYF
1477,CASSSGPTYEQYF,CASSSPTYEQYF
1478,CASSLDRGGYNEQFF,CASSLDWGGYNEQFF
1479,CASSGGPYEQYF,CASSGGSYEQYF
1480,CASSSDTSSYNEQFF,CASSSDHSSYNEQFF
1481,CASSLVQETQYF,CASSLVLETQYF
1482,CASSSTDANQPQHF,CASSSTDSNQPQHF
1483,CASSPTDSNQPQHF,CASSSTDSNQPQHF
1484,CASSLSDPNQPQHF,CASSLSDSNQPQHF
1485,CASSYSTGNEQYF,CASSYSTGYEQYF
1486,CASSTGTGLYEQYF,CASSFGTGLYEQYF
1487,CASSLLAGETDTQYF,CASSLLAGYTDTQYF
1488,CASSLLAGETDTQYF,CASSLLAGVTDTQYF
1489,CASSPGTDTQYF,CASSLGTDTQYF
1490,CASSPGTDTQYF,CASSFGTDTQYF
1491,CASSLDNEQFF,CASSLHDNEQFF
1492,CASSSPYEQYF,CASSSIYEQYF
1493,CASSLLTGEQYF,CASSLGTGEQYF
1494,CASSIGVSYEQYF,CASSIGAVSYEQYF
1495,CASSLFQGAGYGYTF,CASSLSQGAGYGYTF
1496,CASSLGYEQYF,CASSQGYEQYF
1497,CASSLDSNEQFF,CASSLLSNEQFF
1498,CASSQGDSYEQYF,CASSQGQSYEQYF
1499,CASSLAGYNEQFF,CASSLAGGNEQFF
1500,CASSLLDSNQPQHF,CASSLTDSNQPQHF
1501,CASSLSPGNEQFF,CASSLSIGNEQFF
1502,CASSGGGEQYF,CASSLGGEQYF
1503,CASSFGVEQFF,CASSFGNEQFF
1504,CASSLAGYNEQFF,CASSLAGSYNEQFF
1505,CASSQVGGTGELFF,CASSQVGSGTGELFF
1506,CASSYSSSSYNEQFF,CASSYSGSSYNEQFF
1507,CASSLGTVNTEAFF,CASSLTVNTEAFF
1508,CASSQGYEQYF,CASSPQGYEQYF
1509,CASSYSTGNEQYF,CASSYSGGNEQYF
1510,CASSLLGPSYEQYF,CASSLLGSYEQYF
1511,CASSPTSGSPYEQYF,CASSPTSGKPYEQYF
1512,CASSVEGSAYNEQFF,CASSVEGSSYNEQFF
1513,CASSLGSGELFF,CASSLGGGELFF
1514,CSVEQGPYEQYF,CSVEQGYEQYF
1515,CASSLGYEQYF,CASSLAGYEQYF
1516,CASSQDRGGTEAFF,CASSQDRGYTEAFF
1517,CASSQEAGVGNTIYF,CASSQEAGTGNTIYF
1518,CASSKTGLSYEQYF,CASSKTGGSYEQYF
1519,CASSLIETQYF,CASSLIGETQYF
1520,CASSLGQGNNEQFF,CASSLGQGINEQFF
1521,CASSLGSNEQFF,CASSLGENEQFF
1522,CASSLGQSYEQYF,CASSLGQTYEQYF
1523,CASSLGTTEAFF,CASSLDTTEAFF
1524,CASSQGGTEAFF,CASSQGSTEAFF
1525,CASSLGTEAFF,CASSPLGTEAFF
1526,CASSFQGHSTDTQYF,CASSFQGQSTDTQYF
1527,CASSFQGHSTDTQYF,CASSFQGDSTDTQYF
1528,CASSLGYEQYF,CASSLGSYEQYF
1529,CASSSGNTEAFF,CASSSGMNTEAFF
1530,CASSLGQSYEQYF,CASSLGSSYEQYF
1531,CASSLGQSYEQYF,CASSLGQYYEQYF
1532,CASSFQGTEAFF,CASSFQGAEAFF
1533,CASSPSAYEQYF,CASSPGAYEQYF
1534,CASRSYAGELFF,CASRSMAGELFF
1535,CASSPGTYEQYF,CASSPGAYEQYF
1536,CASSQDYEQYF,CASSQGYEQYF
1537,CASSVGTGGNQPQHF,CASSVGAGGNQPQHF
1538,CASSPSAYEQYF,CASSLSAYEQYF
1539,CASSPSAYEQYF,CASSPTAYEQYF
1540,CASSLGAGGEAFF,CASSLSAGGEAFF
1541,CASSFGTEAFF,CASSPGTEAFF
1542,CASSPGTYEQYF,CASSTGTYEQYF
1543,CASSPGTYEQYF,CASSPGGTYEQYF
1544,CASSPMNTEAFF,CASSPHMNTEAFF
1545,CASSQGGTEAFF,CASSQGGNTEAFF
1546,CASSLGTEAFF,CASSPGTEAFF
1547,CASSPGLAAPYEQYF,CASSPGLAAYEQYF
1548,CASSVGGGTGELFF,CASSVGGKTGELFF
1549,CASSVMNTEAFF,CASSVVMNTEAFF
1550,CSARPLAGLYNEQFF,CSARPLAGGYNEQFF
1551,CASSPGTAYEQYF,CASSPYGTAYEQYF
1552,CASSLGYEQYF,CASSLGGYEQYF
1553,CSVETGSGYTF,CSVETGNGYTF
1554,CSVETGSGYTF,CSVETGDGYTF
1555,CSASIMNTEAFF,CSASGMNTEAFF
1556,CASSQEAAGSYEQYF,CASSQEASGSYEQYF
1557,CASSLAGIEQYF,CASSLAGTEQYF
1558,CASSLAGTYEQYF,CASSLAGTEQYF
1559,CASSLAGYEQYF,CASSLAGTEQYF
1560,CASSLAGSEQYF,CASSLAGTEQYF
1561,CATSDLISNQPQHF,CATSDLGSNQPQHF
1562,CASSISGASYEQYF,CASSISTASYEQYF
1563,CASSLAGTGQYF,CASSLAGTEQYF
1564,CASSISSASYEQYF,CASSISTASYEQYF
1565,CASSLAGGYEQYF,CASSLAAGGYEQYF
1566,CASSLAGTGMYF,CASSLAGTGMLF
1567,CASSPGPTYEQYF,CASSPGQTYEQYF
1568,CASSLAGLEQYF,CASSLAGTEQYF
1569,CASSLAGVEQYF,CASSLAGTEQYF
1570,CASSPLTGATGELFF,CASSPLTGNTGELFF
1571,CASSSGQTYEQYF,CASSSGQGYEQYF
1572,CASSFVRNTEAFF,CASSFVVNTEAFF
1573,CASSLGGAYEQYF,CASSLGGAPYEQYF
1574,CASSLAGANEQFF,CASSLAGTNEQFF
1575,CASSLAGNEQFF,CASSLAGTNEQFF
1576,CASSLAGLNEQFF,CASSLAGTNEQFF
1577,CASSLSRSNEQFF,CASSLSRGNEQFF
1578,CASSDPYEQYF,CASSDTYEQYF
1579,CASSRQSSYNEQFF,CASSVQSSYNEQFF
1580,CASSLTGALNTEAFF,CASSLGALNTEAFF
1581,CASSFVGAEQYF,CASSFVGSEQYF
1582,CASSSGQTYEQYF,CASSLGQTYEQYF
1583,CASSYPGRFYEQYF,CASSYPGGFYEQYF
1584,CASSQAAGHYEQYF,CASSQTAGHYEQYF
1585,CASSQGGGEQYF,CASSSGGGEQYF
1586,CASSLSGNYNEQFF,CASSLSGTYNEQFF
1587,CASSLAGSYEQYF,CASSLGSYEQYF
1588,CASSFGTGAYEQYF,CASSFGTGLYEQYF
1589,CASSQDPGSLYEQYF,CASSQDPGNLYEQYF
1590,CASSLGKGEQFF,CASSLGVGEQFF
1591,CASTLAGGNEQFF,CASSLAGGNEQFF
1592,CASSLAQGGTEAFF,CASSLWQGGTEAFF
1593,CASSLGGAYEQYF,CASSLGGSYEQYF
1594,CASSLGGAYEQYF,CASSLGGFYEQYF
1595,CASSLAGSYEQYF,CASSLGGSYEQYF
1596,CASSLAGANEQFF,CASSLAGGNEQFF
1597,CASSLAGNEQFF,CASSLAGGNEQFF
1598,CASSLAGGWNEQFF,CASSLAGGNEQFF
1599,CASSLAGLNEQFF,CASSLAGGNEQFF
1600,CASSLAGGGEQFF,CASSLAGGNEQFF
1601,CASSLAGSEQFF,CASSLAGSKEQFF
1602,CSVGDGNTGELFF,CSVDGNTGELFF
1603,CASSLSPRNEQFF,CASSLSPGNEQFF
1604,CASSLSPRNEQFF,CASSLSPRAEQFF
1605,CASSLEGLSYEQYF,CASSLNGLSYEQYF
1606,CASSLEGLSYEQYF,CASSLEGYSYEQYF
1607,CASSISGASYEQYF,CASSIAGASYEQYF
1608,CASSLAGQINEKLFF,CASSLAGQGNEKLFF
1609,CASSLRDGSNQPQHF,CASSLRQGSNQPQHF
1610,CASSLTGGYEQYF,CASSLTGGGYEQYF
1611,CASSLTGGYEQYF,CASSLTGVYEQYF
1612,CASSLAGTDYGYTF,CASSLALTDYGYTF
1613,CASSLAQGGTEAFF,CASSLEQGGTEAFF
1614,CASSLGGAYEQYF,CASSLGGYEQYF
1615,CASSLAGTYEQYF,CASSLASTYEQYF
1616,CASSLAGSYEQYF,CASSLAGGSYEQYF
1617,CASSQDAGTGNTIYF,CASSQDAGSGNTIYF
1618,CASSQDAGTGNTIYF,CASSQDAGPGNTIYF
1619,CASSLAGSTYEQYF,CASSLASTYEQYF
1620,CASSLAGYEQYF,CASSLATGYEQYF
1621,CASSLAGYEQYF,CASSLGGYEQYF
1622,CASSLAGGPLHEQYF,CASSLAGTPLHEQYF
1623,CASSLAGGYEQYF,CASSLAGGSYEQYF
1624,CASSLAGGYEQYF,CASSLDGGYEQYF
1625,CASSLAGGYEQYF,CASSLATGYEQYF
1626,CASSLAGGYEQYF,CASSLGGYEQYF
1627,CASSLTGGYEQYF,CASSLDGGYEQYF
1628,CASSLTGGYEQYF,CASSLGGYEQYF
1629,CASSFGDEQFF,CASSFGSEQFF
1630,CASSLGGYNEQFF,CASSLSGYNEQFF
1631,CASSISMNTEAFF,CASSISFNTEAFF
1632,CASSFGDEQYF,CASSFGSEQYF
1633,CASSLGGEQFF,CASSLGHEQFF
1634,CASSLGGEQFF,CASSLGGELFF
1635,CASSFGTGELFF,CASSWGTGELFF
1636,CASSLSSYNEQFF,CASSPLSSYNEQFF
1637,CASSPSSYNEQFF,CASSPLSSYNEQFF
1638,CASSLLKNTEAFF,CASSLSKNTEAFF
1639,CASSLGDTQYF,CASSLTGDTQYF
1640,CASSFLNEQFF,CASSFYNEQFF
1641,CASSIGVNTEAFF,CASSIGMNTEAFF
1642,CASSITLYNEQFF,CASSITAYNEQFF
1643,CASSISMNTEAFF,CASSIGMNTEAFF
1644,CASSYLGDSYEQYF,CASSYSGDSYEQYF
1645,CASSYGAEQYF,CASSYGPAEQYF
1646,CASSLEPSYEQYF,CASSLESYEQYF
1647,CASSIGTGSTEAFF,CASSIGGSTEAFF
1648,CASSLGDTQYF,CASSLGGDTQYF
1649,CASSYSGGANYGYTF,CASSYSGGVNYGYTF
1650,CSVGGTYEQYF,CSVGATYEQYF
1651,CASSLSQTYEQYF,CASSLGQTYEQYF
1652,CASSPTYEQYF,CASSETYEQYF
1653,CASSFLNEQFF,CASSFLDEQFF
1654,CASSTSSYEQYF,CASSTSFYEQYF
1655,CASSPTSGSGNEQFF,CASSPTSGRGNEQFF
1656,CASSFGTGELFF,CASSGTGELFF
1657,CASSLGVPNEKLFF,CASSLGQPNEKLFF
1658,CSARSENTGELFF,CSARVENTGELFF
1659,CASSLLGGETQYF,CASSLLGSGETQYF
1660,CASSLYPLDQPQHF,CASSLYPDQPQHF
1661,CASSFEGQGYEQYF,CASSFEGGYEQYF
1662,CASSPGTGTYEQYF,CASSSPGTGTYEQYF
1663,CASSKVGSYNEQFF,CASSNVGSYNEQFF
1664,CASSKVGSYNEQFF,CASSIVGSYNEQFF
1665,CASSLVGDSYEQYF,CASSLVGDRSYEQYF
1666,CASSFEGGGYEQYF,CASSFEGGIYEQYF
1667,CASSFEGGGYEQYF,CASSFEGGLYEQYF
1668,CASSFEGGGYEQYF,CASSFEGGKYEQYF
1669,CASSFEGGGYEQYF,CASSFEGGSYEQYF
1670,CASSFEGGGYEQYF,CASSFEGGYEQYF
1671,CASSPLAASYNEQFF,CASSPLASYNEQFF
1672,CASSFGTGELFF,CASSFGTGEQFF
1673,CASSLSSYNEQFF,CASSLGSSYNEQFF
1674,CASSLAGGTEAFF,CASSLEGGTEAFF
1675,CASFSSSYEQYF,CASSFSSSYEQYF
1676,CASSLSQTYEQYF,CASSLSQVYEQYF
1677,CASSLGGEQFF,CASSLGGHQFF
1678,CASSLGGEQFF,CASSLGNEQFF
1679,CASSLMGGETQYF,CASSLSGGETQYF
1680,CASSFLNEQFF,CASSFGNEQFF
1681,CASSPSAYEQYF,CASSPAYEQYF
1682,CASSKVGSYNEQFF,CASSKDGSYNEQFF
1683,CASSPSSYNEQFF,CASSLSSYNEQFF
1684,CASSLLGGETQYF,CASSLSGGETQYF
1685,CASSIGVNTEAFF,CASSIKVNTEAFF
1686,CASSTLAGGTDTQYF,CASSWLAGGTDTQYF
1687,CASSSLAGGTDTQYF,CASSWLAGGTDTQYF
1688,CASSEGQGNQPQHF,CASSEGQGGNQPQHF
1689,CASSLSRYEQYF,CASSLSGYEQYF
1690,CASSLSQTYEQYF,CASSLSQDYEQYF
1691,CASSLVGGADTQYF,CASSLVGGADEQYF
1692,CSAEGGYEQYF,CSVEGGYEQYF
1693,CAISESYEQYF,CAISESDEQYF
1694,CASSLGDSLNTEAFF,CASSLGDSNTEAFF
1695,CASATGYNEQFF,CASTGYNEQFF
1696,CASSYIYEQYF,CASSYHYEQYF
1697,CSVGGTYEQYF,CSVEGGTYEQYF
1698,CASSYGGGGQETQYF,CASSYGGGQETQYF
1699,CASSLGQGNTEAFF,CASSLWQGNTEAFF
1700,CASSFAPGELFF,CASSFSPGELFF
1701,CASSFLGQPQHF,CASSFGQPQHF
1702,CASSLTSEQYF,CASSLTSYEQYF
1703,CASSFSPGEQFF,CASSFSPGELFF
1704,CASSYGLTNTGELFF,CASSYGLNTGELFF
1705,CASSQGPAYEQYF,CASSQGPGYEQYF
1706,CASSQGPAYEQYF,CASSQGPVYEQYF
1707,CASSRGQPQHF,CASSFGQPQHF
1708,CASSYSPGEQYF,CASSYSPFEQYF
1709,CASSPGTGQETQYF,CASSLGTGQETQYF
1710,CASSLGPPGELFF,CASSLPPGELFF
1711,CASSPDNEQFF,CASSFDNEQFF
1712,CASSFGTDTQYF,CASSFTDTQYF
1713,CASSLGGELFF,CASSLGGEKLFF
1714,CASSVGEGRTEAFF,CASSVGEGLTEAFF
1715,CASSLSSGSYNEQFF,CASSLTSGSYNEQFF
1716,CASSWGTGELFF,CASSGTGELFF
1717,CASSFSESYEQYF,CASSFSSSYEQYF
1718,CASSPLSSYNEQFF,CASSPLASYNEQFF
1719,CASSSVTGELFF,CASSSYTGELFF
1720,CASSLWGGEQYF,CASSLQGGEQYF
1721,CASSLGETQYF,CASSLSETQYF
1722,CSARDMTGSYEQYF,CSARDPTGSYEQYF
1723,CASSQVGNEQFF,CASSQVHGNEQFF
1724,CASSYVNEQFF,CASSYEVNEQFF
1725,CASSWGTGELFF,CASSWGHTGELFF
1726,CASSLGYEQYF,CASSDLGYEQYF
1727,CASSLGQGNTEAFF,CASSLGQGVNTEAFF
1728,CASSFGLEQYF,CASSTGLEQYF
1729,CSARAGASYNEQFF,CSARLAGASYNEQFF
1730,CASSLGHEQFF,CASSLGNEQFF
1731,CASSLANEQFF,CASSLGNEQFF
1732,CASSGDTSYEQYF,CASSQDTSYEQYF
1733,CASSPLSSYNEQFF,CASSLSSYNEQFF
1734,CASSLGYEQYF,CASSLGGEQYF
1735,CASSPPNTGELFF,CASSPPVTGELFF
1736,CASSLGQGNTEAFF,CASSLGQGGTEAFF
1737,CASSLGQGNTEAFF,CASSLGQGTEAFF
1738,CASSLWGGEQYF,CASSLGGEQYF
1739,CASSPPGQPQHF,CASSPGQPQHF
1740,CASSRGQPQHF,CASSPGQPQHF
1741,CASSIYANTEAFF,CASSIYRNTEAFF
1742,CASSIYANTEAFF,CASSIYQNTEAFF
1743,CASSLGGTNEQYF,CASSLGGTYEQYF
1744,CASSFLGQPQHF,CASSFWGQPQHF
1745,CASSQGTYEQYF,CASSQGYEQYF
1746,CATSDLQGSTDTQYF,CATSDLQGYTDTQYF
1747,CASSQVLGDYGYTF,CASSQVGGDYGYTF
1748,CASSLAGASYEQYF,CASSLAGVSYEQYF
1749,CASSLSLGYEQYF,CASSLSLAGYEQYF
1750,CASSLLSGYEQYF,CASSLSGYEQYF
1751,CASSFDSYEQYF,CASSLDSYEQYF
1752,CASSLANEQFF,CASSLAGNEQFF
1753,CASSPGLAGTDTQYF,CASSPGLAGGDTQYF
1754,CASSYSLGAGELFF,CASSYSLLAGELFF
1755,CATSDFGSTDTQYF,CATSDFGDTDTQYF
1756,CASSLGYEQYF,CASSLGLEQYF
1757,CASSLSGGNYGYTF,CASSLSGGGNYGYTF
1758,CATSDFGDNTDTQYF,CATSDFGDTDTQYF
1759,CASSLSNGPYEQYF,CASSLSGGPYEQYF
1760,CASSPGGNTEAFF,CASSNGGNTEAFF
1761,CASSPGGNTEAFF,CASSSGGNTEAFF
1762,CASSLTGDTQYF,CASSLGGDTQYF
1763,CASSLGGNQPQHF,CASSLGSNQPQHF
1764,CASSFPGNEQYF,CASSFVGNEQYF
1765,CASSPTGGGTEAFF,CASSYTGGGTEAFF
1766,CASSYAGGYEQYF,CASSYQGGYEQYF
1767,CASSRDSNTEAFF,CASRRDSNTEAFF
1768,CASSFYNEQFF,CASSWYNEQFF
1769,CASSYYNEQFF,CASSWYNEQFF
1770,CASSLRSPSTDTQYF,CASSLTSPSTDTQYF
1771,CASSLRSPSTDTQYF,CASSLRGPSTDTQYF
1772,CASSLRSPSTDTQYF,CASSLSPSTDTQYF
1773,CASSSSYEQYF,CASSSIYEQYF
1774,CASSLGQGGSPLHF,CASSLGQAGSPLHF
1775,CASSLYSTDTQYF,CASSIYSTDTQYF
1776,CASSYSGDSYEQYF,CASSYSGDSSYEQYF
1777,CASSLDGNEQFF,CASSLQGNEQFF
1778,CASRGGSYEQYF,CASRRGSYEQYF
1779,CASSSLNQPQHF,CASSSLPNQPQHF
1780,CASSLGGSYNEQFF,CASSLGPSYNEQFF
1781,CASSLAGTNEQFF,CASSLAGGNEQFF
1782,CASSQSQSYEQYF,CASSQGQSYEQYF
1783,CASSYPGLGYEQYF,CASSNYPGLGYEQYF
1784,CASSFYNEQFF,CASSFGNEQFF
1785,CASSPGNTEAFF,CASSFPGNTEAFF
1786,CASSLSRGNEQFF,CASSLSPGNEQFF
1787,CASSLSRGNEQFF,CASSLSIGNEQFF
1788,CASSYGTEAFF,CASSYEGTEAFF
1789,CASSLLTDTQYF,CASSLDLTDTQYF
1790,CASSPGDTQYF,CASSPGTDTQYF
1791,CSVLAGSYEQYF,CSVLAGGSYEQYF
1792,CASSPTGVSYNEQFF,CASSPSGVSYNEQFF
1793,CASSDLGNEQFF,CASSDAGNEQFF
1794,CASSFGQPQHF,CASSPGQPQHF
1795,CASSLGGSYNEQFF,CASSLGGSSYNEQFF
1796,CASSQGPGYEQYF,CASSQGSGYEQYF
1797,CSVAGLAGGYEQYF,CSVGGLAGGYEQYF
1798,CASSLVSSYEQYF,CASSLGSSYEQYF
1799,CASSLYTDTQYF,CASSLYADTQYF
1800,CASSFLNTEAFF,CASSFGLNTEAFF
1801,CASSFGQPQHF,CASSFWGQPQHF
1802,CASSLGALNTEAFF,CASSLALNTEAFF
1803,CASSLLAGGRNEQFF,CASGLLAGGRNEQFF
1804,CASSYAGGYEQYF,CASSYSGGYEQYF
1805,CASSYSSPYEQYF,CASSYSSGYEQYF
1806,CASSLGGYNEQFF,CASSLGGLNEQFF
1807,CASSSATGELFF,CASSSGTGELFF
1808,CASSLGGNQPQHF,CASSLGGDQPQHF
1809,CASSYGGGQETQYF,CASSYSGGQETQYF
1810,CSVGGGSTDTQYF,CSVGGPSTDTQYF
1811,CASSLYSTDTQYF,CASSLYVTDTQYF
1812,CASSYSAPYEQYF,CASSYSAPGYEQYF
1813,CASSLSKNTEAFF,CASSLSSNTEAFF
1814,CASRRDSNTEAFF,CASRTDSNTEAFF
1815,CASSLSGTHNEQFF,CASSLSGTYNEQFF
1816,CASSPLGTEAFF,CASSPGGTEAFF
1817,CASSLGQTYEQYF,CASSLGQYYEQYF
1818,CSARDTGAYEQYF,CSARDPTGAYEQYF
1819,CASSPGEGTEAFF,CASSHGEGTEAFF
1820,CASSSGTEAFF,CASSRGTEAFF
1821,CASSLGNNQPQHF,CASSLANNQPQHF
1822,CASSFGGAEAFF,CASSFMGGAEAFF
1823,CASSLGITGELFF,CASSLGRTGELFF
1824,CASSSPGQGGYGYTF,CASSPGQGGYGYTF
1825,CASSLGLTGELFF,CASSLGRTGELFF
1826,CASSPLGTEAFF,CASSPGTEAFF
1827,CASSYSGLALYEQYF,CASSSGLALYEQYF
1828,CASSLDSNEQFF,CASSLDGNEQFF
1829,CASSRVSYEQYF,CASSLVSYEQYF
1830,CASSPGTASTDTQYF,CASSPGTSTDTQYF
1831,CASSYSSGRAYEQYF,CASSYSSGSAYEQYF
1832,CASSLGQGVNTEAFF,CASSLQGVNTEAFF
1833,CASSFGGGGNQPQHF,CASSFGGGGQPQHF
1834,CASSYQGGYEQYF,CASSYSGGYEQYF
1835,CASSLAGESTDTQYF,CASSLAGSTDTQYF
1836,CASSLTGGADTQYF,CASSLTGTGADTQYF
1837,CASSFDGTTEAFF,CASSFDGYTEAFF
1838,CASSYGDPNYGYTF,CASSYGDNYGYTF
1839,CASSDPGGNYEQYF,CASSYPGGNYEQYF
1840,CASSQDSQGGYGYTF,CASSQDQGGYGYTF
1841,CASSYGSDQPQHF,CASSYGSNQPQHF
1842,CASSYGTGGTEAFF,CASSYSGTGGTEAFF
1843,CASSYVGGDTQYF,CASSYTGGDTQYF
1844,CASSLGLDSNTEAFF,CASSLGDSNTEAFF
1845,CASSLSPYYEQYF,CASSLSPNYEQYF
1846,CASSSSVNTEAFF,CASSSSWNTEAFF
1847,CASSSYPNQPQHF,CASSSLPNQPQHF
1848,CASSFREGGDEQFF,CASSFEGGDEQFF
1849,CASSLKHPSTDTQYF,CASSLSHPSTDTQYF
1850,CASSSTVSYEQYF,CASSSPVSYEQYF
1851,CASSLSPSTDTQYF,CASSLSHPSTDTQYF
1852,CASSFQGDSTDTQYF,CASSFSGDSTDTQYF
1853,CASSLGGYEQYF,CASSLGGTYEQYF
1854,CASSLGGYEQYF,CASSLGGSYEQYF
1855,CASSLSSGTDTQYF,CASSLSIGTDTQYF
1856,CASSLSQVNEQFF,CASSLSQVHEQFF
1857,CASSLSQVNEQFF,CASSLSQAVNEQFF
1858,CASSSPTYEQYF,CASSSATYEQYF
1859,CASSLVGGPDEQYF,CASSLVGGDEQYF
1860,CASSAGGYGYTF,CASSATGYGYTF
1861,CASSGGSYEQYF,CASSSGSYEQYF
1862,CASSLSGVTDTQYF,CASSLSSVTDTQYF
1863,CASSLEPDTQYF,CASSLGPDTQYF
1864,CASSLSGGWETQYF,CASSLSGGETQYF
1865,CASSPGDSSYEQYF,CASSPTDSSYEQYF
1866,CASSLVVDEQFF,CASSLRVDEQFF
1867,CASSLGESYEQYF,CASSLGEGSYEQYF
1868,CASSPGGTEAFF,CASSPGTEAFF
1869,CASSLSPDTQYF,CASSLGPDTQYF
1870,CASSLSSSVTDTQYF,CASSLSSVTDTQYF
1871,CASSLSSGTDTQYF,CASSLSSVTDTQYF
1872,CASSLSSTTDTQYF,CASSLSSVTDTQYF
1873,CASSLSDSNQPQHF,CASSLADSNQPQHF
1874,CASSLVLETQYF,CASSLVFLETQYF
1875,CASSLQGPYEQYF,CASSLQGNYEQYF
1876,CASSLSGTYNEQFF,CASSLEGTYNEQFF
1877,CASSPTDKTGELFF,CASSPTDYTGELFF
1878,CASSSDSSYEQYF,CASSLDSSYEQYF
1879,CASSYSTGYEQYF,CASSYSGGYEQYF
1880,CASSYSTGYEQYF,CASSYSDGYEQYF
1881,CSVELGNYEQYF,CSVEGGNYEQYF
1882,CASSVASGGTDTQYF,CASSVAGGGTDTQYF
1883,CASSIQGMNTEAFF,CASSLQGMNTEAFF
1884,CASSLEDSYEQYF,CASSLESYEQYF
1885,CASSLEDSYEQYF,CASSLDSYEQYF
1886,CSVEGSSSYEQYF,CSVEGGSSYEQYF
1887,CASSLDGGPYEQYF,CASSLSGGPYEQYF
1888,CASSGGSYEQYF,CASSFGGSYEQYF
1889,CASSLGESYEQYF,CASSLGGSYEQYF
1890,CSVEGYGTYEQYF,CSVEGGTYEQYF
1891,CASSLTGLYNEQFF,CASSLTGYYNEQFF
1892,CASSLVGDRSYEQYF,CASSLVGDRAYEQYF
1893,CASSLQGGYGYTF,CASSLGQGGYGYTF
1894,CASSLGSSYEQYF,CASSLGYSSYEQYF
1895,CASSLGSYEQYF,CASSLGGSYEQYF
1896,CASSPPEETQYF,CASSPPEHETQYF
1897,CASSLQGGELFF,CASSLGGELFF
1898,CASSLQGGEQYF,CASSLGGEQYF
1899,CASSLGSSYNEQFF,CASSLSSYNEQFF
1900,CASSLGTDTQYF,CASSPGTDTQYF
1901,CASSLGTDTQYF,CASSLGPDTQYF
1902,CASSLGTGEQYF,CASSLGGEQYF
1903,CASSPEGGNEQFF,CASSPGGGNEQFF
1904,CASSPLGNEQFF,CASSRLGNEQFF
1905,CASSLSEAYEQYF,CASSLSAYEQYF
1906,CASSLEGGTEAFF,CASSLEIGTEAFF
1907,CASSLSIGTDTQYF,CASSLSIGDTQYF
1908,CASSFGTDTQYF,CASSPGTDTQYF
1909,CASSLGGSYEQYF,CASSFGGSYEQYF
1910,CASSLSQVYEQYF,CASSLSQDYEQYF
1911,CASSLGSSYEQYF,CASSLDSSYEQYF
1912,CASSLHRDHYEQYF,CASSLHRDYEQYF
1913,CASSLTGTAGNTIYF,CASSLTGTPGNTIYF
1914,CASSQGPGAPYEQYF,CASSQGPGGPYEQYF
1915,CASSGQGITEAFF,CASSGQGDTEAFF
1916,CASSLQGDTQYF,CASSLQGDETQYF
1917,CASSFEGGSYEQYF,CASSFGGSYEQYF
1918,CASSYSGTYEQYF,CASSYSWGTYEQYF
1919,CASSYSGTYEQYF,CASSYSITYEQYF
1920,CASSYSGTYEQYF,CASSYSRTYEQYF
1921,CASSLGSYEQYF,CASSLGGYEQYF
1922,CASSLGSYEQYF,CASSLNSYEQYF
1923,CASSEVRELFF,CASSEIRELFF
1924,CASSFGVGSSYEQYF,CASSFGGSSYEQYF
1925,CASSPGAYEQYF,CASSPTAYEQYF
1926,CASSVGGSWQETQYF,CASSVGGSSQETQYF
1927,CASSVGNEQFF,CASSVYNEQFF
1928,CASSLGNEQFF,CASSLEGNEQFF
1929,CASSLGNEQFF,CASSLDGNEQFF
1930,CASSSPYNEQFF,CASSSQYNEQFF
1931,CASSFGAGSSYEQYF,CASSFGGSSYEQYF
1932,CASSPGTGSSYEQYF,CASSPTGSSYEQYF
1933,CASSVSGGSSYEQYF,CASSVGGGSSYEQYF
1934,CASSVSTGELFF,CASSVVSTGELFF
1935,CASSQGYEQYF,CASSPQGYEQYF
1936,CASSVGWGSSYEQYF,CASSVGTGSSYEQYF
1937,CASSVGWGSSYEQYF,CASSVGSGSSYEQYF
1938,CASSVGWGSSYEQYF,CASSVGGGSSYEQYF
1939,CASSASGGSSYEQYF,CASSAGGGSSYEQYF
1940,CASSVGWGGSYEQYF,CASSVGAGGSYEQYF
1941,CASSLGLDEQYF,CASSLPGLDEQYF
1942,CASSLASNTEAFF,CASSLALNTEAFF
1943,CASSLSQGAYNEQFF,CASSLQGAYNEQFF
1944,CASSLGNEQFF,CASSLAGNEQFF
1945,CASSQGYNSPLHF,CASSQGHYNSPLHF
1946,CASSQPTLNTEAFF,CASSQPGTLNTEAFF
1947,CASSLWQGGTEAFF,CASSLWGGGTEAFF
1948,CASSLWQGGTEAFF,CASSLEQGGTEAFF
1949,CASSLGGSYEQYF,CASSLAGGSYEQYF
1950,CASSLGGSYEQYF,CASSLGGYEQYF
1951,CASSLAGFGNQPQHF,CASSLAGFGQPQHF
1952,CASSLDRGGYEQYF,CASSLDGGYEQYF
1953,CASSLGGFYEQYF,CASSLGGYEQYF
1954,CASSLSGNEQFF,CASSLKGNEQFF
1955,CASSYGGETQYF,CASSYGNGETQYF
1956,CASSPSNEQFF,CASSRSNEQFF
1957,CASSRLGNEQFF,CASSRLGLNEQFF
1958,CASSLEGNEQFF,CASSLAGNEQFF
1959,CASSLDGNEQFF,CASSLAGNEQFF
1960,CASSSGQGADTQYF,CASSSGLGADTQYF
1961,CASSLGEGSYEQYF,CASSLGGSYEQYF
1962,CASSPSNEQFF,CASSPLSNEQFF
1963,CASSLGGEQYF,CASSLGLEQYF
1964,CASSLAGPGELFF,CASSYLAGPGELFF
1965,CSVDGNTGELFF,CSVDGTGELFF
1966,CSASGGLGYEQYF,CSASGGGGYEQYF
1967,CASSLDLRTQYF,CASSLDLRETQYF
1968,CASSLVSYEQYF,CASSLESYEQYF
1969,CASSLVSYEQYF,CASSLDSYEQYF
1970,CASSSGTGYEQYF,CASSEGTGYEQYF
1971,CASSYSTDGELFF,CASSYSTTGELFF
1972,CASSLYPPNTEAFF,CASSLAPPNTEAFF
1973,CASRPGLQETQYF,CASRGLQETQYF
1974,CASSQDGPGNQPQHF,CASSQDPGNQPQHF
1975,CASSYQGSNTEAFF,CASSYQGLNTEAFF
1976,CSVEGGNYEQYF,CSVEGGTYEQYF
1977,CSVEGGNYEQYF,CSVEGGYEQYF
1978,CASSLSLAGYEQYF,CASSLSLAGVYEQYF
1979,CASSLGGAGELFF,CASSLGGGELFF
1980,CASSLTGGGYEQYF,CASSLGGGGYEQYF
1981,CASSLLGSYEQYF,CASKLLGSYEQYF
1982,CASSLAGITDTQYF,CASSLAGATDTQYF
1983,CASSVEGNSYNEQFF,CASSVEGSSYNEQFF
1984,CASSQDLLAGEQFF,CASSQDLLAEQFF
1985,CASSSGGTGELFF,CASSSGTGELFF
1986,CASSLAGTYEQYF,CASSLVGTYEQYF
