,Seq1,Seq2
0,CASSGDRVYEQYF,CASSLGDRVYEQYF
1,CSARDPGGSYEQYF,CSARDPGTGSYEQYF
2,CASSLGRGGNEQFF,CASSLGSGGNEQFF
3,CASSLGGEETQYF,CASSLQGEETQYF
4,CASSFDSSYEQYF,CASSFSSYEQYF
5,CATSRVDNEQFF,CATSRVYNEQFF
6,CASSLDSYEQYF,CASSLMSYEQYF
7,CASSLDSYEQYF,CASSLSSYEQYF
8,CASSLPGSYEQYF,CASSLSGSYEQYF
9,CSVGRGPYEQYF,CSVGRGGYEQYF
10,CASSSDRSSYEQYF,CASSHDRSSYEQYF
11,CASSYLYEQYF,CASSYTYEQYF
12,CASSYLYEQYF,CASSYGYEQYF
13,CASSLSGNNEQFF,CASSSSGNNEQFF
14,CSARDRISYEQYF,CSARDPRISYEQYF
15,CASSLAGGTETQYF,CASSLAGGTDTQYF
16,CASSPVAGPTYEQYF,CASSPVAGETYEQYF
17,CASSYLGNEQFF,CASSYLDNEQFF
18,CASSQDPGGNTEAFF,CASSQDPGLNTEAFF
19,CASSQDPGGNTEAFF,CASSQDPGMNTEAFF
20,CASSQDPGGNTEAFF,CASSQDPGVNTEAFF
21,CSARDQADSYEQYF,CSARDADSYEQYF
22,CASSLPGSYEQYF,CASSLGGSYEQYF
23,CASSFIGETQYF,CASSFSGETQYF
24,CASSPGQGHNQPQHF,CASSIGQGHNQPQHF
25,CASSYSSYNEQFF,CASSYSYNEQFF
26,CASSYLYEQYF,CASSYVYEQYF
27,CASSAGLADYEQYF,CASSAGLAGDYEQYF
28,CASSLDSYEQYF,CASSLDGYEQYF
29,CSARDGQTYEQYF,CSARDGTTYEQYF
30,CASSEGQFNTEAFF,CASSEGQMNTEAFF
31,CASSLGDSSYEQYF,CASSLGDSHSYEQYF
32,CASSLTWYNEQFF,CASSLTGYNEQFF
33,CASSLPGSYEQYF,CASSLLPGSYEQYF
34,CASSPGTSTDTQYF,CASSPTTSTDTQYF
35,CASSYGAYNEQFF,CASSSGAYNEQFF
36,CASSIFGTANQPQHF,CASSISGTANQPQHF
37,CASSPPGGNEQFF,CASSQPGGNEQFF
38,CSASFGYEQYF,CSASYGYEQYF
39,CSARDPGGSYEQYF,CSARDPGGAYEQYF
40,CSASEGYEQYF,CSANEGYEQYF
41,CSASEGYEQYF,CSASYGYEQYF
42,CASSLSGNTEAFF,CASSLSGGTEAFF
43,CASSGTGGYEQYF,CASSDGTGGYEQYF
44,CASSQDWGSYNEQFF,CASSQDWGYNEQFF
45,CASSLDSYEQYF,CASSLDFSYEQYF
46,CASSPDGYTEAFF,CASSPGYTEAFF
47,CASSLGDSSYEQYF,CASTLGDSSYEQYF
48,CASSEGQVSNQPQHF,CASSEGQWSNQPQHF
49,CASSEGQVSNQPQHF,CASSEGQYSNQPQHF
50,CSVGQGPYEQYF,CSVEQGPYEQYF
51,CSAGTGGTGELFF,CSAGIGGTGELFF
52,CASSEQFNEKLFF,CASSEQGNEKLFF
53,CASSQDPGGNTEAFF,CASSQDPGLNTEAFF
54,CASSYSSYNEQFF,CASSYSYNEQFF
55,CSVGQGPYEQYF,CSVDGQGPYEQYF
56,CASSFLGNEQFF,CASSFLNEQFF
57,CSAARAGGSYNEQFF,CSAAAGGSYNEQFF
58,CSARDLQGPYEQYF,CSARDLQGNYEQYF
59,CASSLGDSSYEQYF,CASSLGDSPYEQYF
60,CSARDLTYEQYF,CSARDPLTYEQYF
61,CSARDTLSYEQYF,CSARDLSYEQYF
62,CSARDISYEQYF,CSARDLSYEQYF
63,CASSSGTVNTGELFF,CASSLGTVNTGELFF
64,CSARDLTYEQYF,CSARDLAYEQYF
65,CSARDLTYEQYF,CSARDLSYEQYF
66,CSARDLTYEQYF,CSARDLEYEQYF
67,CASSLSGNNEQFF,CASSLSGPNNEQFF
68,CASSLIGGADTQYF,CASSLTGGADTQYF
69,CASSLIGGADTQYF,CASSLGGGADTQYF
70,CASSLGPTDTQYF,CASSLGSTDTQYF
71,CASSFRGLNEQFF,CASSFGGLNEQFF
72,CASSEGQFNTEAFF,CASSEGQVNTEAFF
73,CASSRTDSYNEQFF,CASSWTDSYNEQFF
74,CASSFDSSYEQYF,CASSFSSYEQYF
75,CASSLTWYNEQFF,CASSLTFYNEQFF
76,CASSYEREEAFF,CASSYERTEAFF
77,CASSLPLQETQYF,CASSLPEQETQYF
78,CASSKLNTEAFF,CASSMLNTEAFF
79,CSARDPGGSYEQYF,CSARDPTGSYEQYF
80,CSARDPGGSYEQYF,CSARDPSGSYEQYF
81,CSARARSQPQHF,CSARDRSQPQHF
82,CASSVGNTYEQYF,CASSVGHTYEQYF
83,CASSLGTSSYEQYF,CASSLGRTSSYEQYF
84,CSARDRNQPQHF,CSARDRSQPQHF
85,CASSLLRADTQYF,CASSLLRGDTQYF
86,CASSPLGNEQFF,CASSRLGNEQFF
87,CSARGPTSSYEQYF,CSARGTSSYEQYF
88,CASSGLAGTDTQYF,CASSFLAGTDTQYF
89,CASSFLGNEQFF,CASSFGNEQFF
90,CASSFLGNEQFF,CASSRLGNEQFF
91,CASSKLNTEAFF,CASSDKLNTEAFF
92,CASSKLNTEAFF,CASSIKLNTEAFF
93,CASSLAGGLETQYF,CASSLAGLETQYF
94,CASSLGPTDTQYF,CASSLGSTDTQYF
95,CASSLDSYEQYF,CASSLVSYEQYF
96,CASSMAGNYEQYF,CASSMAGAYEQYF
97,CSAWGMNTEAFF,CSALGMNTEAFF
98,CSAWGMNTEAFF,CSASGMNTEAFF
99,CASSYSSYNEQFF,CASSYSASYNEQFF
100,CASSLSGNTEAFF,CASSLVGNTEAFF
101,CASSQGDEQYF,CASSQGWEQYF
102,CASSQGWGEQYF,CASSQGWEQYF
103,CASSYTQGGGYTF,CASSYTQGPGYTF
104,CASSLVGGEQFF,CASSLVGGEQYF
105,CASSLVGGEQFF,CASSLVGGELFF
106,CASSYGQGQETQYF,CASSYGQGETQYF
107,CASSYGLEQYF,CASSRGLEQYF
108,CASSLATEAFF,CASSLAYTEAFF
109,CASSQGGNEQFF,CASSQGNEQFF
110,CASSLEGRQETQYF,CASSLEARQETQYF
111,CSVVYTGELFF,CSVVNTGELFF
112,CASSQVEADTQYF,CASSQVEGDTQYF
113,CASSDLGNEQFF,CASSLGNEQFF
114,CASSLSLNTEAFF,CASSYSLNTEAFF
115,CASSIYRHTEAFF,CASSIYRGHTEAFF
116,CASSYGFGELFF,CASSYGGELFF
117,CASSLGYNEQFF,CASSLGNEQFF
118,CASSLNGNEQFF,CASSLGNEQFF
119,CASSFSNTEAFF,CASSFGNTEAFF
120,CASSTSDSSYEQYF,CASTSDSSYEQYF
121,CSARDPSGSTDTQYF,CSARDSSGSTDTQYF
122,CASSFGQGAYEQYF,CASSGQGAYEQYF
123,CASSYGQGQETQYF,CASSYGQGETQYF
124,CASSSLGGYEQYF,CASSLGGYEQYF
125,CASSLTGTAYEQYF,CASSLTGEAYEQYF
126,CSARGTSGEYNEQFF,CSARGTSGLYNEQFF
127,CASSLGPNNEQFF,CASSLGLNNEQFF
128,CSATGNTGELFF,CSATDGNTGELFF
129,CASSLAGYEQFF,CASSLAGDEQFF
130,CASSSSYEQYF,CASSQSYEQYF
131,CSAPRTDSSYEQYF,CSAPRADSSYEQYF
132,CASSVEGGTDTQYF,CASSVEGGPDTQYF
133,CSATSGLETQYF,CSATSGRETQYF
134,CASSLGGLYEQYF,CASSLGTLYEQYF
135,CASSYTGSSYNEQFF,CASSYGGSSYNEQFF
136,CASSYIGNEQFF,CASSYVGNEQFF
137,CASSVGVGTEAFF,CASSVGGTEAFF
138,CASSSLGGYEQYF,CASSSLSGYEQYF
139,CASSLGGLYEQYF,CASSLAGLYEQYF
140,CASSYAGNTEAFF,CASSYPGNTEAFF
141,CSARDTPNYGYTF,CSARDTVNYGYTF
142,CASSVGSGANVLTF,CASSVSSGANVLTF
143,CASSLGGPEAFF,CASSLGGPEQFF
144,CASSSTGNEQFF,CASSPTGNEQFF
145,CASSLGQGSEAFF,CASSLGGSEAFF
146,CSASDRGNEQFF,CSADRGNEQFF
147,CASSLGSYEQYF,CASSLGGYEQYF
148,CASSLVGGEQFF,CASSLGGEQFF
149,CASSLTGTAYEQYF,CASSLTGTYEQYF
150,CASSQGGNEQFF,CASSQGGGEQFF
151,CASSQGGNEQFF,CASSQGGNEQYF
152,CASSLGSYEQYF,CASSLGGYEQYF
153,CASSLGGYSNQPQHF,CASSLGVYSNQPQHF
154,CASSLGGYSNQPQHF,CASSLGTYSNQPQHF
155,CASSLGGYSNQPQHF,CASSLGIYSNQPQHF
156,CASSLRGEKLFF,CASSLGEKLFF
157,CASSLQDSNQPQHF,CASSLLDSNQPQHF
158,CASSQDDSYEQYF,CASSQGDSYEQYF
159,CASSFGQYNSPLHF,CASSFGAYNSPLHF
160,CASSQLAPGELFF,CASSQAAPGELFF
161,CASSITGNEQFF,CASSITHNEQFF
162,CASSLDANYGYTF,CASSLDKNYGYTF
163,CASSPDHNEQFF,CASSPDYNEQFF
164,CSARERGSSYEQYF,CSARETGSSYEQYF
165,CASSLSGRGYEQYF,CASSLSGRGEQYF
166,CASSFGAEQYF,CASSYGAEQYF
167,CSARLSYNEQFF,CSASLSYNEQFF
168,CASSITGNEQFF,CASSIEGNEQFF
169,CASSLGSYEQYF,CASSVGSYEQYF
170,CASSLVGGEQFF,CASSLVGGGEQFF
171,CASSLYMNTEAFF,CASSLAMNTEAFF
172,CSVEGTGGYGYTF,CSVEGTGGYYGYTF
173,CASSYGGTQYF,CASSYGDTQYF
174,CSAREAGYEQYF,CSAREGGYEQYF
175,CASSLEATYEQYF,CASSLATYEQYF
176,CASSLGSYEQYF,CASSLRGSYEQYF
177,CSASEGGYEQYF,CSAREGGYEQYF
178,CASSYGQGQETQYF,CASSYGGGQETQYF
179,CASSSLGGYEQYF,CASSSPGGYEQYF
180,CASSLTGTAYEQYF,CASSLITGTAYEQYF
181,CASGLGGYNEQFF,CASSLGGYNEQFF
182,CASSPTGSEQYF,CASSPTGNEQYF
183,CSVVYTGELFF,CSVVGYTGELFF
184,CASSLGPNNEQFF,CASSLGPYNEQFF
185,CASSEAPNTGELFF,CASSEALNTGELFF
186,CASSLKGGNEQFF,CASSLYGGNEQFF
187,CASSLGPNNEQFF,CASSLSGPNNEQFF
188,CASSLGYNEQFF,CASRLGYNEQFF
189,CASSYTGSSYNEQFF,CASSYGGSSYNEQFF
190,CSVEGTGGYGYTF,CSVEGTGDYGYTF
191,CASSTGMGNEQFF,CASSTGGGNEQFF
192,CASSSVPSYEQYF,CASSSVDSYEQYF
193,CSARDPGTGSYEQYF,CSARDPTGSYEQYF
194,CASSTLTGELFF,CASSTYTGELFF
195,CASSPDRDSYEQYF,CASSPRDSYEQYF
196,CASRRQGTEAFF,CASRRGTEAFF
197,CASSVGSGANVLTF,CASSVGSSGANVLTF
198,CASSLGTDEQYF,CASSLGLDEQYF
199,CASSAGGGSYNEQFF,CASSGGGSYNEQFF
200,CSATGLGYEQYF,CSATMGLGYEQYF
201,CSATGLGYEQYF,CSATTGLGYEQYF
202,CASSLQDSNQPQHF,CASSLTDSNQPQHF
203,CASSYGSGTQYF,CASSYGGTQYF
204,CASSSTGNEQFF,CASSTTGNEQFF
205,CASSYGGTQYF,CASSYGGETQYF
206,CASSQGGNEQFF,CASSQGGFEQFF
207,CASSATGGDGYTF,CASSFTGGDGYTF
208,CSVPGTGAGYTF,CSVPGTGEGYTF
209,CASSLGGPEAFF,CASSLGGTEAFF
210,CASSIYRHTEAFF,CASSIYRNTEAFF
211,CASSQGGNEQFF,CASSQTGGNEQFF
212,CASSSPGQGVNEQFF,CASSSPGTGVNEQFF
213,CASSSPGQGVNEQFF,CASSSPGQGRNEQFF
214,CASSSPGQGVNEQFF,CASSSPGQGMNEQFF
215,CASSSPGQGVNEQFF,CASSSPGQGHNEQFF
216,CASSYTGSSYNEQFF,CASSSTGSSYNEQFF
217,CASSYTGSSYNEQFF,CASSYSGSSYNEQFF
218,CASSYTGSSYNEQFF,CASSPTGSSYNEQFF
219,CSARDGLAGDNEQFF,CSADGLAGDNEQFF
220,CASSPQGNTGELFF,CASSPRQGNTGELFF
221,CASSPYSGGYNEQFF,CASSPTSGGYNEQFF
222,CASSYIGNEQFF,CASSYMGNEQFF
223,CASSQDRNPGNTIYF,CASSQDSNPGNTIYF
224,CASSPYSNQPQHF,CASSLYSNQPQHF
225,CASSVEGGTDTQYF,CASSVSGGTDTQYF
226,CASSQDISSGNTIYF,CASSQDRSSGNTIYF
227,CASSQDISSGNTIYF,CASSQDINSGNTIYF
228,CASSYTGSSYNEQFF,CASSYSGSSYNEQFF
229,CASSLGGIGYEQYF,CASSLGGGGYEQYF
230,CASSYAGNTEAFF,CASSYGAGNTEAFF
231,CASSQDEGNIQYF,CASSQAEGNIQYF
232,CASSQGDYEQYF,CASSQGYEQYF
233,CASSLGPYNEQFF,CASSLGPSNEQFF
234,CASSVVDSEQFF,CASSVGDSEQFF
235,CASSWTGGEQFF,CASSWTGGDEQFF
236,CASSLGPSSEQFF,CASSLGPSNEQFF
237,CASSVSGNTEAFF,CASSVEGNTEAFF
238,CASSLSASYEQYF,CASSLEASYEQYF
239,CASSFMNTEAFF,CASSFINTEAFF
240,CASSVVGNTEAFF,CASSVEGNTEAFF
241,CASSFIGNTEAFF,CASSFGNTEAFF
242,CASSLTAGSTDTQYF,CASSLTASSTDTQYF
243,CASSVNTEAFF,CASSWNTEAFF
244,CASSLSGSYEQYF,CASSLGGSYEQYF
245,CASSFSSSGNTIYF,CASSFSSSPGNTIYF
246,CASSLGSGGNEQFF,CASSLGSGYNEQFF
247,CASSLGPYNEQFF,CASSLGVYNEQFF
248,CASSPSGSEQFF,CASSPSGIEQFF
249,CASSFSSYEQYF,CASSSSYEQYF
250,CASSLGADYEQYF,CASSLGAYEQYF
251,CASSWSSYEQYF,CASSSSYEQYF
252,CASSLGGGEQFF,CASSLGGPGEQFF
253,CASSLVGSYEQYF,CASSLVGSSYEQYF
254,CASSYNGGELFF,CASSYSGGELFF
255,CASSVSGNTEAFF,CASSVYGNTEAFF
256,CASSLGGGSTDTQYF,CASSLAGGSTDTQYF
257,CASSLGGGSTDTQYF,CASSLTGGSTDTQYF
258,CASSQSSYEQYF,CASSSSYEQYF
259,CASSRSSYEQYF,CASSSSYEQYF
260,CASSVVGNTEAFF,CASSVYGNTEAFF
261,CASSYVGSEQFF,CASSYVGNEQFF
262,CASSLTGGYTDTQYF,CASSLTGGSTDTQYF
263,CASSLSSYEQYF,CASSSSYEQYF
264,CASSLLGYEQYF,CASSLLGEQYF
265,CASSLTLGEQYF,CASSLLGEQYF
266,CASSLVLGEQYF,CASSLLGEQYF
267,CASSSDYEQYF,CASSNDYEQYF
268,CASSQSPYEQYF,CASSQSYEQYF
269,CASSYVGGYGYTF,CASSYGGYGYTF
270,CASSLGGGSTDTQYF,CASSLSGGSTDTQYF
271,CASSQSSYEQYF,CASSQSYEQYF
272,CASSFMNTEAFF,CASSFANTEAFF
273,CATSRDRGLNQPQHF,CATSRDRGYNQPQHF
274,CASSLSENSPLHF,CASSLSDNSPLHF
275,CASSPAGGGTDTQYF,CASSWAGGGTDTQYF
276,CATSDLTGDEQFF,CATSDLLGDEQFF
277,CASSYVGGPEAFF,CASSYAGGPEAFF
278,CASSYSSGSNNEQFF,CASSYSSGSGNEQFF
279,CATSDLWTDTQYF,CATSDLFTDTQYF
280,CATSDLMTDTQYF,CATSDLFTDTQYF
281,CASSRSSYEQYF,CASSLRSSYEQYF
282,CATQDLFTDTQYF,CATSDLFTDTQYF
283,CASSLSSYEQYF,CASSLRSSYEQYF
284,CASSLGGSDEQFF,CASSLGGDEQFF
285,CASSFEGSYEQYF,CASSFGSYEQYF
286,CASSGFSYEQYF,CASSGGSYEQYF
287,CASSLVGGEQYF,CASSLGGEQYF
288,CASSLIGGEQYF,CASSLGGEQYF
289,CASSPGTGSYEQYF,CASSGTGSYEQYF
290,CASSLVGGELFF,CASSLGGELFF
291,CASSLVGGELFF,CASSLGGELFF
292,CASSLRGGNTEAFF,CASSLGGNTEAFF
293,CASSVNTEAFF,CASSWNTEAFF
294,CASSLGTDTQYF,CASSLSTDTQYF
295,CASSLSGSYEQYF,CASSLSGTYEQYF
296,CASSLGGGSTDTQYF,CASSLGGASTDTQYF
297,CASSPGGTEAFF,CASSQGGTEAFF
298,CSVETTNTGELFF,CSVCETTNTGELFF
299,CASSQGGGGTDTQYF,CASSQAGGGTDTQYF
300,CASSLGGTYEQYF,CASSPGGTYEQYF
301,CASSFSHEQYF,CASSFSYEQYF
302,CASSLSTGNYGYTF,CASSLQTGNYGYTF
303,CASSRGSSYEQYF,CASSFGSSYEQYF
304,CASSLDPGAYNEQFF,CASSLDPDAYNEQFF
305,CASSLGNYEQYF,CASSQGNYEQYF
306,CASSLVGGEQYF,CASSLVGDEQYF
307,CASSQEGVLEQYF,CASSQEGVHEQYF
308,CASSLVGGYEQYF,CASSLEGGYEQYF
309,CASSVVMNTEAFF,CASSVMNTEAFF
310,CASSLGGTYEQYF,CASSLGGQTYEQYF
311,CASSLGGTYEQYF,CASSLGGAYEQYF
312,CATSDLTGDEQFF,CATSDLTSDEQFF
313,CATSDLTGDEQFF,CATSDLTRDEQFF
314,CASSLDISYEQYF,CASSLDIYYEQYF
315,CATSDLYRDEQYF,CATSDLTRDEQYF
316,CATSDLWTDTQYF,CATSDLVTDTQYF
317,CATSDLWTDTQYF,CATSDLATDTQYF
318,CATSDLMTDTQYF,CATSDLVTDTQYF
319,CATSDLMTDTQYF,CATSDLATDTQYF
320,CASSAGSYEQYF,CASSLAGSYEQYF
321,CASSSGTDTQYF,CASSSSTDTQYF
322,CASSYVGGNTEAFF,CASSYSGGNTEAFF
323,CASSPAGWYEQYF,CASSPGWYEQYF
324,CASSLGGTGELFF,CASSLTGTGELFF
325,CASSLSGATEAFF,CASSLVSGATEAFF
326,CASSQDGSYEQYF,CASSQDVGSYEQYF
327,CATSRDRGLNQPQHF,CATSRDRGSNQPQHF
328,CASSLGPYNEQFF,CASSSGPYNEQFF
329,CSVEVLNTGELFF,CSVEVGNTGELFF
330,CASSFTGDYEQYF,CASSFTGYEQYF
331,CASSFSHEQYF,CASSFSYEQYF
332,CASSLAGGAGETQYF,CASSLAGGRGETQYF
333,CASSSDYEQYF,CASSFDYEQYF
334,CASSPMNTEAFF,CASSPGNTEAFF
335,CASSLDPGAYNEQFF,CASSLDPGGYNEQFF
336,CASSFGDYEQYF,CASSFDYEQYF
337,CASSLAGGSGETQYF,CASSLAGGRGETQYF
338,CASSVVGNTEAFF,CASSVVGGNTEAFF
339,CASSLTGGAADTQYF,CASSLTGGADTQYF
340,CASSPMNTEAFF,CASSDMNTEAFF
341,CASSFMNTEAFF,CASSDMNTEAFF
342,CASSPAGGGTDTQYF,CASSPAGGTDTQYF
343,CASSLTAGSTDTQYF,CASSLTSGSTDTQYF
344,CASSLTAGATDTQYF,CASSLRAGATDTQYF
345,CASSWSSYEQYF,CASSFSSYEQYF
346,CASSYGGPYEQYF,CASSYEGPYEQYF
347,CASSPSSGSQETQYF,CASSKSSGSQETQYF
348,CASSQSSYEQYF,CASSFSSYEQYF
349,CASSRSSYEQYF,CASSFSSYEQYF
350,CASSLSSYEQYF,CASSFSSYEQYF
351,CSARVVNTGELFF,CSARVENTGELFF
352,CASSVRDSSYEQYF,CASSVRDSYEQYF
353,CASSLDLNSYNEQFF,CASSLLNSYNEQFF
354,CASSIGGSPYNEQFF,CASSIGGSLYNEQFF
355,CASSIGGSPYNEQFF,CASSIGGSSYNEQFF
356,CASSLVGGELFF,CASSLVDGELFF
357,CASSPSGSEQFF,CASSPTSGSEQFF
358,CASSLGGTYEQYF,CASSLGGSYEQYF
359,CASSLGGTYEQYF,CASSLGGFYEQYF
360,CATSRVYNEQFF,CATSRDYNEQFF
361,CASSVSGANVLTF,CASSVGANVLTF
362,CASSLSGSYEQYF,CASSSGSYEQYF
363,CASSLRTEAFF,CASSLVRTEAFF
364,CASSQFTDTQYF,CASSQFADTQYF
365,CASSLMSYEQYF,CASSLVSYEQYF
366,CASSLAGVYEQYF,CASSLAGVPYEQYF
367,CASSVVGNTEAFF,CASSVVMNTEAFF
368,CASSLSSYEQYF,CASSLVSYEQYF
369,CASSPVGADTQYF,CASSPLGADTQYF
370,CASSLTGGSQETQYF,CASSLTGSQETQYF
371,CASSFSSYEQYF,CASSFSDSYEQYF
372,CASSPLGDTQYF,CASSPLGADTQYF
373,CASSLSTGNYGYTF,CASSLTGNYGYTF
374,CASSPMNTEAFF,CASSLMNTEAFF
375,CASSLSGSYEQYF,CASSLTSGSYEQYF
376,CSADGLAGDYNEQFF,CSADGLAGDNEQFF
377,CASSFMNTEAFF,CASSLMNTEAFF
378,CASSQDLNNEQFF,CASSQDLANEQFF
379,CASSLGGTYEQYF,CASSLGGYEQYF
380,CASSYSTSGYEQYF,CASSYSSGYEQYF
381,CASSLGGGEQFF,CASSLGGGELFF
382,CASSSDYEQYF,CASSSDSYEQYF
383,CASSLSGSYEQYF,CASSLSGDSYEQYF
384,CASSLDPYNEQFF,CASSLEPYNEQFF
385,CASSPTTGELFF,CASSPYTGELFF
386,CASSVVGNTEAFF,CASSVVGKNTEAFF
387,CASSLVGGELFF,CASSLVSGELFF
388,CASSLVGGELFF,CASSLGGGELFF
389,CASSVGNEQFF,CASSVGDNEQFF
390,CASSVGNEQFF,CASSVAGNEQFF
391,CASSVSDEQFF,CASSVGSDEQFF
392,CASSVGGQNTEAFF,CASSVGGKNTEAFF
393,CASSVGGQNTEAFF,CASSVGGENTEAFF
394,CASSLGTEAFF,CASSPGTEAFF
395,CASSVGGNEQFF,CASSVGDNEQFF
396,CASSVGGNEQFF,CASSVAGNEQFF
397,CASSVGSEQFF,CASSVGSDEQFF
398,CASSVGSEQFF,CASSVGDSEQFF
399,CASSVGSGDEQFF,CASSVGSDEQFF
400,CASSGLGDNEQFF,CASSGAGDNEQFF
401,CASSVANEQFF,CASSVADNEQFF
402,CASSVANEQFF,CASSVAGNEQFF
403,CASSQVTGQPQHF,CASSQVGQPQHF
404,CASSVADEQFF,CASSVADYEQFF
405,CASSVADEQFF,CASSVADNEQFF
406,CASSQAPGSYEQYF,CASSQAPGQSYEQYF
407,CASSVGDEQFF,CASSVGDNEQFF
408,CASSVGDEQFF,CASSVGSDEQFF
409,CASSVGDEQFF,CASSVGDSEQFF
410,CASSQEGTASYEQYF,CASSQEGSASYEQYF
411,CASSESTGELFF,CASSETGELFF
412,CASSVGVEQFF,CASSVVGVEQFF
413,CASSVGNEQFF,CASSVGYNEQFF
414,CASSPQGYEQYF,CASSPSGYEQYF
415,CASSPQGYEQYF,CASSPTGYEQYF
416,CASSVGGNEQFF,CASSVGYNEQFF
417,CASSRGYEQYF,CASSRDGYEQYF
418,CASSVGETQYF,CASSVAGETQYF
419,CASSVAGGEAFF,CASSVAGGPEAFF
420,CASSVGYEQFF,CASSVGYNEQFF
421,CASSSSGTSYNEQFF,CASSSSGSYNEQFF
422,CASSPGGEQFF,CASSLGGEQFF
423,CASSLGGELFF,CASSLGGEQFF
424,CASSTGDTQYF,CASSLGDTQYF
425,CASSLGTEAFF,CASSLAGTEAFF
426,CASSVGGNEQFF,CASSVGGYNEQFF
427,CASSVGDTQYF,CASSLGDTQYF
428,CASSVGGSTEAFF,CASSVGGTEAFF
429,CASSFGTVYEQYF,CASSFGTGYEQYF
430,CASSVGYEQFF,CASSVGDYEQFF
431,CASSVGDEQFF,CASSVGDYEQFF
432,CASSLGETQYF,CASSLGDTQYF
433,CASSFGTIYEQYF,CASSFGTGYEQYF
434,CASSESGTGGHEQFF,CASSESGTGGNEQFF
435,CASSPGTEAFF,CASSHGTEAFF
436,CASSLHSNTGELFF,CASSLNSNTGELFF
437,CASSLGAEQYF,CASSLGHEQYF
438,CASSTGGELFF,CASSGGGELFF
439,CASSVGGELFF,CASSGGGELFF
440,CASSEGGDTEAFF,CASSEGGSTEAFF
441,CASSAGYEQYF,CASSAGSYEQYF
442,CASSVGGGTYNEQFF,CASSVGGGYNEQFF
443,CASSVGSGSYEQYF,CASSVGGSYEQYF
444,CASSVGSGSYEQYF,CASSVGSSYEQYF
445,CASSVGSGSYEQYF,CASSVGSGRYEQYF
446,CASSQGYEQYF,CASSQGGEQYF
447,CASSLAGASGYTF,CASSLGASGYTF
448,CASSVGGNEQFF,CASSVGGYNEQFF
449,CASSLGGEAFF,CASSLGGELFF
450,CASSLGGEAFF,CASSGGGEAFF
451,CASSLGGEAFF,CASSLGGELFF
452,CASSLGGEAFF,CASSLGGAAFF
453,CASSLGGEAFF,CASSLGGEQFF
454,CASSGSSYNEQFF,CASSGSGYNEQFF
455,CASSVGGSEQYF,CASSVGGSYEQYF
456,CASSVGGSEQYF,CASSVGGSNEQYF
457,CASSVGGSTEAFF,CASSPGGSTEAFF
458,CASSVGGSTEAFF,CASSSGGSTEAFF
459,CASSVGGSTEAFF,CASSTGGSTEAFF
460,CASSVGGSTEAFF,CASSAGGSTEAFF
461,CASSVGGSTEAFF,CASSEGGSTEAFF
462,CASSLGQGWDEQYF,CASSLGQGNDEQYF
463,CASSVASSYEQYF,CASSVGSSYEQYF
464,CASSGSAYNEQFF,CASSGSGYNEQFF
465,CASSLALEQYF,CASSLAYEQYF
466,CASSVGDEQFF,CASSVGLDEQFF
467,CASSLAVYEQYF,CASSLGVYEQYF
468,CASSLAVYEQYF,CASSLAYEQYF
469,CASSPGTEAFF,CASSPIGTEAFF
470,CASSLPGDPYEQYF,CASSLPAGDPYEQYF
471,CASSLAVYNEQFF,CASSLAGYNEQFF
472,CASSGLGDNEQFF,CASSPLGDNEQFF
473,CASSLAGTDTQYF,CASSLALTDTQYF
474,CASSPRDGPYEQYF,CASSPRDGSPYEQYF
475,CASSPGTEAFF,CASSQGTEAFF
476,CASSQGYEQYF,CASSLGYEQYF
477,CASSQYMNTEAFF,CASSQNMNTEAFF
478,CASSRGYEQYF,CASSLGYEQYF
479,CASSPTDYNEQFF,CASSPDYNEQFF
480,CASSEGLRPYEQYF,CASSEGLGPYEQYF
481,CASSLRQGAYEQYF,CASSLRQGYEQYF
482,CASSFISGYNEQFF,CASSFPSGYNEQFF
483,CASSSPSSYNEQFF,CASSPSSYNEQFF
484,CSVAETGELFF,CSVQETGELFF
485,CASSVGNEQFF,CASSVGNGEQFF
486,CASSLGTEAFF,CASSLGPEAFF
487,CASSVGGEQFF,CASSVGNGEQFF
488,CASSVGGSTEAFF,CASSVGGYTEAFF
489,CASSLGTEAFF,CASSLGVEAFF
490,CASSPAYEQYF,CASSPASYEQYF
491,CASSQAPGSYEQYF,CASSQAPGAYEQYF
492,CASSTGYEQYF,CASSTDGYEQYF
493,CASSVGYEQYF,CASSVDGYEQYF
494,CASSLEGQQNTEAFF,CASSLEGQVNTEAFF
495,CASSLGATYEQYF,CASSLGQTYEQYF
496,CASSPGTTYEQYF,CASSPGSTYEQYF
497,CASSVGEAQYF,CASSVGETQYF
498,CASSVGNEQFF,CASSVGGNEQFF
499,CASSVGGTQYF,CASSVGETQYF
500,CASSVGGELFF,CASSVGAGELFF
501,CASSVGSGSYEQYF,CASSVGSGHYEQYF
502,CASSVGGAEQYF,CASSVGGAYEQYF
503,CASSTGETQYF,CASSVGETQYF
504,CASSVGQTQYF,CASSVGETQYF
505,CASSAGSSYNEQFF,CASSASGSSYNEQFF
506,CSARKISSYEQYF,CSARKRSSYEQYF
507,CASSVSETQYF,CASSVGETQYF
508,CASSVGEQQYF,CASSVGETQYF
509,CASSVGGEQFF,CASSVGGNEQFF
510,CASSESTGELFF,CASSVSTGELFF
511,CASSVGAANTEAFF,CASGVGAANTEAFF
512,CASSVGDTQYF,CASSVGETQYF
513,CASSASGSSYNEQFF,CASSASGDSYNEQFF
514,CASSVAGELFF,CASSVGAGELFF
515,CASSVGGGADQPQHF,CASSVGGADQPQHF
516,CASSLGETQYF,CASSVGETQYF
517,CASSLAVYEQYF,CASSLADYEQYF
518,CASWGIQETQYF,CASSGIQETQYF
519,CASSSPGTSTDTQYF,CASSSPGTSGDTQYF
520,CASSPSGSGYEQYF,CASSPSGSYEQYF
521,CASSPGAGELFF,CASSPAGELFF
522,CASSYGQGETQYF,CASSYGGETQYF
523,CSVVNTGELFF,CSVGNTGELFF
524,CASSLAGPDTQYF,CASSLAPDTQYF
525,CASSLTNTEAFF,CASSLTVNTEAFF
526,CASSEGGDTEAFF,CASSEGGGTEAFF
527,CASSVGSGSYEQYF,CASSVGSGSSYEQYF
528,CASSRGSGSYEQYF,CASSRGSGSSYEQYF
529,CASSVGGNEQFF,CASSVGWGNEQFF
530,CASSGLAGAGELFF,CASSGLAGTGELFF
531,CASSYGQGETQYF,CASSYGNGETQYF
532,CASSAGYEQYF,CASSAQGYEQYF
533,CASSVGSGSYEQYF,CASSVGQGSYEQYF
534,CASSFSGNPYEQYF,CASSFSGTPYEQYF
535,CASSEGTGLYEQYF,CASSEGTGWYEQYF
536,CASSLGGGAYNEQFF,CASSLGGGYNEQFF
537,CASSLGQVYNEQFF,CASSLGVYNEQFF
538,CASSYGGELFF,CASSYLGGELFF
539,CATSDLQGITDTQYF,CATSDLQGETDTQYF
540,CASSVEGNTEAFF,CASSVEGFTEAFF
541,CASSIASGRDNEQFF,CASSIASGRYNEQFF
542,CASSVGDNEQFF,CASSVGYNEQFF
543,CASSVGLGPTDTQYF,CASSVGLGGTDTQYF
544,CSARGDLGTGELFF,CSARDLGTGELFF
545,CASSYRGSGTDTQYF,CASSYGSGTDTQYF
546,CASSFSGNEQFF,CASSFSGYNEQFF
547,CASSFSGNEQFF,CASSLSGNEQFF
548,CASSFSGNEQFF,CASSFSGHEQFF
549,CASSLAGSSYEQYF,CASSLQGSSYEQYF
550,CASSLAGSTDTQYF,CASSLAGGSTDTQYF
551,CASSLAGSTDTQYF,CASSLAGPSTDTQYF
552,CATSRQAQETQYF,CATSRRAQETQYF
553,CASSYGGELFF,CASSYSGGELFF
554,CASSLFTGELFF,CASSFTGELFF
555,CASSYTYEQYF,CASSYVYEQYF
556,CASSVGEGGPDTQYF,CASSVEGGPDTQYF
557,CASSTSRGETQYF,CASSTSGETQYF
558,CASSVEGNTEAFF,CASSVYGNTEAFF
559,CASSYGYEQYF,CASSYVYEQYF
560,CASSVDGAGQETQYF,CASSVDGGQETQYF
561,CASSVGDNEQFF,CASSVGDYEQFF
562,CASSVGDNEQFF,CASSVEGDNEQFF
563,CASSVADYEQFF,CASSVGDYEQFF
564,CASSFGPYEQYF,CASSFGIYEQYF
565,CASSLTGRNTEAFF,CASSLSGRNTEAFF
566,CASSVGDSEQFF,CASSVGDYEQFF
567,CASSFINTEAFF,CASSFANTEAFF
568,CASSPPRETQYF,CASSPPGETQYF
569,CASSLAGQGSYEQYF,CASSLEGQGSYEQYF
570,CASSGGASYEQYF,CASSGGSYEQYF
571,CASSGGASYEQYF,CASSVGGASYEQYF
572,CASSVVGDPSYEQYF,CASSVGGDPSYEQYF
573,CASSVVGSGELFF,CASSVGGSGELFF
574,CASSLGLEQFF,CASSLGGEQFF
575,CASSVDGTGELFF,CASSVPGTGELFF
576,CASSLGTGYEQYF,CASSPGTGYEQYF
577,CASSVGSDEQFF,CASSVGLDEQFF
578,CASSLGLNTEAFF,CASSLGGNTEAFF
579,CASSQGGSEQYF,CASSLGGSEQYF
580,CASSQGGSEQYF,CASSQGGNEQYF
581,CASSFGNTEAFF,CASSRGNTEAFF
582,CASSPPGNEQFF,CASSPPSGNEQFF
583,CASSFDSSYEQYF,CASSFGSSYEQYF
584,CASSVAGNEQFF,CASSVAGPNEQFF
585,CASSLDRANTEAFF,CASSLDRGANTEAFF
586,CSAGPMNTEAFF,CSAGVMNTEAFF
587,CSAIRDFRYNEQFF,CSAIRDRYNEQFF
588,CASSLSGAGYGYTF,CASSLSGADYGYTF
589,CASSLAGNEQYF,CASSLAGYEQYF
590,CASSLAGNEQYF,CASSLAGNYEQYF
591,CASSLAGNEQYF,CASSLAGSEQYF
592,CASSLAGNEQYF,CASSLAGNEQFF
593,CASSLAGNEQYF,CASSLAGTEQYF
594,CASSLAGNEQYF,CASSLAGIEQYF
595,CASSLAGNEQYF,CASSLAGANEQYF
596,CASSLGNEQFF,CASSLGNEQYF
597,CASSLAGAGDQFF,CASSLAGAGEQFF
598,CASSLGLEQFF,CASSLAGLEQFF
599,CASSLAGVEAFF,CASSLAGVGEAFF
600,CASSLAGVEAFF,CASSLAGLEAFF
601,CASSLAGVEAFF,CASSLAGVELFF
602,CASSLAGVEAFF,CASSLAGVGAFF
603,CASSLAGVEAFF,CASSLAGTEAFF
604,CASSLAGVEAFF,CASSIAGVEAFF
605,CASSLAGVEAFF,CASSLAGVEQFF
606,CASSLAGVEAFF,CASSLAGSEAFF
607,CASSLAGVEAFF,CASSLAGVELFF
608,CASSLAGVEAFF,CASSLAGIEAFF
609,CASSLAGNEQYF,CASSLAGTEQYF
610,CASSLAGNEQYF,CASSLAGNEQFF
611,CASSYTRGYEQYF,CASSYERGYEQYF
612,CASSLAGVEAFF,CASSLAGTEAFF
613,CSVRGTDYGYTF,CSVAGTDYGYTF
614,CASSLQGRVNQPQHF,CASSLWGRVNQPQHF
615,CASSFGPYEQYF,CASSTGPYEQYF
616,CASSYRGSGTDTQYF,CASSYVGSGTDTQYF
617,CATSDLQGITDTQYF,CATSDLVGITDTQYF
618,CASSPGTEAFF,CASSPGNTEAFF
619,CASSYGPSEQYF,CASSYGPAEQYF
620,CASSQELANNEQFF,CASSQETANNEQFF
621,CASSLGTKQETQYF,CASSLGTGQETQYF
622,CASSLAGSTDTQYF,CASSLAGESTDTQYF
623,CASSARNTEAFF,CASSAGNTEAFF
624,CASSYSSVPYEQYF,CASSYSGVPYEQYF
625,CASSLAGYTDTQYF,CASSLAGPTDTQYF
626,CASSFGPYEQYF,CASSFGYEQYF
627,CASSLDRSYEQYF,CASSLERSYEQYF
628,CASSYTRGYEQYF,CASSYTRDGYEQYF
629,CASSFASNTEAFF,CASSFYSNTEAFF
630,CASSPPRETQYF,CASSPPEETQYF
631,CSARGAGNTGELFF,CSARGAGMNTGELFF
632,CASSVGDNEQFF,CASSVGGNEQFF
633,CASSRGVHEQYF,CASRGVHEQYF
634,CASSVAGNEQFF,CASSVGGNEQFF
635,CSVTRGTEAFF,CSVARGTEAFF
636,CASSQELAAYEQYF,CASSQDLAAYEQYF
637,CASQGVGTEAFF,CASKGVGTEAFF
638,CASSPRDRVNEQYF,CASSPADRVNEQYF
639,CASSLIGGAYEQYF,CASSLIGGSYEQYF
640,CASSSGGTEAFF,CASSSGQGTEAFF
641,CASSLAPQDTQYF,CASSLAPDTQYF
642,CASSQESYNEQFF,CASSQESNYNEQFF
643,CASSLVQGGQPQHF,CASSLVQGSQPQHF
644,CASSLGSRAYEQYF,CASSLGRAYEQYF
645,CATSDLQGITDTQYF,CATSDLQGYTDTQYF
646,CASSVGGKNTEAFF,CASSVVGKNTEAFF
647,CASSGDSSYEQYF,CASSGDSYEQYF
648,CASSLIGGAYEQYF,CASSLAGGAYEQYF
649,CASSIITGSNQPQHF,CASSIGTGSNQPQHF
650,CASSMGQGTYEQYF,CASSMGQGQTYEQYF
651,CASSMGQGTYEQYF,CASSMGQGITYEQYF
652,CASSMGQGTYEQYF,CASSMGQGVTYEQYF
653,CASSYWGGEQFF,CASSYGGGEQFF
654,CASSYGDTQYF,CASSYGSDTQYF
655,CASSYLGGELFF,CASSYSGGELFF
656,CASSLSTGNTIYF,CASSLTGNTIYF
657,CASSYSGPGELFF,CASSYVGPGELFF
658,CASSYSGPGELFF,CASSYSGGELFF
659,CASSLGAGGGETQYF,CASSLGAGGETQYF
660,CASSLGTGYNEQFF,CASSLTGYNEQFF
661,CASSLGGYEQYF,CASSLGYEQYF
662,CASSYEGGPETQYF,CASSYEGGMETQYF
663,CASSPAGAYEQYF,CASSPAGNYEQYF
664,CASSQTSGYTDTQYF,CASSQTSGGTDTQYF
665,CASSLDSNQPQHF,CASSLLDSNQPQHF
666,CASSLTAGNTEAFF,CASSLTVGNTEAFF
667,CASSLTSGIYNEQFF,CASSLTSGPYNEQFF
668,CASSLAQGNTGELFF,CASSLGQGNTGELFF
669,CASSLGGGYEQYF,CASSLGGYEQYF
670,CASSETGELFF,CASSGTGELFF
671,CASSYGGGELFF,CASSGGGELFF
672,CASSSTGGLYNEQFF,CASSSTGGAYNEQFF
673,CASSLGGGYEQYF,CASSLGGYEQYF
674,CASSLTGETYEQYF,CASSLTGTYEQYF
675,CASSPGVGNQPQHF,CASSPGVYGNQPQHF
676,CASSLGVGTEAFF,CASSLGGTEAFF
677,CASSLGEYTDTQYF,CASSLGPYTDTQYF
678,CASSLGSGSYNEQFF,CASSLDSGSYNEQFF
679,CASGLAAYEQYF,CASGLLAYEQYF
680,CASSSGYEQYF,CASSPSGYEQYF
681,CASSLGGGYEQYF,CASSLEGGYEQYF
682,CASSLGGSYEQYF,CASSLGQSYEQYF
683,CASSLVSGELFF,CASSLVPGELFF
684,CASSYNYNEQFF,CASSPNYNEQFF
685,CASSLGGTDTQYF,CASSLGTGTDTQYF
686,CASSQDSGLNTEAFF,CASSQDPGLNTEAFF
687,CASSWGQGVYNEQFF,CASSQGQGVYNEQFF
688,CASSQDPALNTEAFF,CASSQDPGLNTEAFF
689,CASSQDPGMNTEAFF,CASSQDPGLNTEAFF
690,CASSFPGAEQYF,CASSFVGAEQYF
691,CASSQDPGVNTEAFF,CASSQDPGLNTEAFF
692,CASSLGHEQYF,CASSLGNEQYF
693,CASSLAEGLNTEAFF,CASSLAGGLNTEAFF
694,CASSYTNTGELFF,CASSYSNTGELFF
695,CASSLDSNQPQHF,CASSLGSNQPQHF
696,CASSPSSYEQYF,CASSPNSYEQYF
697,CASSLGSTDTQYF,CASSLGTDTQYF
698,CASSLAPGGDTEAFF,CASSLATGGDTEAFF
699,CASSLGLAGGNEQFF,CASSLGLAGGYEQFF
700,CASSGGSGYEQYF,CASSEGGSGYEQYF
701,CASSLARDTSYEQYF,CASSLARDSYEQYF
702,CASSLQLNTEAFF,CASSLKLNTEAFF
703,CASSWTGETEAFF,CASSWTGTEAFF
704,CASSYSAGDTGELFF,CASSYSLGDTGELFF
705,CASSPPGSEQFF,CASSPPGQEQFF
706,CASSLTGSSTDTQYF,CASSLTGFSTDTQYF
707,CASSYLDNEQFF,CASSLDNEQFF
708,CASSLGVGNQPQHF,CASSLGGNQPQHF
709,CASSLGVYNEQFF,CASSLGPYNEQFF
710,CASSLGVYNEQFF,CASSLGGYNEQFF
711,CASSLGTGYNEQFF,CASSLGGYNEQFF
712,CASSIQGDNQPQHF,CASSLQGDNQPQHF
713,CASSWTGETEAFF,CASSWTGGTEAFF
714,CASSPDRANTEAFF,CASSPDRMNTEAFF
715,CASSLTGETYEQYF,CASSTGETYEQYF
716,CASSVVGGDTEAFF,CASSVVGGGTEAFF
717,CASSVVGGDTEAFF,CASSVVGGNTEAFF
718,CASSLGVGYNEQFF,CASSLGGYNEQFF
719,CASSLGIGYNEQFF,CASSLGGYNEQFF
720,CASSLGTGVEYEQYF,CASSLGTGVSYEQYF
721,CASSLGTGVEYEQYF,CASSLGTGVVYEQYF
722,CASSLTGEAYEQYF,CASSLTEAYEQYF
723,CASSLDSNQPQHF,CASSLGSNQPQHF
724,CASSLGGGYNEQFF,CASSLGGYNEQFF
725,CASSIGGNQPQHF,CASSLGGNQPQHF
726,CASSLGSGYNEQFF,CASSLGGYNEQFF
727,CASSSNTGELFF,CASSASNTGELFF
728,CASSWTGETEAFF,CASSTGETEAFF
729,CASSVGISTDTQYF,CASSVGYSTDTQYF
730,CASSWGQTYEQYF,CASSLGQTYEQYF
731,CASSVGLSTDTQYF,CASSVGYSTDTQYF
732,CASSQVEVTGELFF,CASSQEEVTGELFF
733,CASSLDSNQPQHF,CASSLNSNQPQHF
734,CASSLDSNQPQHF,CASSLGSNQPQHF
735,CASSRTSGNTDTQYF,CASSRTSGGTDTQYF
736,CASSPSSYEQYF,CASSDSSYEQYF
737,CASTSDSYEQYF,CASTDSYEQYF
738,CASSLGGYEQYF,CASSLRGYEQYF
739,CASSLTASSTDTQYF,CASSLTSSTDTQYF
740,CASSPDSNEQFF,CASSPRDSNEQFF
741,CASSLTSGIYNEQFF,CASSLTSGSYNEQFF
742,CASSLGSGSYNEQFF,CASSLGSSYNEQFF
743,CASSLGSGSYNEQFF,CASSLTSGSYNEQFF
744,CASSLTGSSTDTQYF,CASSLTSSTDTQYF
745,CASSLGGTDTQYF,CASSLGSGTDTQYF
746,CASSLGGTDTQYF,CASSLGGPTDTQYF
747,CASSLDSNQPQHF,CASSLDSSNQPQHF
748,CASSLGSGYNEQFF,CASSLGSSYNEQFF
749,CASSSNTGELFF,CASSSYTGELFF
750,CASSLGGSYEQYF,CASSLGSSYEQYF
751,CASSSGTMNTEAFF,CASSSGMNTEAFF
752,CASSLGSGSYNEQFF,CASSLGSSYNEQFF
753,CASSLGGTDTQYF,CASSLGTDTQYF
754,CASSLGGTDTQYF,CASSLGHTDTQYF
755,CASSFGFGEQFF,CASSFGTGEQFF
756,CASSLHRDSYEQYF,CASSLHRDHYEQYF
757,CASSLHRDSYEQYF,CASSLSRDSYEQYF
758,CASSLHRDSYEQYF,CASSLHRDVSYEQYF
759,CASSQDWDSSYEQYF,CASSQDRDSSYEQYF
760,CASSLGSGYNEQFF,CASSLGSSYNEQFF
761,CASSLGQGIGYTF,CASSLGQGSGYTF
762,CASSVGWTGTYEQYF,CASSVGWGGTYEQYF
763,CASSLSQGSYNEQFF,CASSLSQGAYNEQFF
764,CASSQENYSNQPQHF,CASSQERYSNQPQHF
765,CASSLGGYEQYF,CASSLGGEQYF
766,CASSYGQGETQYF,CASSYGGETQYF
767,CASSLTASSTDTQYF,CASSLLASSTDTQYF
768,CASSLGGSYEQYF,CASSLIGGSYEQYF
769,CASSLGGTEQYF,CASSLGGEQYF
770,CASSLGVGTEAFF,CASSLGQGTEAFF
771,CASSLGVGTEAFF,CASSLSVGTEAFF
772,CASSLDSNQPQHF,CASSLADSNQPQHF
773,CASSYGQGETQYF,CASSYGNGETQYF
774,CASSLSQGAYNEQFF,CASSLQGAYNEQFF
775,CSVDKQGSGNTIYF,CSVDGQGSGNTIYF
776,CATSDLQGETDTQYF,CATSDLQGYTDTQYF
777,CASSQDRDSSYEQYF,CASSQDPDSSYEQYF
778,CASSLPGLEDTQYF,CASSPGLEDTQYF
779,CASSLGLNNEQFF,CASSLTLNNEQFF
780,CASSLGGSYEQYF,CASSFGGSYEQYF
781,CASSLGTGDQPQHF,CASSLGGDQPQHF
782,CASSLVSGELFF,CASSLVLSGELFF
783,CASSLAFGTEAFF,CASSLAQGTEAFF
784,CASSLGGTDTQYF,CASSLGGSDTQYF
785,CASSLGGTDTQYF,CASSLGTDTQYF
786,CASSLHRDSYEQYF,CASSLHRDYEQYF
787,CASSLDSNQPQHF,CASSLYSNQPQHF
788,CASSLDGYNEQFF,CASSLDSYNEQFF
789,CASSVEGYNEQFF,CASSVGYNEQFF
790,CASSLDGYNEQFF,CASSLEGYNEQFF
791,CASSVEGYNEQFF,CASSVGGYNEQFF
792,CASSVEGYNEQFF,CASSVEGDNEQFF
793,CASSHGQGSYEQYF,CASSHEQGSYEQYF
794,CASTLGQGLYNEQFF,CASTLGQGLNEQFF
795,CASSIGTGTLYEQYF,CASSIATGTLYEQYF
796,CASSIGTGVTYEQYF,CASSIATGVTYEQYF
797,CASSVEGYNEQFF,CASSVGGYNEQFF
798,CASSPSGDRSYEQYF,CASSPSGDLSYEQYF
799,CASSAGQGITYEQYF,CASSIGQGITYEQYF
800,CASSIGQGDTYEQYF,CASSIGQGITYEQYF
801,CASSIGQGNTYEQYF,CASSIGQGITYEQYF
802,CASSIGQGIVYEQYF,CASSIGQGITYEQYF
803,CASSAGQGVTYEQYF,CASSAGQGITYEQYF
804,CASSAGQGISYEQYF,CASSAGQGITYEQYF
805,CASSIGQGILYEQYF,CASSIGQGITYEQYF
806,CASSVGQGITYEQYF,CASSAGQGITYEQYF
807,CASSVGQGITYEQYF,CASSIGQGITYEQYF
808,CASSIGQGWTYEQYF,CASSIGQGITYEQYF
809,CASSMGQGITYEQYF,CASSAGQGITYEQYF
810,CASSMGQGITYEQYF,CASSIGQGITYEQYF
811,CASSAGLGITYEQYF,CASSAGQGITYEQYF
812,CASSIGQGIGYEQYF,CASSIGQGITYEQYF
813,CASSIGQGVTYEQYF,CASSIGQGITYEQYF
814,CASSKGQGITYEQYF,CASSAGQGITYEQYF
815,CASSKGQGITYEQYF,CASSIGQGITYEQYF
816,CASSFGNTEAFF,CASSFGSTEAFF
817,CASSIGQGIAYEQYF,CASSIGQGITYEQYF
818,CASSIGQGKTYEQYF,CASSIGQGITYEQYF
819,CASSLDGYNEQFF,CASSLAGYNEQFF
820,CASSLDGYNEQFF,CASSLPGYNEQFF
821,CASSHGQGSYEQYF,CASSHGQGISYEQYF
822,CASSHGQGSYEQYF,CASSHGQGSSYEQYF
823,CASSTGQGIPDTQYF,CASSTGQGIADTQYF
824,CASSIGTGWSTEAFF,CASSIGTGSTEAFF
825,CASSIGTGLSTEAFF,CASSIGTGSTEAFF
826,CASSQDLGGYNEQFF,CASSQDLGYNEQFF
827,CASSIGLGAYNEQFF,CASSIGLAAYNEQFF
828,CASSFTGDYEQYF,CASSFTGYEQYF
829,CASSHGTGTSYEQYF,CASSIGTGTSYEQYF
830,CASSIGTGVLYEQYF,CASSIGTGVVYEQYF
831,CASSIGTGVDYEQYF,CASSIGTGVVYEQYF
832,CASSIGQGVVYEQYF,CASSIGTGVVYEQYF
833,CASSIGTGYSYEQYF,CASSIGTGTSYEQYF
834,CASSIGTGTAYEQYF,CASSIGTGTSYEQYF
835,CASSIGTGTLYEQYF,CASSIGTGTSYEQYF
836,CASSIGTGVSYEQYF,CASSIGTGVVYEQYF
837,CASSIGTGVSYEQYF,CASSIGTGTSYEQYF
838,CASSIGTGVTYEQYF,CASSIGTGVVYEQYF
839,CASSIGTGWSYEQYF,CASSIGTGTSYEQYF
840,CASSIGTGDSYEQYF,CASSIGTGTSYEQYF
841,CASSPGTGLRYEQYF,CASSPGTGVRYEQYF
842,CASSSGTGVRYEQYF,CASSPGTGVRYEQYF
843,CASSIGAGVGTEAFF,CASSIEAGVGTEAFF
844,CASSIGVSSYNEQFF,CASSIGGSSYNEQFF
845,CASSIGAGAGNEQFF,CASSIGAGLGNEQFF
846,CASSIGAGAGNEQFF,CASSIGAGVGNEQFF
847,CASSIGQGLNNEQFF,CASSIGAGLNNEQFF
848,CASSIGAGVHNEQFF,CASSIGAGVGNEQFF
849,CASSIGAGVHNEQFF,CASSIGAGVFNEQFF
850,CASSIGAGFGNEQFF,CASSIGAGLGNEQFF
851,CASSIGAGFGNEQFF,CASSIGAGVGNEQFF
852,CASSIGAGLDNEQFF,CASSIGAGLGNEQFF
853,CASSIGAGLDNEQFF,CASSIGAGLNNEQFF
854,CASSIGAGLGHEQFF,CASSIGAGLGNEQFF
855,CASSLGSSHEQYF,CASSLGSSYEQYF
856,CASSIGAGTRNEQFF,CASSIGAGTSNEQFF
857,CASSPGTGNSYEQYF,CASSPGTGSSYEQYF
858,CASSPGTGYSYEQYF,CASSPGTGSSYEQYF
859,CASSPGLGSSYEQYF,CASSPGTGSSYEQYF
860,CASSLGTGSSYEQYF,CASSPGTGSSYEQYF
861,CASSIGTGQAYEQYF,CASSIGPGQAYEQYF
862,CASSIGQGQAYEQYF,CASSIGPGQAYEQYF
863,CASSLLANTEAFF,CASSLLQNTEAFF
864,CASSVVASTDTQYF,CASSVVATSTDTQYF
865,CASSIGQGGSYEQYF,CASSIGQGGSEQYF
866,CASSSTGGVTDTQYF,CASSSTGVVTDTQYF
867,CASSSTGGVTDTQYF,CASSSTGTVTDTQYF
868,CASSSTGGVTDTQYF,CASSSTGGITDTQYF
869,CASSDSGDTQYF,CASSFSGDTQYF
870,CASSNSGGSTDTQYF,CASSLSGGSTDTQYF
871,CASSNSGGSTDTQYF,CASSFSGGSTDTQYF
872,CASSSTGGSTDTQYF,CASSSTGASTDTQYF
873,CASSSTGGSTDTQYF,CASSSTGVSTDTQYF
874,CASSSTGGSTDTQYF,CASSSTGGITDTQYF
875,CASSSTGGSTDTQYF,CASSSTGTSTDTQYF
876,CASSQRKYEQYF,CASSQRGYEQYF
877,CASSKSYEQYF,CASSQSYEQYF
878,CASSKSYEQYF,CASSASYEQYF
879,CASSYGGPYEQYF,CASSYGGGYEQYF
880,CASSTTGGSTDTQYF,CASSTTGISTDTQYF
881,CASSLAGGSTDTQYF,CASSLSGGSTDTQYF
882,CASSFGGTEQYF,CASSFGGLEQYF
883,CASSVDGTEAFF,CASSVGGTEAFF
884,CASSPSGASTDTQYF,CASSPTGASTDTQYF
885,CASSLTGGSTDTQYF,CASSLSGGSTDTQYF
886,CASSLTGGSTDTQYF,CASSLTGASTDTQYF
887,CASSLTGGSTDTQYF,CASSLTGVSTDTQYF
888,CASSLTGGSTDTQYF,CASSLTGISTDTQYF
889,CASSLVAYEQYF,CASSLQAYEQYF
890,CASSFAGYEQFF,CASSFGYEQFF
891,CASSPTGYEQYF,CASSPTGNYEQYF
892,CASSFVYEQFF,CASSFGYEQFF
893,CASSLTGAVTDTQYF,CASSLTGASTDTQYF
894,CASSLTGAVTDTQYF,CASSLTGADTDTQYF
895,CASSLTGAVTDTQYF,CASSLTGAITDTQYF
896,CASSLTGAVTDTQYF,CASSLTGATTDTQYF
897,CASSSSGSSADTQYF,CASSSSGSSTDTQYF
898,CASSQGGLEQYF,CASSFGGLEQYF
899,CASSLSGASTDTQYF,CASSLSGGSTDTQYF
900,CASSLSGASTDTQYF,CASSLTGASTDTQYF
901,CASSLSGASTDTQYF,CASSLSGVSTDTQYF
902,CASSFGGYGYTF,CASSYGGYGYTF
903,CASSSSYEQYF,CASSQSYEQYF
904,CASSSSYEQYF,CASSASYEQYF
905,CASSLGAYEQYF,CASSLQAYEQYF
906,CASSEGGDTQYF,CASSFGGDTQYF
907,CASSVGYNEQFF,CASSVGGYNEQFF
908,CASSLSGPYNEQFF,CASSLTSGPYNEQFF
909,CASSLWAGGYNEQFF,CASSLLAGGYNEQFF
910,CASSLGYNEQFF,CASSLEGYNEQFF
911,CASSPGGWQTQYF,CASSPGGWETQYF
912,CASSVDGGSYEQYF,CASSVGGSYEQYF
913,CASSLDGYEQYF,CASSSDGYEQYF
914,CASSQTDTQYF,CASSQLTDTQYF
915,CASSSTGYEQYF,CASSSDGYEQYF
916,CASSLGGEQFF,CASSLGGDEQFF
917,CASSLGGEQFF,CASSLGGELFF
918,CASSLGSEQFF,CASSLGGEQFF
919,CASSVGYNEQFF,CASSVGGYNEQFF
920,CASSLGGYGYTF,CASSLGAGYGYTF
921,CASSLDSYNEQFF,CASSLDSNEQFF
922,CASSLGVNTEAFF,CASSLGTVNTEAFF
923,CASSFSGYNEQFF,CASSFSAYNEQFF
924,CASSYLGDTQYF,CASSYYLGDTQYF
925,CASSLGYNEQFF,CASSLPGYNEQFF
926,CASSPPTGSYEQYF,CASSPPGGSYEQYF
927,CASSLGAYEQYF,CASSLGANEQYF
928,CASSPQGYEQYF,CASSPQGDEQYF
929,CASSPQGYEQYF,CASSPSGYEQYF
930,CASSLGETQYF,CASSLIETQYF
931,CASSLTGAYEQYF,CASSLTGPAYEQYF
932,CASSQEWNQPQHF,CASSQEWFNQPQHF
933,CASSLTGGSTDTQYF,CASSLTGASTDTQYF
934,CASSFLTGAGYTF,CASSFLTGEGYTF
935,CASSLTGAVTDTQYF,CASSLTGASTDTQYF
936,CASSPGYEQYF,CASSPGTYEQYF
937,CASSPLGYEQYF,CASSLGYEQYF
938,CASSPLGYEQYF,CASSPDGYEQYF
939,CASSLSGASTDTQYF,CASSLTGASTDTQYF
940,CASSYDNEQFF,CASSLDNEQFF
941,CASSRDGYEQYF,CASSPDGYEQYF
942,CASSLAGGSYNEQFF,CASSLAGGYYNEQFF
943,CASSLAGGSYNEQFF,CASSLAGGPYNEQFF
944,CASSLQGSSYEQYF,CASSTQGSSYEQYF
945,CASSYQGNSPLHF,CASSVQGNSPLHF
946,CASSLYTGGETQYF,CASSLMTGGETQYF
947,CASSQGYEQFF,CASSQGNEQFF
948,CASSSTGYEQYF,CASSSTRYEQYF
949,CASSYGAHEQYF,CASSYGAEQYF
950,CASSLGSDTQYF,CASSLGSETQYF
951,CASSLTGEELFF,CASSLTGLELFF
952,CASSLGETQYF,CASSLIGETQYF
953,CASSYLDTQYF,CASSYGDTQYF
954,CASSNSGGSTDTQYF,CASSSSGGSTDTQYF
955,CASSSTGGSTDTQYF,CASSSSGGSTDTQYF
956,CASSLIFYEQYF,CASSYIFYEQYF
957,CASSLGETQYF,CASSILGETQYF
958,CASSLGETQYF,CASSLGDTQYF
959,CASRGTSGSYEQYF,CASRGTSGNYEQYF
960,CASSTAAEAFF,CASSFAAEAFF
961,CASSLADTQYF,CASSLGDTQYF
962,CASSLDGYEQYF,CASSLWGYEQYF
963,CASSLSFEQFF,CASSLSNEQFF
964,CASSLYLGYEQYF,CASSLSLGYEQYF
965,CASSFSAEAFF,CASSFAAEAFF
966,CASSISGETQYF,CASSILGETQYF
967,CASSLSGNEQFF,CASSLSNEQFF
968,CASSPTGYEQYF,CASSPWTGYEQYF
969,CASSFTGELFF,CASSFGGELFF
970,CASSLVYEQYF,CASSLLVYEQYF
971,CASSYLGDTQYF,CASSYGDTQYF
972,CASSLSGEQFF,CASSLSNEQFF
973,CASSYGPEAFF,CASSWGPEAFF
974,CASSYGPEAFF,CASSLGPEAFF
975,CASSLTDTQYF,CASSLGDTQYF
976,CASSYQGNSPLHF,CASSYGNSPLHF
977,CASSLPGELFF,CASSLSPGELFF
978,CASSSGFGEQYF,CASSSGFYEQYF
979,CASSQGLALGDTQYF,CASSQGLALSDTQYF
980,CASSYGSGTDTQYF,CASSYVGSGTDTQYF
981,CASSLGSEQFF,CASSLAGSEQFF
982,CASSYDNEQFF,CASSSDNEQFF
983,CASSLGDEQYF,CASSLGDTQYF
984,CASSGGTGAYEQYF,CASSAGTGAYEQYF
985,CASSLSGPYNEQFF,CASSLGPYNEQFF
986,CSVEAGTGFEQYF,CSVEAGTGEQYF
987,CASSSSSEQYF,CASSSSDEQYF
988,CSVELGTGEQYF,CSVEAGTGEQYF
989,CASSQTDTQYF,CASSQADTQYF
990,CSVLTGLNTEAFF,CSVTGLNTEAFF
991,CASSFVYEQFF,CASSFNYEQFF
992,CASSSSYEQYF,CASSSSDEQYF
993,CSVLQGGTEAFF,CSVLQGTEAFF
994,CASSLAGGSTDTQYF,CASSLAGESTDTQYF
995,CASSLAGPSTDTQYF,CASSLAGESTDTQYF
996,CASSLSGPYNEQFF,CASSLSGPNNEQFF
997,CASSQGGYEQYF,CASSYQGGYEQYF
998,CASSPGGYGYTF,CASSPGEGYGYTF
999,CASSLQGEKLFF,CASSLGGEKLFF
1000,CASSPGGEKLFF,CASSLGGEKLFF
1001,CASSLGEKLFF,CASSLGGEKLFF
1002,CASSASGELFF,CASSYASGELFF
1003,CASSYAGETQYF,CASSYAETQYF
1004,CASSYSGGELFF,CASSYSIGELFF
1005,CASSLDRGYEQYF,CASSLDREYEQYF
1006,CASSYGGPYEQYF,CASSYGGIYEQYF
1007,CASSLSGPYNEQFF,CASSLSDPYNEQFF
1008,CASSLSGPYNEQFF,CASSLSGPTYNEQFF
1009,CSVEAGDGYEQYF,CSVEAGIGYEQYF
1010,CSVEAGGGYEQYF,CSVEAGIGYEQYF
1011,CASSPGYEQYF,CASSPWGYEQYF
1012,CASSSSYEQYF,CASSFSSYEQYF
1013,CASSLYSTDTQYF,CASSIYSTDTQYF
1014,CASSLYSTDTQYF,CASSLYNTDTQYF
1015,CASSYGGTEAFF,CASSYEGTEAFF
1016,CASSLGSYEQYF,CASSLSYEQYF
1017,CASSFTGYEQYF,CASSFGYEQYF
1018,CASSYASGGGYEQYF,CASSYPSGGGYEQYF
1019,CASSVAGETQYF,CASSVGETQYF
1020,CASSDLAGGLNEQFF,CASSGLAGGLNEQFF
1021,CASSAGLAGDYEQYF,CASSAGLAGGYEQYF
1022,CASSALAGGLNEQFF,CASSGLAGGLNEQFF
1023,CASSPRTGTQYF,CASSPRTDTQYF
1024,CASSPTDTQYF,CASSPRTDTQYF
1025,CASSVGYNEQFF,CASSVGGNEQFF
1026,CASSLDGYEQFF,CASSLDGNEQFF
1027,CASSLVGQSYEQYF,CASSLVGQGYEQYF
1028,CASSFSVEQYF,CASSFSHEQYF
1029,CASSLTGAYEQYF,CASSLTAYEQYF
1030,CASSLAGGSYNEQFF,CASSLAGSYNEQFF
1031,CASSLGVEETQYF,CASSLGGEETQYF
1032,CASSLGTLEQYF,CASSLSTLEQYF
1033,CASSLSGNEQFF,CASSLSGNEQYF
1034,CASSLSGNEQFF,CASSLDGNEQFF
1035,CASSLSGNEQFF,CASSLEGNEQFF
1036,CASSFSAEQYF,CASSFSHEQYF
1037,CASSFSGEQYF,CASSFSHEQYF
1038,CASSYAGETQYF,CASSYGGETQYF
1039,CASSMGNQPQHF,CASSMTGNQPQHF
1040,CASSLGETQYF,CASSLGVETQYF
1041,CASSQSYEQYF,CASSQVSYEQYF
1042,CASSQSYEQYF,CASSQGYEQYF
1043,CASSPGQGGEKLFF,CASSSPGQGGEKLFF
1044,CASSQGYEQFF,CASSQGYEQYF
1045,CASSLGVNTEAFF,CASSLVGVNTEAFF
1046,CASSLGVNTEAFF,CASSLMVNTEAFF
1047,CASSLGVNTEAFF,CASSLQGVNTEAFF
1048,CASSLGVNTEAFF,CASSLTVNTEAFF
1049,CASSLVAYEQYF,CASSLVSYEQYF
1050,CASSLVYEQYF,CASSLVSYEQYF
1051,CASSYGGSSYNEQFF,CASSYSGSSYNEQFF
1052,CASSYVGNEQFF,CASSYVRGNEQFF
1053,CASSLGGEQFF,CASSLGGREQFF
1054,CASSLAGDEQFF,CASSLAADEQFF
1055,CASSQDLQGHEQYF,CASSQDLQGFEQYF
1056,CASSLWAGGYNEQFF,CASSLLAGGYNEQFF
1057,CASSFTDTQYF,CASSITDTQYF
1058,CASSFVADTQYF,CASSFSADTQYF
1059,CASSAGLAGDYEQYF,CASSAGLAGDEQYF
1060,CASSLTDTQYF,CASSITDTQYF
1061,CASSSTDTQYF,CASSITDTQYF
1062,CASSSLLEQFF,CASSYLLEQFF
1063,CASSYVGNEQFF,CASSYMGNEQFF
1064,CASSPTDTQYF,CASSITDTQYF
1065,CASSLGGPGEQFF,CASSLGGPGEQYF
1066,CASSPGYEQYF,CASSVGYEQYF
1067,CASSYGGSSYNEQFF,CASSYSGSSYNEQFF
1068,CASSWGAYEQYF,CASSWGYEQYF
1069,CSVEHGGSSYNEQFF,CSVEPGGSSYNEQFF
1070,CASSDSYEQYF,CASSDNYEQYF
1071,CASSLTGPSYEQYF,CASSLTGPSSYEQYF
1072,CASSDTYEQYF,CASSDNYEQYF
1073,CASSFQGGNEQFF,CASSFTGGNEQFF
1074,CASSFAGAYEQYF,CASSFAGIYEQYF
1075,CASSFGIYEQYF,CASSFAGIYEQYF
1076,CASSTGQGAEAFF,CASSLGQGAEAFF
1077,CASSVGDYEQFF,CASSVGDYYEQFF
1078,CASSVGGYNEQFF,CASSVGGSYNEQFF
1079,CASSVGGYNEQFF,CASSVGGGYNEQFF
1080,CASSQDRTGYEQYF,CASSQDLTGYEQYF
1081,CASSPTGPNEQFF,CASSPTGNEQFF
1082,CASGGSYEQYF,CASSGGSYEQYF
1083,CASSVGGTEAFF,CASSVGGSTEAFF
1084,CASSPDGYEQYF,CASSPGGYEQYF
1085,CASSTSYEQYF,CASSTGSYEQYF
1086,CASSFGSYEQYF,CASSFGVSYEQYF
1087,CASSPGGYEQYF,CASSPTGGYEQYF
1088,CASSLEGGYGYTF,CASSLGGYGYTF
1089,CASSDGHTNTEAFF,CASSDGHTGNTEAFF
1090,CASSLEGDIQYF,CASSLEGDTQYF
1091,CASSYAGQGAYEQYF,CASSYGQGAYEQYF
1092,CASSLTGPSYEQYF,CASSLLGPSYEQYF
1093,CASSLTGPSYEQYF,CASSPTGPSYEQYF
1094,CASSLTGYNEQFF,CASTLTGYNEQFF
1095,CASSPTGNYEQYF,CASSPTGYEQYF
1096,CASSLGTSGETQYF,CASSLGTSVETQYF
1097,CASSLEGYNEQFF,CASSLAGYNEQFF
1098,CASSLSYEQYF,CASSLTYEQYF
1099,CASSLSYEQYF,CASSYSYEQYF
1100,CASSLSYEQYF,CASSFSYEQYF
1101,CASSLSYEQFF,CASSLSYEQYF
1102,CASSPGTGGETQYF,CASSPGTIGETQYF
1103,CASSPGTGGETQYF,CASSPGTLGETQYF
1104,CASSLTGADTDTQYF,CASSLTGASTDTQYF
1105,CASSQDSYEQYF,CASSRDSYEQYF
1106,CASSQDSYEQYF,CASSLDSYEQYF
1107,CASSSTGASTDTQYF,CASSLTGASTDTQYF
1108,CASSPTGASTDTQYF,CASSLTGASTDTQYF
1109,CASSLTGVSTDTQYF,CASSLTGASTDTQYF
1110,CASSLEGYNEQFF,CASSLPGYNEQFF
1111,CASSIVGTDYEQYF,CASSIVGTSYEQYF
1112,CASSLTGAITDTQYF,CASSLTGASTDTQYF
1113,CASSFTGASTDTQYF,CASSLTGASTDTQYF
1114,CASSLTGISTDTQYF,CASSLTGASTDTQYF
1115,CASSALVGGYNEQFF,CASSVLVGGYNEQFF
1116,CASSLTGATTDTQYF,CASSLTGASTDTQYF
1117,CASSLEAGAYEQYF,CASSLAGAYEQYF
1118,CASSLSYEQYF,CASSRSYEQYF
1119,CASSQDPGQYEQYF,CASSQDPGYEQYF
1120,CASSPNVYEQYF,CASSPNSYEQYF
1121,CAISGSYEQYF,CAISESYEQYF
1122,CASSPIDTNTEAFF,CASSPPDTNTEAFF
1123,CASSYGQGYEQYF,CASSYTGQGYEQYF
1124,CATSRDRGYNQPQHF,CATSRDRGSNQPQHF
1125,CASSLSGGSTDTQYF,CASSSSGGSTDTQYF
1126,CASSFSGSTDTQYF,CASSFEGSTDTQYF
1127,CASSSSGISTDTQYF,CASSSSGGSTDTQYF
1128,CASSFASNEQFF,CASSASNEQFF
1129,CASSDTYEQYF,CASSDTDYEQYF
1130,CASSSSGTSTDTQYF,CASSSSGGSTDTQYF
1131,CASSSTYEQYF,CASSSLYEQYF
1132,CASSSSGHSTDTQYF,CASSSSGGSTDTQYF
1133,CASSWGLEQYF,CASSFGLEQYF
1134,CASSWTEGTEAFF,CASSWTGTEAFF
1135,CASSYGLGYEQYF,CASSYLGYEQYF
1136,CASSLSYEQYF,CASSFSYEQYF
1137,CASSYGGYGYTF,CASSYGGSYGYTF
1138,CASSSSGSSTDTQYF,CASSSSGGSTDTQYF
1139,CASSVGGTEAFF,CASSVGGYTEAFF
1140,CASSGSYEQYF,CASSESYEQYF
1141,CASSSSGVSTDTQYF,CASSSSGGSTDTQYF
1142,CASSTSYEQYF,CASSTSNEQYF
1143,CASSFGIYEQYF,CASSFGPYEQYF
1144,CASSFGGLEQYF,CASSFGLEQYF
1145,CASSFSGGSTDTQYF,CASSSSGGSTDTQYF
1146,CASSFGYEQFF,CASSFNYEQFF
1147,CASSESSYEQYF,CASSRSSYEQYF
1148,CASSLTGYNEQFF,CASSLGGYNEQFF
1149,CASSSSGTSTDTQYF,CASSSSGTSGDTQYF
1150,CASSLLAGGETQYF,CASSLLAGAGETQYF
1151,CASSILAGGRNEQFF,CASSLLAGGRNEQFF
1152,CASSWTEGTEAFF,CASSWTGGTEAFF
1153,CASSLWENTEAFF,CASSLWEGNTEAFF
1154,CASSLAGGIHNEQFF,CASSLAGGIYNEQFF
1155,CASSNDYEQYF,CASSFDYEQYF
1156,CASSTSYEQYF,CASSLTSYEQYF
1157,CASSPVGSYEQYF,CASSHVGSYEQYF
1158,CASSLVGSYEQYF,CASSHVGSYEQYF
1159,CASSLLAGGETQYF,CASSLLAGGDETQYF
1160,CASSLRGGGTDTQYF,CASSLSGGGTDTQYF
1161,CASSLTGADTQYF,CASSLTGGADTQYF
1162,CASSLTGADTQYF,CASSLTGAADTQYF
1163,CASSLSSGGTDTQYF,CASSLSGGGTDTQYF
1164,CASSLSSIYEQYF,CASSLSAIYEQYF
1165,CASSGGGTEAFF,CASSSGGTEAFF
1166,CASSGGGTEAFF,CASSGGGRTEAFF
1167,CASSFGGTEAFF,CASSSGGTEAFF
1168,CASSFGGTEAFF,CASSFGGAEAFF
1169,CASSYGQGYEQYF,CASSYQGQGYEQYF
1170,CASSLTGYNEQFF,CASSLTFYNEQFF
1171,CASSEGQMNTEAFF,CASSEGQVNTEAFF
1172,CASSQDRAATGELFF,CASSQDRASTGELFF
1173,CASSLGYEQYF,CASSLRGYEQYF
1174,CASSLQAYEQYF,CASSLQTYEQYF
1175,CASSMLSGSYNEQFF,CASSMTSGSYNEQFF
1176,CASSSGGPETQYF,CASSSGGLETQYF
1177,CSVSRTYEQYF,CSVTRTYEQYF
1178,CASSFSNYGYTF,CASSLSNYGYTF
1179,CASSLLRGYEQYF,CASSLRGYEQYF
1180,CASSYGGGYEQYF,CASSYGGIYEQYF
1181,CASSYGQGYEQYF,CASSEGQGYEQYF
1182,CASSFGYEQFF,CASSFGYEQYF
1183,CASSLVQGGGYTF,CASSLQGGGYTF
1184,CASSLEAGAYEQYF,CASSLEGGAYEQYF
1185,CASSFGIYEQYF,CASSFGYEQYF
1186,CASSLLRGYEQYF,CASSLLDRGYEQYF
1187,CASSLEGGYGYTF,CASSLQGGYGYTF
1188,CASSLVGSYEQYF,CASSLGGSYEQYF
1189,CASSFTGGLTEAFF,CASSFEGGLTEAFF
1190,CASSVGGYNEQFF,CASSVGGNEQFF
1191,CASSQDRTGYEQYF,CASSQDLTGYEQYF
1192,CASSLGYEQYF,CASSDLGYEQYF
1193,CASSWGLEQYF,CASSWGFEQYF
1194,CASSYGQGGYGYTF,CASSLGQGGYGYTF
1195,CASSLGDFYEQYF,CASSLGGFYEQYF
1196,CASSLTGYNEQFF,CASSLTGGNEQFF
1197,CASSLGYEQYF,CASSLGGEQYF
1198,CASSFGGTSYEQYF,CASSFGGSSYEQYF
1199,CASSLLDSNQPQHF,CASSLADSNQPQHF
1200,CASSLEGYNEQFF,CASSLEPYNEQFF
1201,CASSLIQGSYEQYF,CASSLIGGSYEQYF
1202,CASSYGGGYEQYF,CASSYGGFGYEQYF
1203,CASSLEDYNEQFF,CASSLEPYNEQFF
1204,CASSQRGYEQYF,CASSQGYEQYF
1205,CASSMTDTGELFF,CASSMTTGELFF
1206,CASSFAGAQETQYF,CASSFAGGAQETQYF
1207,CASSEAGTNTEAFF,CASSEAGNTEAFF
1208,CASSPGGYEQYF,CASSPQGYEQYF
1209,CASSIVGANTGELFF,CASSIVAANTGELFF
1210,CASSLVADYEQYF,CASSLEVADYEQYF
1211,CASSFAGDYNEQFF,CASSFLAGDYNEQFF
1212,CASSFSGDTQYF,CASSFSADTQYF
1213,CASSLTGVQETQYF,CASSLTGSQETQYF
1214,CASSQDRGYEQYF,CASSQDHGYEQYF
1215,CASSLDNTEAFF,CASSLMNTEAFF
1216,CASSLEAGAYEQYF,CASSLLAGAYEQYF
1217,CASSQEAGENTEAFF,CASSQEAGMNTEAFF
1218,CASSSTGTSTDTQYF,CASSSTGTSGDTQYF
1219,CASSQETGMNTEAFF,CASSQEAGMNTEAFF
1220,CASSQTSGGTDTQYF,CASSQDSGGTDTQYF
1221,CASSYGPSNQPQHF,CASSYGSNQPQHF
1222,CASSLLGQSFYGYTF,CASSLLGQSNYGYTF
1223,CASSLGGTGELFF,CASSLGTGELFF
1224,CSVGGQGYEQYF,CSVGGQGGYEQYF
1225,CASSYSSGNYEQYF,CASSYSSGYEQYF
1226,CASSLGYEQYF,CASSLGLEQYF
1227,CASSLGQGAYEQYF,CASSQLGQGAYEQYF
1228,CASSLGATEAFF,CASSLGANEAFF
1229,CASSLGDGYTF,CASSLGGDGYTF
1230,CASSLNGDTQYF,CASSLGGDTQYF
1231,CASSFGRGGYEQYF,CASSFGGGYEQYF
1232,CASSLGGSPYEQYF,CASSLGGSHYEQYF
1233,CASSLGGSPYEQYF,CASSLGGAPYEQYF
1234,CASSLGGSPYEQYF,CASSLGGSAYEQYF
1235,CASSLGGSPYEQYF,CASSLGGSSYEQYF
1236,CASSLGFHEQYF,CASSLGGHEQYF
1237,CASSPGGGAEAFF,CASSPGGAEAFF
1238,CASSLEIGDTQYF,CASSLEGDTQYF
1239,CSARDSSGVGETQYF,CSARDSGGVGETQYF
1240,CASSLSAYNEQFF,CASSLASAYNEQFF
1241,CASSLYNEQFF,CASSLYSNEQFF
1242,CASSLSGGTEAFF,CASSLGGTEAFF
1243,CATSDDYEQYF,CATSDTYEQYF
1244,CASSLLNTEAFF,CASSLANTEAFF
1245,CASSLAGSYNEQFF,CASSLATSYNEQFF
1246,CASSFGSTYEQYF,CASSFGSSYEQYF
1247,CASSQGNHQPQHF,CASSQGNQPQHF
1248,CASSLEGYNEQFF,CASSLPGYNEQFF
1249,CASSLLNTEAFF,CASSLRNTEAFF
1250,CASIQGAYEQYF,CASIGGAYEQYF
1251,CASSVGAPYEQYF,CASSPGAPYEQYF
1252,CASSLEIGDTQYF,CASSLIGDTQYF
1253,CATSDLFTDTQYF,CATSDLVTDTQYF
1254,CATSDLFTDTQYF,CATSDLATDTQYF
1255,CASSDSYEQYF,CASSDPYEQYF
1256,CSARDRDSAYEQYF,CSARDRTSAYEQYF
1257,CASSLSAGGYEQYF,CASSLSASGYEQYF
1258,CASSYSGGTEAFF,CASSYSGGNTEAFF
1259,CSARDRDSAYEQYF,CSARGRDSAYEQYF
1260,CASSGGGSGNTIYF,CASSPGGSGNTIYF
1261,CSVEVGGTGELFF,CSVEVGNTGELFF
1262,CASSYAVAGANVLTF,CASSYAAGANVLTF
1263,CASSLYNEQFF,CASSLNNEQFF
1264,CASSLYNEQFF,CASSLDNEQFF
1265,CASSLYNEQFF,CASSIYNEQFF
1266,CASSLNSNQPQHF,CASSLYSNQPQHF
1267,CASSLSPGGYEQYF,CASSSPGGYEQYF
1268,CASSPWDMSYEQYF,CASSPWDSSYEQYF
1269,CASSPSSYEQYF,CASSSSYEQYF
1270,CASSDSYEQYF,CASSDTYEQYF
1271,CASSPGGGAEAFF,CASSPLGGAEAFF
1272,CASSLLAGGYNEQFF,CASSLLAGGRNEQFF
1273,CASSLNGDTQYF,CASSLTGDTQYF
1274,CASSQTGGSTDTQYF,CASSQTGSTDTQYF
1275,CASSFTGNTEAFF,CASSTGNTEAFF
1276,CASSYSGGTEAFF,CASSYRGGTEAFF
1277,CASSLVTGELFF,CASSLGVTGELFF
1278,CASSQGSTGELFF,CASSQDSTGELFF
1279,CASSLGETYEQYF,CASSLGATYEQYF
1280,CASSLGNQPQHF,CASSLGNNQPQHF
1281,CASSLSAGGYEQYF,CASSLSAGFYEQYF
1282,CASSTGQAVETQYF,CASSTGQGVETQYF
1283,CASSLAGGLDEQFF,CASSLAGGQDEQFF
1284,CASSLNGDTQYF,CASSLGGDTQYF
1285,CASSLTSGPYNEQFF,CASSLTSGSYNEQFF
1286,CASSLAGGETQYF,CASSLAQGETQYF
1287,CASTGSSYNEQFF,CASIGSSYNEQFF
1288,CASSHLGAYEQYF,CASSLLGAYEQYF
1289,CASSLSGGTEAFF,CASSLLGGTEAFF
1290,CASSIAGGPGNEQFF,CASSIAGGVGNEQFF
1291,CASSIAGGPGNEQFF,CASSIAGGLGNEQFF
1292,CASSIDQSSYNEQFF,CASSIDGSSYNEQFF
1293,CASSISGSVNTEAFF,CASSISGSGNTEAFF
1294,CASSSPSGNEQFF,CASSSASGNEQFF
1295,CASSSDGSSYNEQFF,CASSIDGSSYNEQFF
1296,CASSPPGETQYF,CASSPPEETQYF
1297,CASSRDASSYNEQFF,CASSRDSSSYNEQFF
1298,CSVERPNSYEQYF,CSVGRPNSYEQYF
1299,CSAREQGTNTGELFF,CSAREQTNTGELFF
1300,CASSYPGGPYNEQFF,CASSYGGGPYNEQFF
1301,CSAREQNTGELFF,CSAREQTNTGELFF
1302,CSARGSSSYEQYF,CSARGTSSYEQYF
1303,CASSYSGGTEAFF,CASSYSGGTSEAFF
1304,CASSPSSYEQYF,CASSPSGSYEQYF
1305,CASSISGSAYNEQFF,CASSISGSGYNEQFF
1306,CASSRGNNEQFF,CASSRVNNEQFF
1307,CASSLGQTYEQYF,CASSLGGTYEQYF
1308,CASSLQGNTEAFF,CASSLLQGNTEAFF
1309,CASSPTSGGANEQFF,CASSPTSGGYNEQFF
1310,CASSIQGSYEQYF,CASSIQGDYEQYF
1311,CSVMGGYEQYF,CSVEGGYEQYF
1312,CASSDSYEQYF,CASSGDSYEQYF
1313,CASSDSYEQYF,CASSSDSYEQYF
1314,CASSDSYEQYF,CASSIDSYEQYF
1315,CSVEGEGTYEQYF,CSVEGGTYEQYF
1316,CASSRGYEQYF,CASSWGYEQYF
1317,CASSLTVGNTEAFF,CASSLTVNTEAFF
1318,CASSYRGSNQPQHF,CASSYGSNQPQHF
1319,CASSIGGANTEAFF,CASSIQGANTEAFF
1320,CASSHPGGTEAFF,CASSHGGTEAFF
1321,CASSLGGYEQYF,CASSLGSGYEQYF
1322,CASSLGGGYTF,CASSLGGGGYTF
1323,CASSLGGYEQYF,CASSLGSYEQYF
1324,CASSQDLGTQYF,CASSQDYGTQYF
1325,CASSLGGAEQYF,CASSLGGYEQYF
1326,CASSHGTEAFF,CASSHGGTEAFF
1327,CASSLGSEKLFF,CASSLGEKLFF
1328,CASSLGSDTQYF,CASSLGGDTQYF
1329,CASSQDWGGNEQFF,CASSQDWGGYNEQFF
1330,CASSLGGYEQYF,CASSLGSYEQYF
1331,CASSLGGGELFF,CASSLGFGELFF
1332,CASSVGGSYEQYF,CASSVGGRSYEQYF
1333,CASSLDNTEAFF,CASSLMNTEAFF
1334,CASSLGGYEQYF,CASSLGGEQYF
1335,CASSVGGASYEQYF,CASSVGGRSYEQYF
1336,CASSLGGYEQYF,CASSLEGGYEQYF
1337,CASSQGAEAFF,CASSQGKEAFF
1338,CASSQGAEAFF,CASSQGTEAFF
1339,CASSHGTEAFF,CASSQGTEAFF
1340,CASSVGGTGTGELFF,CASSVGGGTGELFF
1341,CASSLGAEQYF,CASSLGYEQYF
1342,CASSLGAEQYF,CASSLGIEQYF
1343,CASSQLGQPQHF,CASSQDGQPQHF
1344,CASSVGGDRSYEQYF,CASSVGGRSYEQYF
1345,CASSLGGEQYF,CASSLGYEQYF
1346,CASSLGGEQYF,CASSLGIEQYF
1347,CASSLGGELFF,CASSLGGVELFF
1348,CASSLGGELFF,CASSLGGVELFF
1349,CASSYRTGGGGYTF,CASSYFTGGGGYTF
1350,CASSPLAGGTGELFF,CASSPLAGGSGELFF
1351,CASSLGAGAFF,CASSLAGAGAFF
1352,CASSLGGGELFF,CASSLGVGELFF
1353,CASSLGGDTQYF,CASSLGTDTQYF
1354,CASSPPSYNEQFF,CASSPSSYNEQFF
1355,CASSPTGNEQFF,CASSPGNEQFF
1356,CASSPTGNEQFF,CASSPAGNEQFF
1357,CASSVGGSTEAFF,CASSVGGYTEAFF
1358,CASSQDWGYNEQFF,CASSQDLGYNEQFF
1359,CSVGQGFGNTIYF,CSVGGGFGNTIYF
1360,CASSPTGNEQFF,CASSPEGNEQFF
1361,CASSLGGDTQYF,CASSLTGDTQYF
1362,CASSQTVGETQYF,CASSQGVGETQYF
1363,CASSQDWGYNEQFF,CASSQDRGYNEQFF
1364,CASSQDWGYNEQFF,CASSQDTGYNEQFF
1365,CASSVGGYNEQFF,CASSVGGNEQFF
1366,CASSVGGSYEQYF,CASSVGGAYEQYF
1367,CASSVSSGANVLTF,CASSVGSSGANVLTF
1368,CASSVGGASYEQYF,CASSVGGAYEQYF
1369,CASSLGGPEQFF,CASSLGGPEQYF
1370,CASSLGGEQYF,CASSLGGPEQYF
1371,CASSLVGDTQYF,CASSLEGDTQYF
1372,CASSAGWGNQPQHF,CASSAGWLGNQPQHF
1373,CASSRGDTEAFF,CASSRGNTEAFF
1374,CASSQPSGTEAFF,CASSQPSLGTEAFF
1375,CASSVGSGRYEQYF,CASSVGSGHYEQYF
1376,CASSVGGSYNEQFF,CASSGGGSYNEQFF
1377,CASSVPGTGELFF,CASSVPVTGELFF
1378,CASSLGGSEQYF,CASSLGGLSEQYF
1379,CASSLGGSEQYF,CASSLGGPEQYF
1380,CASSLASGVGNEQFF,CASSLASGVGREQFF
1381,CASSLGDTQYF,CASSLEGDTQYF
1382,CASSVGGDYEQYF,CASSVGGAYEQYF
1383,CASSVGTSGNNEQFF,CASSEGTSGNNEQFF
1384,CASSLGGPEQFF,CASSLMGPEQFF
1385,CASSPTGNEQFF,CASSTTGNEQFF
1386,CASSSGGVYEQYF,CASSYGGVYEQYF
1387,CASSTGSYEQYF,CASSTGTYEQYF
1388,CASSGGSYEQYF,CASSGGSEQYF
1389,CASSLGGDEQFF,CASSLGGREQFF
1390,CASSPGTSGTYEQYF,CASSPGTSVTYEQYF
1391,CASSGGNEKLFF,CASSGQGNEKLFF
1392,CASSLGTGYEQYF,CASSSGTGYEQYF
1393,CASSVGGVSTGELFF,CASSVGGKSTGELFF
1394,CASSGAGLSYEQYF,CASSVGAGLSYEQYF
1395,CASSGAGLSYEQYF,CASSEGAGLSYEQYF
1396,CASSVGGDSSYEQYF,CASSVGGGSSYEQYF
1397,CASSEGGSTEAFF,CASSEGGGTEAFF
1398,CASSFGSSYEQYF,CASSLGSSYEQYF
1399,CASSLGGPEAFF,CASSLGGTEAFF
1400,CASSVQGSSYEQYF,CASSVEGSSYEQYF
1401,CASSVGGSYEQYF,CASSVGQGSYEQYF
1402,CASSYSDRDYEQYF,CASSYDRDYEQYF
1403,CASSVGSSYEQYF,CASSVEGSSYEQYF
1404,CASSLGVNTEAFF,CASSLGLNTEAFF
1405,CASSVDGGSNEQFF,CASSVHGGSNEQFF
1406,CASSSTGDQPQHF,CASSSGGDQPQHF
1407,CASSLGLAGGNEQFF,CASSLGLAGNNEQFF
1408,CASSLPQRETQYF,CASSLPDRETQYF
1409,CASSLGGEQYF,CASSLGGYEQYF
1410,CASSLRENYGYTF,CASSLVENYGYTF
1411,CASSISYEQYF,CASSLSYEQYF
1412,CASSLANTEAFF,CASSLRNTEAFF
1413,CASSLANTEAFF,CASSLVANTEAFF
1414,CASSLGGYEQYF,CASSLGSYEQYF
1415,CASSSAYEQYF,CASSSPYEQYF
1416,CASSLDWSSYNEQFF,CASSLDRSSYNEQFF
1417,CASSLDWSSYNEQFF,CASSLDGSSYNEQFF
1418,CASSLEGDTQYF,CASSLIGDTQYF
1419,CASSQGGTEAFF,CASSQGTEAFF
1420,CASSLGGTEAFF,CASSLGTEAFF
1421,CASSLGGYEQYF,CASSLEGGYEQYF
1422,CASSLGGYEQYF,CASSLGGEQYF
1423,CASSQGTGELFF,CASSQETGELFF
1424,CASSLQGNEQFF,CASSLGGNEQFF
1425,CASSLSGTYEQYF,CASSLSQTYEQYF
1426,CASSLSTDTQYF,CASSSSTDTQYF
1427,CASSQSGNEQFF,CASSQGNEQFF
1428,CASNRGLGNEQFF,CASNRGLYNEQFF
1429,CASSFGGELFF,CASSFTGELFF
1430,CASSQGPYTGELFF,CASSQRPYTGELFF
1431,CASSLGSYEQYF,CASSVGSYEQYF
1432,CASSGNQPQHF,CASSRNQPQHF
1433,CASSGNQPQHF,CASSANQPQHF
1434,CASSGNQPQHF,CASSQNQPQHF
1435,CASSGNQPQHF,CASSINQPQHF
1436,CASSRGQPQHF,CASSRNQPQHF
1437,CASSLGSYEQYF,CASSLRGSYEQYF
1438,CASSFANTEAFF,CASSFLNTEAFF
1439,CASSLEGDTQYF,CASSLEGTDTQYF
1440,CASSFGNTEAFF,CASSFLNTEAFF
1441,CASSLGVTQYF,CASSLGETQYF
1442,CASSPGGAEAFF,CASSPLGGAEAFF
1443,CASSRGQPQHF,CASSFGQPQHF
1444,CASSLFSYEQYF,CASSLTSYEQYF
1445,CASSSAYEQYF,CASSSSYEQYF
1446,CASSLGPYSYEQYF,CASSLGPYSVEQYF
1447,CASSHSYEQYF,CASSSSYEQYF
1448,CASSFSYEQYF,CASSSSYEQYF
1449,CASSYGQNTGELFF,CASSYGLNTGELFF
1450,CASSLQGITGELFF,CASSLGITGELFF
1451,CASSLREVNEQYF,CASSLRVNEQYF
1452,CASSLGSDTQYF,CASSLGSTDTQYF
1453,CASSLTGGNTGELFF,CASSLTGGITGELFF
1454,CASSSERDTQYF,CASSSLRDTQYF
1455,CASSLFSYSNQPQHF,CASSLSYSNQPQHF
1456,CASSLGGTEAFF,CASSLLGGTEAFF
1457,CASSSQGGNEQFF,CASSSGQGGNEQFF
1458,CASSLGPYTGELFF,CASSLGPSYTGELFF
1459,CASSLGGTEAFF,CASSLEGGTEAFF
1460,CASSLGGYGYTF,CASSLQGGYGYTF
1461,CASSLQGNEQFF,CASSLGGNEQFF
1462,CASSLAYEQYF,CASSLADYEQYF
1463,CASSQGGGEQFF,CASSQGGFEQFF
1464,CASSLAYEQYF,CASSLTAYEQYF
1465,CASSPGGAEAFF,CASSPTGAEAFF
1466,CASSLGGTEAFF,CASSLGQGTEAFF
1467,CASSRGQPQHF,CASSPGQPQHF
1468,CASSFGNTEAFF,CASSFGLNTEAFF
1469,CASSPTGGTGELFF,CASSPTGEGTGELFF
1470,CASSLGSDTQYF,CASSLGSTDTQYF
1471,CSVSGGYNEQFF,CSVDGGYNEQFF
1472,CASSLTSGFYEQYF,CASSLTSGSYEQYF
1473,CASSLGGTEAFF,CASSLGGNTEAFF
1474,CASSLGQAAYEQYF,CASSLGQAYYEQYF
1475,CASSLGGVPGTEAFF,CASSLGGVWGTEAFF
1476,CASSLGWGYEQYF,CASSLGGYEQYF
1477,CASSLGQALYEQYF,CASSLGQAYYEQYF
1478,CASSQGYEQYF,CASSQDYEQYF
1479,CASSLSPGELFF,CASSLVPGELFF
1480,CASSLAGYNEQFF,CASSLPGYNEQFF
1481,CASSPGTTYEQYF,CASSPGPTYEQYF
1482,CASSYSYEQYF,CASSRSYEQYF
1483,CASSLSPGNEQFF,CASSLSPRNEQFF
1484,CASSLSYEQYF,CASSRSYEQYF
1485,CASSLAGYTEAFF,CASSLAGGTEAFF
1486,CASSLAGYTEAFF,CASSLAGTEAFF
1487,CASSLAGYTEAFF,CASSLSGYTEAFF
1488,CASSLAGYTEAFF,CASSLAGATEAFF
1489,CASSLSGFTEAFF,CASSLSGYTEAFF
1490,CASSLSGFTEAFF,CASSLSGGFTEAFF
1491,CASSLAGTETQYF,CASSLAGTEQYF
1492,CASSFSYEQYF,CASSRSYEQYF
1493,CASSLAGYNEQFF,CASSLAGNEQFF
1494,CASSLAGYNEQFF,CASSLAGLNEQFF
1495,CASSLGSYEQYF,CASSVGSYEQYF
1496,CASSLGFGELFF,CASSLGVGELFF
1497,CASSRGLDTEAFF,CASSRGLNTEAFF
1498,CASSLDRGAYNEQFF,CASSDRGAYNEQFF
1499,CASSLAGYTEAFF,CASSLAGTEAFF
1500,CASSQAAGGYTF,CASSQGAGGYTF
1501,CASSLAGTETQYF,CASSLAGTEQYF
1502,CASSLAGTETQYF,CASSLAGETQYF
1503,CASSLAGYNEQFF,CASSLAGNEQFF
1504,CASSYSYEQYF,CASSFSYEQYF
1505,CASSLDNEQFF,CASSLYNEQFF
1506,CASSPGQQETQYF,CASSPGQLQETQYF
1507,CASSLGSYEQYF,CASSLRGSYEQYF
1508,CASSLGTAYNEQFF,CASSSGTAYNEQFF
1509,CASSSGGQPQHF,CASSLSGGQPQHF
1510,CASSLSYEQYF,CASSFSYEQYF
1511,CASSLAGQGYEQYF,CASSLAGQGVYEQYF
1512,CASSLAGYTEAFF,CASSLTGYTEAFF
1513,CASSYLAGGPNEQFF,CASSYLAGGGNEQFF
1514,CASSLSGFTEAFF,CASSLLGFTEAFF
1515,CASSPTGYEQYF,CASSFTGYEQYF
1516,CASSSESYEQYF,CASSSERYEQYF
1517,CASSLDNEQFF,CASSLDGNEQFF
1518,CASLGGSYEQYF,CASRGGSYEQYF
1519,CASSLSPGNEQFF,CASSLSRGNEQFF
1520,CASSILAVSNTEAFF,CASSILAGSNTEAFF
1521,CASSQGNYEQYF,CASSEQGNYEQYF
1522,CASSWDLNTEAFF,CASSQWDLNTEAFF
1523,CASSSPYEQYF,CASSSSYEQYF
1524,CASSPNGHEQYF,CASSPQGHEQYF
1525,CASSPGTDTQYF,CASSPGDTQYF
1526,CASSLAGYNEQFF,CASSLAGTNEQFF
1527,CASSWGPPNYGYTF,CASSWGPINYGYTF
1528,CASSLGITGNTEAFF,CASSLGTGNTEAFF
1529,CASSTGTGLYEQYF,CASSTGTGIYEQYF
1530,CASGLNSNQPQHF,CASSLNSNQPQHF
1531,CASSLALTDTQYF,CASSLALTPDTQYF
1532,CASSLSGSYNEQFF,CASSLSGNYNEQFF
1533,CASSPTDSNQPQHF,CASSATDSNQPQHF
1534,CASSLVQETQYF,CASSLVLETQYF
1535,CASSLGQGPYNEQFF,CASSLGQGNYNEQFF
1536,CASSYSGGIYEQYF,CASSYGGIYEQYF
1537,CASSPTGYEQYF,CASSPRGYEQYF
1538,CASSVLDGNTGELFF,CASSLDGNTGELFF
1539,CASSLDSGSYNEQFF,CASSLTSGSYNEQFF
1540,CASSLDNEQFF,CASSLHDNEQFF
1541,CASSLLAGETDTQYF,CASSLLAGVTDTQYF
1542,CASSLLTGEQYF,CASSLGTGEQYF
1543,CASSIGVSYEQYF,CASSIGAVSYEQYF
1544,CASSPGTDTQYF,CASSLGTDTQYF
1545,CASSPGTDTQYF,CASSFGTDTQYF
1546,CASSTGTGLYEQYF,CASSFGTGLYEQYF
1547,CASSLDSNEQFF,CASSLLSNEQFF
1548,CASSPGTGSPYEQYF,CASSPGTGSFYEQYF
1549,CASSLFQGAGYGYTF,CASSLSQGAGYGYTF
1550,CASSLGYEQYF,CASSQGYEQYF
1551,CASSLAGYNEQFF,CASSLAGGNEQFF
1552,CASSQGDSYEQYF,CASSQGQSYEQYF
1553,CASSLLDSNQPQHF,CASSLTDSNQPQHF
1554,CASSLSPGNEQFF,CASSLSIGNEQFF
1555,CASSGGGEQYF,CASSLGGEQYF
1556,CASSFGVEQFF,CASSFGNEQFF
1557,CASSLGDRYGYTF,CASSLGDHYGYTF
1558,CASSLGDFYGYTF,CASSLGDHYGYTF
1559,CASSQVGGTGELFF,CASSQVGSGTGELFF
1560,CASSLAGYNEQFF,CASSLAGSYNEQFF
1561,CASSYSSSSYNEQFF,CASSYSGSSYNEQFF
1562,CASSQGYEQYF,CASSPQGYEQYF
1563,CASSSGPTYEQYF,CASSSPPTYEQYF
1564,CASSPTVSSYNEQFF,CASSPTGSSYNEQFF
1565,CASSSDRGGYNEQFF,CASSSRGGYNEQFF
1566,CASSLGTVNTEAFF,CASSLTVNTEAFF
1567,CASSPGQSYEQYF,CASSFGQSYEQYF
1568,CASSLQTGNYGYTF,CASSLTGNYGYTF
1569,CASSLSSGVYEQYF,CASSLSSGVPYEQYF
1570,CASSYSSSSYNEQFF,CASSYSGSSYNEQFF
1571,CASSFGTTYEQYF,CASSFGTDYEQYF
1572,CASSPTSGSPYEQYF,CASSPTSGKPYEQYF
1573,CASSYPQGYEQYF,CASSYSQGYEQYF
1574,CASSPGTDTQYF,CASSLGTDTQYF
1575,CASSLGSGELFF,CASSLGGGELFF
1576,CASSLGYEQYF,CASSLAGYEQYF
1577,CASSQEAGVGNTIYF,CASSQEAGTGNTIYF
1578,CASSLGIEQYF,CASSLAGIEQYF
1579,CASSLIETQYF,CASSFIETQYF
1580,CATSRTDSYEQYF,CATSRQDSYEQYF
1581,CASRLYNEQFF,CASSLYNEQFF
1582,CASSLIETQYF,CASSLIGETQYF
1583,CASSLDNEQFF,CASSSDNEQFF
1584,CASSLDNEQFF,CASSLSNEQFF
1585,CASSLMGTEAFF,CASSLWGTEAFF
1586,CASSLAGGGTGELFF,CASSLARGGTGELFF
1587,CASSLGTEAFF,CASSPLGTEAFF
1588,CASSLDNEQFF,CASSLDSNEQFF
1589,CASSLGQSYEQYF,CASSLGQTYEQYF
1590,CASSQEGGDQETQYF,CASSQEWGDQETQYF
1591,CASSLGTGTDTQYF,CASSLGSGTDTQYF
1592,CASSLWAGETQYF,CASSLSWAGETQYF
1593,CASSSGNTEAFF,CASSSGMNTEAFF
1594,CASSAAGSYEQYF,CASYSAAGSYEQYF
1595,CASSLGQSYEQYF,CASSLGSSYEQYF
1596,CASSLGQSYEQYF,CASSLGQYYEQYF
1597,CASSPGTYEQYF,CASSPGNTYEQYF
1598,CASSLPDYEQYF,CASSLADYEQYF
1599,CASRSYAGELFF,CASRSMAGELFF
1600,CASSVMNTEAFF,CASSNMNTEAFF
1601,CSADRGGNYGYTF,CSARGGNYGYTF
1602,CASSQDYEQYF,CASSQGYEQYF
1603,CASSPGTYEQYF,CASSTGTYEQYF
1604,CASSPGTYEQYF,CASSPGGTYEQYF
1605,CASSPMNTEAFF,CASSPHMNTEAFF
1606,CASSFGTEAFF,CASSPGTEAFF
1607,CASSLGTEAFF,CASSPGTEAFF
1608,CASSLDNEQFF,CASSLDGNEQFF
1609,CASSQEGGAGEKLFF,CASSQETGAGEKLFF
1610,CASSLGAGGEAFF,CASSLSAGGEAFF
1611,CASSVMNTEAFF,CASSVVMNTEAFF
1612,CASSPGLAAPYEQYF,CASSPGLAAYEQYF
1613,CSARETGSSYEQYF,CSATETGSSYEQYF
1614,CSASSSGNTGELFF,CSASSSGTGELFF
1615,CASSYRNEQFF,CASSYWNEQFF
1616,CASSLGYEQYF,CASSLGGYEQYF
1617,CSASIMNTEAFF,CSASGMNTEAFF
1618,CASSLAGTGQYF,CASSLAGTEQYF
1619,CASSPGQGSQYF,CASSPGQGRSQYF
1620,CASSLAGYEQYF,CASSLAGTEQYF
1621,CASSLAGLEAFF,CASSLAGTEAFF
1622,CASSLAGGGEQFF,CASSLVGGGEQFF
1623,CASSLAGGTEAFF,CASSLAGTEAFF
1624,CASSLAGSEQYF,CASSLAGTEQYF
1625,CASSPLDTGELFF,CASSYLDTGELFF
1626,CASSLAGSEQFF,CASSLAGNEQFF
1627,CASSLTGGGEQFF,CASSLVGGGEQFF
1628,CASSLAGLEQFF,CASSLAGNEQFF
1629,CATSDLISNQPQHF,CATSDLGSNQPQHF
1630,CASSLAGVEQFF,CASSLAGNEQFF
1631,CASSLAGAEQFF,CASSLAGNEQFF
1632,CASSLAGSEAFF,CASSLAGTEAFF
1633,CASSLAGLNEQFF,CASSLAGNEQFF
1634,CASSLAGVEAFF,CASSLAGTEAFF
1635,CASSLAGTGMYF,CASSLAGTGMLF
1636,CASSLAGIEAFF,CASSLAGTEAFF
1637,CASSLAGATEAFF,CASSLAGTEAFF
1638,CASSLAGIEQYF,CASSLAGTEQYF
1639,CASSRSYEQYF,CASSFSYEQYF
1640,CASSLSGYTEAFF,CASSLTGYTEAFF
1641,CASSDPYEQYF,CASSDTYEQYF
1642,CASSSITGTAYEQYF,CASSLITGTAYEQYF
1643,CASSLGSNQPQHF,CASSLGGNQPQHF
1644,CASSLTGALNTEAFF,CASSLGALNTEAFF
1645,CASSRQSSYNEQFF,CASSVQSSYNEQFF
1646,CASSLAGISYEQYF,CASSLVAGISYEQYF
1647,CASSLAGISYEQYF,CASSLMAGISYEQYF
1648,CASSLAGNEQFF,CASSLAGTNEQFF
1649,CASSLGGAYEQYF,CASSLGGAPYEQYF
1650,CASSLSRSNEQFF,CASSLSRGNEQFF
1651,CASSLAGLNEQFF,CASSLAGTNEQFF
1652,CASSLGSNQPQHF,CASSLNSNQPQHF
1653,CASSFVGAEQYF,CASSFVGSEQYF
1654,CASSQAAGHYEQYF,CASSQTAGHYEQYF
1655,CASSLRQGYEQYF,CASSLRGYEQYF
1656,CASSLAGTGELFF,CASSLANTGELFF
1657,CASSFGTGAYEQYF,CASSFGTGLYEQYF
1658,CASSLGGAYEQYF,CASSLEGGAYEQYF
1659,CASSLAGGGEQFF,CASSLAGGNEQFF
1660,CASSFVGAEQYF,CASSFVGGEQYF
1661,CASSLAGSEQFF,CASSLAGSKEQFF
1662,CASTLAGGNEQFF,CASSLAGGNEQFF
1663,CASSLAGNEQFF,CASSLAGGNEQFF
1664,CASSLAQGGTEAFF,CASSLWQGGTEAFF
1665,CASSFGNTEAFF,CASSRGNTEAFF
1666,CASSLGGAYEQYF,CASSLGGSYEQYF
1667,CASSLGGAYEQYF,CASSLGGFYEQYF
1668,CASSLAGLNEQFF,CASSLAGGNEQFF
1669,CASSLAGSYEQYF,CASSLGGSYEQYF
1670,CSVGDGNTGELFF,CSVDGNTGELFF
1671,CASSLSPRNEQFF,CASSLSPGNEQFF
1672,CASSLSPRNEQFF,CASSLSPRAEQFF
1673,CASSISSGYNEQFF,CASSISGSGYNEQFF
1674,CASSISGASYEQYF,CASSIAGASYEQYF
1675,CASSLRDGSNQPQHF,CASSLRQGSNQPQHF
1676,CASSLAGQINEKLFF,CASSLAGQGNEKLFF
1677,CASSLEGLSYEQYF,CASSLVGLSYEQYF
1678,CASSLEGLSYEQYF,CASSLNGLSYEQYF
1679,CASSLEGLSYEQYF,CASSLEGYSYEQYF
1680,CASSLAGTGELFF,CASSLAYGTGELFF
1681,CASSQDGGSAYEQYF,CASSQDGGSYEQYF
1682,CASSLAGAYEQYF,CASSLLAGAYEQYF
1683,CASSLTGGYEQYF,CASSLTGVYEQYF
1684,CASSLTGGYEQYF,CASSLTGGGYEQYF
1685,CASSLAGYEQYF,CASSLGGYEQYF
1686,CASSLAGYEQYF,CASSLASGYEQYF
1687,CASSLAGGPLHEQYF,CASSLAGTPLHEQYF
1688,CASSLGSNQPQHF,CASSLYSNQPQHF
1689,CASSLAGTDYGYTF,CASSLALTDYGYTF
1690,CASSLAQGGTEAFF,CASSLEQGGTEAFF
1691,CASSQDAGTGNTIYF,CASSQDAGPGNTIYF
1692,CASSQDAGTGNTIYF,CASSQDAGSGNTIYF
1693,CASSLTGGYEQYF,CASSLGGYEQYF
1694,CASSLTGGYEQYF,CASSLDGGYEQYF
1695,CASSLGGAYEQYF,CASSLGGYEQYF
1696,CASSYSSGAEAFF,CASSYGSGAEAFF
1697,CASSPSSYNEQFF,CASSPLSSYNEQFF
1698,CSVAGTDYGYTF,CSVAGDYGYTF
1699,CASSLGGATEAFF,CASSLGGYTEAFF
1700,CASSSTRYEQYF,CASSLTRYEQYF
1701,CASSLSSYNEQFF,CASSPLSSYNEQFF
1702,CAISESYEQYF,CAISESSYEQYF
1703,CATSDFQGAGELFF,CATSDFQAGELFF
1704,CASSISMNTEAFF,CASSIGMNTEAFF
1705,CASSYGAEQYF,CASSYGPAEQYF
1706,CASSIGTNTEAFF,CASSIGMNTEAFF
1707,CASSLAGNEQFF,CASSLAGTNEQFF
1708,CASSQDSRTSYEQYF,CASSQDSMTSYEQYF
1709,CASSLLKNTEAFF,CASSLSKNTEAFF
1710,CASSFLNEQFF,CASSFYNEQFF
1711,CSAGTENTGELFF,CSAGGENTGELFF
1712,CASSLPMNTEAFF,CASSLMNTEAFF
1713,CASSLEPSYEQYF,CASSLESYEQYF
1714,CASSYTGQGYEQYF,CASSYQGQGYEQYF
1715,CASSLSQTYEQYF,CASSLGQTYEQYF
1716,CASSIGGHTEAFF,CASSIGGSTEAFF
1717,CASSIGTGSTEAFF,CASSIGGSTEAFF
1718,CSVGGTYEQYF,CSVGATYEQYF
1719,CASSLGTDTQYF,CASSLGGDTQYF
1720,CASSSGNTEAFF,CASSTGNTEAFF
1721,CASSSGNTEAFF,CASSAGNTEAFF
1722,CASSLGINTEAFF,CASSLGQNTEAFF
1723,CASSLPDGYEQYF,CASSLPDHYEQYF
1724,CASSLPDGYEQYF,CASSLPDYYEQYF
1725,CASSKTGGSYEQYF,CASSWTGGSYEQYF
1726,CASSFLNEQFF,CASSFLDEQFF
1727,CASSLSSYNEQFF,CASSLGSSYNEQFF
1728,CASSPNSYEQYF,CASSGNSYEQYF
1729,CASSLGVPNEKLFF,CASSLGAPNEKLFF
1730,CASSFGTGELFF,CASSGTGELFF
1731,CASSIVGSYNEQFF,CASSNVGSYNEQFF
1732,CASSLVHTDTQYF,CASSLRHTDTQYF
1733,CASSLVHTDTQYF,CASSLSHTDTQYF
1734,CASSLVHTDTQYF,CASSLGHTDTQYF
1735,CASSFEGQGYEQYF,CASSFEGGYEQYF
1736,CASSLTGALYEQYF,CASSLEGALYEQYF
1737,CASSFEGGGYEQYF,CASSFEGGGEQYF
1738,CASSFEGGGYEQYF,CASSFEGGIYEQYF
1739,CASSFEGGGYEQYF,CASSFEGGKYEQYF
1740,CASSFEGGGYEQYF,CASSFEGGSYEQYF
1741,CASSFEGGGYEQYF,CASSFEGGYEQYF
1742,CASSFEGGGYEQYF,CASSFEGGLYEQYF
1743,CASSKVGSYNEQFF,CASSNVGSYNEQFF
1744,CASSLSQTYEQYF,CASSLSQVYEQYF
1745,CASSLSSYNEQFF,CASSLGSSYNEQFF
1746,CASRLAGGAFNEQFF,CASRAGGAFNEQFF
1747,CASSLVGDSYEQYF,CASSLVGDRSYEQYF
1748,CASSFGTGELFF,CASSFGTGEQFF
1749,CASFSSSYEQYF,CASSFSSSYEQYF
1750,CASSLAGNEQFF,CASSLAGGNEQFF
1751,CASSTGLAGLYEQYF,CASSGGLAGLYEQYF
1752,CASSLIQGNTGELFF,CASSLRQGNTGELFF
1753,CASSLMGGETQYF,CASSLSGGETQYF
1754,CASSPSSYNEQFF,CASSLSSYNEQFF
1755,CASSFLNEQFF,CASSFGNEQFF
1756,CASSPSAYEQYF,CASSPAYEQYF
1757,CASSFATLNEQFF,CASSFASLNEQFF
1758,CASSLSVSTEAFF,CASSLSVGTEAFF
1759,CASSTLAGGTDTQYF,CASSWLAGGTDTQYF
1760,CASRDTGASYNEQFF,CASRDSGASYNEQFF
1761,CASSSLAGGTDTQYF,CASSWLAGGTDTQYF
1762,CASSSGRETQYF,CASSSGVETQYF
1763,CASSYSGQETQYF,CASSYSQETQYF
1764,CASSLSNYEQYF,CASSLSGYEQYF
1765,CASSLGINTEAFF,CASSLGGNTEAFF
1766,CASSEGQGNQPQHF,CASSEGQGGNQPQHF
1767,CASSLSRYEQYF,CASSLSGYEQYF
1768,CASSSTDSYEQYF,CASSSDSYEQYF
1769,CASSLGDSLNTEAFF,CASSLGDSNTEAFF
1770,CASSLSSYNEQFF,CASSLSSSYNEQFF
1771,CAISESYEQYF,CAISESDEQYF
1772,CSVGGTYEQYF,CSVEGGTYEQYF
1773,CSAEGGYEQYF,CSVEGGYEQYF
1774,CASSYSPPYEQYF,CASSYSAPYEQYF
1775,CASSFAPGELFF,CASSFSPGELFF
1776,CASSWTGTEAFF,CASSWTGGTEAFF
1777,CASSLYNEQFF,CASSYYNEQFF
1778,CASSLYNEQFF,CASSFYNEQFF
1779,CASSLGPEAFF,CASSLGVEAFF
1780,CASSLFGQPQHF,CASSFGQPQHF
1781,CASSLSPGELFF,CASSFSPGELFF
1782,CASSPPGTEAFF,CASSPLGTEAFF
1783,CASSQDLGYNEQFF,CASSQDRGYNEQFF
1784,CASSQDLGYNEQFF,CASSQDTGYNEQFF
1785,CASSLSNEQFF,CASSLDSNEQFF
1786,CASSSDTDTQYF,CASSQDTDTQYF
1787,CASTRQGGEKLFF,CASTNQGGEKLFF
1788,CASSHRDLNTEAFF,CASSSRDLNTEAFF
1789,CASSLFSSYEQYF,CASSLGSSYEQYF
1790,CSARDMTGSYEQYF,CSARDPTGSYEQYF
1791,CASSYVNEQFF,CASSYEVNEQFF
1792,CASSPLSSYNEQFF,CASSPLASYNEQFF
1793,CASSFGLEQYF,CASSFGYEQYF
1794,CASSFGPYEQYF,CASSFGYEQYF
1795,CASSQGNEQFF,CASSVGNEQFF
1796,CSARLQGNEQFF,CSARLTGNEQFF
1797,CASSPGNEQFF,CASSVGNEQFF
1798,CSARAGASYNEQFF,CSARLAGASYNEQFF
1799,CASSPPGTEAFF,CASSPGTEAFF
1800,CSVAGDYGYTF,CSVVGDYGYTF
1801,CASSPPVFTGELFF,CASSPPVTGELFF
1802,CASSLRGSYEQYF,CASSLRDSYEQYF
1803,CASSPDQPQHF,CASSPGQPQHF
1804,CASSLFGSQETQYF,CASSFGSQETQYF
1805,CASSPLSSYNEQFF,CASSLSSYNEQFF
1806,CASSLSGNTGELFF,CASSLGNTGELFF
1807,CASSFGLEQFF,CASSFSLEQFF
1808,CASSPPNTGELFF,CASSPPVTGELFF
1809,CASSYGDTQYF,CASSYGGTQYF
1810,CSARDLGLAGETQYF,CSARDGLAGETQYF
1811,CASSPGTGSYNEQFF,CASSLGTGSYNEQFF
1812,CASSYSLDGSYEQYF,CASSYSLGSYEQYF
1813,CASSESYEQYF,CASSEDYEQYF
1814,CASSFVVNTEAFF,CASSFTVNTEAFF
1815,CASSLDGDYEQYF,CASSLDGGYEQYF
1816,CASSSGPYNEQFF,CASSSGDYNEQFF
1817,CASSSGHYEQYF,CASSGGHYEQYF
1818,CASSLGDTQYF,CASSRGDTQYF
1819,CASSPTGGGTEAFF,CASSYTGGGTEAFF
1820,CASSRDSNTEAFF,CASRRDSNTEAFF
1821,CASSLEGTDTQYF,CASSLEVGTDTQYF
1822,CASSFPGNEQYF,CASSFVGNEQYF
1823,CASSLGGNQPQHF,CASSLGSNQPQHF
1824,CASSLGSNQPQHF,CASSLNSNQPQHF
1825,CASSYAGGYEQYF,CASSYQGGYEQYF
1826,CASSLTGDTQYF,CASSLGGDTQYF
1827,CASSLVREGYNEQFF,CASSLREGYNEQFF
1828,CASSLRSPSTDTQYF,CASSLRGPSTDTQYF
1829,CASSLGGNQPQHF,CASSLMGNQPQHF
1830,CASSPGDTQYF,CASSPGTDTQYF
1831,CASSYSGDSYEQYF,CASSYSGDSSYEQYF
1832,CASSSLNQPQHF,CASSSLPNQPQHF
1833,CSAPGPSSYEQYF,CSASGPSSYEQYF
1834,CASSLYSTDTQYF,CASSIYSTDTQYF
1835,CASSLYSTDTQYF,CASSLYNTDTQYF
1836,CASRGGSYEQYF,CASRRGSYEQYF
1837,CASSLGGSYNEQFF,CASSLGPSYNEQFF
1838,CASSLGETQYF,CASSLSETQYF
1839,CASSLDGNEQFF,CASSLQGNEQFF
1840,CASSLAGTNEQFF,CASSLAGGNEQFF
1841,CASSQSQSYEQYF,CASSQGQSYEQYF
1842,CASSYPGLGYEQYF,CASSNYPGLGYEQYF
1843,CASSLDGNEQFF,CASSLVGNEQFF
1844,CASSPTGVSYNEQFF,CASSPSGVSYNEQFF
1845,CSVLAGSYEQYF,CSVLAGGSYEQYF
1846,CASSLSRGNEQFF,CASSLSIGNEQFF
1847,CASSLSRGNEQFF,CASSLSPGNEQFF
1848,CASSPGNTEAFF,CASSFPGNTEAFF
1849,CASSLLTDTQYF,CASSLDLTDTQYF
1850,CASSFYNEQFF,CASSFGNEQFF
1851,CASSFGQPQHF,CASSPGQPQHF
1852,CASSLGGSYNEQFF,CASSLGGSSYNEQFF
1853,CASSPGDTQYF,CASSPGTDTQYF
1854,CASSLVSSYEQYF,CASSLGSSYEQYF
1855,CASSLYTDTQYF,CASSLYADTQYF
1856,CASSQGPGYEQYF,CASSQGSGYEQYF
1857,CSVAGLAGGYEQYF,CSVGGLAGGYEQYF
1858,CASSFGQPQHF,CASSFWGQPQHF
1859,CASSLGALNTEAFF,CASSLALNTEAFF
1860,CASSFLNTEAFF,CASSFGLNTEAFF
1861,CASSSSGTSGDTQYF,CASSSTGTSGDTQYF
1862,CASSSATGELFF,CASSSVTGELFF
1863,CSVLGSSYEQYF,CSVLGISSYEQYF
1864,CASSLLAGGRNEQFF,CASSLLAGGYNEQFF
1865,CASSLTGTSGDEQYF,CASSLTGTGDEQYF
1866,CSVGGGSTDTQYF,CSVGGVSTDTQYF
1867,CASSYGGGQETQYF,CASSYSGGQETQYF
1868,CASSYSAPYEQYF,CASSYSAPGYEQYF
1869,CASSLSKNTEAFF,CASSLSSNTEAFF
1870,CASSLGGYNEQFF,CASSLGGLNEQFF
1871,CSVGGGSYNEQFF,CSVHGGSYNEQFF
1872,CASSLGGNQPQHF,CASSLGGDQPQHF
1873,CASSLGSNQPQHF,CASSLYSNQPQHF
1874,CASSVVGGNTEAFF,CASSVVGKNTEAFF
1875,CSVGGGSTDTQYF,CSVGGPSTDTQYF
1876,CASSQEAYTDTQYF,CASSQEAGTDTQYF
1877,CASSLSVPSQETQYF,CASSLSFPSQETQYF
1878,CASSLSSPANYGYTF,CASSLSSPNYGYTF
1879,CASSLNSNQPQHF,CASSLNNNQPQHF
1880,CASSRDRDSSYEQYF,CASSQDRDSSYEQYF
1881,CASSLSATDTQYF,CASSLSHTDTQYF
1882,CASSLGQTYEQYF,CASSLGQYYEQYF
1883,CASSQDRGYNEQFF,CASSQDRGTYNEQFF
1884,CASSQDRGYNEQFF,CASSQDRGLYNEQFF
1885,CASSQDRGYNEQFF,CASSQDRGYYNEQFF
1886,CASSFVGSEQYF,CASSFVGGEQYF
1887,CSAPGGNYGYTF,CSARGGNYGYTF
1888,CASSFGGAEAFF,CASSFMGGAEAFF
1889,CASSLGNNQPQHF,CASSLANNQPQHF
1890,CASSLAGGPSYEQYF,CASSLAGGSYEQYF
1891,CASSYSGLALYEQYF,CASSSGLALYEQYF
1892,CASSLGITGELFF,CASSLGRTGELFF
1893,CASSLGITGELFF,CASSLGNTGELFF
1894,CASSLDSNEQFF,CASSLDGNEQFF
1895,CASSLGLTGELFF,CASSLGRTGELFF
1896,CASSLGLTGELFF,CASSLGNTGELFF
1897,CASSPLGTEAFF,CASSPGTEAFF
1898,CASSELGTDTQYF,CASSELGHTDTQYF
1899,CASSYSSGRAYEQYF,CASSYSSGSAYEQYF
1900,CASSLGQGVNTEAFF,CASSLQGVNTEAFF
1901,CASSPAGYNYGYTF,CASSPTGYNYGYTF
1902,CASSPGTASTDTQYF,CASSPGTSTDTQYF
1903,CASSYSAQSSYEQYF,CASSYSAGSSYEQYF
1904,CASSYGGSSYNEQFF,CASSYSGSSYNEQFF
1905,CASSDGSTDTQYF,CASSLGSTDTQYF
1906,CASSQDSQGGYGYTF,CASSQDQGGYGYTF
1907,CASSDPGGNYEQYF,CASSYPGGNYEQYF
1908,CASSDMNTEAFF,CASSLMNTEAFF
1909,CASSYTGGGTEAFF,CASSYTIGGTEAFF
1910,CASSLTGGADTQYF,CASSLTGTGADTQYF
1911,CASSYQGLAYEQYF,CASSYQGRAYEQYF
1912,CASSLNSNQPQHF,CASSLYSNQPQHF
1913,CASSLGLDSNTEAFF,CASSLGDSNTEAFF
1914,CASSLVLTGELFF,CASSLVLSGELFF
1915,CASSYGSDQPQHF,CASSYGSNQPQHF
1916,CASSYGGSSYNEQFF,CASSYSGSSYNEQFF
1917,CASSLGSNQPQHF,CASSLYSNQPQHF
1918,CASSLSGDEQYF,CASSLQGDEQYF
1919,CASSSPEDEQYF,CASSSPADEQYF
1920,CASSPGTDTQYF,CASSLGTDTQYF
1921,CASSPGTDTQYF,CASSFGTDTQYF
1922,CASSPDSPYEQYF,CASSPVDSPYEQYF
1923,CASSSYPNQPQHF,CASSSLPNQPQHF
1924,CASSFGPDTQYF,CASSFGTDTQYF
1925,CASSLKHPSTDTQYF,CASSLSHPSTDTQYF
1926,CASSLSDSNYEQYF,CASSLSLDSNYEQYF
1927,CASIGSSYNEQFF,CASTGSSYNEQFF
1928,CASSAGTGYGYTF,CASSATGYGYTF
1929,CASSLSSGVTDTQYF,CASSLSSVTDTQYF
1930,CASSLNPDTQYF,CASSLGPDTQYF
1931,CASSLGQNTEAFF,CASSLGQGTEAFF
1932,CASSLVLDTQYF,CASSPVLDTQYF
1933,CASSLGSSYNEQFF,CASSLSSYNEQFF
1934,CASSFGPDTQYF,CASSLGPDTQYF
1935,CASSLVLETQYF,CASSLVFLETQYF
1936,CASSLDGYTGELFF,CASSLTGYTGELFF
1937,CASSFSSYEQYF,CASSFSDSYEQYF
1938,CASSLGQNTEAFF,CASSLGGNTEAFF
1939,CASSPTSGSYNEQFF,CASSPTSGGYNEQFF
1940,CASSLSAPQETQYF,CASSLSMPQETQYF
1941,CASSPGTDTQYF,CASSLGTDTQYF
1942,CASSLGSSYNEQFF,CASSLSSSYNEQFF
1943,CASSLSYSNQPQHF,CASSLYSNQPQHF
1944,CSVEGGDSYEQYF,CSVEGGSSYEQYF
1945,CASSLSSPEYNEQFF,CASSLSSPFYNEQFF
1946,CASSVASGGTDTQYF,CASSVSGGTDTQYF
1947,CASSLGSSYEQYF,CASSLGYSSYEQYF
1948,CASSLQGNEQFF,CASSLVGNEQFF
1949,CASSQGGANVLTF,CASSFQGGANVLTF
1950,CASSLQGGYGYTF,CASSLGQGGYGYTF
1951,CASSLEGGTEAFF,CASSLEIGTEAFF
1952,CSARLAGVEQYF,CSAPLAGVEQYF
1953,CASSLGSSYNEQFF,CASSLSSYNEQFF
1954,CASSLQGGEQYF,CASSLGGEQYF
1955,CASSLSIGTDTQYF,CASSLSIGDTQYF
1956,CASSPPEETQYF,CASSPPEHETQYF
1957,CASSLGTGEQYF,CASSLGGEQYF
1958,CASSLGTDTQYF,CASSPGTDTQYF
1959,CASSLGTDTQYF,CASSLGPDTQYF
1960,CASSLQGGELFF,CASSLGGELFF
1961,CASSPEGGNEQFF,CASSPGGGNEQFF
1962,CASSFGTDTQYF,CASSPGTDTQYF
1963,CASSLGGSYEQYF,CASSFGGSYEQYF
1964,CASSLERSYEQYF,CASSLEVSYEQYF
1965,CASSTGGTEAFF,CASSFTGGTEAFF
1966,CASSIQGDEQYF,CASSIQGDYEQYF
1967,CASSRLAGPYNEQFF,CASSILAGPYNEQFF
1968,CASSLSVDSYEQYF,CASSLSGDSYEQYF
1969,CASSLHRDHYEQYF,CASSLHRDYEQYF
1970,CASSLASSNEQFF,CASSLATSNEQFF
1971,CASSYSGTYEQYF,CASSYSWGTYEQYF
1972,CASSYSGTYEQYF,CASSYSRTYEQYF
1973,CASSLSRDSYEQYF,CASSLSGDSYEQYF
1974,CASSLGSSYNEQFF,CASSLSSSYNEQFF
1975,CASSQGPGAPYEQYF,CASSQGPGGPYEQYF
1976,CASSFEGGSYEQYF,CASSFGGSYEQYF
1977,CASSLTGTAGNTIYF,CASSLTGTPGNTIYF
1978,CASSLQGDEQYF,CASSLQGDETQYF
1979,CASSLSGDSSYEQYF,CASSLSGDSYEQYF
1980,CASSLQGDTQYF,CASSLQGDETQYF
1981,CASSFGTDTQYF,CASSLGTDTQYF
1982,CASSLSADSYEQYF,CASSLSGDSYEQYF
1983,CASSLGHTDTQYF,CASSLGTDTQYF
1984,CASSFGVGSSYEQYF,CASSFGGSSYEQYF
1985,CASSSPYNEQFF,CASSSQYNEQFF
1986,CASSVGNEQFF,CASSVYNEQFF
1987,CASSFGAGSSYEQYF,CASSFGGSSYEQYF
1988,CASSEVRELFF,CASSEIRELFF
1989,CASSPGNTYEQYF,CASSPGGTYEQYF
1990,CASSVGGNEQFF,CASSVGWGNEQFF
1991,CASSPGTGSSYEQYF,CASSPTGSSYEQYF
1992,CASSVGWGSSYEQYF,CASSVGSGSSYEQYF
1993,CASSVGWGSSYEQYF,CASSVGGGSSYEQYF
1994,CASSVGWGSSYEQYF,CASSVGTGSSYEQYF
1995,CASSVSTGELFF,CASSVVSTGELFF
1996,CASSLGLDEQYF,CASSLPGLDEQYF
1997,CASSLASNTEAFF,CASSLALNTEAFF
1998,CASSQGYEQYF,CASSPQGYEQYF
1999,CASSVGWGGSYEQYF,CASSVGAGGSYEQYF
2000,CASSLSQGAYNEQFF,CASSLQGAYNEQFF
2001,CASSQETTYGYTF,CASSQETGTYGYTF
2002,CASSQPTLNTEAFF,CASSQPGTLNTEAFF
2003,CASSLGGSYEQYF,CASSLGGYEQYF
2004,CASSLWQGGTEAFF,CASSLWGGGTEAFF
2005,CASSLWQGGTEAFF,CASSLEQGGTEAFF
2006,CASSLGGFYEQYF,CASSLGGYEQYF
2007,CASSYGGETQYF,CASSYGNGETQYF
2008,CASSLVNNEQFF,CASSRVNNEQFF
2009,CASSLSGNEQFF,CASSLKGNEQFF
2010,CSVEVPGQGDNEQFF,CSVEVPGQGLNEQFF
2011,CASSVSGSYEQYF,CASSLSGSYEQYF
2012,CASSEIGEQYF,CASSEIYEQYF
2013,CSAATGTGYEQYF,CSAQTGTGYEQYF
2014,CSVDGNTGELFF,CSVDGTGELFF
2015,CASSPGTDTQYF,CASSLGTDTQYF
2016,CASSWRGTDTQYF,CASSWGTDTQYF
2017,CASSLGPDTQYF,CASSLGTDTQYF
2018,CASSPSNEQFF,CASSPLSNEQFF
2019,CASSTGTGYTEAFF,CASSYGTGYTEAFF
2020,CASSLGGEQYF,CASSLGLEQYF
2021,CASSLAGPGELFF,CASSYLAGPGELFF
2022,CASSLSSYNEQFF,CASSLSSSYNEQFF
2023,CASSGLAGSNEQFF,CASSGLAGSYNEQFF
2024,CASSSGQGADTQYF,CASSSGLGADTQYF
2025,CASSQAGTGNYGYTF,CASSQEGTGNYGYTF
2026,CASSQGSGYEQYF,CASSQGTSGYEQYF
2027,CASSTTTGELFF,CASSTTGGELFF
2028,CASSRTFYEQYF,CASSTFYEQYF
2029,CASSLSGSSYNEQFF,CASSYSGSSYNEQFF
2030,CASSTSGSSYNEQFF,CASSYSGSSYNEQFF
2031,CASSSSGSSYNEQFF,CASSYSGSSYNEQFF
2032,CASSPSGSSYNEQFF,CASSYSGSSYNEQFF
2033,CASSYSGSGYNEQFF,CASSYSGSSYNEQFF
2034,CASSQDGPGNQPQHF,CASSQDPGNQPQHF
2035,CASSHSGSSYNEQFF,CASSYSGSSYNEQFF
2036,CASSASGSSYNEQFF,CASSYSGSSYNEQFF
2037,CASSDSGSSYNEQFF,CASSYSGSSYNEQFF
2038,CSVVGQGGYEQYF,CSVGGQGGYEQYF
2039,CASSLVGGGYEQYF,CASSLGGGGYEQYF
2040,CASSSDPGYEQYF,CASSSGPGYEQYF
2041,CASSQDLLAGEQFF,CASSQDLLAEQFF
2042,CSVGGVSTDTQYF,CSVGGPSTDTQYF
2043,CSVEGLPTDTQYF,CSVEGLPSTDTQYF
2044,CASSLTGGGYEQYF,CASSLGGGGYEQYF
2045,CASSYSDGYEQYF,CASSYSSGYEQYF
2046,CASSLAGTYEQYF,CASSLVGTYEQYF
