,Seq1,Seq2
0,CASSSDRSSYEQYF,CASSSDRGSYEQYF
1,CSARDLTYEQYF,CSARDLTSYEQYF
2,CASSLGGEETQYF,CASSLQGEETQYF
3,CASSLGGEETQYF,CASSLLGEETQYF
4,CASSLPGSYEQYF,CASSLSGSYEQYF
5,CATSRVDNEQFF,CATSRVYNEQFF
6,CASSFDSSYEQYF,CASSFSSYEQYF
7,CASSSDRSSYEQYF,CASSHDRSSYEQYF
8,CASSLESGELFF,CASSLGSGELFF
9,CASSEGGRGDTQYF,CASSEGGRADTQYF
10,CASSFDISYEQYF,CASSFDSYEQYF
11,CASSLAGGTETQYF,CASSLAGGTDTQYF
12,CASSYLGNEQFF,CASSYLDNEQFF
13,CASSDGQGLGYGYTF,CASSFGQGLGYGYTF
14,CASSQDPGGNTEAFF,CASSQDPGLNTEAFF
15,CASSQDPGGNTEAFF,CASSQDPGMNTEAFF
16,CASSQDPGGNTEAFF,CASSQDPGVNTEAFF
17,CASSYPDTQYF,CASSYGDTQYF
18,CASSFIGETQYF,CASSFSGETQYF
19,CASSPGQGHNQPQHF,CASSIGQGHNQPQHF
20,CSARDGQTYEQYF,CSARDGTTYEQYF
21,CASSYSSYNEQFF,CASSYSYNEQFF
22,CASSYLYEQYF,CASSYVYEQYF
23,CASSYLGNEQFF,CASSYSGNEQFF
24,CASSLGDSSYEQYF,CASSLGDSHSYEQYF
25,CASSRGGYEQYF,CASSFGGYEQYF
26,CASSLWGGLEAFF,CASSLGGLEAFF
27,CASSFLAGGKDTQYF,CASSFLAGGTDTQYF
28,CASSLSGNTEAFF,CASSLSGGTEAFF
29,CASSIFGTANQPQHF,CASSISGTANQPQHF
30,CSARDPGQGYEQYF,CSARDPGQAYEQYF
31,CASSYSSYNEQFF,CASSYSGSYNEQFF
32,CSASEGYEQYF,CSANEGYEQYF
33,CSASEGYEQYF,CSASYGYEQYF
34,CASSYGAYNEQFF,CASSSGAYNEQFF
35,CASSEGGRGDTQYF,CASSEGGRFDTQYF
36,CASSPPGGNEQFF,CASSQPGGNEQFF
37,CSASFGYEQYF,CSASYGYEQYF
38,CSARDPGGSYEQYF,CSARDPGGAYEQYF
39,CASSPDGYTEAFF,CASSPGYTEAFF
40,CASSQDWGSYNEQFF,CASSQDWGYNEQFF
41,CASSLESGELFF,CASSLGSGELFF
42,CASSLGDSSYEQYF,CASTLGDSSYEQYF
43,CASSLSGNNEQFF,CASSLMGNNEQFF
44,CASSPGTVSNQPQHF,CASSSGTVSNQPQHF
45,CASSEGTVSNQPQHF,CASSSGTVSNQPQHF
46,CSAGTGGTGELFF,CSAGIGGTGELFF
47,CSAGTGPYEQYF,CSAGTGDYEQYF
48,CASSEGYSGNTIYF,CASSEGPYSGNTIYF
49,CSVEWVYNEQFF,CSVEAVYNEQFF
50,CSAGTGPYEQYF,CSAGTGTYEQYF
51,CASSLSGNNEQFF,CASSLSGNYNEQFF
52,CSVAAGGNTEAFF,CSVAAGNTEAFF
53,CASSYPDTQYF,CASSFPDTQYF
54,CASSYSSYNEQFF,CASSYSYNEQFF
55,CASSFLGNEQFF,CASSFLNEQFF
56,CASSYGAYNEQFF,CASSYGGYNEQFF
57,CASSLSGNTEAFF,CASSLTGNTEAFF
58,CASSLLGGDGYTF,CASSLLGDGYTF
59,CSVGTAYEQYF,CSVGQAYEQYF
60,CASSLWDYQETQYF,CASSLWGYQETQYF
61,CASSLESGELFF,CASSLASGELFF
62,CASSRGPYNEQFF,CASSPGPYNEQFF
63,CSARDPSYEQYF,CSARDLSYEQYF
64,CSARDTLSYEQYF,CSARDLSYEQYF
65,CSARDISYEQYF,CSARDLSYEQYF
66,CASSGPGDTEAFF,CASSSPGDTEAFF
67,CASSSGTVNTGELFF,CASSLGTVNTGELFF
68,CSARDLTYEQYF,CSARDLEYEQYF
69,CSARDLTYEQYF,CSARDLSYEQYF
70,CSARDLTYEQYF,CSARDLAYEQYF
71,CASSFRGLNEQFF,CASSFGGLNEQFF
72,CASSLSGNNEQFF,CASSLSGPNNEQFF
73,CASSLIGGADTQYF,CASSLTGGADTQYF
74,CASSLIGGADTQYF,CASSLGGGADTQYF
75,CASSLSAYNEQFF,CASSLDAYNEQFF
76,CASSDRGWDQPQHF,CASSDRGDQPQHF
77,CASSDRGWDQPQHF,CASSDRGPDQPQHF
78,CASSLLGGDGYTF,CASSFLGGDGYTF
79,CASSKLNTEAFF,CASSMLNTEAFF
80,CASSYEREEAFF,CASSYERTEAFF
81,CASSFLGNEQFF,CASSPLGNEQFF
82,CSARDPGGSYEQYF,CSARDPTGSYEQYF
83,CSARDPGGSYEQYF,CSARDPSGSYEQYF
84,CSARGEGNYGYTF,CSARGGNYGYTF
85,CASSLLRADTQYF,CASSLLRGDTQYF
86,CASSPLGNEQFF,CASSRLGNEQFF
87,CASSLPISYEQYF,CASSLISYEQYF
88,CSARGPTSSYEQYF,CSARGTSSYEQYF
89,CASSFLGNEQFF,CASSFGNEQFF
90,CASSFLGNEQFF,CASSRLGNEQFF
91,CASSGLAGTDTQYF,CASSFLAGTDTQYF
92,CASSERTNTEAFF,CASSEARTNTEAFF
93,CSAPVTNYEQYF,CSAPVTSYEQYF
94,CASSKLNTEAFF,CASSDKLNTEAFF
95,CASSKLNTEAFF,CASSIKLNTEAFF
96,CASSLAGGLETQYF,CASSLAGLETQYF
97,CASSLPGSYEQYF,CASSLLGSYEQYF
98,CSVSETSTDTQYF,CSVSETTTDTQYF
99,CASSLSGNTEAFF,CASSLVGNTEAFF
100,CSAGSSYEQYF,CSAGASYEQYF
101,CSAWGMNTEAFF,CSALGMNTEAFF
102,CSAWGMNTEAFF,CSASGMNTEAFF
103,CSADTSGGYEQYF,CSADTTGGYEQYF
104,CASSLGGSYEQYF,CASSLGGTYEQYF
105,CASSYSGSEQFF,CASSYVGSEQFF
106,CASSQGSEQFF,CASSQGIEQFF
107,CSADRNSYNEQFF,CSADRANSYNEQFF
108,CSADRTAQETQYF,CSADGTAQETQYF
109,CASSYVGNEQFF,CASSYVGSEQFF
110,CASSAGTEQYF,CASSVGTEQYF
111,CASSAGTEQYF,CASSAGGEQYF
112,CASSAGTEQYF,CASSAGYEQYF
113,CASSQVEETQYF,CASSQVERETQYF
114,CASSLGPDTQYF,CASSLAGPDTQYF
115,CASSLEGNIQYF,CASSLEGRNIQYF
116,CASSLEGNIQYF,CASSLEGKNIQYF
117,CASSQVEADTQYF,CASSQVEGDTQYF
118,CSVRETGELFF,CSVAETGELFF
119,CASSPPDRVNEQFF,CASSPKDRVNEQFF
120,CASSPPDRVNEQFF,CASSPIDRVNEQFF
121,CASSYGAEQYF,CASSYGGEQYF
122,CASSQETSGEQFF,CASSQETVGEQFF
123,CASSLTVMNTEAFF,CASSLTGMNTEAFF
124,CASSLVGGGYNEQFF,CASSLGGGYNEQFF
125,CASSLTGTAYEQYF,CASSLTGEAYEQYF
126,CASSQLAGGPNEQFF,CASSQAGGPNEQFF
127,CASSYSGGEQFF,CASSYWGGEQFF
128,CASSLQTGDQPQHF,CASSLGTGDQPQHF
129,CSASGTSYEQYF,CSARSGTSYEQYF
130,CASSLGGLYEQYF,CASSLGGNYEQYF
131,CASTTTGELFF,CASTLTGELFF
132,CASSQVEETQYF,CASSQVGETQYF
133,CASSVTANYGYTF,CASSRTANYGYTF
134,CASSLGPDTQYF,CASSLGSDTQYF
135,CASSYSYEQYF,CASSQSYEQYF
136,CASSYSGGEQFF,CASSYGGGEQFF
137,CSVGGQGTYEQYF,CSVGGQGYEQYF
138,CASSLVGGGYNEQFF,CASSLVSGGYNEQFF
139,CASSSTGGADTQYF,CASSSTGGAPDTQYF
140,CASSHSFTGELFF,CASSHSTGELFF
141,CASSQGSYEQYF,CASSQSYEQYF
142,CASSLGGLYEQYF,CASSLGLYEQYF
143,CASSPYSNQPQHF,CASSGPYSNQPQHF
144,CASSQEAGWETQYF,CASSQEAGGETQYF
145,CASSLTVMNTEAFF,CASSLTVGNTEAFF
146,CSARIGSTEAFF,CSARGIGSTEAFF
147,CASTPGGVTEAFF,CASSPGGVTEAFF
148,CASSVGDSYYEQYF,CASSVGGDSYYEQYF
149,CSATGGSSYNEQFF,CSATGGSSSYNEQFF
150,CSATGGSSYNEQFF,CSATGGGSSYNEQFF
151,CASSLGGSTEAFF,CASSLGGSEAFF
152,CASSLGQGSEAFF,CASSLGGSEAFF
153,CASSLGGPEAFF,CASSLGGPEQFF
154,CASSLGGPEAFF,CASSLGGEAFF
155,CASSLLGYEQYF,CASSLGGYEQYF
156,CASSYGTGPNTEAFF,CASSYGTPNTEAFF
157,CASSLTGTAYEQYF,CASSLTGTYEQYF
158,CASSSTGYSNQPQHF,CASSWTGYSNQPQHF
159,CASSSTGYSNQPQHF,CASSATGYSNQPQHF
160,CASSLLGYEQYF,CASSLGGYEQYF
161,CASSQDYEQYF,CASSQGYEQYF
162,CASSPTDSFNQPQHF,CASSPTDSNQPQHF
163,CASSLGDGNQPQHF,CASSLGDGGNQPQHF
164,CASSFSMSYEQYF,CASSFSVSYEQYF
165,CASSLGSGELFF,CASSLGFGELFF
166,CASSFGTDTQYF,CASSPGTDTQYF
167,CASSQDRGQPQHF,CASSQDGQPQHF
168,CASSLWEGETQYF,CASSLWAGETQYF
169,CSVGPGGNEQYF,CSVPGGNEQYF
170,CASSLAGDYEQYF,CASSLAGNYEQYF
171,CASSLAGDYEQYF,CASSLAGTYEQYF
172,CASSLAGDYEQYF,CASSLAGYEQYF
173,CASSLAGDYEQYF,CASSLAGSYEQYF
174,CASSLAGDYEQYF,CASSLAGGYEQYF
175,CASSLGGSYEQYF,CASSLAGSYEQYF
176,CASSLGGSYEQYF,CASSLGGAYEQYF
177,CASSLGGEAYEQYF,CASSLGGAYEQYF
178,CASRGLAGESYEQYF,CASRLAGESYEQYF
179,CASSLAGFSYEQYF,CASSLAGISYEQYF
180,CSADGTGSYEQYF,CSAGTGSYEQYF
181,CASSYRASGTEAFF,CASSYEASGTEAFF
182,CASSLGSGELFF,CASSLGVGELFF
183,CASSLSGDTQYF,CASSLAGDTQYF
184,CASSPGGREQYF,CASSPGGDEQYF
185,CASSLAGYEQFF,CASSLAGDYEQFF
186,CASSLAGDYEQYF,CASSLDGDYEQYF
187,CASSLGPNNEQFF,CASSLGPYNEQFF
188,CASSLWQGGTEAFF,CASSLWQGNTEAFF
189,CSARDLTSYEQYF,CSARDLSYEQYF
190,CASSLLAGGTGELFF,CASSLLAGVTGELFF
191,CASSLTGTAYEQYF,CASSLITGTAYEQYF
192,CASSPTGSEQYF,CASSPTGNEQYF
193,CASSYSSGGYTF,CASSYSISGGYTF
194,CASSYSSGGYTF,CASSYSSGYGYTF
195,CASSLGPNNEQFF,CASSLSGPNNEQFF
196,CASSYSSGELFF,CASSYSIGELFF
197,CASSSTGGADTQYF,CASSLTGGADTQYF
198,CASSSTGGADTQYF,CASSRTGGADTQYF
199,CASSYSGGGEKLFF,CASSYKGGGEKLFF
200,CASSEAPNTGELFF,CASSEALNTGELFF
201,CASSDGQGAYEQYF,CASSDGTGAYEQYF
202,CASSLGTSYEQYF,CASSLGGSYEQYF
203,CASSQDPYNEQFF,CASSQDPAYNEQFF
204,CSVEGTANYEQYF,CSVEGTATYEQYF
205,CASSFWGGNTEAFF,CASSFEGGNTEAFF
206,CASSYSGTDYEQYF,CASSYSGTYEQYF
207,CASSQDGRSYEQYF,CASSQVGRSYEQYF
208,CASSLGGSYEQYF,CASSLGSYEQYF
209,CASSWEGGYNEQFF,CASTWEGGYNEQFF
210,CASSALNTGELFF,CASSALITGELFF
211,CASSQDYEQYF,CASSQGYEQYF
212,CASSLGGSTEAFF,CASSLVGSTEAFF
213,CSVGLASTYEQYF,CSVGLADTYEQYF
214,CSVPGTGAGYTF,CSVPGTGEGYTF
215,CASSLWQGGTEAFF,CASSLGQGGTEAFF
216,CASSYGGGNQPQHF,CASSYGGGGNQPQHF
217,CASSLSYYEQYF,CASSLSAYEQYF
218,CASSLQNTGELFF,CASSLGNTGELFF
219,CASSFGTDTQYF,CASSPGTDTQYF
220,CSAELAGVYNEQFF,CSAELAGAYNEQFF
221,CASSLGPDTQYF,CASSLAPDTQYF
222,CASSLLGTEAFF,CASSLGGTEAFF
223,CASSYVGNEQFF,CASSYVRGNEQFF
224,CASSLGGPEAFF,CASSLGGTEAFF
225,CASSYVPGDTEAFF,CASSYVQGDTEAFF
226,CASSQDWRGSYEQYF,CASSQDFRGSYEQYF
227,CASSQVEGADYGYTF,CASSQVLGADYGYTF
228,CASSQDGRSYEQYF,CASSQDGGSYEQYF
229,CASSYSGGGEKLFF,CASSYSSGGGEKLFF
230,CASSYVGNEQFF,CASSYMGNEQFF
231,CASSFGGGGNQPQHF,CASSFGGGGQPQHF
232,CASSLGGVGYEQYF,CASSLGGGGYEQYF
233,CASSQDLNEQYF,CASSQDLVNEQYF
234,CASSLGGSYEQYF,CASSLGGYEQYF
235,CASSLASGYEQFF,CASSLASYEQFF
236,CASSLASGYEQFF,CASSLASGYEQYF
237,CASSFGTDTQYF,CASSLGTDTQYF
238,CASSQDEGNIQYF,CASSQAEGNIQYF
239,CASSPEDYNEQFF,CASSPTDYNEQFF
240,CASSQGDYEQYF,CASSQGYEQYF
241,CASSVSGNTEAFF,CASSVEGNTEAFF
242,CASSSLGGNQPQHF,CASSLGGNQPQHF
243,CASSLVGNQPQHF,CASSLGGNQPQHF
244,CASSLSASYEQYF,CASSLEASYEQYF
245,CASSVVGNTEAFF,CASSVEGNTEAFF
246,CASSLGSGGNEQFF,CASSLGSGYNEQFF
247,CATSDFGTDTQYF,CATSDPGTDTQYF
248,CASSLTAGSTDTQYF,CASSLTASSTDTQYF
249,CASSVNTEAFF,CASSWNTEAFF
250,CASSLVGSYEQYF,CASSLVGSSYEQYF
251,CASSLGGGSTDTQYF,CASSLSGGSTDTQYF
252,CASSLGGGSTDTQYF,CASSLAGGSTDTQYF
253,CASSFMGLYEQYF,CASSFAGLYEQYF
254,CASSYSGSPLHF,CASSYSLGSPLHF
255,CASSFSSYEQYF,CASSFSSEQYF
256,CASSLAGGAGETQYF,CASSLAGAGETQYF
257,CASSLSSYEQYF,CASSLSSEQYF
258,CASSLGPYNEQFF,CASSLGVYNEQFF
259,CASSAGGYGYTF,CASSLGGYGYTF
260,CASSLGGGSTDTQYF,CASSLTGGSTDTQYF
261,CASSPGGGSTDTQYF,CASSPSGGSTDTQYF
262,CASSLVLGEQYF,CASSLLGEQYF
263,CASSLLGYEQYF,CASSLLGEQYF
264,CASSYTSGSTDTQYF,CASSYISGSTDTQYF
265,CASSWSSYEQYF,CASSWGSYEQYF
266,CAISQSYEQYF,CAISGSYEQYF
267,CASSLTGGYTDTQYF,CASSLTGGSTDTQYF
268,CASSLTGGYTDTQYF,CASSLTGGGTDTQYF
269,CASSLTGGYTDTQYF,CASSLTGGWTDTQYF
270,CASSFGGANVLTF,CASSFSGANVLTF
271,CASSSDYEQYF,CASSNDYEQYF
272,CASSLSSYEQYF,CASSLGSYEQYF
273,CASSLSSYEQYF,CASSLSYEQYF
274,CASSYGGPYEQYF,CASSYGGGYEQYF
275,CASSGFSYEQYF,CASSGSYEQYF
276,CASSPMNTEAFF,CASSPLNTEAFF
277,CASSPMNTEAFF,CASSPGNTEAFF
278,CASSWDKSYEQYF,CASSWDSYEQYF
279,CATSDLWTDTQYF,CATSDLFTDTQYF
280,CASSYSSGSNNEQFF,CASSYSSGSGNEQFF
281,CATSDLTGDEQFF,CATSDLLGDEQFF
282,CASSYVGGPEAFF,CASSYAGGPEAFF
283,CASSLSSYEQYF,CASSLRSSYEQYF
284,CATSDLMTDTQYF,CATSDLFTDTQYF
285,CATQDLFTDTQYF,CATSDLFTDTQYF
286,CASSPAGGGTDTQYF,CASSWAGGGTDTQYF
287,CASSFEGSYEQYF,CASSFGSYEQYF
288,CASSPGTGSYEQYF,CASSGTGSYEQYF
289,CASSLGGSDEQFF,CASSLGGDEQFF
290,CASSLIGGEQYF,CASSLGGEQYF
291,CASSGFSYEQYF,CASSGGSYEQYF
292,CASSLVGGELFF,CASSLGGELFF
293,CASSLVGGELFF,CASSLGGELFF
294,CASSLVGGELFF,CASSLGGELFF
295,CASSLVGGEQYF,CASSLGGEQYF
296,CASSLRGNTEAFF,CASSRGNTEAFF
297,CASSLVSSYNEQFF,CASSLTSSYNEQFF
298,CASSLLVSNQPQHF,CASSLQVSNQPQHF
299,CASSVNTEAFF,CASSWNTEAFF
300,CSVETTNTGELFF,CSVCETTNTGELFF
301,CASSLGTDTQYF,CASSLSTDTQYF
302,CASSPGGTEAFF,CASSQGGTEAFF
303,CASSLGGGSTDTQYF,CASSLGGASTDTQYF
304,CASSLDPGAYNEQFF,CASSLDPDAYNEQFF
305,CASSQGWEQYF,CASSQGYEQYF
306,CASSFSHEQYF,CASSFSYEQYF
307,CASSQGGGGTDTQYF,CASSQAGGGTDTQYF
308,CASSLSTGNYGYTF,CASSLQTGNYGYTF
309,CASSLGGTYEQYF,CASSPGGTYEQYF
310,CASSRGSSYEQYF,CASSFGSSYEQYF
311,CASSLGNYEQYF,CASSQGNYEQYF
312,CASSPEDYNEQFF,CASSPDYNEQFF
313,CASSLIGGEQYF,CASSLIGDEQYF
314,CASGGQPYNEQFF,CASGGPYNEQFF
315,CASSVVMNTEAFF,CASSVMNTEAFF
316,CASSQEGVLEQYF,CASSQEGVHEQYF
317,CASSVLMNTEAFF,CASSVMNTEAFF
318,CATSDLTEDTQYF,CATSDLTRDTQYF
319,CATSDLWTDTQYF,CATSDLVTDTQYF
320,CATSDLTADTQYF,CATSDLTRDTQYF
321,CATSDLTGDEQFF,CATSDLTVDEQFF
322,CATSDLTGDEQFF,CATSDLTRDEQFF
323,CATSDLTGDEQFF,CATSDLTSDEQFF
324,CATSDLYRDEQYF,CATSDLTRDEQYF
325,CASSLIGGEQYF,CASSLAGGEQYF
326,CASSLGGTYEQYF,CASSLAGTYEQYF
327,CASSLGGTYEQYF,CASSLGGQTYEQYF
328,CASSLGGTYEQYF,CASSLGGAYEQYF
329,CASSLVGGEQYF,CASSLAGGEQYF
330,CATSDLMTDTQYF,CATSDLVTDTQYF
331,CASSLDISYEQYF,CASSLDIYYEQYF
332,CASSAGSYEQYF,CASSLAGSYEQYF
333,CASSQDGSYEQYF,CASSQDVGSYEQYF
334,CASSLSGATEAFF,CASSLVSGATEAFF
335,CASSLIGTGNTIYF,CASSLGGTGNTIYF
336,CAISQSYEQYF,CAISESYEQYF
337,CASSLVGTGNTIYF,CASSLGGTGNTIYF
338,CATSDFGTDTQYF,CATSDFGGTDTQYF
339,CASSLGGGSTDTQYF,CASSLTGGSTDTQYF
340,CSVEVLNTGELFF,CSVEVGNTGELFF
341,CASSYGEDTQYF,CASSYGADTQYF
342,CASSLTGGYTDTQYF,CASSLTGGSTDTQYF
343,CASSFSSYEQYF,CASSFSYEQYF
344,CASSFMSYEQYF,CASSFSYEQYF
345,CASSLGPYNEQFF,CASSSGPYNEQFF
346,CASSPGTGSYEQYF,CASSPGTGLYEQYF
347,CASSYVGGYGYTF,CASSYGGGYGYTF
348,CASSLDPGAYNEQFF,CASSLDPGGYNEQFF
349,CASSPYYNEQFF,CASSLYYNEQFF
350,CASSSDYEQYF,CASSFDYEQYF
351,CASSPMNTEAFF,CASSPGNTEAFF
352,CASSFGDYEQYF,CASSFDYEQYF
353,CASSVVGNTEAFF,CASSVVGGNTEAFF
354,CASSFMNTEAFF,CASSDMNTEAFF
355,CASSLGGGEQFF,CASSLGGDEQFF
356,CASSYMNTEAFF,CASSDMNTEAFF
357,CASSPMNTEAFF,CASSDMNTEAFF
358,CASSLVSSYNEQFF,CASSLVGSSYNEQFF
359,CASSWSSYEQYF,CASSLSSYEQYF
360,CASSLVAGANQPQHF,CASSLVGANQPQHF
361,CASSLTSGSTDTQYF,CASSLTSSTDTQYF
362,CASSLTSGSTDTQYF,CASSETSGSTDTQYF
363,CASSFSSYEQYF,CASSLSSYEQYF
364,CASSLVGNQPQHF,CASSLVGANQPQHF
365,CASSLSTGSTDTQYF,CASSLSTGRTDTQYF
366,CASSLSSGATDTQYF,CASSLSSGVTDTQYF
367,CASSQSSYEQYF,CASSLSSYEQYF
368,CASSLDLNSYNEQFF,CASSLLNSYNEQFF
369,CASSIGGSPYNEQFF,CASSIGGSLYNEQFF
370,CASSIGGSPYNEQFF,CASSIGGSSYNEQFF
371,CASSAGSYEQYF,CASSLGSYEQYF
372,CASSPSGSEQFF,CASSPTSGSEQFF
373,CASSLGGTYEQYF,CASSLGGSYEQYF
374,CASSLGGTYEQYF,CASSLYGGTYEQYF
375,CASSLSGSYEQYF,CASSSGSYEQYF
376,CASSVSGANVLTF,CASSVGANVLTF
377,CATSRVYNEQFF,CATSRDYNEQFF
378,CASSQFTDTQYF,CASSQFADTQYF
379,CASSLSSYEQYF,CASSLVSYEQYF
380,CASSYMNTEAFF,CASSYTNTEAFF
381,CASSLAGVYEQYF,CASSLAGVPYEQYF
382,CASSVLMNTEAFF,CASSVVMNTEAFF
383,CASSVVGNTEAFF,CASSVVMNTEAFF
384,CASSQGGGNQPQHF,CASSQGGDNQPQHF
385,CASSFMNTEAFF,CASSLMNTEAFF
386,CSADWTGGQETQYF,CSADETGGQETQYF
387,CASSLSSYEQYF,CASSLESYEQYF
388,CASSLSSYEQYF,CASSLISYEQYF
389,CASSYMNTEAFF,CASSLMNTEAFF
390,CASSPMNTEAFF,CASSLMNTEAFF
391,CASSLSGSYEQYF,CASSLLGSYEQYF
392,CSVEAVNTGELFF,CSVELAVNTGELFF
393,CASSLSLTGNEQFF,CASSLSLEGNEQFF
394,CATSDFGTDTQYF,CATSDFGDTDTQYF
395,CASSPTTGELFF,CASSPYTGELFF
396,CASSQDLNNEQFF,CASSQDLANEQFF
397,CASSLDPYNEQFF,CASSLEPYNEQFF
398,CASSLLSGANVLTF,CASSLLASGANVLTF
399,CASSSDYEQYF,CASSSDSYEQYF
400,CASSLGGGEQFF,CASSLGGGELFF
401,CASSLGGTYEQYF,CASSLGGYEQYF
402,CASSVGNEQFF,CASSVGGNEQFF
403,CASSVGNEQFF,CASSVAGNEQFF
404,CASSVGNEQFF,CASSVGDNEQFF
405,CASSLEAAQETQYF,CASSLAAQETQYF
406,CATSRDQNSPLHF,CATSRDPNSPLHF
407,CASSVGGQNTEAFF,CASSVGGENTEAFF
408,CASSVGGEQFF,CASSVGGNEQFF
409,CASSVGGNEQFF,CASSVAGNEQFF
410,CASSVGGNEQFF,CASSVGDNEQFF
411,CASSGSSYNEQFF,CASSPGSSYNEQFF
412,CASSLGNEQFF,CASSALGNEQFF
413,CASSPQGYEQYF,CASSPPGYEQYF
414,CASSDNQETQYF,CASSVNQETQYF
415,CASSGLGDNEQFF,CASSGAGDNEQFF
416,CASSVGSEQFF,CASSVGSDEQFF
417,CASSAGSSYNEQFF,CASSPGSSYNEQFF
418,CASSVAGGELFF,CASSVAGGEAFF
419,CASSVSDEQFF,CASSVGSDEQFF
420,CASSVGDEQFF,CASSVGSDEQFF
421,CASSVGDEQFF,CASSVGDNEQFF
422,CASSVGNTIYF,CASSVLGNTIYF
423,CASSVANEQFF,CASSVAGNEQFF
424,CASSVGSGDEQFF,CASSVGSDEQFF
425,CASSESTGELFF,CASSETGELFF
426,CASSQEGTASYEQYF,CASSQEGSASYEQYF
427,CASSVGVEQFF,CASSVVGVEQFF
428,CASSLYGIEQYF,CASSLYGPEQYF
429,CASSLGPEAFF,CASSLGTEAFF
430,CASSLPTDTQYF,CASSPTDTQYF
431,CASSVGDEQFF,CASSVGFDEQFF
432,CASSVGSGSYEQYF,CASSVDSGSYEQYF
433,CASSVGNTIYF,CASSVSGNTIYF
434,CASSSSGTSYNEQFF,CASSSSGSYNEQFF
435,CASSQAPGSYEQYF,CASSQDPGSYEQYF
436,CASSVGGNEQFF,CASSVGGYNEQFF
437,CASSVGGELFF,CASSVGTGELFF
438,CASSLGTEAFF,CASSLAGTEAFF
439,CASSESGTGGHEQFF,CASSESGTGGNEQFF
440,CASSPYNNEQFF,CASSPHNNEQFF
441,CASSVGGSEQYF,CASSVGGSYEQYF
442,CASSVGGNEQFF,CASSVGGYNEQFF
443,CASTGTDYNEQFF,CASSGTDYNEQFF
444,CASSVGGGTYNEQFF,CASSVGGGYNEQFF
445,CASSLGAEQYF,CASSLGHEQYF
446,CASSVGGELFF,CASSGGGELFF
447,CASSTGGELFF,CASSGGGELFF
448,CASSEGGDTEAFF,CASSEGGSTEAFF
449,CASSPGTEAFF,CASSHGTEAFF
450,CASSLHSNTGELFF,CASSLNSNTGELFF
451,CASSLGQGWDEQYF,CASSLGQGNDEQYF
452,CASSFSGNTGELFF,CASSFSPNTGELFF
453,CASSQGYEQYF,CASSQGGEQYF
454,CASSVGGSTEAFF,CASSEGGSTEAFF
455,CASSVGGSTEAFF,CASSPGGSTEAFF
456,CASSVGGSTEAFF,CASSSGGSTEAFF
457,CASSVGGSTEAFF,CASSTGGSTEAFF
458,CASSVASSYEQYF,CASSVGSSYEQYF
459,CASSVGSGSYEQYF,CASSVGGSYEQYF
460,CASSVGSGSYEQYF,CASSVGSGRYEQYF
461,CASSVGSGSYEQYF,CASSVGSSYEQYF
462,CASSLGGEAFF,CASSLGGELFF
463,CASSLGGEAFF,CASSGGGEAFF
464,CASSLGGEAFF,CASSLGGELFF
465,CASSLGGEAFF,CASSLGGELFF
466,CASSLGGEAFF,CASSLGSEAFF
467,CASSVGDEQFF,CASSVGLDEQFF
468,CASSLAVYEQYF,CASSLGVYEQYF
469,CASSLPGDPYEQYF,CASSLPAGDPYEQYF
470,CASSLAGTDTQYF,CASSLALTDTQYF
471,CASSPGTEAFF,CASSPIGTEAFF
472,CASSGLGDNEQFF,CASSPLGDNEQFF
473,CASSPRDGPYEQYF,CASSPRDGSPYEQYF
474,CASSLAVYNEQFF,CASSLAGYNEQFF
475,CASSPGTEAFF,CASSQGTEAFF
476,CASSQYMNTEAFF,CASSQNMNTEAFF
477,CASSPGTTYEQYF,CASSPGTAYEQYF
478,CASSPTDYNEQFF,CASSPDYNEQFF
479,CASSEGLRPYEQYF,CASSEGLGPYEQYF
480,CASSVGNEQFF,CASSVRGNEQFF
481,CASSVGGNEQFF,CASSVRGNEQFF
482,CASSLRQGAYEQYF,CASSLRQGYEQYF
483,CASSEGSGYEQYF,CASSEGSYEQYF
484,CASSFISGYNEQFF,CASSFPSGYNEQFF
485,CASSSPSSYNEQFF,CASSPSSYNEQFF
486,CASSQESGRTYEQYF,CASSQERGRTYEQYF
487,CASSVGNEQFF,CASSVGNGEQFF
488,CASSVGGEQFF,CASSVGNGEQFF
489,CASSPTLVPYEQYF,CASSPTGVPYEQYF
490,CASSLGSGELFF,CASSLASGELFF
491,CASSLGTEAFF,CASSLGPEAFF
492,CASSPLHNEQFF,CASSPHNEQFF
493,CASSQAPGSYEQYF,CASSQAPGAYEQYF
494,CASSLGTEAFF,CASSLGVEAFF
495,CASSPAYEQYF,CASSPASYEQYF
496,CASSTGYEQYF,CASSTDGYEQYF
497,CASSLGTEAFF,CASSSGTEAFF
498,CASSVGYEQYF,CASSVDGYEQYF
499,CASSLEGQQNTEAFF,CASSLEGQVNTEAFF
500,CASSLEVGQETQYF,CASSLEVGGETQYF
501,CASSVTDTQYF,CASSDTDTQYF
502,CASSFSGISYEQYF,CASSFSGSYEQYF
503,CASSTTDTQYF,CASSDTDTQYF
504,CASSPGTTYEQYF,CASSPGSTYEQYF
505,CASSEGTGLYEQYF,CASSEGTGRLYEQYF
506,CASSVGNEQFF,CASSVGGNEQFF
507,CASSVGGEQFF,CASSVGGNEQFF
508,CASSLGGLSYEQYF,CASSLGGPSYEQYF
509,CASSVSETQYF,CASSVGETQYF
510,CASSVGGGEQYF,CASSVGGGYEQYF
511,CASSESTGELFF,CASSVSTGELFF
512,CASSVGEQQYF,CASSVGETQYF
513,CASSLGETQYF,CASSVGETQYF
514,CSARKISSYEQYF,CSARKRSSYEQYF
515,CASSVGQTQYF,CASSVGETQYF
516,CASSTGETQYF,CASSVGETQYF
517,CASSASGSSYNEQFF,CASSPSGSSYNEQFF
518,CASSVGEAQYF,CASSVGETQYF
519,CASSAGSSYNEQFF,CASSASGSSYNEQFF
520,CASSVGDTQYF,CASSVGETQYF
521,CASSLGTEAFF,CASSRGTEAFF
522,CASSVGSGSYEQYF,CASSVGSGHYEQYF
523,CASSVAEEQFF,CASSVAREQFF
524,CASSVADEQFF,CASSVAREQFF
525,CASSVGGAEQYF,CASSVGGAYEQYF
526,CASSVAQEQFF,CASSVAREQFF
527,CASSVANEQFF,CASSVAREQFF
528,CASSVGGTQYF,CASSVGETQYF
529,CASSLAVYEQYF,CASSLADYEQYF
530,CASSSPGTSTDTQYF,CASSSPGTSGDTQYF
531,CSVVNTGELFF,CSVGNTGELFF
532,CASSYGQGETQYF,CASSYGGETQYF
533,CASSPSGSGYEQYF,CASSPSGSYEQYF
534,CASSPRDGPYEQYF,CASSPRDLGPYEQYF
535,CASWGIQETQYF,CASSGIQETQYF
536,CASSGLAGAGELFF,CASSGLAGTGELFF
537,CASSVGGNEQFF,CASSVGWGNEQFF
538,CASSEGGDTEAFF,CASSEGGGTEAFF
539,CASSLAGPDTQYF,CASSLAPDTQYF
540,CASSYGQGETQYF,CASSYGNGETQYF
541,CASSLTNTEAFF,CASSLTVNTEAFF
542,CASSVGSGSYEQYF,CASSVGSGSSYEQYF
543,CASSRGSGSYEQYF,CASSRGSGSSYEQYF
544,CASSVGSGSYEQYF,CASSVGQGSYEQYF
545,CASSEGTGLYEQYF,CASSEGTGWYEQYF
546,CASSVVGGMTEAFF,CASSVVGGDTEAFF
547,CATSDLQGITDTQYF,CATSDLQGETDTQYF
548,CASSYGGEQYF,CASSLGGEQYF
549,CASSPAGTEAFF,CASSPPGTEAFF
550,CASSLLAGRPGELFF,CASSLLAGRGELFF
551,CASSVGTGTYEQYF,CASSVGWTGTYEQYF
552,CASSYGQNEQFF,CASSYGDNEQFF
553,CASSLGGGAYNEQFF,CASSLGGGYNEQFF
554,CASSVEGNTEAFF,CASSVEGFTEAFF
555,CASSIQRSSYNEQFF,CASSIGRSSYNEQFF
556,CASSPGFYEQYF,CASSPGPYEQYF
557,CASSVGSDEQFF,CASSVGFDEQFF
558,CASSVLGNTIYF,CASSVSGNTIYF
559,CASSVVGLEQFF,CASSVVGVEQFF
560,CASSLAGSSYEQYF,CASSLQGSSYEQYF
561,CASSVGTGTYEQYF,CASSVGGGTYEQYF
562,CATSRQAQETQYF,CATSRQDQETQYF
563,CATSRQAQETQYF,CATSRRAQETQYF
564,CASSEGGSYEQYF,CASSEGSYEQYF
565,CASSVGGNEQFF,CASSVGGYNEQFF
566,CASSPGFYEQYF,CASTPGFYEQYF
567,CASSVGGTGELFF,CASSVGTGELFF
568,CASSPGDTEAFF,CASSPQDTEAFF
569,CASSVGVYNEQFF,CASSVGGYNEQFF
570,CASSVGDNEQFF,CASSVGDHNEQFF
571,CASSVGDNEQFF,CASSVEGDNEQFF
572,CASSVDGTGELFF,CASSVGTGELFF
573,CASSMLADNEQFF,CASSMVLADNEQFF
574,CASSEGGRADTQYF,CASSEGGRFDTQYF
575,CASSIAGGSNQPQHF,CASSIAGTSNQPQHF
576,CASSVGGNEQFF,CASSVGGYNEQFF
577,CASSVGGTGELFF,CASSGGTGELFF
578,CASSVGGTGELFF,CASSVPGTGELFF
579,CASSVGVYNEQFF,CASSVGGYNEQFF
580,CASSGGPSYEQYF,CASSGGSYEQYF
581,CASSVDGTGELFF,CASSVPGTGELFF
582,CASSVGSDEQFF,CASSVGLDEQFF
583,CATSVGGGYTF,CATSVQGGYTF
584,CASSEGGSYEQYF,CASSEGISYEQYF
585,CASSFDSSYEQYF,CASSFGSSYEQYF
586,CASSFDSYEQYF,CASSFSYEQYF
587,CASSPPGNEQFF,CASSPPSGNEQFF
588,CASSYPSYEQYF,CASSYSYEQYF
589,CASSVGGTGELFF,CASSVGGGTGELFF
590,CASSLGQFSYEQYF,CASSLGQSYEQYF
591,CASSVGGNEQFF,CASSVRGNEQFF
592,CASSLSGAGYGYTF,CASSLSGADYGYTF
593,CASSVAGNEQFF,CASSVRGNEQFF
594,CASSLGALGTDTQYF,CASSLGAGTDTQYF
595,CASSLANRGTDTQYF,CASSLARGTDTQYF
596,CASSYGRTEAFF,CASSYDRTEAFF
597,CASSSTASYEQYF,CASSSTDSYEQYF
598,CASSYGRAEAFF,CASSYGREEAFF
599,CASSFGGLEQYF,CASSFGLEQYF
600,CASSALGNEQFF,CASSASLGNEQFF
601,CASSLGNEQFF,CASSLGGEQFF
602,CASSQGAGTYEQYF,CASSQGLGTYEQYF
603,CASSGSLGNEQFF,CASSASLGNEQFF
604,CASSVVGGMTEAFF,CASSVVGGNTEAFF
605,CASSVVGGMTEAFF,CASSVVGGGTEAFF
606,CASSVVGGNSEAFF,CASSVVGGNTEAFF
607,CASSYGPSEQYF,CASSYGPAEQYF
608,CASTLWGTNEKLFF,CASSLWGTNEKLFF
609,CASSQELANNEQFF,CASSQETANNEQFF
610,CASSYTGQGYEQYF,CASSYQGQGYEQYF
611,CASSYGLAYEQYF,CASSYQGLAYEQYF
612,CATSDLQGITDTQYF,CATSDLQGVTDTQYF
613,CASSASGSSYNEQFF,CASSSSGSSYNEQFF
614,CASSLRDSPYNEQFF,CASSLRDSYNEQFF
615,CASSQDGYTEAFF,CASSQDQGYTEAFF
616,CASSQDGYTEAFF,CASSQDEGYTEAFF
617,CASSYTRGYEQYF,CASSYTRDGYEQYF
618,CSARGGQNTGELFF,CSARGGQVNTGELFF
619,CASSLDRSYEQYF,CASSSLDRSYEQYF
620,CASSFASNTEAFF,CASSFYSNTEAFF
621,CSARGAGNTGELFF,CSARGAGMNTGELFF
622,CASSASGRGNEQFF,CASSASGRVGNEQFF
623,CASSPGSSYNEQFF,CASSPSGSSYNEQFF
624,CSARGTNYGYTF,CSARGGNYGYTF
625,CASSVAGNEQFF,CASSVGGNEQFF
626,CASSVGDNEQFF,CASSVGGNEQFF
627,CASSLAAQETQYF,CASSFLAAQETQYF
628,CASSPRDRVHEQYF,CASSPTDRVHEQYF
629,CASSLSVRTEQYF,CASSLSVGTEQYF
630,CASSPIDRVTEAFF,CASSPPDRVTEAFF
631,CASSLAAQETQYF,CASSLAGQETQYF
632,CASSPRDRVNEQYF,CASSPADRVNEQYF
633,CASSPVDRVNEQYF,CASSPADRVNEQYF
634,CASSVGGNEQFF,CASSVGWGNEQFF
635,CASSLGRGTYEQYF,CASSLGGTYEQYF
636,CASSVGGTGELFF,CASSVGGKTGELFF
637,CASSSGGTEAFF,CASSSGQGTEAFF
638,CATSDLQGITDTQYF,CATSDLQGYTDTQYF
639,CASSYGQNEQFF,CASSYSQNEQFF
640,CASSLVDSSAYEQYF,CASSLVDSSYEQYF
641,CASSYSKQNEQFF,CASSYSQNEQFF
642,CASSSDSSYEQYF,CASSSDSYEQYF
643,CASSSDSSYEQYF,CASSSSSYEQYF
644,CASSIITGSNQPQHF,CASSIGTGSNQPQHF
645,CASSPGQGTYEQYF,CASSPGGTYEQYF
646,CASSMGQGTYEQYF,CASSMGQGITYEQYF
647,CASSMGQGTYEQYF,CASSMGQGLTYEQYF
648,CASSMGQGTYEQYF,CASSMGQGTVYEQYF
649,CASSMGQGTYEQYF,CASSMGQGETYEQYF
650,CASSMGQGTYEQYF,CASSMGQGTSYEQYF
651,CASSMGQGTYEQYF,CASSMGQGQTYEQYF
652,CASSMGQGTYEQYF,CASSMGQGATYEQYF
653,CASSFGYEQYF,CASSLGYEQYF
654,CASSLGGYEQYF,CASSLGYEQYF
655,CASSYWGGEQFF,CASSYGGGEQFF
656,CASSIAGTEAFF,CASSIAGGEAFF
657,CASSLGAGGGETQYF,CASSLGAGGETQYF
658,CASSQGYGFYEQYF,CASSQGQGFYEQYF
659,CASSLDSNQPQHF,CASSLLDSNQPQHF
660,CASSYEGGPETQYF,CASSYEGGMETQYF
661,CASSFGYEQYF,CASSNGYEQYF
662,CASSDGTYNEQFF,CASSDETYNEQFF
663,CASSLGGYEQYF,CASGLGGYEQYF
664,CASSLGGYEQYF,CASSLGQGYEQYF
665,CASSPSSYEQYF,CASSSSYEQYF
666,CASSLTSGIYNEQFF,CASSLTSGPYNEQFF
667,CASSLAGSSYNEQFF,CASSLAGSYNEQFF
668,CASSSTGGLYNEQFF,CASSSTGGAYNEQFF
669,CASSLAQGNTGELFF,CASSLGQGNTGELFF
670,CAIGGTGGTGELFF,CAGGTGGTGELFF
671,CASSETGELFF,CASSGTGELFF
672,CASSLGVGTEAFF,CASSLGGTEAFF
673,CASSPGVGNQPQHF,CASSPGVYGNQPQHF
674,CASSLTGETYEQYF,CASSLTGTYEQYF
675,CASSLGEYTDTQYF,CASSLGPYTDTQYF
676,CASSQGGQPQHF,CASSSGGQPQHF
677,CASSLGSGSYNEQFF,CASSLDSGSYNEQFF
678,CASSQVAGGETQYF,CASSQVAGGQETQYF
679,CASSSGYEQYF,CASSPSGYEQYF
680,CASSPGGQPQHF,CASSSGGQPQHF
681,CASSQAGAEAFF,CASSQAGAAEAFF
682,CASSYNYNEQFF,CASSPNYNEQFF
683,CASSLVSGELFF,CASSLVPGELFF
684,CASSWGQTYEQYF,CASSSGQTYEQYF
685,CASSFPGAEQYF,CASSFVGAEQYF
686,CASSLYTGSNTEAFF,CASSLTGSNTEAFF
687,CASSLDSNQPQHF,CASSLGSNQPQHF
688,CASSLAEGLNTEAFF,CASSLAGGLNTEAFF
689,CATSDRDSYEQYF,CATSDLDSYEQYF
690,CASSVGGGETQYF,CASSVLGGETQYF
691,CASSYSAGDTGELFF,CASSYSLGDTGELFF
692,CASSFPDTQYF,CASSFPDEQYF
693,CATSDRDSYEQYF,CATSDRSSYEQYF
694,CASSLGWATEAFF,CASSLGGATEAFF
695,CASSLGSGSYNEQFF,CASSLTSGSYNEQFF
696,CASSLGLVYEQYF,CASSLGLVSYEQYF
697,CASSWTGETEAFF,CASSWTGTEAFF
698,CASSLTSGIYNEQFF,CASSLTSGSYNEQFF
699,CASSPDSNEQFF,CASSPSNEQFF
700,CASSLGLAGYNEQFF,CASSLSLAGYNEQFF
701,CASSLSLAGFNEQFF,CASSLSLAGYNEQFF
702,CASSLGGGYNEQFF,CASSLGGYNEQFF
703,CASSIGGNQPQHF,CASSLGGNQPQHF
704,CASSLTGETYEQYF,CASSTGETYEQYF
705,CASSLGLYNEQFF,CASSLGPYNEQFF
706,CASSLGLYNEQFF,CASSLGGYNEQFF
707,CASSLGIGYNEQFF,CASSLGGYNEQFF
708,CASSVVGGDTEAFF,CASSVVGGNTEAFF
709,CASSVVGGDTEAFF,CASSVVGGGTEAFF
710,CASSLDSNQPQHF,CASSLGSNQPQHF
711,CASSLGVGYNEQFF,CASSLGGYNEQFF
712,CASSWTGETEAFF,CASSWTGGTEAFF
713,CASSLGSGYNEQFF,CASSLGGYNEQFF
714,CASSLTGEAYEQYF,CASSLTEAYEQYF
715,CASSLGTGVEYEQYF,CASSLGTGVVYEQYF
716,CASSLGTGVEYEQYF,CASSLGTGVSYEQYF
717,CASSSNTGELFF,CASSASNTGELFF
718,CASSLDSNQPQHF,CASSLGSNQPQHF
719,CASSLDSNQPQHF,CASSLNSNQPQHF
720,CASSVGISTDTQYF,CASSVGYSTDTQYF
721,CASSWTGETEAFF,CASSTGETEAFF
722,CASSVGLSTDTQYF,CASSVGYSTDTQYF
723,CASSLTGESNQPQHF,CASSLTESNQPQHF
724,CASSLGSGSYNEQFF,CASSLTSGSYNEQFF
725,CASSLGSGSYNEQFF,CASSLGSSYNEQFF
726,CATSDLQGETDTQYF,CATSDLQGVTDTQYF
727,CASSFGYEQYF,CASSLGYEQYF
728,CASSLTASSTDTQYF,CASSLTSSTDTQYF
729,CASSLGSGYNEQFF,CASSLGSSYNEQFF
730,CASSLGSGYNEQFF,CASSLTSGYNEQFF
731,CASSLTSGIYNEQFF,CASSLTSGSYNEQFF
732,CASSLTSGIYNEQFF,CASSLTSGYNEQFF
733,CASSLGGYEQYF,CASSLRGYEQYF
734,CASSLGGYEQYF,CASSLGYEQYF
735,CASSLTGSSTDTQYF,CASSLTSSTDTQYF
736,CASSFGFGEQFF,CASSFGTGEQFF
737,CASSLGLTDTQYF,CASSLGHTDTQYF
738,CASSLGLTDTQYF,CASSLFLTDTQYF
739,CASSSNTGELFF,CASSSYTGELFF
740,CASSLGSGSYNEQFF,CASSLGSSYNEQFF
741,CASSQDWDSSYEQYF,CASSQDRDSSYEQYF
742,CASSLGSGYNEQFF,CASSLGSSYNEQFF
743,CASSSGTMNTEAFF,CASSSGMNTEAFF
744,CASSPGGQPQHF,CASSPEGGQPQHF
745,CASSLSLRETQYF,CASSLSWRETQYF
746,CASSLSQGSYNEQFF,CASSLSQGAYNEQFF
747,CASSLGQGIGYTF,CASSLGQGSGYTF
748,CASSLGVGTEAFF,CASSLSVGTEAFF
749,CASSLGVGTEAFF,CASSLGQGTEAFF
750,CASSLGGTEQYF,CASSLGGEQYF
751,CASSYGQGETQYF,CASSYGGETQYF
752,CASSLDSNQPQHF,CASSLADSNQPQHF
753,CASSLTNTGELFF,CASSLTGNTGELFF
754,CASSLTASSTDTQYF,CASSLLASSTDTQYF
755,CASSLGGYEQYF,CASSLGGEQYF
756,CASSPTSDQETQYF,CASRPTSDQETQYF
757,CASSYGQGETQYF,CASSYGNGETQYF
758,CASSLYTGSNTEAFF,CASSLYTGVNTEAFF
759,CASSLYTGSNTEAFF,CASSLYTGANTEAFF
760,CASSLGLAAYNEQFF,CASSLGQAAYNEQFF
761,CATSDLQGETDTQYF,CATSDLQGYTDTQYF
762,CASSLPGLEDTQYF,CASSPGLEDTQYF
763,CASSLGGGYNEQFF,CASSLTGGYNEQFF
764,CASSLGLTDTQYF,CASSLGTDTQYF
765,CASSLDSNQPQHF,CASSLYSNQPQHF
766,CASSVANNSPLHF,CASSVARNSPLHF
767,CASSLGTGDQPQHF,CASSLGGDQPQHF
768,CASSLGLNEQFF,CASSLGGLNEQFF
769,CASSLVSGELFF,CASSLVLSGELFF
770,CASSLAEGLNTEAFF,CASSLEEGLNTEAFF
771,CASSLAFGTEAFF,CASSLAQGTEAFF
772,CASSSTGFEQFF,CASSSTGHEQFF
773,CASSSTGFEQFF,CASSSTGAEQFF
774,CASSIGTGFGYEQYF,CASSIGGFGYEQYF
775,CASSPPGQGSYEQYF,CASRPPGQGSYEQYF
776,CASSIGTGEAYEQYF,CASSITGEAYEQYF
777,CSARDLQDSYEQYF,CSARDLQVSYEQYF
778,CASTLGQGLYNEQFF,CASTLGQGLNEQFF
779,CASSPGGSYEQYF,CASSPPGGSYEQYF
780,CASSPSGDRSYEQYF,CASSPSGDLSYEQYF
781,CASSPGGSYEQYF,CASSPGGYEQYF
782,CASSPGGSYEQYF,CASSPGGSEQYF
783,CASSPGGTYEQYF,CASSPGGYEQYF
784,CASSIGQGETYEQYF,CASSIGQGITYEQYF
785,CASSIGAGITYEQYF,CASSIGQGITYEQYF
786,CASSAGQGVTYEQYF,CASSAGQGITYEQYF
787,CASSIGQGHTYEQYF,CASSIGQGITYEQYF
788,CASSFGNTEAFF,CASSFGSTEAFF
789,CASSIGQGATYEQYF,CASSIGQGITYEQYF
790,CASSMGQGITYEQYF,CASSIGQGITYEQYF
791,CASSMGQGITYEQYF,CASSAGQGITYEQYF
792,CASSIGQGSTYEQYF,CASSIGQGITYEQYF
793,CASSIGQGLTYEQYF,CASSIGQGITYEQYF
794,CASSGDYNEQFF,CASSGTDYNEQFF
795,CASSIGSGITYEQYF,CASSIGQGITYEQYF
796,CASSIGQGITYEQYF,CASSAGQGITYEQYF
797,CASSAGQGITYEQYF,CASSIGQGITYEQYF
798,CASSIGQGWTYEQYF,CASSIGQGITYEQYF
799,CASSIRDSYEQYF,CASSIRSSYEQYF
800,CASSLYSGANVLTF,CASSLYISGANVLTF
801,CASSSGAGGTDTQYF,CASSSLAGGTDTQYF
802,CASSIGAGALYEQYF,CASSIGAGGLYEQYF
803,CASSIGTGVDYEQYF,CASSIGTGVVYEQYF
804,CASSIGTGVTYEQYF,CASSIGTGVVYEQYF
805,CASSIGAGVVYEQYF,CASSIGTGVVYEQYF
806,CASSIGTGVAYEQYF,CASSIGTGVVYEQYF
807,CASSVGTGVVYEQYF,CASSIGTGVVYEQYF
808,CASSIGTGVGYEQYF,CASSIGTGVVYEQYF
809,CASSSGTGVRYEQYF,CASSPGTGVRYEQYF
810,CASSPGTGRRYEQYF,CASSPGTGVRYEQYF
811,CASSTGTGTSYEQYF,CASSTRTGTSYEQYF
812,CASSPGTGLRYEQYF,CASSPGTGVRYEQYF
813,CASSIGTGLGNEQFF,CASSIGAGLGNEQFF
814,CASSLTAGVYEQYF,CASSLTAGVTYEQYF
815,CASSIGQGLNNEQFF,CASSIGAGLNNEQFF
816,CASSIGRSSYNEQFF,CASSIGGSSYNEQFF
817,CASSTGAGVGNEQFF,CASSIGAGVGNEQFF
818,CASSTGAGVGNEQFF,CASSTAAGVGNEQFF
819,CASSIGTGLNNEQFF,CASSIGAGLNNEQFF
820,CASSIGVGLGNEQFF,CASSIGAGLGNEQFF
821,CASSPGQGSSYEQYF,CASSPGTGSSYEQYF
822,CASSLGTGSSYEQYF,CASSPGTGSSYEQYF
823,CASSPGTGISYEQYF,CASSPGTGSSYEQYF
824,CASSPGTGNSYEQYF,CASSPGTGSSYEQYF
825,CASSPGTGRSYEQYF,CASSPGTGSSYEQYF
826,CASSPGTGTSYEQYF,CASSPGTGSSYEQYF
827,CASSPGTGFSYEQYF,CASSPGTGSSYEQYF
828,CASSPGTGQSYEQYF,CASSPGTGSSYEQYF
829,CASSHGMNTEAFF,CASSHGGNTEAFF
830,CASSEAGGTYEQYF,CASSEAGGPYEQYF
831,CASSIGTGQAYEQYF,CASSIGPGQAYEQYF
832,CASSIGLGQAYEQYF,CASSIGPGQAYEQYF
833,CASSTGTGVPYEQYF,CASSTGTGVYEQYF
834,CASSPTSGSYEQYF,CASSPGTSGSYEQYF
835,CASSIGQGGSYEQYF,CASSIGQGGSEQYF
836,CASSFSGPEAFF,CASSFSGFEAFF
837,CASSFSGGNEQFF,CASSFSGANEQFF
838,CASSPSGFGYTF,CASSPSGDGYTF
839,CASSLSGAGTDTQYF,CASSLSGAHTDTQYF
840,CASSFQGEQYF,CASSFWGEQYF
841,CASSSSGSSTDTQYF,CASSSSGSSGDTQYF
842,CASSSSGSSTDTQYF,CASSPSGSSTDTQYF
843,CASSLGYEQYF,CASSNGYEQYF
844,CASSLSSEQYF,CASSLSYEQYF
845,CASSLSGALTDTQYF,CASSLSGAHTDTQYF
846,CASSLSGGSTDTQYF,CASSLSGTSTDTQYF
847,CASSLSGGSTDTQYF,CASSLTGGSTDTQYF
848,CASSLSGGSTDTQYF,CASSPSGGSTDTQYF
849,CASSLSGGSTDTQYF,CASSLSGGSADTQYF
850,CASSEGSYEQYF,CASSEGYEQYF
851,CASSFSGYEQFF,CASSFGYEQFF
852,CASSPSGASTDTQYF,CASSPSGGSTDTQYF
853,CASSPSGASTDTQYF,CASSPSGSSTDTQYF
854,CASSQSGEQYF,CASSQSYEQYF
855,CASSLAGGSTDTQYF,CASSLTGGSTDTQYF
856,CASSLAGGSTDTQYF,CASSLAGVSTDTQYF
857,CASSLSSEQFF,CASSLSFEQFF
858,CASSLTGAVTDTQYF,CASSLTGASTDTQYF
859,CASSLTGAVTDTQYF,CASSLTGATTDTQYF
860,CASSFSFEQFF,CASSLSFEQFF
861,CASSMTGGSTDTQYF,CASSSTGGSTDTQYF
862,CASSMTGGSTDTQYF,CASSLTGGSTDTQYF
863,CASSLSGAVTDTQYF,CASSLTGAVTDTQYF
864,CASSLSGAVTDTQYF,CASSLSGAHTDTQYF
865,CASSLTGAVPDTQYF,CASSLTGAVTDTQYF
866,CASSFDATEAFF,CASSFGATEAFF
867,CASSWSGYEQYF,CASSWGGYEQYF
868,CASSLGYYEQYF,CASSLGSYEQYF
869,CASSLGYYEQYF,CASSLGLYEQYF
870,CASGQGGYEQYF,CASGGGYEQYF
871,CASSISYEQYF,CASSASYEQYF
872,CASSISYEQYF,CASSLSYEQYF
873,CASSNSGGSTDTQYF,CASSPSGGSTDTQYF
874,CASSFSGDGYTF,CASSPSGDGYTF
875,CASSFSGYNEQFF,CASSFSGANEQFF
876,CASSGGAMNTEAFF,CASSDGAMNTEAFF
877,CASSFAGLYEQYF,CASSFAGIYEQYF
878,CASSLTGDTQYF,CASSLNGDTQYF
879,CASSLSGPYNEQFF,CASSLTSGPYNEQFF
880,CASSPGGETQYF,CASSPGGEQYF
881,CASSPGGGEQYF,CASSPGGEQYF
882,CASSPTVNEQFF,CASSPTGNEQFF
883,CASSLVPNEQFF,CASSLVYNEQFF
884,CASSLVPNEQFF,CASSLVLNEQFF
885,CASSDGYGYTF,CASSDGTYGYTF
886,CASSLTGDTQYF,CASSLGGDTQYF
887,CASSPTGVEQFF,CASSPTGNEQFF
888,CASSLGSEQFF,CASSLGGEQFF
889,CASSEGGSYEQYF,CASSGGSYEQYF
890,CASSQVGETQYF,CASSQTVGETQYF
891,CASSLGQEAFF,CASSLGSEAFF
892,CASSLGQEAFF,CASSLGGEAFF
893,CASSLGNYGYTF,CASSLGNGYTF
894,CASSLVATGELFF,CASSLVAAGELFF
895,CASSPTGHEQFF,CASSPTGNEQFF
896,CASSWGGTEAFF,CASSPGGTEAFF
897,CASSLGGDEQYF,CASSLGGHEQYF
898,CASSEGSYEQYF,CASSEGISYEQYF
899,CASSLGGYGYTF,CASSLGAGYGYTF
900,CASSVGFDEQFF,CASSVGLDEQFF
901,CASSFSGDGYTF,CASSFGGDGYTF
902,CASSYLGDTQYF,CASSYYLGDTQYF
903,CASSQVGETQYF,CASSQEGETQYF
904,CASSLSGETQYF,CASSLGETQYF
905,CSAGTGDGYEQYF,CSAGTGDYEQYF
906,CASSLSGPSYNEQFF,CASSLSGSYNEQFF
907,CASSLGGETQYF,CASSLGETQYF
908,CASSFSGYNEQFF,CASSFSAYNEQFF
909,CASSQEWNQPQHF,CASSQEWFNQPQHF
910,CASSPGGEAFF,CASSQGGEAFF
911,CASSFAGVEQFF,CASSLAGVEQFF
912,CASSLSGPYNEQFF,CASSLSGNYNEQFF
913,CASSEAGNEQFF,CASSLAGNEQFF
914,CASSTSGNTIYF,CASSFSGNTIYF
915,CASSLQGSSYEQYF,CASSTQGSSYEQYF
916,CASSFTGNTIYF,CASSFSGNTIYF
917,CASSAQGNSPLHF,CASSVQGNSPLHF
918,CASSSPGRETQYF,CASSSGRETQYF
919,CASSLDGETQYF,CASSLDLETQYF
920,CASSLGGGANGYTF,CASSLGGRANGYTF
921,CASSLGSDTQYF,CASSLGSETQYF
922,CASSYGGINEQFF,CASSYGGYNEQFF
923,CASSYGSYEQYF,CASSYGQSYEQYF
924,CASSEGGSYEQYF,CASSEGSYEQYF
925,CASSFSGELFF,CASSFSAGELFF
926,CASSQVRDEQYF,CASSQVRDEQFF
927,CASSQGLALGDTQYF,CASSQGLALSDTQYF
928,CASSAQGGGYTF,CASSQGGGYTF
929,CASSLVGEQFF,CASSLGGEQFF
930,CASSLLGETQYF,CASLLGETQYF
931,CASSPSGYEQYF,CASSPSPYEQYF
932,CASSLGGYGYTF,CASSLGTGYGYTF
933,CASSLGDTQYF,CASSLVDTQYF
934,CASSYLGDTQYF,CASSYGDTQYF
935,CASSLSGGSTDTQYF,CASSLTGGSTDTQYF
936,CASSLDAYEQYF,CASSLIAYEQYF
937,CASSLAGGSTDTQYF,CASSLTGGSTDTQYF
938,CASSVAHGYEQYF,CASSVALGYEQYF
939,CASSLSGPYNEQFF,CASSLTGPYNEQFF
940,CASSFSSEQYF,CASSFSYEQYF
941,CASSPSGETQYF,CASSPAGETQYF
942,CASSMTGGSTDTQYF,CASSLTGGSTDTQYF
943,CASSLAGNEQFF,CASSLANEQFF
944,CASSLPGELFF,CASSLSPGELFF
945,CASSPGSYNEQFF,CASNPGSYNEQFF
946,CASSDPGNTIYF,CASSDQGNTIYF
947,CASSPSNEQFF,CASSPNNEQFF
948,CASSPSNEQFF,CASSPHNEQFF
949,CASSFGLDTQYF,CASSFGGDTQYF
950,CASSISYEQYF,CASSFSYEQYF
951,CASSLVYTQYF,CASSLVDTQYF
952,CASSYDNEQFF,CASSGDNEQFF
953,CASSYDNEQFF,CASSLDNEQFF
954,CASSQGPGYTF,CASSQGGGYTF
955,CASSFGDTQYF,CASSFGGDTQYF
956,CSVDRDTEAFF,CSVDRNTEAFF
957,CSATDGNTGELFF,CSATDRNTGELFF
958,CSVEAGTGFEQYF,CSVEAGTGEQYF
959,CASSLTGETQYF,CASSLTGDTQYF
960,CASSLSGPYNEQFF,CASSLGPYNEQFF
961,CASSYGSTEAFF,CASSYGTEAFF
962,CASSFPGDTQYF,CASSFPPDTQYF
963,CASSSSSEQYF,CASSSSDEQYF
964,CASSQTDTQYF,CASSQADTQYF
965,CASSLTGDTQYF,CASSLGGDTQYF
966,CASSLAGGSTDTQYF,CASSLAGESTDTQYF
967,CASSLAGEKLFF,CASSLGGEKLFF
968,CASSLSGPYNEQFF,CASSLSGPNNEQFF
969,CASSYGSTEAFF,CASSYGSHTEAFF
970,CASSPTDTQYF,CASSFTDTQYF
971,CASSLSLGFYEQYF,CASSLSAGFYEQYF
972,CASSQVGETQYF,CASSQGVGETQYF
973,CASSASGELFF,CASSYASGELFF
974,CASSLTGAAPDTQYF,CASSLTGAADTQYF
975,CASSLEGEKLFF,CASSLGGEKLFF
976,CASSLGYEQYF,CASSLRGYEQYF
977,CASSLSSEQYF,CASSLSSYEQYF
978,CASSLSGPYNEQFF,CASSLSDPYNEQFF
979,CASSLSGPYNEQFF,CASSLSGPPYNEQFF
980,CASSLQGTGELFF,CASSLQGGELFF
981,CASSLQGTGELFF,CASSLQGGTGELFF
982,CASSWGGTEAFF,CASSTGGTEAFF
983,CASSSGTGDSPLHF,CASSLGTGDSPLHF
984,CASSLGSYEQYF,CASSLSYEQYF
985,CASSVGGGTYEQYF,CASSVGFGGTYEQYF
986,CASSVGGGTYEQYF,CASSVGGGYEQYF
987,CASSLGYEQYF,CASSDLGYEQYF
988,CASSPTGLEQYF,CASSTGLEQYF
989,CASSLAGNEQFF,CASSLGNEQFF
990,CASSLGSEQFF,CASSLGNEQFF
991,CASSSTDTQYF,CASSPSTDTQYF
992,CASSYGSETQYF,CASSYGGETQYF
993,CASSLGYEQYF,CASSLGGEQYF
994,CASSLLGETQYF,CASSLLEETQYF
995,CASSLGVEETQYF,CASSLGGEETQYF
996,CASSLVGQSYEQYF,CASSLVGQGYEQYF
997,CASSLAGNEQFF,CASSLEGNEQFF
998,CASSLAGNEQFF,CASSLDGNEQFF
999,CASSTTGNEQYF,CASSTTGNEQFF
1000,CASSLGGETQYF,CASSYGGETQYF
1001,CASSQGYEQFF,CASSQGYEQYF
1002,CASSQSYEQYF,CASSQGYEQYF
1003,CASSPGQGGEKLFF,CASSSPGQGGEKLFF
1004,CASSQGYEQFF,CASSQGYEQYF
1005,CASSQSYEQYF,CASSQGYEQYF
1006,CASSQSYEQYF,CASSQVSYEQYF
1007,CSVVRGQGYEQYF,CSVDRGQGYEQYF
1008,CASSYGSYEQYF,CASSYGQSYEQYF
1009,CASSFSGGEQYF,CASSFLGGEQYF
1010,CASSSTDTQYF,CASSITDTQYF
1011,CSVEAGAGYEQYF,CSVEAGVGYEQYF
1012,CASSWSGYEQYF,CASSLSGYEQYF
1013,CASSISYEQYF,CASSLISYEQYF
1014,CATSNTGELFF,CASTSNTGELFF
1015,CASSLNYGYTF,CASSLVNYGYTF
1016,CASSLGDTQYF,CASSRGDTQYF
1017,CSIGAGTSYEQYF,CSVGAGTSYEQYF
1018,CSVEHGGSSYNEQFF,CSVEPGGSSYNEQFF
1019,CASSFGDTQYF,CASSRGDTQYF
1020,CASSFGYEQYF,CASSRGYEQYF
1021,CASSYGQGYEQYF,CASSYWQGYEQYF
1022,CASSLTGPSYEQYF,CASSLTGPSSYEQYF
1023,CATSDGYEQYF,CATSDDYEQYF
1024,CATSDFGGNTGELFF,CATSDLGGNTGELFF
1025,CASSQDTGTPYEQYF,CASSQDTGRPYEQYF
1026,CASGGSYEQYF,CASSGGSYEQYF
1027,CASSTSYEQYF,CASSTGSYEQYF
1028,CASSVGTGELFF,CASSGGTGELFF
1029,CASSVGTGELFF,CASSVPGTGELFF
1030,CASSVGTGELFF,CASSGTGELFF
1031,CASSFGSAYEQYF,CASSFGTAYEQYF
1032,CASSFGSAYEQYF,CASSFGGAYEQYF
1033,CASSFGSAYEQYF,CASSFGSYEQYF
1034,CASSFGSAYEQYF,CASSFGSSYEQYF
1035,CASSFGSAYEQYF,CASSFGSAEQYF
1036,CASSVGGYNEQFF,CASSVGGSYNEQFF
1037,CASSVGGYNEQFF,CASSVGGGYNEQFF
1038,CASSGSYEQYF,CASSGGSYEQYF
1039,CASSGSYEQYF,CASSTGSYEQYF
1040,CASSFGRGYEQYF,CASSFGRGPYEQYF
1041,CASSGLAGYEQYF,CASSGGAGYEQYF
1042,CASSDSYEQYF,CASSISYEQYF
1043,CASSPGGYEQYF,CASSPTGGYEQYF
1044,CATSDGYEQYF,CATSDTYEQYF
1045,CASSLSYEQYF,CASSLFSYEQYF
1046,CASSLMWGNNEQFF,CASSLMGNNEQFF
1047,CASSLYGNTEAFF,CASSLVGNTEAFF
1048,CASSWSSYEQYF,CASSWGSYEQYF
1049,CASSFGGYEQYF,CASSFGGGEQYF
1050,CASSPGTGGETQYF,CASSPGTIGETQYF
1051,CASSPGTGGETQYF,CASSPGTLGETQYF
1052,CASSLTGPTEAFF,CASSSLTGPTEAFF
1053,CASSSGQGYEQYF,CASSSGVGYEQYF
1054,CASSYSTGNYEQYF,CASSYSTGNEQYF
1055,CASSDSYEQYF,CASSLSYEQYF
1056,CASSLTGPSYEQYF,CASSLLGPSYEQYF
1057,CASSLTGPSYEQYF,CASSPTGPSYEQYF
1058,CASSQTGGGTEAFF,CASSQTGGWTEAFF
1059,CASSLGTSGETQYF,CASSLGTSVETQYF
1060,CASSLYSYEQYF,CASSLSYEQYF
1061,CASSATGAGTDTQYF,CASSRTGAGTDTQYF
1062,CASSLGVGNNEQFF,CASSLGQGNNEQFF
1063,CASGLGGYEQYF,CASGLGRGYEQYF
1064,CASSLGQGYEQYF,CASSLGQSYEQYF
1065,CASSQGGFEAFF,CASSQGGEAFF
1066,CASSQDPGQYEQYF,CASSQDPGYEQYF
1067,CASSQDPGDYEQYF,CASSQDPGYEQYF
1068,CASSFGNNEQFF,CASSFGINEQFF
1069,CASSQDPGFEQYF,CASSQDPGYEQYF
1070,CASSLYTDTQYF,CASSLYRTDTQYF
1071,CASSLGQGYEQYF,CASSLRQGYEQYF
1072,CASSQDPGSYEQYF,CASSQDPGYEQYF
1073,CASSQDPGSYEQYF,CASSQDPGSLYEQYF
1074,CAISESYEQFF,CAISESYEQYF
1075,CASSFGYEQYF,CASSFGDEQYF
1076,CASSSSYEQYF,CASFSSSYEQYF
1077,CASSEGYEQYF,CASSEGSYEQYF
1078,CASSLSYEQYF,CASSLNYEQYF
1079,CASSLSYEQYF,CASSLSNYEQYF
1080,CASSLQGTSTDTQYF,CASSLQGGSTDTQYF
1081,CAISGSYEQYF,CAISESYEQYF
1082,CASSYSGSYYGYTF,CASSYSGGYYGYTF
1083,CASTQLAGGINEQFF,CASTQLAGGLNEQFF
1084,CASSYGNGYEQYF,CASSYGNSYEQYF
1085,CASSPIDTNTEAFF,CASSPPDTNTEAFF
1086,CASSESYEQYF,CASSEGSYEQYF
1087,CASSGSYEQYF,CASSEGSYEQYF
1088,CASSFGGLEQYF,CASSFGLEQYF
1089,CASSSTGGSTDTQYF,CASSLTGGSTDTQYF
1090,CASSASYEQYF,CASSFSYEQYF
1091,CASSLAGTEAFF,CASSLGTEAFF
1092,CSARDELAGVDEQFF,CSARDLLAGVDEQFF
1093,CASSLQGITYEQYF,CASSLTGITYEQYF
1094,CASSSSYEQYF,CASSSAYEQYF
1095,CASSLSYEQYF,CASSFSYEQYF
1096,CASSLTGASTDTQYF,CASSLTGGSTDTQYF
1097,CASSLTGFSTDTQYF,CASSLTGGSTDTQYF
1098,CASSLGLYEQYF,CASSLVLYEQYF
1099,CASSLLGASSYEQYF,CASSLLASSYEQYF
1100,CASSLTGGGTDTQYF,CASSLTGGSTDTQYF
1101,CASSLTGGWTDTQYF,CASSLTGGSTDTQYF
1102,CASSLTGTSTDTQYF,CASSLTGGSTDTQYF
1103,CASSNDYEQYF,CASSFDYEQYF
1104,CASSSSGSSGDTQYF,CASSSSGTSGDTQYF
1105,CASSLSYEQYF,CASSLTSYEQYF
1106,CASSLGSYEQYF,CASSLTGSYEQYF
1107,CASSFGYEQFF,CASSFNYEQFF
1108,CASSPLNTEAFF,CASSPGNTEAFF
1109,CASSSSYEQYF,CASSRSSYEQYF
1110,CASSILAGGRNEQFF,CASSLLAGGRNEQFF
1111,CASSLSAGNTGELFF,CASSLSGGNTGELFF
1112,CASSWGNTEAFF,CASSPGNTEAFF
1113,CASSLLYSTDTQYF,CASSLYSTDTQYF
1114,CASSPVGSYEQYF,CASSHVGSYEQYF
1115,CASSLAGGIHNEQFF,CASSLAGGIYNEQFF
1116,CASSYSGTSYEQYF,CASSYSGDSYEQYF
1117,CASSLLAGGYNEQFF,CASSLLAGTYNEQFF
1118,CASSLLAGGYNEQFF,CASSLLAGGRNEQFF
1119,CASSYGGGYEQYF,CASSYAGGYEQYF
1120,CASSGSYEQYF,CASSGSGEQYF
1121,CASSPGNTEAFF,CASSPGGNTEAFF
1122,CASSFGGVEAFF,CASSFGGAEAFF
1123,CASSLGASYEQYF,CASSLGATYEQYF
1124,CASSLTGWGETQYF,CASSLTQGWGETQYF
1125,CASSAGGTEAFF,CASSSGGTEAFF
1126,CASSLTGGSTDTQYF,CASSLTGGSDTQYF
1127,CASSWGNTEAFF,CASSWTGNTEAFF
1128,CASSLSSIYEQYF,CASSLSAIYEQYF
1129,CASSWTGPTEAFF,CASSWTGNTEAFF
1130,CASSLAGVSTDTQYF,CASSLAGESTDTQYF
1131,CASSYGGGYEQYF,CASSYQGGYEQYF
1132,CASSQGGTEAFF,CASSSGGTEAFF
1133,CASSFVSGGTDTQYF,CASSFTSGGTDTQYF
1134,CASSLTTSTDTQYF,CASSTTTSTDTQYF
1135,CASSLTTSTDTQYF,CASSLTSSTDTQYF
1136,CASSYSTGNYEQYF,CASSYSTGYEQYF
1137,CASSPRTGGQETQYF,CASSPRGGQETQYF
1138,CASSLGSYEQYF,CASSLSSYEQYF
1139,CSVSRTYEQYF,CSVTRTYEQYF
1140,CASSLSYEQYF,CASSLSSYEQYF
1141,CASSNGYEQYF,CASSLGYEQYF
1142,CASSLSLAGRETQYF,CASSLSLAGGETQYF
1143,CASSLAGSYEQYF,CASSLGGSYEQYF
1144,CASSIQQGTYNEQFF,CASSIQGTYNEQFF
1145,CASSLEAGAYEQYF,CASSLEGGAYEQYF
1146,CASSFGATEAFF,CASSFGRATEAFF
1147,CASSVGTGELFF,CASSVSTGELFF
1148,CASSVGGYNEQFF,CASSVGGNEQFF
1149,CASSLDSGYGYTF,CASSLGSGYGYTF
1150,CASSSSYEQYF,CASSSGSYEQYF
1151,CASSFFGNTEAFF,CASSFPGNTEAFF
1152,CASSPQETQYF,CASSAPQETQYF
1153,CASSLLDSNQPQHF,CASSLADSNQPQHF
1154,CASSEAGTNTEAFF,CASSEARTNTEAFF
1155,CASSLEDYNEQFF,CASSLEPYNEQFF
1156,CASSQGGYEQYF,CASSQGYEQYF
1157,CASSLGLYEQYF,CASSLKLYEQYF
1158,CASSYSGSYYGYTF,CASSYSGTSYYGYTF
1159,CASSPGNTEAFF,CASSFPGNTEAFF
1160,CASSPGGYEQYF,CASSPQGYEQYF
1161,CASSLGSYEQYF,CASSLVSYEQYF
1162,CASSEAGTNTEAFF,CASSEAGNTEAFF
1163,CASSLSYEQYF,CASSLVSYEQYF
1164,CASSQGGYEQYF,CASSQGSGYEQYF
1165,CASSQGGYEQYF,CASSQGYEQYF
1166,CASSWGAYEQYF,CASSWTAYEQYF
1167,CASSQDTGSYEQYF,CASSQDGGSYEQYF
1168,CASSLSYEQYF,CASSLSGYEQYF
1169,CASSLGSYEQYF,CASSLESYEQYF
1170,CASSLGSYEQYF,CASSLISYEQYF
1171,CASSVEGGGTDTQYF,CASSVAGGGTDTQYF
1172,CASSQDQGYEQYF,CASSQWQGYEQYF
1173,CASSLSYEQYF,CASSLESYEQYF
1174,CASSLSYEQYF,CASSLISYEQYF
1175,CASSYSGNEQFF,CASSYSQNEQFF
1176,CASSLVADYEQYF,CASSLEVADYEQYF
1177,CASSSTGTSSDTQYF,CASSSTGTSADTQYF
1178,CASSQDPGSYEQYF,CASSQDGGSYEQYF
1179,CASSQETGVNQPQHF,CASSQETGINQPQHF
1180,CASSEGYEQYF,CASSEIYEQYF
1181,CASSPSGTGELFF,CASSPSMTGELFF
1182,CASSFTDTGELFF,CASSLTDTGELFF
1183,CASSYSTGNYEQYF,CASSYSTGSYEQYF
1184,CASSYGPSNQPQHF,CASSYGSNQPQHF
1185,CASSLEGNEQYF,CASSLGGNEQYF
1186,CASSLNGDTQYF,CASSLGGDTQYF
1187,CASSLLNTEAFF,CASSLANTEAFF
1188,CASSFGGGETQYF,CASSFGGGEQYF
1189,CASSLGFHEQYF,CASSLGGHEQYF
1190,CASSLSAYNEQFF,CASSLASAYNEQFF
1191,CASSPGGGAEAFF,CASSPGGAEAFF
1192,CSARDSSGVGETQYF,CSARDSGGVGETQYF
1193,CASSLYNEQFF,CASSLYSNEQFF
1194,CASSLGGSPYEQYF,CASSLGGSSYEQYF
1195,CASSLGGSPYEQYF,CASSLGGAPYEQYF
1196,CASSLGGSPYEQYF,CASSLGGSHYEQYF
1197,CATSDDYEQYF,CATSDTYEQYF
1198,CASSFGRGGYEQYF,CASSFGGGYEQYF
1199,CASSLNQGAYEQYF,CASSLGQGAYEQYF
1200,CASSLLNTEAFF,CASSLRNTEAFF
1201,CASSLEGYNEQFF,CASSLPGYNEQFF
1202,CASSFGSTYEQYF,CASSFGSSYEQYF
1203,CASSLAGSYNEQFF,CASSLATSYNEQFF
1204,CASSVGAPYEQYF,CASSPGAPYEQYF
1205,CASSDSYEQYF,CASSDPYEQYF
1206,CSARDRDSAYEQYF,CSARDRTSAYEQYF
1207,CATSDLFTDTQYF,CATSDLVTDTQYF
1208,CASSMAGELFF,CASSGAGELFF
1209,CSARDRDSAYEQYF,CSARGRDSAYEQYF
1210,CASSPTGANYGYTF,CASSPTGTANYGYTF
1211,CASSLTSGPYNEQFF,CASSLTSGSYNEQFF
1212,CASSLTSGPYNEQFF,CASSLTGPYNEQFF
1213,CASSLTSGPYNEQFF,CASSLSGPYNEQFF
1214,CSVEGAYTGELFF,CSVEGGYTGELFF
1215,CSVEVGGTGELFF,CSVEVGNTGELFF
1216,CASSIWTDTQYF,CASSIWGDTQYF
1217,CASSLEGDGYTF,CASSLLGDGYTF
1218,CASSYSGAEAFF,CASSYGSGAEAFF
1219,CASSLYNEQFF,CASSLTNEQFF
1220,CASSPGGEQYF,CASSPLGEQYF
1221,CASSSPSGNEQFF,CASSPSGNEQFF
1222,CASSDSYEQYF,CASSDTYEQYF
1223,CASSPGGGAEAFF,CASSPLGGAEAFF
1224,CASSDGETQYF,CASSDLGETQYF
1225,CASSLLAGGYNEQFF,CASSLLAGTYNEQFF
1226,CASSLLAGGYNEQFF,CASSLLAGGRNEQFF
1227,CASSLSPGGYEQYF,CASSSPGGYEQYF
1228,CASSLNGDTQYF,CASSLTGDTQYF
1229,CASSPWDMSYEQYF,CASSPWDSSYEQYF
1230,CASSFTGNTEAFF,CASSTGNTEAFF
1231,CASSTGQAVETQYF,CASSTGQGVETQYF
1232,CASSLGETYEQYF,CASSLGATYEQYF
1233,CASSQGSTGELFF,CASSQDSTGELFF
1234,CASSYSGGTEAFF,CASSYRGGTEAFF
1235,CASSYRGFTEAFF,CASSYRGGTEAFF
1236,CASSQTGGSTDTQYF,CASSQTGSTDTQYF
1237,CASSLNGDTQYF,CASSLGGDTQYF
1238,CASSSSYEQYF,CASSDSSYEQYF
1239,CASSLSAGGYEQYF,CASSLSAGFYEQYF
1240,CASSLAGGLDEQFF,CASSLAGGQDEQFF
1241,CASSLTSGPYNEQFF,CASSLTSGSYNEQFF
1242,CASSLTSGPYNEQFF,CASSLTSGYNEQFF
1243,CASSLTGPSSYEQYF,CASSLTGDSSYEQYF
1244,CASSLNYNEQFF,CASSLNNNEQFF
1245,CASSLRSSYEQYF,CASSLSSYEQYF
1246,CASTGSSYNEQFF,CASIGSSYNEQFF
1247,CASSLSAGRTDTQYF,CASSLSTGRTDTQYF
1248,CASSGRDSYEQYF,CASSPRDSYEQYF
1249,CASSSDGSSYNEQFF,CASSIDGSSYNEQFF
1250,CSARDPGGAYEQYF,CSARDPTGAYEQYF
1251,CASSSPSGNEQFF,CASSSASGNEQFF
1252,CASSPPGETQYF,CASSPPEETQYF
1253,CASSGRDSYEQYF,CASSGLDSYEQYF
1254,CASSIAGGPGNEQFF,CASSIAGGVGNEQFF
1255,CASSIAGGPGNEQFF,CASSIAGGLGNEQFF
1256,CASSRDASSYNEQFF,CASSRDSSSYNEQFF
1257,CASSLTPGNTEAFF,CASSLIPGNTEAFF
1258,CASTRDSSSYNEQFF,CASSRDSSSYNEQFF
1259,CASSYPGGPYNEQFF,CASSYGGGPYNEQFF
1260,CSAREQGTNTGELFF,CSAREQTNTGELFF
1261,CSARGSSSYEQYF,CSARGTSSYEQYF
1262,CASSYSGGTEAFF,CASSYSGGTSEAFF
1263,CSAREQNTGELFF,CSAREQTNTGELFF
1264,CASSLGQTYEQYF,CASSLGGTYEQYF
1265,CASSISGGAYNEQFF,CASSISGAAYNEQFF
1266,CASSISGSAYNEQFF,CASSISGAAYNEQFF
1267,CASSISGSAYNEQFF,CASSISGSGYNEQFF
1268,CASSRGNNEQFF,CASSRVNNEQFF
1269,CASSYSGSYNEQFF,CASSYSGSGYNEQFF
1270,CASSYSGSYNEQFF,CASSYSGSSYNEQFF
1271,CASSLQGNTEAFF,CASSLLQGNTEAFF
1272,CASSLQGNTEAFF,CASSLQGLNTEAFF
1273,CSVEGEGTYEQYF,CSVEGGTYEQYF
1274,CASSQGQGNQPQHF,CASSQGQGNYQPQHF
1275,CASSYRGSNQPQHF,CASSYGSNQPQHF
1276,CASSLTPGNTEAFF,CASSLTTGNTEAFF
1277,CASSDSYEQYF,CASSSDSYEQYF
1278,CASSYSGSYNEQFF,CASSYSGSSYNEQFF
1279,CASSLTVGNTEAFF,CASSLTTGNTEAFF
1280,CSVMGGYEQYF,CSVEGGYEQYF
1281,CASSQDLGTQYF,CASSQDYGTQYF
1282,CASSLGGYEQYF,CASSLGSGYEQYF
1283,CASSLGGYEQYF,CASSLGSYEQYF
1284,CASSHPGGTEAFF,CASSHGGTEAFF
1285,CSARDIANYGYTF,CSARDSANYGYTF
1286,CASSLGGAEQYF,CASSLGGYEQYF
1287,CASSLGGGYTF,CASSLGGGGYTF
1288,CASSHGTEAFF,CASSHGGTEAFF
1289,CASSLGSNTEAFF,CASSLSNTEAFF
1290,CASSQDWGGNEQFF,CASSQDWGGYNEQFF
1291,CASSLGGYEQYF,CASSLGSYEQYF
1292,CASSVGGSYEQYF,CASSVGGRSYEQYF
1293,CASSVGGASYEQYF,CASSVGGRSYEQYF
1294,CASSQLGQPQHF,CASSQDGQPQHF
1295,CASSLGGYEQYF,CASSLGGEQYF
1296,CASSLGGYEQYF,CASSLEGGYEQYF
1297,CASSQGAEAFF,CASSQGTEAFF
1298,CASSQGAEAFF,CASSQGKEAFF
1299,CASSVGGTGTGELFF,CASSVGGGTGELFF
1300,CASSHGTEAFF,CASSQGTEAFF
1301,CASSVGGDRSYEQYF,CASSVGGRSYEQYF
1302,CASSAGGEQYF,CASSLAGGEQYF
1303,CASSPLAGGTGELFF,CASSPLAGGSGELFF
1304,CASSYRTGGGGYTF,CASSYFTGGGGYTF
1305,CASSLGGEQYF,CASSLAGGEQYF
1306,CASSLGSEAFF,CASSLAGSEAFF
1307,CASSLGGDTQYF,CASSLGTDTQYF
1308,CASSLGSDTQYF,CASSLGTDTQYF
1309,CASSSGAANTGELFF,CASSSGANTGELFF
1310,CASSGGSYEQYF,CASSEGSYEQYF
1311,CASSPPSYNEQFF,CASSPSSYNEQFF
1312,CASSTGSYEQYF,CASSEGSYEQYF
1313,CASSLGSGELFF,CASSLASGELFF
1314,CASSFLYNEQFF,CASSFYYNEQFF
1315,CASSLGGDTQYF,CASSLTGDTQYF
1316,CSVGQGFGNTIYF,CSVGGGFGNTIYF
1317,CASSQTVGETQYF,CASSQGVGETQYF
1318,CASSLGSDTQYF,CASSLGGDTQYF
1319,CASSQDWGYNEQFF,CASSQDTGYNEQFF
1320,CASSLGGSEQYF,CASSLGGLSEQYF
1321,CASSVGGSYEQYF,CASSVGGGYEQYF
1322,CASSVGGSYEQYF,CASSVGGAYEQYF
1323,CASSVGTSGNNEQFF,CASSEGTSGNNEQFF
1324,CASSVGGASYEQYF,CASSVGGAYEQYF
1325,CASSVGSGRYEQYF,CASSVGSGHYEQYF
1326,CASSVPGTGELFF,CASSVPVTGELFF
1327,CASSVSSGANVLTF,CASSVGSSGANVLTF
1328,CASSVGGYNEQFF,CASSVGGNEQFF
1329,CASSRGDTEAFF,CASSRGNTEAFF
1330,CASSAGWGNQPQHF,CASSAGWLGNQPQHF
1331,CASSLVGDTQYF,CASSLEGDTQYF
1332,CASSVGGDYEQYF,CASSVGGGYEQYF
1333,CASSVGGDYEQYF,CASSVGGAYEQYF
1334,CASSFLYNEQFF,CASSFLGNEQFF
1335,CASSQPSGTEAFF,CASSQPSLGTEAFF
1336,CASSLGDTQYF,CASSLEGDTQYF
1337,CASSSGGVYEQYF,CASSYGGVYEQYF
1338,CASSTGSYEQYF,CASSTGTYEQYF
1339,CASSGGSYEQYF,CASSGGSEQYF
1340,CASSLGGPEQFF,CASSLMGPEQFF
1341,CASSPTGNEQFF,CASSTTGNEQFF
1342,CASSEGGSTEAFF,CASSEGGGTEAFF
1343,CASSFGSSYEQYF,CASSLGSSYEQYF
1344,CASSLGTGYEQYF,CASSSGTGYEQYF
1345,CASSLGGDEQFF,CASSLGGREQFF
1346,CASSVGGDSSYEQYF,CASSVGGGSSYEQYF
1347,CASSGGNEKLFF,CASSGQGNEKLFF
1348,CASSVGGVSTGELFF,CASSVGGKSTGELFF
1349,CASSGAGLSYEQYF,CASSVGAGLSYEQYF
1350,CASSGAGLSYEQYF,CASSEGAGLSYEQYF
1351,CASSLGGPEAFF,CASSLGGTEAFF
1352,CASSPGTSGTYEQYF,CASSPGTSVTYEQYF
1353,CASSLGGEAFF,CASSLGGTEAFF
1354,CATSRGNMNTEAFF,CATSRGGMNTEAFF
1355,CASSVGGSYEQYF,CASSVGQGSYEQYF
1356,CASSVGSSYEQYF,CASSVEGSSYEQYF
1357,CASSVQGSSYEQYF,CASSVEGSSYEQYF
1358,CASSLDFGGTEAFF,CASSLDFGNTEAFF
1359,CASSVDGGSNEQFF,CASSVHGGSNEQFF
1360,CASSVSGGHNEQFF,CASSVSGHNEQFF
1361,CASSLGTGYEQYF,CASSEGTGYEQYF
1362,CASSLGGEQYF,CASSLGGYEQYF
1363,CASSYEQGYEQYF,CASSYPQGYEQYF
1364,CASSLANTEAFF,CASSLRNTEAFF
1365,CASSLRENYGYTF,CASSLVENYGYTF
1366,CASSISYEQYF,CASSLSYEQYF
1367,CASSLGGYEQYF,CASSLGSYEQYF
1368,CASSSAYEQYF,CASSSPYEQYF
1369,CASSLDWSSYNEQFF,CASSLDGSSYNEQFF
1370,CASSLDWSSYNEQFF,CASSLDRSSYNEQFF
1371,CASSLANTEAFF,CASSLVANTEAFF
1372,CASSGTVYGYTF,CASSGQVYGYTF
1373,CSVDTTNYNEQFF,CSVDTTYNEQFF
1374,CASSQGGTEAFF,CASSQGTEAFF
1375,CASSLGGYEQYF,CASSLEGGYEQYF
1376,CASSLGGYEQYF,CASSLGGEQYF
1377,CASSSAYEQYF,CASSPSAYEQYF
1378,CASSLGGTEAFF,CASSLGTEAFF
1379,CASSLGGTEAFF,CASSLGTEAFF
1380,CASSLQGNEQFF,CASSLGGNEQFF
1381,CASSQGTGELFF,CASSQRGTGELFF
1382,CASSQGTGELFF,CASSQETGELFF
1383,CASSYLAGGTDTQYF,CASSSLAGGTDTQYF
1384,CASSQGPYTGELFF,CASSQRPYTGELFF
1385,CASSWTGYSNQPQHF,CASSWTGGSNQPQHF
1386,CASSRGQPQHF,CASSRNQPQHF
1387,CASSLGVTQYF,CASSLGETQYF
1388,CATSDSSYEQYF,CATSDRSSYEQYF
1389,CASSSQGDTQYF,CASSSLGDTQYF
1390,CASSFGVSYEQYF,CASSFTVSYEQYF
1391,CASSLGSGYEQYF,CASSLGGYEQYF
1392,CASSQGGNEQYF,CASSQVGNEQYF
1393,CASSGNQPQHF,CASSQNQPQHF
1394,CASSGNQPQHF,CASSRNQPQHF
1395,CASSGNQPQHF,CASSPNQPQHF
1396,CASSGNQPQHF,CASAGNQPQHF
1397,CASSQSGNEQFF,CASSQSGPEQFF
1398,CASSLGGTEAFF,CASSLGGATEAFF
1399,CASSFSYEQYF,CASSSSYEQYF
1400,CASSLFSYEQYF,CASSLTSYEQYF
1401,CASSLGPYSYEQYF,CASSLGPYSVEQYF
1402,CASSRGQPQHF,CASSFGQPQHF
1403,CASSLGVTQYF,CASSLGETQYF
1404,CASSPGGAEAFF,CASSPLGGAEAFF
1405,CASSYGQNTGELFF,CASSYGLNTGELFF
1406,CASSFGNTEAFF,CASSFLNTEAFF
1407,CASSSAYEQYF,CASSSSYEQYF
1408,CASSFANTEAFF,CASSFLNTEAFF
1409,CASSHSYEQYF,CASSSSYEQYF
1410,CASSLREVNEQYF,CASSLRVNEQYF
1411,CASSLQGITGELFF,CASSLGITGELFF
1412,CASRAADTQYF,CASRASDTQYF
1413,CASSLTGGNTGELFF,CASSLTGGITGELFF
1414,CASSFGGGTEAFF,CASSLFGGGTEAFF
1415,CASSLQGNEQFF,CASSLQGNDEQFF
1416,CASSLGGDEQYF,CASSLGGYEQYF
1417,CASSQGVPYEQYF,CASSQVGVPYEQYF
1418,CASSLTGTYEQYF,CASSLDGTYEQYF
1419,CASSLQGNEQFF,CASSLGGNEQFF
1420,CASSHGGTEAFF,CASSHGEGTEAFF
1421,CASSSQGGNEQFF,CASSSGQGGNEQFF
1422,CASSSAYEQYF,CASSSIYEQYF
1423,CASSPGGTEAFF,CASSTGGTEAFF
1424,CASSLGGYGYTF,CASSLQGGYGYTF
1425,CASSLGGTEAFF,CASSLEGGTEAFF
1426,CASSSGRGEQFF,CASSLSGRGEQFF
1427,CASSRGQPQHF,CASSPGQPQHF
1428,CASSPGGAEAFF,CASSPTGAEAFF
1429,CASSSAYEQYF,CASSLSAYEQYF
1430,CASSLGGTEAFF,CASSLGQGTEAFF
1431,CASSYLAGGTDTQYF,CASSWLAGGTDTQYF
1432,CASSFGNTEAFF,CASSFGLNTEAFF
1433,CASSPTGGTGELFF,CASSPTGEGTGELFF
1434,CASSLYGYSNQPQHF,CASSLGYSNQPQHF
1435,CASSLRGYSNQPQHF,CASSLGYSNQPQHF
1436,CSVSGGYNEQFF,CSVDGGYNEQFF
1437,CASSLGGTEAFF,CASSLGGNTEAFF
1438,CASSYEQGYEQYF,CASSYSQGYEQYF
1439,CASSLGQAAYEQYF,CASSLGQAYYEQYF
1440,CASSLGWGYEQYF,CASSLGGYEQYF
1441,CASSQGYEQYF,CASSQDYEQYF
1442,CSAGTGDYEQYF,CSAGTGTYEQYF
1443,CASSLSPGELFF,CASSLVPGELFF
1444,CASSPTGPSYEQYF,CASSPTGASYEQYF
1445,CASSLSGPNTEAFF,CASSLSGNTEAFF
1446,CASSLSGFTEAFF,CASSLSGGFTEAFF
1447,CASSLSGFTEAFF,CASSLSGYTEAFF
1448,CASSLSPGNEQFF,CASSLSPRNEQFF
1449,CASSLAGYNEQFF,CASSLAGANEQFF
1450,CASSLAGYNEQFF,CASSLAGNEQFF
1451,CASSLAGYNEQFF,CASSLAGLNEQFF
1452,CASSPGTTYEQYF,CASSPGPTYEQYF
1453,CASSSGPTYEQYF,CASSSGQTYEQYF
1454,CASSLSYEQYF,CASSRSYEQYF
1455,CASSFSYEQYF,CASSRSYEQYF
1456,CASSLAGYTEAFF,CASSLAGGTEAFF
1457,CASSLAGYTEAFF,CASSLAGATEAFF
1458,CASSLAGYTEAFF,CASSLSGYTEAFF
1459,CASSLAGYTEAFF,CASSLAGTEAFF
1460,CASSSGHTYEQYF,CASSSGQTYEQYF
1461,CASSYSYEQYF,CASSRSYEQYF
1462,CASSPGTTYEQYF,CASSPGQTYEQYF
1463,CASSPGTTYEQYF,CASSPGTGTYEQYF
1464,CASSLDRGAYNEQFF,CASSDRGAYNEQFF
1465,CASSMAANTEAFF,CASSMAVNTEAFF
1466,CASSLGFGELFF,CASSLGVGELFF
1467,CASSLAGTETQYF,CASSLAGTEQYF
1468,CASSLAGTETQYF,CASSLAGETQYF
1469,CASSPGGTYEQYF,CASSPTGGTYEQYF
1470,CASSLDSGSYNEQFF,CASSLTSGSYNEQFF
1471,CASSHPGTTYEQYF,CASSHPGTGYEQYF
1472,CASSSGGQPQHF,CASSLSGGQPQHF
1473,CASSPGQQETQYF,CASSPGQLQETQYF
1474,CASSYSTGNEQYF,CASSYSTGNEQFF
1475,CASSLAGYTEAFF,CASSLTGYTEAFF
1476,CASSLAGQGYEQYF,CASSLAGQGVYEQYF
1477,CASSSPYEQYF,CASSSSYEQYF
1478,CASSLSPGNEQFF,CASSLSRGNEQFF
1479,CASSLAGYNEQFF,CASSLAGTNEQFF
1480,CASSLAGYPYNEQFF,CASSLAGGPYNEQFF
1481,CASLGGSYEQYF,CASRGGSYEQYF
1482,CASSLDNEQFF,CASSLDGNEQFF
1483,CASSPNGHEQYF,CASSPQGHEQYF
1484,CASSQGNYEQYF,CASSEQGNYEQYF
1485,CASSWDLNTEAFF,CASSQWDLNTEAFF
1486,CASSPGTDTQYF,CASSPGDTQYF
1487,CASSILAVSNTEAFF,CASSILAGSNTEAFF
1488,CASSWGPPNYGYTF,CASSWGPINYGYTF
1489,CASSLGITGNTEAFF,CASSLGTGNTEAFF
1490,CASSTGTGLYEQYF,CASSTGTGIYEQYF
1491,CASGLNSNQPQHF,CASSLNSNQPQHF
1492,CASSLALTDTQYF,CASSLALTPDTQYF
1493,CASSLGDRYGYTF,CASSLDRYGYTF
1494,CASSPTDSNQPQHF,CASSATDSNQPQHF
1495,CASSLGETQYF,CASSPGETQYF
1496,CASSLDSGSYNEQFF,CASSLTSGSYNEQFF
1497,CASSYSTGNEQYF,CASSYSTGYEQYF
1498,CASSSPYEQYF,CASSSIYEQYF
1499,CASSLDNEQFF,CASSLHDNEQFF
1500,CASSLLTGEQYF,CASSLGTGEQYF
1501,CASSLLAGETDTQYF,CASSLLAGYTDTQYF
1502,CASSLLAGETDTQYF,CASSLLAGVTDTQYF
1503,CASSIGVSYEQYF,CASSIGAVSYEQYF
1504,CASSTGTGLYEQYF,CASSFGTGLYEQYF
1505,CASSPGTDTQYF,CASSFGTDTQYF
1506,CASSLAGYNEQFF,CASSLAGGNEQFF
1507,CASSLDSNEQFF,CASSLLSNEQFF
1508,CASSQGDSYEQYF,CASSQGQSYEQYF
1509,CASSPGTGSPYEQYF,CASSPGTGSFYEQYF
1510,CASSLGGPYEQYF,CASSLGGPSYEQYF
1511,CASSLFQGAGYGYTF,CASSLSQGAGYGYTF
1512,CASSLGYEQYF,CASSQGYEQYF
1513,CASSFGVEQFF,CASSFGNEQFF
1514,CASSLSPGNEQFF,CASSLSIGNEQFF
1515,CASSLGDFYGYTF,CASSLGDHYGYTF
1516,CASSLAGYNEQFF,CASSLAGSYNEQFF
1517,CASSLLDSNQPQHF,CASSLTDSNQPQHF
1518,CASSGGGEQYF,CASSLGGEQYF
1519,CASSQVGGTGELFF,CASSQVGSGTGELFF
1520,CASSLGDRYGYTF,CASSLGDHYGYTF
1521,CASSQGYEQYF,CASSPQGYEQYF
1522,CASSSDRGGYNEQFF,CASSSRGGYNEQFF
1523,CASSSGPTYEQYF,CASSSPPTYEQYF
1524,CASSYSSSSYNEQFF,CASSYSGSSYNEQFF
1525,CASSLGTVNTEAFF,CASSLTVNTEAFF
1526,CASSPTVSSYNEQFF,CASSPTGSSYNEQFF
1527,CASSLLGPSYEQYF,CASSLLGSYEQYF
1528,CASSYSTGNEQYF,CASSYSGGNEQYF
1529,CASSYPQGYEQYF,CASSYSQGYEQYF
1530,CASSYSSSSYNEQFF,CASSYSGSSYNEQFF
1531,CASSLGSGELFF,CASSLGGGELFF
1532,CASSVEGSAYNEQFF,CASSVEGSSYNEQFF
1533,CASSFGTTYEQYF,CASSFGTDYEQYF
1534,CASSPTSGSPYEQYF,CASSPTSGKPYEQYF
1535,CASSPGTDTQYF,CASSLGTDTQYF
1536,CASSQDRGGTEAFF,CASSQDRGYTEAFF
1537,CASSLIETQYF,CASSFIETQYF
1538,CASSLSGNTEAFF,CASSLSGTTEAFF
1539,CATSRTDSYEQYF,CATSRQDSYEQYF
1540,CASSLGGEQYF,CASSLGGYEQYF
1541,CASSLSGNTEAFF,CASSLSKNTEAFF
1542,CASSLGQGNNEQFF,CASSLGQGINEQFF
1543,CASSLAGGGTGELFF,CASSLARGGTGELFF
1544,CASSLGSNEQFF,CASSLGENEQFF
1545,CASSLGTEAFF,CASSPLGTEAFF
1546,CASSEGRVNEQFF,CASSEGLVNEQFF
1547,CASSLGTEAFF,CASSPLGTEAFF
1548,CASSLGTTEAFF,CASSLDTTEAFF
1549,CASSLGQSYEQYF,CASSGQSYEQYF
1550,CASSQMNTEAFF,CASSQWMNTEAFF
1551,CASSLGTGTDTQYF,CASSLGSGTDTQYF
1552,CASSFQGHSTDTQYF,CASSFQGQSTDTQYF
1553,CSAPSGGAQETQYF,CSARSGGAQETQYF
1554,CASSWMNTEAFF,CASSQWMNTEAFF
1555,CASSLTGELFF,CASSLDTGELFF
1556,CASSFQGTEAFF,CASSFQGAEAFF
1557,CASSLGQSYEQYF,CASSLGSSYEQYF
1558,CASSSGNTEAFF,CASSSGMNTEAFF
1559,CASSAAGSYEQYF,CASYSAAGSYEQYF
1560,CASSLPDYEQYF,CASSLADYEQYF
1561,CASSPGTYEQYF,CASSPGAYEQYF
1562,CASSPGTYEQYF,CASSPGNTYEQYF
1563,CASSVGTGGNQPQHF,CASSVGAGGNQPQHF
1564,CASSQDYEQYF,CASSQGYEQYF
1565,CASSPSAYEQYF,CASSPGAYEQYF
1566,CASSVMNTEAFF,CASSNMNTEAFF
1567,CSADRGGNYGYTF,CSARGGNYGYTF
1568,CASSPGTYEQYF,CASSTGTYEQYF
1569,CASSPGTYEQYF,CASSPGGTYEQYF
1570,CASSPSAYEQYF,CASSLSAYEQYF
1571,CASSQEGGAGEKLFF,CASSQETGAGEKLFF
1572,CASSLTGELFF,CASSLGGELFF
1573,CSVDLTGETQYF,CSVDLPGETQYF
1574,CASSPGLAAPYEQYF,CASSPGLAAYEQYF
1575,CASSVGGGTGELFF,CASSVGGKTGELFF
1576,CASSVMNTEAFF,CASSVVMNTEAFF
1577,CASSLSGNTEAFF,CASSLGGNTEAFF
1578,CASSLGQSYEQYF,CASSLGESYEQYF
1579,CASSLSGNTEAFF,CASSLSSNTEAFF
1580,CSVETGSGYTF,CSVETGDGYTF
1581,CSVETGSGYTF,CSVETGNGYTF
1582,CSASIMNTEAFF,CSASGMNTEAFF
1583,CASSIHLGTEAFF,CASSISLGTEAFF
1584,CASSLAGLEQYF,CASSLAGTEQYF
1585,CASSLAGSEQYF,CASSLAGTEQYF
1586,CASSISSASYEQYF,CASSISTASYEQYF
1587,CASSLAGGEQYF,CASSLAGTEQYF
1588,CASSISGASYEQYF,CASSISTASYEQYF
1589,CASSLAGTYEQYF,CASSLAGTEQYF
1590,CASSLAGYEQYF,CASSLAGTEQYF
1591,CASSLAGIEQYF,CASSLAGTEQYF
1592,CASSLAGTGQYF,CASSLAGTEQYF
1593,CASSLAGGYEQYF,CASSLAAGGYEQYF
1594,CASSPGPTYEQYF,CASSPGQTYEQYF
1595,CASSLAGTGMYF,CASSLAGTGMLF
1596,CATSDLISNQPQHF,CATSDLGSNQPQHF
1597,CASSLSGNYNEQFF,CASSLSGPYNEQFF
1598,CASSLSGYTEAFF,CASSLTGYTEAFF
1599,CASSQGTGLSYEQYF,CASSQGTGESYEQYF
1600,CASSLGSNQPQHF,CASSLGGNQPQHF
1601,CASSLAGANEQFF,CASSLAGTNEQFF
1602,CASSLGGAYEQYF,CASSLGGAPYEQYF
1603,CASSLAGNEQFF,CASSLAGTNEQFF
1604,CASSLAGISYEQYF,CASSLMAGISYEQYF
1605,CASSLAGISYEQYF,CASSLVAGISYEQYF
1606,CASSSITGTAYEQYF,CASSLITGTAYEQYF
1607,CASSDPYEQYF,CASSDTYEQYF
1608,CASSLAGLNEQFF,CASSLAGTNEQFF
1609,CASSQAAGHYEQYF,CASSQTAGHYEQYF
1610,CASSLGSNQPQHF,CASSLNSNQPQHF
1611,CASSFVGAEQYF,CASSFVGSEQYF
1612,CASSYPGRFYEQYF,CASSYPGGFYEQYF
1613,CASSLRQGYEQYF,CASSLRGYEQYF
1614,CASSQGGGEQYF,CASSSGGGEQYF
1615,CASSLAGSYEQYF,CASSLGSYEQYF
1616,CASSQDPGSLYEQYF,CASSQDPGNLYEQYF
1617,CASSFGTGAYEQYF,CASSFGTGLYEQYF
1618,CASSLGGAYEQYF,CASSLEGGAYEQYF
1619,CASSLAGTGELFF,CASSLANTGELFF
1620,CASSLGKGEQFF,CASSLGVGEQFF
1621,CASSLAGSYEQYF,CASSLGGSYEQYF
1622,CASSFGNTEAFF,CASSRGNTEAFF
1623,CASSLAGANEQFF,CASSLAGGNEQFF
1624,CASSLAQGGTEAFF,CASSLWQGGTEAFF
1625,CASSLGGAYEQYF,CASSLGGSYEQYF
1626,CASSLAGSEQFF,CASSLAGSKEQFF
1627,CASSVRGNEQFF,CASSVGGNEQFF
1628,CASSLAGNEQFF,CASSLAGGNEQFF
1629,CASTLAGGNEQFF,CASSLAGGNEQFF
1630,CASSLAGGWNEQFF,CASSLAGGNEQFF
1631,CASSLAGGGEQFF,CASSLAGGNEQFF
1632,CASSLAGLNEQFF,CASSLAGGNEQFF
1633,CSVGDGNTGELFF,CSVDGNTGELFF
1634,CASSLSPRNEQFF,CASSLSPRAEQFF
1635,CASSLAGQINEKLFF,CASSLAGQGNEKLFF
1636,CASSISGASYEQYF,CASSIAGASYEQYF
1637,CASSLEGLSYEQYF,CASSLVGLSYEQYF
1638,CASSLEGLSYEQYF,CASSLEGYSYEQYF
1639,CASSLEGLSYEQYF,CASSLNGLSYEQYF
1640,CASSLRDGSNQPQHF,CASSLRQGSNQPQHF
1641,CASSLAGTGELFF,CASSLAYGTGELFF
1642,CASSISSGYNEQFF,CASSISGSGYNEQFF
1643,CASSQDGGSAYEQYF,CASSQDGGSYEQYF
1644,CASSLTGGYEQYF,CASSLTGGGYEQYF
1645,CASSLTGGYEQYF,CASSLTGVYEQYF
1646,CASSLGSNQPQHF,CASSLGYSNQPQHF
1647,CASSSGQTYEQYF,CASSSGQTHEQYF
1648,CASSLTGGYEQYF,CASSLDGGYEQYF
1649,CASSLTGGYEQYF,CASSLGGYEQYF
1650,CASSQDAGTGNTIYF,CASSQDAGPGNTIYF
1651,CASSLAGYEQYF,CASSLASGYEQYF
1652,CASSLAGYEQYF,CASSLATGYEQYF
1653,CASSLAGYEQYF,CASSLGGYEQYF
1654,CASSLGSNQPQHF,CASSLYSNQPQHF
1655,CASSLAQGGTEAFF,CASSLEQGGTEAFF
1656,CASSLAGGYEQYF,CASSLASGYEQYF
1657,CASSLAGGYEQYF,CASSLDGGYEQYF
1658,CASSLAGGYEQYF,CASSLATGYEQYF
1659,CASSLAGGYEQYF,CASSLGGYEQYF
1660,CASSLGGAYEQYF,CASSLGGYEQYF
1661,CASSYPGRFYEQYF,CASSYPGRYEQYF
1662,CASSLAGGLLNEQFF,CASSLAGGLSNEQFF
1663,CASSLAGTDYGYTF,CASSLALTDYGYTF
1664,CASSFQGGNQPQHF,CASSFQGAGNQPQHF
1665,CASSFGDEQYF,CASSFPDEQYF
1666,CATGSGANVLTF,CATFSGANVLTF
1667,CATSDFGRGTDTQYF,CATSDFGGTDTQYF
1668,CSVDPGNYGYTF,CSVDPGSNYGYTF
1669,CASSLGDEQYF,CASSLPGDEQYF
1670,CASSYGAEQYF,CASSYGPAEQYF
1671,CASSQDSRTSYEQYF,CASSQDSMTSYEQYF
1672,CASSLPMNTEAFF,CASSLMNTEAFF
1673,CASSFLNEQFF,CASSFYNEQFF
1674,CASSLLKNTEAFF,CASSLSKNTEAFF
1675,CASSYTSTDTQYF,CASSYSTDTQYF
1676,CASSSGNTEAFF,CASSTGNTEAFF
1677,CASSSGNTEAFF,CASSAGNTEAFF
1678,CSVGGTYEQYF,CSVGATYEQYF
1679,CASSLGTDTQYF,CASSLGGDTQYF
1680,CASSLVDTGELFF,CASSLVLTGELFF
1681,CASSYTGQGYEQYF,CASSYQGQGYEQYF
1682,CASSLLSSYEQYF,CASSLLGSYEQYF
1683,CASSLYPLDQPQHF,CASSLYPDQPQHF
1684,CASSLSSYNEQFF,CASSLGSSYNEQFF
1685,CASSLTAVQETQYF,CASSLTGVQETQYF
1686,CASSPTSGSGNEQFF,CASSPTSGRGNEQFF
1687,CASSSPDGYEQYF,CASSPDGYEQYF
1688,CASSLGVPNEKLFF,CASSLGQPNEKLFF
1689,CASSLVDTGELFF,CASSLDTGELFF
1690,CASSLPDGYEQYF,CASSLPDHYEQYF
1691,CASSLPDGYEQYF,CASSLPDYYEQYF
1692,CASSLPDGYEQYF,CASSPDGYEQYF
1693,CASSLDRETQYF,CASSLLDRETQYF
1694,CASSLSSYNEQFF,CASSLGSSYNEQFF
1695,CASSLSQTYEQYF,CASSLSQVYEQYF
1696,CASSFGTGELFF,CASSFGTGEQFF
1697,CASSLVGDSYEQYF,CASSLVGDRSYEQYF
1698,CASSLTGALYEQYF,CASSLEGALYEQYF
1699,CASSFEGGGYEQYF,CASSFEGGLYEQYF
1700,CASSFEGGGYEQYF,CASSFEGGGEQYF
1701,CASSFEGGGYEQYF,CASSFEGGIYEQYF
1702,CASSFEGGGYEQYF,CASSFEGGKYEQYF
1703,CASSFEGGGYEQYF,CASSFEGGYEQYF
1704,CASFSSSYEQYF,CASSFSSSYEQYF
1705,CASRLAGGAFNEQFF,CASRAGGAFNEQFF
1706,CASSTGLAGLYEQYF,CASSGGLAGLYEQYF
1707,CASSFATLNEQFF,CASSFASLNEQFF
1708,CASSFLNEQFF,CASSFGNEQFF
1709,CASSLSVSTEAFF,CASSLSVGTEAFF
1710,CSVDSGNEQYF,CSVDSGYEQYF
1711,CASSLLVNTEAFF,CASSLLQNTEAFF
1712,CASSLLVNTEAFF,CASSLGVNTEAFF
1713,CASSSGRETQYF,CASSSGVETQYF
1714,CASSALAGVETQYF,CASSLAGVETQYF
1715,CASSSPGQGDYEQYF,CASSSPGQGFYEQYF
1716,CASSYLAGGTDTQYF,CASSWLAGGTDTQYF
1717,CASSSLAGGTDTQYF,CASSWLAGGTDTQYF
1718,CASSYSGVNQPQHF,CASSYSGNQPQHF
1719,CATSRGGLNTEAFF,CATSRGGMNTEAFF
1720,CASSLGINTEAFF,CASSLGGNTEAFF
1721,CASSLSNYEQYF,CASSLSGYEQYF
1722,CASSGDRSSGNTIYF,CASSQDRSSGNTIYF
1723,CASSLSSYNEQFF,CASSLSSSYNEQFF
1724,CASSSPGQGDYEQYF,CASSSPGQGFYEQYF
1725,CSVGGTYEQYF,CSVEGGTYEQYF
1726,CASSSTDSYEQYF,CASSSDSYEQYF
1727,CASSSGTSGYEQYF,CASSYSGTSGYEQYF
1728,CSAEGGYEQYF,CSVEGGYEQYF
1729,CASSYIYEQYF,CASSYHYEQYF
1730,CASSWTGTEAFF,CASSWTGGTEAFF
1731,CASSLSPGELFF,CASSFSPGELFF
1732,CASSILAYNEQFF,CASSITAYNEQFF
1733,CASTLGGNQPQHF,CASTLGGSQPQHF
1734,CASSSLGGNQPQHF,CASSLGGNQPQHF
1735,CASSLGPEAFF,CASSLGVEAFF
1736,CASSPSNEQFF,CASSPSGNEQFF
1737,CASSYSPGEQYF,CASSYSPHEQYF
1738,CASSYSPGEQYF,CASSYSPFEQYF
1739,CASSFLGQPQHF,CASSFGQPQHF
1740,CASSLGTEAFF,CASSLGVEAFF
1741,CASSLTGPYNEQFF,CASSLGPYNEQFF
1742,CASSLTGPYNEQFF,CASSLITGPYNEQFF
1743,CASSLSGPYNEQFF,CASSLGPYNEQFF
1744,CASSLGGATEAFF,CASSLSGGATEAFF
1745,CASSLTGGSTDTQYF,CASSLTGGSDTQYF
1746,CASSPGGHEQFF,CASSPGGDEQFF
1747,CASSLGPPGELFF,CASSLPPGELFF
1748,CASSYSGQGYEQYF,CASSYSGQAYEQYF
1749,CASSPGPYNEQFF,CASRPGPYNEQFF
1750,CASSLGTEAFF,CASSSGTEAFF
1751,CASSLDNEQFF,CASSLDSNEQFF
1752,CASSPDNEQFF,CASSFDNEQFF
1753,CASSLSGPYNEQFF,CASSLSGPNNEQFF
1754,CASSLTSGSYNEQFF,CASSLTSGYNEQFF
1755,CASSLSPSGETQYF,CASSLSPSPGETQYF
1756,CASSYLGYEQYF,CASSYDGYEQYF
1757,CASSLSGPYNEQFF,CASSLSDPYNEQFF
1758,CASSLSGPYNEQFF,CASSLSGPPYNEQFF
1759,CASSPESTYEQYF,CASSPGSTYEQYF
1760,CASSLGETQYF,CASSLSETQYF
1761,CASSLWGGEQYF,CASSLQGGEQYF
1762,CASSLLGGELFF,CASSLQGGELFF
1763,CASSLANEQFF,CASSLGNEQFF
1764,CASSPTGVPYEQYF,CASSPTGPYEQYF
1765,CASSFLYNEQFF,CASSFLGNEQFF
1766,CASSLGGGQFF,CASSLGGHQFF
1767,CASSLGTEAFF,CASSRGTEAFF
1768,CASSLDNEQFF,CASSLGNEQFF
1769,CASSFGLEQYF,CASSTGLEQYF
1770,CASSSLGGELFF,CASSLGGELFF
1771,CASSHGSYEQYF,CASSSGSYEQYF
1772,CASSPNQPQHF,CASSPGQPQHF
1773,CASSLWGGEQYF,CASSLGGEQYF
1774,CASSPPGQPQHF,CASSPGQPQHF
1775,CASSPPNTGELFF,CASSPPVTGELFF
1776,CASSYGGPGYEQYF,CASSYGGFGYEQYF
1777,CASSLSGNTGELFF,CASSLGNTGELFF
1778,CASSLLGGELFF,CASSLGGELFF
1779,CASSLSGTGVTEAFF,CASSLSGTGNTEAFF
1780,CASSLDNEQFF,CASSLDGNEQFF
1781,CASSLVLYEQYF,CASSLKLYEQYF
1782,CASSYGDTQYF,CASSYGGTQYF
1783,CASSLGSADNEQFF,CASSLGSAGNEQFF
1784,CASSFGPEQYF,CASSFGTEQYF
1785,CASSLWGSSYNEQFF,CASSLGGSSYNEQFF
1786,CASSFLGQPQHF,CASSFWGQPQHF
1787,CASSLVLYEQYF,CASSLVSYEQYF
1788,CASSEDNEQFF,CASSEVNEQFF
1789,CASSLGGATEAFF,CASSLGGNTEAFF
1790,CASSEGDTQYF,CASSELDTQYF
1791,CASSLESGEQYF,CASSLGSGEQYF
1792,CASSEGGEQYF,CASSEVGEQYF
1793,CASSEGGEQYF,CASSELGEQYF
1794,CASSEGGEQYF,CASSEQGEQYF
1795,CASSLGETQYF,CASSLYGETQYF
1796,CASSESYEQYF,CASSEVYEQYF
1797,CASSESYEQYF,CASSEIYEQYF
1798,CASSESYEQYF,CASSEDYEQYF
1799,CASSVDASYEQYF,CASSVDTSYEQYF
1800,CASSLIAYEQYF,CASSLISYEQYF
1801,CASSQSNEQFF,CASSQGNEQFF
1802,CATSDFVDTDTQYF,CATSDFGDTDTQYF
1803,CATSDFGGTDTQYF,CATSDFGDTDTQYF
1804,CASSLDGDYEQYF,CASSLDGGYEQYF
1805,CASSLTGNTEAFF,CASSLVGNTEAFF
1806,CASSLVPGFDEQYF,CASSLVPGDEQYF
1807,CASSLTTGGTEAFF,CASSLTTGNTEAFF
1808,CATSDFGDNTDTQYF,CATSDFGDTDTQYF
1809,CASSLTGPYNEQFF,CASSLTGGYNEQFF
1810,CASSLGGNQPQHF,CASSLGSNQPQHF
1811,CASSLTGDTQYF,CASSLGGDTQYF
1812,CASSPTGGGTEAFF,CASSYTGGGTEAFF
1813,CASSRDSNTEAFF,CASRRDSNTEAFF
1814,CASSLGSNQPQHF,CASSLNSNQPQHF
1815,CASSYAGGYEQYF,CASSYQGGYEQYF
1816,CASSPGGNTEAFF,CASSNGGNTEAFF
1817,CASSPGGNTEAFF,CASSSGGNTEAFF
1818,CASSPGGNTEAFF,CASSVGGNTEAFF
1819,CASSLGGNQPQHF,CASSLMGNQPQHF
1820,CASSLGGYNEQFF,CASSGGYNEQFF
1821,CASSFGGDNQPQHF,CASSFGGDQPQHF
1822,CASSLGETQYF,CASSLSETQYF
1823,CASSSLNQPQHF,CASSSLPNQPQHF
1824,CASSLGGSYNEQFF,CASSLGPSYNEQFF
1825,CASSLGQGGSPLHF,CASSLGQAGSPLHF
1826,CASSLDGNEQFF,CASSLQGNEQFF
1827,CASSSSYEQYF,CASSSIYEQYF
1828,CASSYSGDSYEQYF,CASSYSGDSSYEQYF
1829,CASRGGSYEQYF,CASRRGSYEQYF
1830,CASSLYSTDTQYF,CASSIYSTDTQYF
1831,CASSLYSTDTQYF,CASSLYNTDTQYF
1832,CSAPGPSSYEQYF,CSASGPSSYEQYF
1833,CASSLAGTNEQFF,CASSLAGGNEQFF
1834,CASSQSQSYEQYF,CASSQGQSYEQYF
1835,CASSYPGLGYEQYF,CASSNYPGLGYEQYF
1836,CASSLDGNEQFF,CASSLVGNEQFF
1837,CASSLGGSYNEQFF,CASSLGGSSYNEQFF
1838,CASSPGDTQYF,CASSPGTDTQYF
1839,CSVLAGSYEQYF,CSVLAGGSYEQYF
1840,CASSFYNEQFF,CASSFGNEQFF
1841,CASSLSRGNEQFF,CASSLSIGNEQFF
1842,CASSFGQPQHF,CASSPGQPQHF
1843,CASSPTGVSYNEQFF,CASSPSGVSYNEQFF
1844,CASSDLGNEQFF,CASSDAGNEQFF
1845,CASSLLTDTQYF,CASSLDLTDTQYF
1846,CASSPGNTEAFF,CASSFPGNTEAFF
1847,CASSLGALNTEAFF,CASSLALNTEAFF
1848,CASSLVSSYEQYF,CASSLGSSYEQYF
1849,CASSFLNTEAFF,CASSFGLNTEAFF
1850,CASSLYTDTQYF,CASSLYADTQYF
1851,CASSFGQPQHF,CASSFWGQPQHF
1852,CSVAGLAGGYEQYF,CSVGGLAGGYEQYF
1853,CASSLGETQYF,CASSLYGETQYF
1854,CASSSSDEQYF,CASSSTSDEQYF
1855,CASSLGSNQPQHF,CASSLGYSNQPQHF
1856,CASSLLAGGRNEQFF,CASGLLAGGRNEQFF
1857,CSVGGGSTDTQYF,CSVGGVSTDTQYF
1858,CASSSATGELFF,CASSSGTGELFF
1859,CASSLSKNTEAFF,CASSLSSNTEAFF
1860,CASSLGGNQPQHF,CASSLGGDQPQHF
1861,CASSLGGYNEQFF,CASSLGGLNEQFF
1862,CASSLGGYNEQFF,CASSLTGGYNEQFF
1863,CASSSQNTEAFF,CASSYSQNTEAFF
1864,CASSLGSNQPQHF,CASSLYSNQPQHF
1865,CASSYSSPYEQYF,CASSYSSPGYEQYF
1866,CASSYSSPYEQYF,CASSYSSGYEQYF
1867,CASSLYSTDTQYF,CASSLYVTDTQYF
1868,CASSYGGGQETQYF,CASSYSGGQETQYF
1869,CASRRDSNTEAFF,CASRTDSNTEAFF
1870,CASSDSSYEQYF,CASSADSSYEQYF
1871,CASSLSVPSQETQYF,CASSLSHPSQETQYF
1872,CASSLSATDTQYF,CASSLSHTDTQYF
1873,CASSPGEGTEAFF,CASSHGEGTEAFF
1874,CASSLSSPANYGYTF,CASSLSSPNYGYTF
1875,CASSLNSNQPQHF,CASSLNNNQPQHF
1876,CASSSGTEAFF,CASSRGTEAFF
1877,CSAPGGNYGYTF,CSARGGNYGYTF
1878,CASSFGGAEAFF,CASSFMGGAEAFF
1879,CASSSPGQGGYGYTF,CASSPGQGGYGYTF
1880,CASSLGLTGELFF,CASSLGRTGELFF
1881,CASSLGLTGELFF,CASSLGNTGELFF
1882,CASSLDSNEQFF,CASSLDGNEQFF
1883,CASSLGITGELFF,CASSLGRTGELFF
1884,CASSLGITGELFF,CASSLGNTGELFF
1885,CASSELGTDTQYF,CASSELGHTDTQYF
1886,CASSPGTASTDTQYF,CASSPGTSTDTQYF
1887,CASSDGSTDTQYF,CASSLGSTDTQYF
1888,CASSLGQGVNTEAFF,CASSLQGVNTEAFF
1889,CASSYGGSSYNEQFF,CASSYSGSSYNEQFF
1890,CASSPAGYNYGYTF,CASSPTGYNYGYTF
1891,CASSYSAQSSYEQYF,CASSYSAGSSYEQYF
1892,CASSRVSYEQYF,CASSLVSYEQYF
1893,CASSFGGGGNQPQHF,CASSFGGGGQPQHF
1894,CASSLGSNQPQHF,CASSLGYSNQPQHF
1895,CASSDMNTEAFF,CASSLMNTEAFF
1896,CASSYQGLAYEQYF,CASSYQGRAYEQYF
1897,CASSYGTGGTEAFF,CASSYGTGYTEAFF
1898,CASSYGTGGTEAFF,CASSYSGTGGTEAFF
1899,CASSLGSNQPQHF,CASSLYSNQPQHF
1900,CASSYVGGDTQYF,CASSYTGGDTQYF
1901,CASSYGGSSYNEQFF,CASSYSGSSYNEQFF
1902,CASSLVLTGELFF,CASSLVLSGELFF
1903,CASSSSVNTEAFF,CASSSSWNTEAFF
1904,CASSYGSDQPQHF,CASSYGSNQPQHF
1905,CASSLNSNQPQHF,CASSLYSNQPQHF
1906,CASSLGGYEQYF,CASSLGGSYEQYF
1907,CASSLGGYEQYF,CASSLGGTYEQYF
1908,CASSLGMGEQYF,CASSLGTGEQYF
1909,CASSLTGDSSYEQYF,CASSLSGDSSYEQYF
1910,CASSLTGDSSYEQYF,CASSLTRDSSYEQYF
1911,CASSLSHAVDGYTF,CASSLSSAVDGYTF
1912,CASSLSQVNEQFF,CASSLSQVHEQFF
1913,CASSLSQVNEQFF,CASSLSQAVNEQFF
1914,CASSLSHSTDTQYF,CASSLSHTDTQYF
1915,CASSLGYEQYF,CASSDLGYEQYF
1916,CASSFSGSYEQYF,CASSFPGSYEQYF
1917,CASSPGDSSYEQYF,CASSPTDSSYEQYF
1918,CASSLGMGEQYF,CASSLGGEQYF
1919,CASSLSGGWETQYF,CASSLSGGETQYF
1920,CASSLGYEQYF,CASSLGGEQYF
1921,CASSLSTGSEAFF,CASSLSIGSEAFF
1922,CASSLSSGVTDTQYF,CASSLSSVTDTQYF
1923,CASSLSSPTDTQYF,CASSLSSVTDTQYF
1924,CASSLSSYEQYF,CASSLVSYEQYF
1925,CASSSRGPNEKLFF,CASSSRGTNEKLFF
1926,CASSSRTTNEKLFF,CASSSRGTNEKLFF
1927,CASSLSSYEQYF,CASSLESYEQYF
1928,CASSLSSYEQYF,CASSLISYEQYF
1929,CASSVASGGTDTQYF,CASSVAGGGTDTQYF
1930,CATSDLQGVTDTQYF,CATSDLQGYTDTQYF
1931,CASSLELSYEQYF,CASSLESYEQYF
1932,CASSYSTGYEQYF,CASSYSSGYEQYF
1933,CASSYSTGYEQYF,CASSYSTGSYEQYF
1934,CASSDRQGGETQYF,CASSSRQGGETQYF
1935,CASSLEGDQPQHF,CASSLGGDQPQHF
1936,CASSLDGGPYEQYF,CASSLSGGPYEQYF
1937,CSVEVGYYEQYF,CSVEVGYEQYF
1938,CSVEAGSSYEQYF,CSVEGGSSYEQYF
1939,CASSLTGVQETQYF,CASSLTGNQETQYF
1940,CASSPGTGNEKLFF,CASSPPGTGNEKLFF
1941,CASSFGGDQPQHF,CASSLGGDQPQHF
1942,CASSLGSSYNEQFF,CASSLSSSYNEQFF
1943,CASSLTSGYNEQFF,CASSLTGGYNEQFF
1944,CASSLGSSYEQYF,CASSLGYSSYEQYF
1945,CASSLQGNEQFF,CASSLVGNEQFF
1946,CASSLVGDRSYEQYF,CASSLVGDRAYEQYF
1947,CASSLGSYEQYF,CASSLGGSYEQYF
1948,CASSFGTDTQYF,CASSPGTDTQYF
1949,CASSPEGGNEQFF,CASSPGGGNEQFF
1950,CASSLGTGEQYF,CASSLGGEQYF
1951,CASSPLGNEQFF,CASSRLGNEQFF
1952,CASSLQGGELFF,CASSLGGELFF
1953,CSARLAGVEQYF,CSAPLAGVEQYF
1954,CASSLEGGTEAFF,CASSLEIGTEAFF
1955,CASSLQGGEQYF,CASSLGGEQYF
1956,CASSPPEETQYF,CASSPPEHETQYF
1957,CASSLGGSYEQYF,CASSFGGSYEQYF
1958,CASSYSGDSSYEQYF,CASSYSDSSYEQYF
1959,CASSLYGWETQYF,CASSLYGETQYF
1960,CASSLGSSYEQYF,CASSLGESYEQYF
1961,CASSYGAFTGELFF,CASSYGAYTGELFF
1962,CASSRLAGPYNEQFF,CASSILAGPYNEQFF
1963,CASSFGTDTQYF,CASSLGTDTQYF
1964,CASSLGSSYNEQFF,CASSLSSSYNEQFF
1965,CASSLGHTDTQYF,CASSLGTDTQYF
1966,CASSLTGTAGNTIYF,CASSLTGTPGNTIYF
1967,CASSYSGTYEQYF,CASSYSWGTYEQYF
1968,CASSYSGTYEQYF,CASSYSRTYEQYF
1969,CASSLGSYEQYF,CASSLGGYEQYF
1970,CASSLYNTDTQYF,CASSLYVTDTQYF
1971,CASSQGPGAPYEQYF,CASSQGPGGPYEQYF
1972,CASSLGNEQFF,CASSLEGNEQFF
1973,CASSLGNEQFF,CASSLDGNEQFF
1974,CASSVGGSWQETQYF,CASSVGGSSQETQYF
1975,CASSPATGELFF,CASSPPTGELFF
1976,CASSPATGELFF,CASSPITGELFF
1977,CASSFGAGSSYEQYF,CASSFGGSSYEQYF
1978,CASSFGVGSSYEQYF,CASSFGGSSYEQYF
1979,CASSPGNTYEQYF,CASSPGGTYEQYF
1980,CASSEVRELFF,CASSEIRELFF
1981,CASSSPYNEQFF,CASSSQYNEQFF
1982,CASSVGNEQFF,CASSVYNEQFF
1983,CASSVGGNEQFF,CASSVGWGNEQFF
1984,CASSLGLDEQYF,CASSLPGLDEQYF
1985,CASSPGTGSSYEQYF,CASSPTGSSYEQYF
1986,CASSVGWGGSYEQYF,CASSVGAGGSYEQYF
1987,CASSLASNTEAFF,CASSLALNTEAFF
1988,CASSQGYEQYF,CASSPQGYEQYF
1989,CASSVGWGSSYEQYF,CASSVGTGSSYEQYF
1990,CASSVGWGSSYEQYF,CASSVGGGSSYEQYF
1991,CASSVGWGSSYEQYF,CASSVGSGSSYEQYF
1992,CASSASGGSSYEQYF,CASSAGGGSSYEQYF
1993,CASSVGQGAYEQYF,CASSVGQGSYEQYF
1994,CASSLGGSYEQYF,CASSLGGYEQYF
1995,CASSLDRGGYEQYF,CASSLDGGYEQYF
1996,CASSLWQGGTEAFF,CASSLEQGGTEAFF
1997,CASSLSGNEQFF,CASSLKGNEQFF
1998,CASSYGGETQYF,CASSYGNGETQYF
1999,CASSLVNNEQFF,CASSRVNNEQFF
2000,CSVEVPGQGDNEQFF,CSVEVPGQGLNEQFF
2001,CASSYAGVDEQYF,CASSYSAGVDEQYF
2002,CASSVSGSYEQYF,CASSVAGSYEQYF
2003,CASSEIGEQYF,CASSEIYEQYF
2004,CASSQAGTGNYGYTF,CASSQEGTGNYGYTF
2005,CSVDGNTGELFF,CSVDGTGELFF
2006,CASSTGTGYTEAFF,CASSYGTGYTEAFF
2007,CASSLGPDTQYF,CASSLGTDTQYF
2008,CASSSGQGADTQYF,CASSSGLGADTQYF
2009,CASSPSNEQFF,CASSPLSNEQFF
2010,CASSLTGGNEQFF,CASSLTGGYNEQFF
2011,CASSPGTDTQYF,CASSLGTDTQYF
2012,CASSLGQGTEAFF,CASSLGQETEAFF
2013,CASSWRGTDTQYF,CASSWGTDTQYF
2014,CASSLAGPGELFF,CASSYLAGPGELFF
2015,CSASGGLGYEQYF,CSASGGGGYEQYF
2016,CASSTTTGELFF,CASSTTGGELFF
2017,CASSRTFYEQYF,CASSTFYEQYF
2018,CASSLVSYEQYF,CASSLESYEQYF
2019,CASSLVSYEQYF,CASSLISYEQYF
2020,CASSQSGSSYNEQFF,CASSYSGSSYNEQFF
2021,CASSSGTGYEQYF,CASSEGTGYEQYF
2022,CASSYSGSGYNEQFF,CASSYSGSSYNEQFF
2023,CASSQDGPGNQPQHF,CASSQDPGNQPQHF
2024,CASSLSGSSYNEQFF,CASSYSGSSYNEQFF
2025,CASSASGSSYNEQFF,CASSYSGSSYNEQFF
2026,CASSDSGSSYNEQFF,CASSYSGSSYNEQFF
2027,CASSSSGSSYNEQFF,CASSYSGSSYNEQFF
2028,CASRPGLQETQYF,CASRGLQETQYF
2029,CASSPSGSSYNEQFF,CASSYSGSSYNEQFF
2030,CASSHSGSSYNEQFF,CASSYSGSSYNEQFF
2031,CASSLYPPNTEAFF,CASSLAPPNTEAFF
2032,CASSTSGSSYNEQFF,CASSYSGSSYNEQFF
2033,CASSYSTDGELFF,CASSYSTTGELFF
2034,CASSLTGGGYEQYF,CASSLGGGGYEQYF
2035,CASSLLGSYEQYF,CASKLLGSYEQYF
2036,CASSLGYSNQPQHF,CASSLYSNQPQHF
2037,CASSLGSGEQYF,CASSLMGSGEQYF
2038,CASSVEGNSYNEQFF,CASSVEGSSYNEQFF
2039,CSVGDGSSYEQYF,CSVGRGSSYEQYF
2040,CSVGDGSSYEQYF,CSVGQGSSYEQYF
2041,CASSYSWGVYEQYF,CASSYSWGTYEQYF
2042,CASSLAGTYEQYF,CASSLVGTYEQYF
