,Seq1,Seq2
0,CASSLGSGTQYF,CASSLFSGTQYF
1,CSAGSSYEQYF,CSARSSYEQYF
2,CASSSGLAGPYEQYF,CASSSGLADPYEQYF
3,CATSLADYNEQFF,CATSEADYNEQFF
4,CSVAKTGVSTDTQYF,CSVATTGVSTDTQYF
5,CSARDGASYEQYF,CSARGASYEQYF
6,CSARGPTSSYEQYF,CSARGTTSSYEQYF
7,CSARDPSRGYEQYF,CSARDPGRGYEQYF
8,CATSRVDNEQFF,CATSRVYNEQFF
9,CASSFDSSYEQYF,CASSFSSYEQYF
10,CASSLGGEETQYF,CASSLQGEETQYF
11,CASSLPGSYEQYF,CASSLSGSYEQYF
12,CSVGRGPYEQYF,CSVGRGGYEQYF
13,CASSLESGELFF,CASSLGSGELFF
14,CASSGRDSSYEQYF,CASSGRDSFYEQYF
15,CASSGRDSSYEQYF,CASSGRDSTYEQYF
16,CASSGGAAGELFF,CASSIGAAGELFF
17,CASSEGGRGDTQYF,CASSEGGRADTQYF
18,CSVTTGEHYGYTF,CSVWTGEHYGYTF
19,CSARGEGNYGYTF,CSARGENYGYTF
20,CASSFIGETQYF,CASSFSGETQYF
21,CASSYPDTQYF,CASSYGDTQYF
22,CASSYLGNEQFF,CASSYLDNEQFF
23,CASSTGTSTDTQYF,CASSSTGTSTDTQYF
24,CASSLAGGTETQYF,CASSLAGGTDTQYF
25,CASSDGQGLGYGYTF,CASSFGQGLGYGYTF
26,CASSLPGSYEQYF,CASSLGGSYEQYF
27,CASSQDPGGNTEAFF,CASSQDPGMNTEAFF
28,CASSQDPGGNTEAFF,CASSQDPGVNTEAFF
29,CASSQDPGGNTEAFF,CASSQDPGLNTEAFF
30,CASSPGQGHNQPQHF,CASSIGQGHNQPQHF
31,CASSFDSSYEQYF,CASSFSSYEQYF
32,CASSYLYEQYF,CASSYIYEQYF
33,CASSVGNTYEQYF,CASSVGDTYEQYF
34,CASSLSGGVGQFF,CASSLSGPGVGQFF
35,CASSYLGNEQFF,CASSYSGNEQFF
36,CASSEGGRGDTQYF,CASSEGGRFDTQYF
37,CASSYGAYNEQFF,CASSSGAYNEQFF
38,CASSYSSYNEQFF,CASSYSGSYNEQFF
39,CSARDPGGSYEQYF,CSARDPGGAYEQYF
40,CASSLFAGAYNEQFF,CASSLAGAYNEQFF
41,CSARDQGSSYEQYF,CSARDQGSPYEQYF
42,CASSPDGYTEAFF,CASSPGYTEAFF
43,CASSQDWGSYNEQFF,CASSQDWGYNEQFF
44,CASSLESGELFF,CASSLGSGELFF
45,CASSLPGGTEAFF,CASSPGGTEAFF
46,CASSEGTVSNQPQHF,CASSSGTVSNQPQHF
47,CSAGTGPYEQYF,CSAGTGDYEQYF
48,CSAGTGGTGELFF,CSAGIGGTGELFF
49,CSVGQGPYEQYF,CSVEQGPYEQYF
50,CASSEQFNEKLFF,CASSEQGNEKLFF
51,CSVEWVYNEQFF,CSVEAVYNEQFF
52,CSAGTGPYEQYF,CSAGTGTYEQYF
53,CASSEGYSGNTIYF,CASSEGPYSGNTIYF
54,CASSPGQGYNEQFF,CASSVGQGYNEQFF
55,CSVAAGGNTEAFF,CSVAAGNTEAFF
56,CASSQDPGGNTEAFF,CASSQDPGLNTEAFF
57,CASSPDSSSYNEQFF,CASSPDSSYNEQFF
58,CASSYGAYNEQFF,CASSYGGYNEQFF
59,CASSYSSYNEQFF,CASSYSYNEQFF
60,CSAARAGGSYNEQFF,CSAAAGGSYNEQFF
61,CASSFLGNEQFF,CASSFLNEQFF
62,CSVGQGPYEQYF,CSVDGQGPYEQYF
63,CASSYQSSYEQYF,CASSYTQSSYEQYF
64,CASSLWDYQETQYF,CASSLWGYQETQYF
65,CSARDLQGPYEQYF,CSARDLQGNYEQYF
66,CASSLESGELFF,CASSLASGELFF
67,CASSGPGDTEAFF,CASSSPGDTEAFF
68,CSARDISYEQYF,CSARDLSYEQYF
69,CSARDLTYEQYF,CSARDLEYEQYF
70,CSARDLTYEQYF,CSARDLAYEQYF
71,CSARDLTYEQYF,CSARDLSYEQYF
72,CSARDPSYEQYF,CSARDLSYEQYF
73,CSARDTLSYEQYF,CSARDLSYEQYF
74,CASSLIGGADTQYF,CASSLGGGADTQYF
75,CASSLIGGADTQYF,CASSLTGGADTQYF
76,CASSPTTATNEKLFF,CASSPRTATNEKLFF
77,CASSLLGGDGYTF,CASSFLGGDGYTF
78,CSARDPGGSYEQYF,CSARDPSGSYEQYF
79,CSARDPGGSYEQYF,CSARDPTGSYEQYF
80,CASSFLGNEQFF,CASSPLGNEQFF
81,CASSLGTSSYEQYF,CASSLGRTSSYEQYF
82,CASSVGNTYEQYF,CASSVGHTYEQYF
83,CSARDRNQPQHF,CSARDRSQPQHF
84,CSARARSQPQHF,CSARDRSQPQHF
85,CASSLPISYEQYF,CASSLISYEQYF
86,CSAPVTNYEQYF,CSAPVTSYEQYF
87,CSARGPTSSYEQYF,CSARGTSSYEQYF
88,CSARPRNQPQHF,CSARPVNQPQHF
89,CASSFLGNEQFF,CASSFGNEQFF
90,CASSERTNTEAFF,CASSEARTNTEAFF
91,CASSGLAGTDTQYF,CASSFLAGTDTQYF
92,CASSLAGGLETQYF,CASSLAGLETQYF
93,CASSKLNTEAFF,CASSDKLNTEAFF
94,CASSKLNTEAFF,CASSIKLNTEAFF
95,CASSLTWYNEQFF,CASSLTSYNEQFF
96,CSAWGMNTEAFF,CSASGMNTEAFF
97,CASSLPHSYEQYF,CASSLPDHSYEQYF
98,CASSYSSYNEQFF,CASSYSASYNEQFF
99,CATSDLQGDEQFF,CATSDLTGDEQFF
100,CASSYGGNTEAFF,CASSYVGGNTEAFF
101,CASSLSLSYEQYF,CASSLSGSYEQYF
102,CASSLVGGEQFF,CASSLVGGELFF
103,CASSLVGGEQFF,CASSLVGGEQYF
104,CASKLGTDTQYF,CASSLGTDTQYF
105,CASSVGQPNSPLHF,CASSVGQNNSPLHF
106,CASSPGTLYEQYF,CASSPGTTYEQYF
107,CASSLGAYEQYF,CASSLGATYEQYF
108,CASSLGAEQYF,CASSYGAEQYF
109,CASSYGGNTEAFF,CASSYGLNTEAFF
110,CASSNEAYNEQFF,CASSQEAYNEQFF
111,CASSITGNEQFF,CASSIGNEQFF
112,CASSLGAEQYF,CASSLGGEQYF
113,CSARGTSGAYNEQFF,CSARGTSGLYNEQFF
114,CASSLTGTAYEQYF,CASSLTGEAYEQYF
115,CSARDLADSYEQYF,CSARDADSYEQYF
116,CASSLGAYEQYF,CASSLGGYEQYF
117,CASSIGGGESYEQYF,CASSIGQGESYEQYF
118,CASSIGGGESYEQYF,CASSIGTGESYEQYF
119,CASSLAGEEQFF,CASSLAGNEQFF
120,CASSYSGGETQYF,CASSYGGETQYF
121,CASSYSGGETQYF,CASSYSGETQYF
122,CASSQDLTEAFF,CASSQDFTEAFF
123,CASSLGGDIQYF,CASSLEGDIQYF
124,CASSQGSYEQYF,CASSQGYEQYF
125,CASSLLAGPYEQYF,CASSLLAGEYEQYF
126,CASSLGAYEQYF,CASSLGAGYEQYF
127,CATSDLQGDEQFF,CATSDLLGDEQFF
128,CASSYRGATEAFF,CASSYRGFTEAFF
129,CASSYGGNTEAFF,CASSYPGNTEAFF
130,CSAISLGGNTEAFF,CSAIALGGNTEAFF
131,CASSLGGPYEQYF,CASSLGGPGEQYF
132,CASSLVAGGYNEQFF,CASSLVADGYNEQFF
133,CASSLVAGGYNEQFF,CASSLLAGGYNEQFF
134,CASSVGDSYYEQYF,CASSVGGDSYYEQYF
135,CASSLGTGNTGELFF,CASSLGLGNTGELFF
136,CASSLGTGNTGELFF,CASSLGQGNTGELFF
137,CASSLGGVEQYF,CASSLGGYEQYF
138,CASSLGGVEQYF,CASSLGGAEQYF
139,CASSLGSYEQYF,CASSLGGYEQYF
140,CASSLVGGEQFF,CASSLGGEQFF
141,CASSLGAPEQFF,CASSLGGPEQFF
142,CASSLGGVEQYF,CASSLGGYEQYF
143,CASSLGSYEQYF,CASSLGGYEQYF
144,CASSLTGTAYEQYF,CASSLTGTYEQYF
145,CSASRDYNEQFF,CSARDYNEQFF
146,CASSLEAGYNEQFF,CASSLAGYNEQFF
147,CASSQGSYEQYF,CASSQGNYEQYF
148,CASSQGSYEQYF,CASSQGYEQYF
149,CSARDRFRGYEQYF,CSARDRARGYEQYF
150,CASSIALNTEAFF,CASSIAPNTEAFF
151,CASSLAGETQYF,CASSLAGTETQYF
152,CASSLMGVEQYF,CASSLMGEEQYF
153,CASSQGENTEAFF,CASSQFENTEAFF
154,CASSLDTSSYNEQFF,CASSQDTSSYNEQFF
155,CASSLDTSSYNEQFF,CASSLDVSSYNEQFF
156,CASSLDTSSYNEQFF,CASSLDTLSYNEQFF
157,CASSLTGNQPQHF,CASSLGNQPQHF
158,CASSLSGDEQFF,CASSLIGDEQFF
159,CASSPGTLYEQYF,CASSPGTAYEQYF
160,CASSLAGADEAFF,CASSLAGAYEAFF
161,CASSLAGADEAFF,CASSLAGAEAFF
162,CASSLAGADEAFF,CASSLAGAFEAFF
163,CASSLAGADEAFF,CASSLAGAPEAFF
164,CASSSAGNEQFF,CASSLAGNEQFF
165,CASSLGDNEQYF,CASSLGNEQYF
166,CASSQQETGELFF,CASSQETGELFF
167,CASSLGLNTEAFF,CASSRGLNTEAFF
168,CASSLAGETQYF,CASSLAGDTQYF
169,CASSLGSYEQYF,CASSVGSYEQYF
170,CASSLSSFGNEQFF,CASSLSSDGNEQFF
171,CASSLYMNTEAFF,CASSLAMNTEAFF
172,CASSWYMNTEAFF,CASSLYMNTEAFF
173,CASSPAGNEQFF,CASSPLGNEQFF
174,CASSDFNEQFF,CASSDDNEQFF
175,CASSLSLSYEQYF,CASSLSLGYEQYF
176,CSATGPYNEQFF,CSATSPYNEQFF
177,CASSDWNEQFF,CASSDDNEQFF
178,CARSRPNTGELFF,CARSRSNTGELFF
179,CSARVRTGGYEQYF,CSARIRTGGYEQYF
180,CASSLTGNQPQHF,CASSLAGNQPQHF
181,CASSYSPDSYEQYF,CASSYSGDSYEQYF
182,CASSLTGTAYEQYF,CASSLITGTAYEQYF
183,CSARDLEGYEQYF,CSARDLEYEQYF
184,CASRFSYEQYF,CASRAFSYEQYF
185,CSARDLADSYEQYF,CSARDLAVDSYEQYF
186,CASSYRGATEAFF,CASSYRGGTEAFF
187,CASSLGTDTGELFF,CASSLGHDTGELFF
188,CSVEDRGSGEQYF,CSVEDRGSYEQYF
189,CASSLMGVEQYF,CASSLGGVEQYF
190,CASSLAYSNQPQHF,CASSLSYSNQPQHF
191,CASSLTGTAYEQYF,CASSLYGTAYEQYF
192,CASSLSGSTGELFF,CASSLSPSTGELFF
193,CSARRDSYEQYF,CSARYDSYEQYF
194,CASSTGMGNEQFF,CASSTGGGNEQFF
195,CASSDIGQGFNEQFF,CASSDIGQGYNEQFF
196,CSARPYDSYEQYF,CSARYDSYEQYF
197,CASSYGGNTEAFF,CASSEGGNTEAFF
198,CASSPYNEQFF,CASSSPYNEQFF
199,CASSLGGDSYEQYF,CASSLGGSYEQYF
200,CASSQALNTEAFF,CASSQASLNTEAFF
201,CASSQALNTEAFF,CASSQAVNTEAFF
202,CASSPLAGGYEQYF,CASSPGLAGGYEQYF
203,CSVPGTGGGYTF,CSVPGTGEGYTF
204,CASSLAYSNQPQHF,CASSLADSNQPQHF
205,CASSITGNEQFF,CASSISTGNEQFF
206,CASSLVAGGYNEQFF,CASSLVAGGWNEQFF
207,CSARGTTSSYEQYF,CSARGTSSYEQYF
208,CATSDVGELFF,CATSDSVGELFF
209,CASSYSGGETQYF,CASSYGGETQYF
210,CSASGSGETQYF,CSASDGSGETQYF
211,CSARRDSYEQYF,CSARPRDSYEQYF
212,CASSIALNTEAFF,CASSIKLNTEAFF
213,CSARPYDSYEQYF,CSARPRDSYEQYF
214,CASSYLREQFF,CASSYLLEQFF
215,CASSLVAGGYNEQFF,CASSLLAGGYNEQFF
216,CSVESTGDGYTF,CSVETGDGYTF
217,CASSSGTGGWNEQFF,CASSAGTGGWNEQFF
218,CASSQDLNEQYF,CASSQDLVNEQYF
219,CSVGGQGTYEQYF,CSVGGQGGYEQYF
220,CASSSGTVSYNEQFF,CASSSGTVTYNEQFF
221,CASSLQGQETQYF,CASSLQGDETQYF
222,CASSQGDYEQYF,CASSQGYEQYF
223,CASSPEDYNEQFF,CASSPTDYNEQFF
224,CATSLSYNEQFF,CATSLGSYNEQFF
225,CASSLGGGEQFF,CASSLRGGEQFF
226,CASSLVMSYEQYF,CASSLVSYEQYF
227,CASSVNTEAFF,CASSWNTEAFF
228,CASSLTAGSTDTQYF,CASSLTASSTDTQYF
229,CASSLSGSYEQYF,CASSLGGSYEQYF
230,CASSFSSSGNTIYF,CASSFSSSPGNTIYF
231,CATSDFGTDTQYF,CATSDPGTDTQYF
232,CASSQSSYEQYF,CASSFSSYEQYF
233,CASSFSSYEQYF,CASSFTSYEQYF
234,CASSRSSYEQYF,CASSFSSYEQYF
235,CASSAGGYGYTF,CASSLGGYGYTF
236,CASSWSSYEQYF,CASSFSSYEQYF
237,CASSLMSYEQYF,CASSLSYEQYF
238,CASSLGGGEAFF,CASSLGLGGEAFF
239,CASSFMSYEQYF,CASSFSSYEQYF
240,CASSFMSYEQYF,CASSFTSYEQYF
241,CASSLAGGSQETQYF,CASSLAGSQETQYF
242,CATSRGGQETQYF,CATSREGQETQYF
243,CASSYVGGELFF,CASSYVGPGELFF
244,CASSQGWEQYF,CASSQGYEQYF
245,CASSLTGGGGETQYF,CASSLTGGGGEQYF
246,CASSITSGGFYEQYF,CASSITSGGSYEQYF
247,CASSPLIGYEQYF,CASSPLIGSYEQYF
248,CASSLGLAEIQYF,CASSLGLAETQYF
249,CASSPGGGSTDTQYF,CASSPSGGSTDTQYF
250,CASSLQGSGTEAFF,CASSLQGTGTEAFF
251,CASSLMSYEQYF,CASSLGSYEQYF
252,CASSLRTGAETQYF,CASSTRTGAETQYF
253,CASSFGGANVLTF,CASSFSGANVLTF
254,CASSFMNTEAFF,CASSFGNTEAFF
255,CAISQSYEQYF,CAISESYEQYF
256,CAISQSYEQYF,CAISDSYEQYF
257,CATSDWDSQETQYF,CATSDRDSQETQYF
258,CATSDLMTDTQYF,CATSDLFTDTQYF
259,CATSDLTGDEQFF,CATSDLLGDEQFF
260,CATQDLFTDTQYF,CATSDLFTDTQYF
261,CASSRSSYEQYF,CASSLRSSYEQYF
262,CATSDLWTDTQYF,CATSDLFTDTQYF
263,CASSYVGGPEAFF,CASSYAGGPEAFF
264,CASSYSSGSNNEQFF,CASSYSSGSGNEQFF
265,CASSLSENSPLHF,CASSLSDNSPLHF
266,CASSLVGGELFF,CASSLGGELFF
267,CASSLVGGELFF,CASSLGGELFF
268,CASSLVGGELFF,CASSLGGELFF
269,CASSPGTGSYEQYF,CASSGTGSYEQYF
270,CASSLIGGEQYF,CASSLGGEQYF
271,CASSLVGGEQYF,CASSLGGEQYF
272,CASSLGTDTQYF,CASSLSTDTQYF
273,CASSLLVSNQPQHF,CASSLQVSNQPQHF
274,CASSLRGGNTEAFF,CASSLGGNTEAFF
275,CASSVNTEAFF,CASSWNTEAFF
276,CASSLRGNTEAFF,CASSLGGNTEAFF
277,CASSLRGNTEAFF,CASSRGNTEAFF
278,CASSLSGSYEQYF,CASSLSGTYEQYF
279,CASSPGGTEAFF,CASSQGGTEAFF
280,CASSQGWEQYF,CASSQGYEQYF
281,CASSLGGTYEQYF,CASSPGGTYEQYF
282,CASSQGGGGTDTQYF,CASSQAGGGTDTQYF
283,CASSRGSSYEQYF,CASSFGSSYEQYF
284,CASSLDPGAYNEQFF,CASSLDPDAYNEQFF
285,CASSLSTGNYGYTF,CASSLQTGNYGYTF
286,CASSLGNYEQYF,CASSQGNYEQYF
287,CASSQEGVLEQYF,CASSQEGVHEQYF
288,CASSLVGGEQYF,CASSLVGDEQYF
289,CASGGQPYNEQFF,CASGGPYNEQFF
290,CASSLPSYEQYF,CASSLDSYEQYF
291,CATSDLMTDTQYF,CATSDLVTDTQYF
292,CATSDLMTDTQYF,CATSDLATDTQYF
293,CATSDLYRDEQYF,CATSDLTRDEQYF
294,CASSAGSYEQYF,CASSLAGSYEQYF
295,CATSDLTADTQYF,CATSDLTRDTQYF
296,CATSDLTEDTQYF,CATSDLTRDTQYF
297,CASSLGGTYEQYF,CASSLGGQTYEQYF
298,CASSLGGTYEQYF,CASSLGGAYEQYF
299,CASSLIGGEQYF,CASSLAGGEQYF
300,CASSLVGGEQYF,CASSLAGGEQYF
301,CASSLDISYEQYF,CASSLDIYYEQYF
302,CATSDLWTDTQYF,CATSDLVTDTQYF
303,CATSDLWTDTQYF,CATSDLATDTQYF
304,CASSLVLGEQYF,CASSLVGEQYF
305,CASSPAGWYEQYF,CASSPGWYEQYF
306,CASSEVGSGNTIYF,CASSEAGSGNTIYF
307,CASSLSGATEAFF,CASSLVSGATEAFF
308,CATSRDRGLNQPQHF,CATSRDRGSNQPQHF
309,CASSLGAGEYEQYF,CASSLGQGEYEQYF
310,CASSLGGTGELFF,CASSLTGTGELFF
311,CAISQSYEQYF,CAISESYEQYF
312,CASSLTGGYTDTQYF,CASSLTGGSTDTQYF
313,CASSLGGGSTDTQYF,CASSLTGGSTDTQYF
314,CASSFNNYEQYF,CASSFNFYEQYF
315,CASSLVGGYEQYF,CASSLVGYEQYF
316,CATSDFGTDTQYF,CATSDFGGTDTQYF
317,CASSLSTGNYGYTF,CASSLSGGNYGYTF
318,CASSLVGSGNTIYF,CASSLWGSGNTIYF
319,CASSLVGSGNTIYF,CASSLHGSGNTIYF
320,CASSPMNTEAFF,CASSPGNTEAFF
321,CASSLAGGAGETQYF,CASSLAGGRGETQYF
322,CASSLAGGSGETQYF,CASSLAGGRGETQYF
323,CASSFGDYEQYF,CASSFDYEQYF
324,CASSVVGNTEAFF,CASSVVGGNTEAFF
325,CASSPYYNEQFF,CASSLYYNEQFF
326,CASSLDPGAYNEQFF,CASSLDPGGYNEQFF
327,CASSSDYEQYF,CASSFDYEQYF
328,CASSLTGGAADTQYF,CASSLTGGADTQYF
329,CASSQGQGHQPQHF,CASSQGQGGHQPQHF
330,CASSLGGGEQFF,CASSLGGDEQFF
331,CASSRSSYEQYF,CASSRVSYEQYF
332,CASSLTAGSTDTQYF,CASSLTSGSTDTQYF
333,CASSLFGGEETQYF,CASSLFPGEETQYF
334,CASSLSTGSTDTQYF,CASSLSHGSTDTQYF
335,CASSAPSTDTQYF,CASSAASTDTQYF
336,CASSAGSYEQYF,CASSLGSYEQYF
337,CASSVRDSSYEQYF,CASSVRDSYEQYF
338,CASSIGGSPYNEQFF,CASSIGGSSYNEQFF
339,CASSLGGTYEQYF,CASSLGGSYEQYF
340,CASSLGGTYEQYF,CASSLGGFYEQYF
341,CASSESAEGNQPQHF,CASSESAGNQPQHF
342,CASSPSGSEQFF,CASSPTSGSEQFF
343,CASSVSGANVLTF,CASSVGANVLTF
344,CASSLRTEAFF,CASSLVRTEAFF
345,CASSLSGSYEQYF,CASSSGSYEQYF
346,CATSRVYNEQFF,CATSRDYNEQFF
347,CASSYMNTEAFF,CASSYTNTEAFF
348,CASSVVGNTEAFF,CASSVVMNTEAFF
349,CASSLMSYEQYF,CASSLVSYEQYF
350,CASSVLMNTEAFF,CASSVVMNTEAFF
351,CASSYMNTEAFF,CASSSYMNTEAFF
352,CASSFSSYEQYF,CASSFSDSYEQYF
353,CSADWTGGQETQYF,CSADETGGQETQYF
354,CASSLMSYEQYF,CASSLISYEQYF
355,CASSLMSYEQYF,CASSLESYEQYF
356,CSVEAVNTGELFF,CSVELAVNTGELFF
357,CASSQGGLETQYF,CASSQGGETQYF
358,CASSQDPGQVNGYTF,CASSQDPGQVYGYTF
359,CASRDLSYNEQFF,CASRLSYNEQFF
360,CASSLSTGNYGYTF,CASSLTGNYGYTF
361,CASSLVGGELFF,CASSLVSGELFF
362,CASSQDLNNEQFF,CASSQDLANEQFF
363,CASSLGGTYEQYF,CASSLGGYEQYF
364,CASSLLSGANVLTF,CASSLLASGANVLTF
365,CASSVVGNTEAFF,CASSVVGKNTEAFF
366,CASSLGGGEQFF,CASSLGGGELFF
367,CASSLSLTGNEQFF,CASSLSLEGNEQFF
368,CASSLDPYNEQFF,CASSLEPYNEQFF
369,CATSDFGTDTQYF,CATSDFGDTDTQYF
370,CASSSDYEQYF,CASSSDSYEQYF
371,CASSAGSSYNEQFF,CASSPGSSYNEQFF
372,CASSVGGDTQYF,CASSVGPDTQYF
373,CASSVGGEQFF,CASSVGGNEQFF
374,CAISESRGDTQYF,CAISESRTDTQYF
375,CASSLEVGQETQYF,CASSLETGQETQYF
376,CASSVGHEQFF,CASSVGDHEQFF
377,CASSGSSYNEQFF,CASSPGSSYNEQFF
378,CASSVGDTQYF,CASSVGPDTQYF
379,CASSVGNTIYF,CASSVLGNTIYF
380,CASSQVTGQPQHF,CASSQVGQPQHF
381,CASSVGDEQFF,CASSVGDHEQFF
382,CASSVGNEQFF,CASSVGGNEQFF
383,CASSQAPGSYEQYF,CASSQAPGQSYEQYF
384,CASSQEGTASYEQYF,CASSQEGSASYEQYF
385,CASSLGNEQFF,CASSLGYNEQFF
386,CASSRGYEQYF,CASSRDGYEQYF
387,CAISESRGDTQYF,CAISESGDTQYF
388,CASSLGTEAFF,CASSWGTEAFF
389,CASSLGTEAFF,CASSLSTEAFF
390,CASSPQGYEQYF,CASSFQGYEQYF
391,CASSVAGGEAFF,CASSVAGGPEAFF
392,CASSASGAYNEQFF,CASSASGTYNEQFF
393,CASSVGSGSYEQYF,CASSVDSGSYEQYF
394,CASSYGQGETQYF,CASSYGGETQYF
395,CASSTGETQYF,CASSLTGETQYF
396,CASSLGETQYF,CASSLTGETQYF
397,CASSVTDTQYF,CASSDTDTQYF
398,CASSLGTEAFF,CASSLGGTEAFF
399,CASSLGATYEQYF,CASSLGAGYEQYF
400,CASSVGDTQYF,CASSLGDTQYF
401,CASSTGDTQYF,CASSLGDTQYF
402,CASSTTDTQYF,CASSDTDTQYF
403,CASSFSGNPYEQYF,CASSFSGTPYEQYF
404,CASSLGETQYF,CASSLGDTQYF
405,CASSESGTGGHEQFF,CASSESGTGGNEQFF
406,CASSPYNNEQFF,CASSPHNNEQFF
407,CASSVGGNEQFF,CASSVGGYNEQFF
408,CASSLGQGWDEQYF,CASSLGQGNDEQYF
409,CASSGSAYNEQFF,CASSGSGYNEQFF
410,CASSLGAEQYF,CASSLGHEQYF
411,CASSTGGELFF,CASSGGGELFF
412,CASSVGGSEQYF,CASSVGGSNEQYF
413,CASSGSSYNEQFF,CASSGSGYNEQFF
414,CASSFSGNTGELFF,CASSFSPNTGELFF
415,CASSVGGSTEAFF,CASSTGGSTEAFF
416,CASSVGGSTEAFF,CASSSGGSTEAFF
417,CASSVGGSTEAFF,CASSPGGSTEAFF
418,CASSVGGSTEAFF,CASSEGGSTEAFF
419,CASSEGGDTEAFF,CASSEGGSTEAFF
420,CASSQGYEQYF,CASSQGGEQYF
421,CASTGTDYNEQFF,CASSGTDYNEQFF
422,CASSVGGGTYNEQFF,CASSVGGGYNEQFF
423,CASSLAGASGYTF,CASSLGASGYTF
424,CASSVGGELFF,CASSGGGELFF
425,CASSVGSGSYEQYF,CASSVGSGRYEQYF
426,CASSLHSNTGELFF,CASSLNSNTGELFF
427,CASSLGGEAFF,CASSLGGEQFF
428,CASSLGGEAFF,CASSLGGELFF
429,CASSLGGEAFF,CASSLGGELFF
430,CASSLGGEAFF,CASSLGGELFF
431,CASSLGGEAFF,CASSLGSEAFF
432,CASSLGGEAFF,CASSLGGAAFF
433,CASSLGGEAFF,CASSGGGEAFF
434,CASSAGYEQYF,CASSAGSYEQYF
435,CASSPGTEAFF,CASSHGTEAFF
436,CASSLAVYEQYF,CASSLGVYEQYF
437,CASSLAVYEQYF,CASSLAYEQYF
438,CASSLALEQYF,CASSLAYEQYF
439,CASSVGDEQFF,CASSVGLDEQFF
440,CASSLPGDPYEQYF,CASSLPAGDPYEQYF
441,CASSLAGTDTQYF,CASSLALTDTQYF
442,CASSGLGDNEQFF,CASSPLGDNEQFF
443,CASSPRDGPYEQYF,CASSPRDGSPYEQYF
444,CASSLAVYNEQFF,CASSLAGYNEQFF
445,CASSPGTEAFF,CASSPIGTEAFF
446,CASSRGYEQYF,CASSLGYEQYF
447,CASSQYMNTEAFF,CASSQNMNTEAFF
448,CASSPGTTYEQYF,CASSPGTAYEQYF
449,CASSQGYEQYF,CASSLGYEQYF
450,CASSPGTEAFF,CASSQGTEAFF
451,CASSVGGNEQFF,CASSVRGNEQFF
452,CASSLRQGAYEQYF,CASSLRQAYEQYF
453,CASSLRQGAYEQYF,CASSLRQGYEQYF
454,CASSVGNEQFF,CASSVRGNEQFF
455,CASSSPSSYNEQFF,CASSPSSYNEQFF
456,CASSEGSGYEQYF,CASSEGSYEQYF
457,CASSQESGRTYEQYF,CASSQERGRTYEQYF
458,CASSFISGYNEQFF,CASSFPSGYNEQFF
459,CASSETGLNSPLHF,CASSETGVNSPLHF
460,CASSLGSGELFF,CASSLASGELFF
461,CASSLTNTEAFF,CASSLTATEAFF
462,CASSEGSGYEQYF,CASSEGQGYEQYF
463,CASSPLHNEQFF,CASSLLHNEQFF
464,CASSPTLVPYEQYF,CASSPTGVPYEQYF
465,CASSQGNEQFF,CASSQVGNEQFF
466,CASSQGNEQFF,CASSQEGNEQFF
467,CASSPAYEQYF,CASSPASYEQYF
468,CASSLGTEAFF,CASSLGVEAFF
469,CASSQAPGSYEQYF,CASSQAPGAYEQYF
470,CASSTGYEQYF,CASSTDGYEQYF
471,CASSVGYEQYF,CASSVDGYEQYF
472,CASSLEVGQETQYF,CASSLEVGGETQYF
473,CASSLGTEAFF,CASSSGTEAFF
474,CASSLGATYEQYF,CASSLGQTYEQYF
475,CASSLEGQQNTEAFF,CASSLEGQVNTEAFF
476,CASSVTDTQYF,CASSDTDTQYF
477,CASSTTDTQYF,CASSDTDTQYF
478,CASSPGTTYEQYF,CASSPGSTYEQYF
479,CASSAGSSYNEQFF,CASSASGSSYNEQFF
480,CASSVGGAEQYF,CASSVGGAYEQYF
481,CASSVANEQFF,CASSVAREQFF
482,CASSLGGLSYEQYF,CASSLGGPSYEQYF
483,CASSLGTEAFF,CASSRGTEAFF
484,CASSLAVYEQYF,CASSLADYEQYF
485,CASSESTGELFF,CASSVSTGELFF
486,CASSVAQEQFF,CASSVAREQFF
487,CASSVGGGEQYF,CASSVGGGYEQYF
488,CASSVADEQFF,CASSVAREQFF
489,CASSVGGELFF,CASSVGAGELFF
490,CASSVGSGSYEQYF,CASSVGSGHYEQYF
491,CASSVGAANTEAFF,CASGVGAANTEAFF
492,CASSVAGELFF,CASSVGAGELFF
493,CSARKISSYEQYF,CSARKRSSYEQYF
494,CASSVGGGADQPQHF,CASSVGGADQPQHF
495,CASSVAEEQFF,CASSVAREQFF
496,CASSSPGTSTDTQYF,CASSSPGTSGDTQYF
497,CASWGIQETQYF,CASSGIQETQYF
498,CSVVNTGELFF,CSVGNTGELFF
499,CASSPRDGPYEQYF,CASSPRDLGPYEQYF
500,CASSPGAGELFF,CASSPAGELFF
501,CASSPSGSGYEQYF,CASSPSGSYEQYF
502,CASSYGQGETQYF,CASSYGGETQYF
503,CASSVGGNEQFF,CASSVGWGNEQFF
504,CASSGLAGAGELFF,CASSGLAGTGELFF
505,CASSLTNTEAFF,CASSLTVNTEAFF
506,CASSEGGDTEAFF,CASSEGGGTEAFF
507,CASSRGSGSYEQYF,CASSRGSGSSYEQYF
508,CASSLAGPDTQYF,CASSLAPDTQYF
509,CASSYGQGETQYF,CASSYGNGETQYF
510,CASSVGSGSYEQYF,CASSVGQGSYEQYF
511,CASSFSGNPYEQYF,CASSFSGTPYEQYF
512,CASSKTGFNQPQHF,CASSGTGFNQPQHF
513,CASSLGGGAYNEQFF,CASSLGGGYNEQFF
514,CASSYGQNEQFF,CASSYGDNEQFF
515,CASSPAGTEAFF,CASSPPGTEAFF
516,CASSYGRDTQYF,CASSYGDTQYF
517,CASSVVGGMTEAFF,CASSVVGGDTEAFF
518,CASSLVGTGNTIYF,CASSLVGAGNTIYF
519,CASSLGQVYNEQFF,CASSLGVYNEQFF
520,CASSIGQGLINEQFF,CASSIGQGLKNEQFF
521,CASSIGQGLINEQFF,CASSIGQGLLNEQFF
522,CASSIGQGLINEQFF,CASSIGQGLANEQFF
523,CASSLGYNEQFF,CASSLDGYNEQFF
524,CASSYGRDTQYF,CASSYGGDTQYF
525,CSARGDLGTGELFF,CSARDLGTGELFF
526,CASSYGAEQFF,CASSYGAIEQFF
527,CASSVVGGQETQYF,CASSVDGGQETQYF
528,CASSLSGDEQFF,CASSLTGDEQFF
529,CASSLSGDEQFF,CASSLSGHEQFF
530,CASSLSGDEQFF,CASSLSGEQFF
531,CASSVDGAGQETQYF,CASSVDGGQETQYF
532,CASSGLDSTQYF,CASSGLDTQYF
533,CASSYSIGNEQFF,CASSYSGNEQFF
534,CASSVGDHEQFF,CASSVGDHNEQFF
535,CASSQGGSEQYF,CASSQGGYEQYF
536,CASSLVSYEQYF,CASSLFSYEQYF
537,CASSAGDTEAFF,CASSAQDTEAFF
538,CASSYGLNTEAFF,CASSYGQLNTEAFF
539,CASSEGGRADTQYF,CASSEGGRFDTQYF
540,CASSLGGNTEAFF,CASSLQGNTEAFF
541,CASSGGASYEQYF,CASSVGGASYEQYF
542,CASSVSGTGELFF,CASSVPGTGELFF
543,CASSGGLDGELFF,CASSGGLGELFF
544,CASSANSYEQYF,CASSAGSYEQYF
545,CASSVGVYNEQFF,CASSVGGYNEQFF
546,CASSVGGNEQFF,CASSVGGYNEQFF
547,CASSEGGSYEQYF,CASSEGISYEQYF
548,CASSQGGSEQYF,CASSQGGNEQYF
549,CASSYSVSYEQYF,CASSFSVSYEQYF
550,CASSGPTYEQYF,CASSPTYEQYF
551,CASSPGTNYEQYF,CASSPGTTYEQYF
552,CASSLGYNEQFF,CASSLAGYNEQFF
553,CASSIRSAYEQYF,CASSIRSSYEQYF
554,CASTTGPNTEAFF,CASTTGQNTEAFF
555,CASSLGYNEQFF,CASSLPGYNEQFF
556,CASSLAGLGQFF,CASSLAGVGQFF
557,CASSLAGLGQFF,CASSLAGSGQFF
558,CASSLAGLGQFF,CASSLAGLGQYF
559,CASSQVGIQETQYF,CASSQVRGIQETQYF
560,CASSVGGNEQFF,CASSVRGNEQFF
561,CAISESRTDTQYF,CAISESWTDTQYF
562,CASSYSRGEQFF,CASSYSRGDEQFF
563,CASSYGSGEQYF,CASSLYGSGEQYF
564,CASSMAANTEAFF,CASSMAVNTEAFF
565,CASSPGQAQETQYF,CASSPGQWQETQYF
566,CASSFGSSYEQYF,CASSPGSSYEQYF
567,CASSQERAASYEQYF,CASSQELAASYEQYF
568,CASSVADPNYGYTF,CASSVADSNYGYTF
569,CASSYGRDTQYF,CASSYGDTQYF
570,CSARLDGNTGELFF,CSARDGNTGELFF
571,CASSMAANTEAFF,CASSMAPNTEAFF
572,CASSQVGGNEQFF,CASSQVGNEQFF
573,CSARGGNTGELFF,CSARDGNTGELFF
574,CASSFITEAFF,CASSFETEAFF
575,CASSEARGWYEQYF,CASSEARGYEQYF
576,CASSQEGYNEQFF,CASSQEGNEQFF
577,CASSYGLNTEAFF,CASSYGLYTEAFF
578,CASSYLGQGYGYTF,CASSYLGQAYGYTF
579,CASSYSPTYEQYF,CASSYSATYEQYF
580,CASSYSSSYEQYF,CASSSSSYEQYF
581,CASSVVGGMTEAFF,CASSVVGGGTEAFF
582,CASSVVGGMTEAFF,CASSVVGGNTEAFF
583,CASSLGYNEQFF,CASSLYYNEQFF
584,CASSYSSVPYEQYF,CASSYSGVPYEQYF
585,CASSFGVGGEQYF,CASSFGVGEQYF
586,CASSQVGGNEQFF,CASSQVHGNEQFF
587,CASSFASNTEAFF,CASSFYSNTEAFF
588,CASSLDRSYEQYF,CASSLERSYEQYF
589,CASSLDRSYEQYF,CASSSLDRSYEQYF
590,CSARGGQNTGELFF,CSARGGQVNTGELFF
591,CASSASGRGNEQFF,CASSASGRVGNEQFF
592,CASSLEGGQPQHF,CASSLEGSGQPQHF
593,CASSGGASYEQYF,CASSGGNSYEQYF
594,CASSVSGTGELFF,CASSVSTGELFF
595,CSVTRGTEAFF,CSVARGTEAFF
596,CASSQVGGNEQFF,CASSQTGGNEQFF
597,CASSLGGNTEAFF,CASSLGVNTEAFF
598,CASSSGGTEAFF,CASSSGQGTEAFF
599,CASSVGGNEQFF,CASSVGWGNEQFF
600,CASSLTRNEQFF,CASSLTENEQFF
601,CSATGQGYEQYF,CSADGQGYEQYF
602,CASSYSSSYEQYF,CASSYDSSYEQYF
603,CASSLDRSYEQYF,CASSLDSSYEQYF
604,CASSPPGNEQFF,CASSLPGNEQFF
605,CASSPRDRVDTQYF,CASSPRDRVTDTQYF
606,CASSYSSSYEQYF,CASSYSSGYEQYF
607,CASSYSSSYEQYF,CASSYSISYEQYF
608,CASSFPGQGAGELFF,CASSFGQGAGELFF
609,CASSMGQGTYEQYF,CASSMGQGATYEQYF
610,CASSMGQGTYEQYF,CASSMGQGTSYEQYF
611,CASSMGQGTYEQYF,CASSMGQGTVYEQYF
612,CASSMGQGTYEQYF,CASSMGQGQTYEQYF
613,CASSIITGSNQPQHF,CASSIGTGSNQPQHF
614,CASSLSTGNTIYF,CASSLTGNTIYF
615,CASSYGQGETQYF,CASSYGGETQYF
616,CASSYSGPGELFF,CASSYVGPGELFF
617,CASSDGTYNEQFF,CASSGGTYNEQFF
618,CASSLGGSYEQYF,CASSPLGGSYEQYF
619,CASSLGGYEQYF,CASGLGGYEQYF
620,CASSLGGYEQYF,CASSLGAGYEQYF
621,CASSPAGAYEQYF,CASSPAGNYEQYF
622,CASSQTSGYTDTQYF,CASSQTSGGTDTQYF
623,CASGLGTYEQYF,CASGLGGYEQYF
624,CASSQGYGFYEQYF,CASSQGQGFYEQYF
625,CASSLTSGIYNEQFF,CASSLTSGPYNEQFF
626,CASSLTAGNTEAFF,CASSLTVGNTEAFF
627,CASSLTAGNTEAFF,CASSLTPGNTEAFF
628,CAIGGTGGTGELFF,CAGGTGGTGELFF
629,CASSLGSTDTQYF,CASSLGSDTQYF
630,CASSYGGGELFF,CASSGGGELFF
631,CASSSTGGLYNEQFF,CASSSTGGAYNEQFF
632,CASSLGEYTDTQYF,CASSLGPYTDTQYF
633,CASSLTGETYEQYF,CASSLTGTYEQYF
634,CASSPGVGNQPQHF,CASSPGVYGNQPQHF
635,CASSQVAGGETQYF,CASSQVAGGQETQYF
636,CASGLAAYEQYF,CASGLLAYEQYF
637,CASSLSGQPQHF,CASSLIGQPQHF
638,CASSPGGQPQHF,CASSSGGQPQHF
639,CASSLGSGSYNEQFF,CASSLDSGSYNEQFF
640,CASSSGYEQYF,CASSPSGYEQYF
641,CASSLGGSYEQYF,CASSLGQSYEQYF
642,CASSQAGAEAFF,CASSQAGAAEAFF
643,CASSQDPGMNTEAFF,CASSQDPGLNTEAFF
644,CASSQDSGLNTEAFF,CASSQDPGLNTEAFF
645,CASSLYTGSNTEAFF,CASSLTGSNTEAFF
646,CASSQDPALNTEAFF,CASSQDPGLNTEAFF
647,CASSWGQTYEQYF,CASSSGQTYEQYF
648,CASSQDPGVNTEAFF,CASSQDPGLNTEAFF
649,CASSYTNTGELFF,CASSYSNTGELFF
650,CASSLAEGLNTEAFF,CASSLAGGLNTEAFF
651,CASSLGHEQYF,CASSLGNEQYF
652,CASSGGSGYEQYF,CASSEGGSGYEQYF
653,CASSLGSTDTQYF,CASSLGTDTQYF
654,CASSVGGGETQYF,CASSVLGGETQYF
655,CASSLAPGGDTEAFF,CASSLATGGDTEAFF
656,CASSPSSYEQYF,CASSTSSYEQYF
657,CASSPSSYEQYF,CASSPNSYEQYF
658,CASSIGGNQPQHF,CASSYGGNQPQHF
659,CASSPDSNEQFF,CASSPSNEQFF
660,CASSPAGAYEQYF,CASSPGGAYEQYF
661,CASSFPDTQYF,CASSFPDEQYF
662,CASSSTGGLYNEQFF,CASSSTGGGYNEQFF
663,CASSIGGNQPQHF,CASSLGGNQPQHF
664,CASSLGVYNEQFF,CASSLGGYNEQFF
665,CASSLGSGYNEQFF,CASSLGGYNEQFF
666,CASSLDSNQPQHF,CASSLGSNQPQHF
667,CASSLGTGVEYEQYF,CASSLGTGVVYEQYF
668,CASSLGTGVEYEQYF,CASSLGTGVSYEQYF
669,CASSLGLGYNEQFF,CASSLGGYNEQFF
670,CASSWTGETEAFF,CASSWTGGTEAFF
671,CASSLTGEAYEQYF,CASSLTEAYEQYF
672,CASSIQGDNQPQHF,CASSLQGDNQPQHF
673,CASSLGVGYNEQFF,CASSLGGYNEQFF
674,CASSLTGETYEQYF,CASSTGETYEQYF
675,CASSPDRANTEAFF,CASSPDRMNTEAFF
676,CASSVVGGDTEAFF,CASSVVGGGTEAFF
677,CASSVVGGDTEAFF,CASSVVGGNTEAFF
678,CASSLGLYNEQFF,CASSLGGYNEQFF
679,CASSLGTGYNEQFF,CASSLGGYNEQFF
680,CASSLGGGYNEQFF,CASSLGGYNEQFF
681,CASSLDSNQPQHF,CASSLGSNQPQHF
682,CASSLDSNQPQHF,CASSLNSNQPQHF
683,CASSWTGETEAFF,CASSTGETEAFF
684,CASSWGQTYEQYF,CASSLGQTYEQYF
685,CASSSNTGELFF,CASSASNTGELFF
686,CASSLGGYEQYF,CASSLGGVEQYF
687,CASSLDSNQPQHF,CASSLDSSNQPQHF
688,CASSLDSNQPQHF,CASSLDSPNQPQHF
689,CASSLTGSSTDTQYF,CASSLTSSTDTQYF
690,CASSLTASSTDTQYF,CASSLTSSTDTQYF
691,CASSLSPYTGELFF,CASSLSPSTGELFF
692,CASSLGGTDTQYF,CASSLGGPTDTQYF
693,CASSLGSGSYNEQFF,CASSLTSGSYNEQFF
694,CASSLTSGIYNEQFF,CASSLTSGSYNEQFF
695,CASSSTGTSTDTQYF,CASSSTTSTDTQYF
696,CASSLGGSYEQYF,CASSLGSSYEQYF
697,CASSLGLTDTQYF,CASSLGHTDTQYF
698,CASSLGLTDTQYF,CASSLGTDTQYF
699,CASSLGSGYNEQFF,CASSLGSSYNEQFF
700,CASSSGTMNTEAFF,CASSSGMNTEAFF
701,CASSPGGQPQHF,CASSPEGGQPQHF
702,CASSLSLRETQYF,CASSLSWRETQYF
703,CASSLGGTDTQYF,CASSLGHTDTQYF
704,CASSLGGTDTQYF,CASSLGTDTQYF
705,CASSLGSGSYNEQFF,CASSLGSSYNEQFF
706,CASSSNTGELFF,CASSSYTGELFF
707,CASSQDWDSSYEQYF,CASSQDRDSSYEQYF
708,CASSLSQGSYNEQFF,CASSLSQGAYNEQFF
709,CASSVGWTGTYEQYF,CASSVGWGGTYEQYF
710,CASSPGGTNTEQFF,CASSPGGTNEQFF
711,CASSLGGSYEQYF,CASSLIGGSYEQYF
712,CASSLGGYEQYF,CASSLGGEQYF
713,CASSLDSNQPQHF,CASSLADSNQPQHF
714,CASSYGQGETQYF,CASSYGGETQYF
715,CASSLTNTGELFF,CASSLTGNTGELFF
716,CASSLGVGTEAFF,CASSLGQGTEAFF
717,CASSPTSDQETQYF,CASRPTSDQETQYF
718,CASSLYTGSNTEAFF,CASSLYTGANTEAFF
719,CASSLYTGSNTEAFF,CASSLYTGVNTEAFF
720,CASSYGQGETQYF,CASSYGNGETQYF
721,CASSLSQGAYNEQFF,CASSLQGAYNEQFF
722,CASSQDRDSSYEQYF,CASSQDPDSSYEQYF
723,CASSLGLAAYNEQFF,CASSLGQAAYNEQFF
724,CASSLGLNEQFF,CASSRLGLNEQFF
725,CASSLGGSYEQYF,CASSFGGSYEQYF
726,CASSLGLNNEQFF,CASSLTLNNEQFF
727,CASSLGTGDQPQHF,CASSLGGDQPQHF
728,CASSLGGTDTQYF,CASSLGGSDTQYF
729,CASSLTGTGNTEAFF,CASSLTGTGSTEAFF
730,CASSLVSGELFF,CASSLVLSGELFF
731,CASSLGSTDTQYF,CASSLGVSTDTQYF
732,CASSLAEGLNTEAFF,CASSLEEGLNTEAFF
733,CASSPDSYEQYF,CASSPSYEQYF
734,CASSLDGYNEQFF,CASSLDLYNEQFF
735,CASSPTSGGSYEQYF,CASSITSGGSYEQYF
736,CASSIGAGVLYEQYF,CASSIEAGVLYEQYF
737,CASTLGQGLYNEQFF,CASTLGQGLNEQFF
738,CASSPSGDRSYEQYF,CASSPSGDLSYEQYF
739,CASSPGGTYEQYF,CASSPGGYEQYF
740,CASSAGQGILYEQYF,CASSAGQGITYEQYF
741,CASSAGQGVTYEQYF,CASSAGQGITYEQYF
742,CASSIGQGWTYEQYF,CASSIGQGITYEQYF
743,CASSIGQGNTYEQYF,CASSIGQGITYEQYF
744,CASSIGAGITYEQYF,CASSIGQGITYEQYF
745,CASSIGQGISYEQYF,CASSIGQGITYEQYF
746,CASSIGQGYTYEQYF,CASSIGQGITYEQYF
747,CASSIGQGTTYEQYF,CASSIGQGITYEQYF
748,CASSAGQGTTYEQYF,CASSAGQGITYEQYF
749,CASSIGQGATYEQYF,CASSIGQGITYEQYF
750,CASSAGLGITYEQYF,CASSAGQGITYEQYF
751,CASSIGSGITYEQYF,CASSIGQGITYEQYF
752,CASSLDGYNEQFF,CASSLAGYNEQFF
753,CASSLDGYNEQFF,CASSLPGYNEQFF
754,CASSIGRGTAYEQYF,CASSIGRGTYEQYF
755,CSAAWNTEAFF,CSALWNTEAFF
756,CASSIGSGTSYEQYF,CASSIGTGTSYEQYF
757,CASSIGTGESYEQYF,CASSIGTGTSYEQYF
758,CASSIGTGFSYEQYF,CASSIGTGTSYEQYF
759,CASSIGTGVDYEQYF,CASSIGTGVVYEQYF
760,CASSIGTGVIYEQYF,CASSIGTGVVYEQYF
761,CASSIGTGQSYEQYF,CASSIGTGTSYEQYF
762,CASSPGTGTSYEQYF,CASSIGTGTSYEQYF
763,CASSIGTGVAYEQYF,CASSIGTGVVYEQYF
764,CASSIGTGAVYEQYF,CASSIGTGVVYEQYF
765,CASSVGTGTSYEQYF,CASSIGTGTSYEQYF
766,CASSPDSYEQYF,CASSPDYEQYF
767,CASSQTQGHEQYF,CASSQDQGHEQYF
768,CASSPGTGVAYEQYF,CASSPGTGVRYEQYF
769,CASSPRGSEQYF,CASSPPGSEQYF
770,CASSIGKSSYNEQFF,CASSIGGSSYNEQFF
771,CASSIGAGLDNEQFF,CASSIGAGLNNEQFF
772,CASSMGVGSSYEQYF,CASSMGVGSVYEQYF
773,CASSEVGVDEQYF,CASSEGGVDEQYF
774,CASSIGAGAGNEQFF,CASSIGAGVGNEQFF
775,CASSIGAGFGNEQFF,CASSIGAGVGNEQFF
776,CASSLTAGVYEQYF,CASSLTAGVTYEQYF
777,CASSIGAGVRNEQFF,CASSIGAGVGNEQFF
778,CASSIGAGVRNEQFF,CASSIGAGVFNEQFF
779,CASSLGSSHEQYF,CASSLGSSYEQYF
780,CASSPGTGISYEQYF,CASSPGTGSSYEQYF
781,CASSPGTGTSYEQYF,CASSPGTGSSYEQYF
782,CASSLGTGSSYEQYF,CASSPGTGSSYEQYF
783,CASSPGTGFSYEQYF,CASSPGTGSSYEQYF
784,CASSIGTGQAYEQYF,CASSIGPGQAYEQYF
785,CASSIGQGQAYEQYF,CASSIGPGQAYEQYF
786,CASSIGTGGAYEQYF,CASSIGTGEAYEQYF
787,CASSIGTGERYEQYF,CASSIGTGEAYEQYF
788,CASSIGTGESYEQYF,CASSIGTGEAYEQYF
789,CASSIGTGSYNEQFF,CASSIRTGSYNEQFF
790,CASSIGQGEAYEQYF,CASSIGTGEAYEQYF
791,CASSIGTGQAYEQYF,CASSIGTGEAYEQYF
792,CASSIGLGEAYEQYF,CASSIGTGEAYEQYF
793,CASSIGTGFAYEQYF,CASSIGTGEAYEQYF
794,CASSIGTGQTYEQYF,CASSIGWGQTYEQYF
795,CASSIGTGVAYEQYF,CASSIGTGEAYEQYF
796,CASSIGTGDAYEQYF,CASSIGTGEAYEQYF
797,CASSPTSGSYEQYF,CASSPGTSGSYEQYF
798,CASSIGQGGSYEQYF,CASSIGQGGSEQYF
799,CASSFAGNEQFF,CASSFGGNEQFF
800,CASSPSGEGYTF,CASSPSGDGYTF
801,CASSLGYYEQYF,CASSLGLYEQYF
802,CASSLGYYEQYF,CASSLGSYEQYF
803,CASSFNHEQYF,CASSFGNHEQYF
804,CATSGGGSYEQYF,CATSGGGYEQYF
805,CASSFQGLNEKLFF,CASSFYGLNEKLFF
806,CASSFSGHEQFF,CASSFSGTEQFF
807,CASSKSYEQYF,CASSISYEQYF
808,CASSLSYEQYF,CASSISYEQYF
809,CASSLSYEQYF,CASSLGSYEQYF
810,CASSYPGGYGYTF,CASSYGGYGYTF
811,CASSFAGEQYF,CASSFVGEQYF
812,CASSPTGDGYTF,CASSPSGDGYTF
813,CASSFGGEQFF,CASSFGGNEQFF
814,CASSFGGEQFF,CASSFGGVEQFF
815,CASSFGGEQFF,CASSFGYEQFF
816,CASSLSGEQFF,CASSLSFEQFF
817,CASSFGTEQFF,CASSFSGTEQFF
818,CASSFGTEQFF,CASSFGYEQFF
819,CASSPSYEQYF,CASSISYEQYF
820,CASSLSNEQFF,CASSLSFEQFF
821,CASSFGGTEAFF,CASSFGNTEAFF
822,CASSFGGTEAFF,CASSFGGVEAFF
823,CASSFGGTEAFF,CASSLGGTEAFF
824,CASSFGGTEAFF,CASSFGATEAFF
825,CASSFGGTEAFF,CASSQGGTEAFF
826,CASSFSGDGYTF,CASSPSGDGYTF
827,CASSFSGLEQFF,CASSFSGTEQFF
828,CASSQEAGSYEQYF,CASSQERGSYEQYF
829,CASSPGGIQYF,CASSPGGEQYF
830,CASSPSGEQYF,CASSPGGEQYF
831,CASSLSGPYNEQFF,CASSLTSGPYNEQFF
832,CASSPTGYEQFF,CASSPTGNEQFF
833,CASSLTGYEQYF,CASSLGGYEQYF
834,CASSPTGEEQFF,CASSPTGNEQFF
835,CASSFTGSSYEQYF,CASSFGSSYEQYF
836,CASSLAGAEQYF,CASSLGGAEQYF
837,CASSPTGFEQFF,CASSPTGNEQFF
838,CASSSTGYEQYF,CASSSDGYEQYF
839,CASSLGTGNEQYF,CASSLGGNEQYF
840,CASSLTGYEQYF,CASSLGGYEQYF
841,CASSLGGDEQYF,CASSLGGHEQYF
842,CASSFLGDGYTF,CASSFGGDGYTF
843,CASSYGSTEAFF,CASSYGSPTEAFF
844,CASSFGAYNEQFF,CASSFGTYNEQFF
845,CSALSGNTGELFF,CSAPSGNTGELFF
846,CASSFSGDGYTF,CASSFGGDGYTF
847,CASSLSRTDTQYF,CASSLSTDTQYF
848,CASRSGNEQFF,CASRSGHNEQFF
849,CASSLGVNTEAFF,CASSLGTVNTEAFF
850,CASSLSGPSYNEQFF,CASSLSGSYNEQFF
851,CASSFGAYNEQFF,CASSFSAYNEQFF
852,CASSYSGETQYF,CASSYFSGETQYF
853,CSAGTGDGYEQYF,CSAGTGDYEQYF
854,CSVEDRAYGYTF,CSVEDRYYGYTF
855,CASSQESGQGEQYF,CASSQEGQGEQYF
856,CASSPGYEQYF,CASSPGTYEQYF
857,CASSPTGGLTDTQYF,CASSPTGGTDTQYF
858,CASSLQGSSYEQYF,CASSTQGSSYEQYF
859,CASSLSGPYNEQFF,CASSLSGNYNEQFF
860,CASSLVGEQFF,CASSLGVGEQFF
861,CASSYGGINEQFF,CASSYGGYNEQFF
862,CASSQVRDEQYF,CASSQVRDEQFF
863,CASSLGSDTQYF,CASSLGSETQYF
864,CASSFGGEQFF,CASSLGGEQFF
865,CSVDRDTEAFF,CSVDPDTEAFF
866,CASSLSGEQFF,CASSLGGEQFF
867,CASSLPTDTQYF,CASSLGTDTQYF
868,CASSPSLGSGNTIYF,CASSPSPGSGNTIYF
869,CASSYGSYEQYF,CASSYGNSYEQYF
870,CASSPTGYEQFF,CASSPTSYEQFF
871,CASSFSPGELFF,CASSFLPGELFF
872,CASSFSPGELFF,CASSFAPGELFF
873,CASSFSPGELFF,CASSFSGELFF
874,CASSQGLALGDTQYF,CASSQGLALSDTQYF
875,CASSYGGDTQYF,CASSYGDTQYF
876,CASSYSLAGDNEQFF,CASSYSLADNEQFF
877,CASSLNYGYTF,CASSLGYGYTF
878,CASSLGGYGYTF,CASSLGTGYGYTF
879,CASSLGGYGYTF,CASSLGYGYTF
880,CASSLPGELFF,CASSFLPGELFF
881,CASSLGTGELFF,CASSLVGTGELFF
882,CASSLSLGFYEQYF,CASSLSLGYEQYF
883,CASSYDNEQFF,CASSLDNEQFF
884,CASSYDNEQFF,CASSPDNEQFF
885,CASSYDNEQFF,CASSGDNEQFF
886,CASSVAHGYEQYF,CASSVALGYEQYF
887,CASSHTGELFF,CASSHTPGELFF
888,CASSLSGYGYTF,CASSLGYGYTF
889,CASSFGGEQFF,CASSFGGELFF
890,CASSFLGDGYTF,CASSFGGDGYTF
891,CSVEKGQGYEQYF,CSVEKGQPYEQYF
892,CASSLIFYEQYF,CASSYIFYEQYF
893,CASSLLGETQYF,CASLLGETQYF
894,CASMYGHEQFF,CASSYGHEQFF
895,CASTFSGELFF,CASSFSGELFF
896,CASSLSNEQFF,CASSLDNEQFF
897,CASSLDGNEQFF,CASSLDNEQFF
898,CASSYLDTQYF,CASSYGDTQYF
899,CASSQGPGYTF,CASSQGGGYTF
900,CASSLGTGYTF,CASSLGYGYTF
901,CASSFSGDGYTF,CASSFGGDGYTF
902,CASSFTSYEQYF,CASSFTSIEQYF
903,CASSSSGETQYF,CASSSSGTQYF
904,CSVDRDTEAFF,CSVDRNTEAFF
905,CASSYGSTEAFF,CASSYGTEAFF
906,CASSFPGDTQYF,CASSFPPDTQYF
907,CASSFSGTQYF,CASSSSGTQYF
908,CASSYGGDTQYF,CASSYVGGDTQYF
909,CASSLAGEKLFF,CASSLGGEKLFF
910,CASSLSLGFYEQYF,CASSLSAGFYEQYF
911,CASSIGGYTGELFF,CASSIGAGYTGELFF
912,CASSWGTEAFF,CASSSGTEAFF
913,CASSYGSTEAFF,CASSYGSHTEAFF
914,CASSPSYEQYF,CASSPDYEQYF
915,CASSFGGTEAFF,CASSSGGTEAFF
916,CASSLSGPYNEQFF,CASSLSGPNNEQFF
917,CASSPDHYEQYF,CASSHDHYEQYF
918,CASSLGVNTEAFF,CASSAGVNTEAFF
919,CASSPREGLTDTQYF,CASSPREGVTDTQYF
920,CSVEDGGGYEQYF,CSVEDLGGYEQYF
921,CASSTGLYEQYF,CASSQGLYEQYF
922,CASSLDRGYEQYF,CASSLDREYEQYF
923,CASSLYSTDTQYF,CASSIYSTDTQYF
924,CASSLYSTDTQYF,CASSLYNTDTQYF
925,CASSYGGTEAFF,CASSYEGTEAFF
926,CASSLLGETQYF,CASSLELGETQYF
927,CASSFAGNEQFF,CASSFLGNEQFF
928,CASSWGTEAFF,CASSRGTEAFF
929,CSVARDTEAFF,CSVARGTEAFF
930,CASSFGGEQFF,CASSFLGEQFF
931,CASSLGSNEQFF,CASSLGNEQFF
932,CASSVGDTYEQYF,CASSVGHTYEQYF
933,CASSLSNEQFF,CASSLGNEQFF
934,CASSLDGNEQFF,CASSLGNEQFF
935,CASSLDGFEQYF,CASSLLGFEQYF
936,CASSFNHEQYF,CASSFSHEQYF
937,CASSYGGDTQYF,CASSYGGTQYF
938,CASSYGGDTQYF,CASSYGGETQYF
939,CASSPGGGEQFF,CASSPGGGEQYF
940,CASSFSVEQYF,CASSFSHEQYF
941,CASSYGGETQYF,CASSYGGTQYF
942,CASSLTGNEQYF,CASSLSGNEQYF
943,CASSLGTGELFF,CASSLGLTGELFF
944,CASSLGVEETQYF,CASSLGGEETQYF
945,CASSQGGETQYF,CASSYGGETQYF
946,CASSQGYEQFF,CASSQGYEQYF
947,CATSRDRAYEQYF,CATSSRDRAYEQYF
948,CASSYAGETQYF,CASSYGGETQYF
949,CASSLLGETQYF,CASSLLEETQYF
950,CASSLDGNEQFF,CASSLEGNEQFF
951,CASSYSGETQYF,CASSYGGETQYF
952,CASSLVGQSYEQYF,CASSLVGQGYEQYF
953,CASSQGPEQYF,CASSQGYEQYF
954,CSARDGTSGRAEQFF,CSARDRTSGRAEQFF
955,CASSYGGETQYF,CASSYGNGETQYF
956,CASSYGGSSYNEQFF,CASSYSGSSYNEQFF
957,CASSLSYEQYF,CASSLVSYEQYF
958,CASSPPGGRSYEQYF,CASSPPGGRDYEQYF
959,CASSLGVNTEAFF,CASSLMVNTEAFF
960,CASSLGVNTEAFF,CASSLQGVNTEAFF
961,CASSLGVNTEAFF,CASSLVGVNTEAFF
962,CASSLGVNTEAFF,CASSLTVNTEAFF
963,CASSQGYEQFF,CASSQGYEQYF
964,CASSQGPEQYF,CASSQGYEQYF
965,CASSFAGNEQFF,CASSLAGNEQFF
966,CASSLAGSQETQYF,CASSLTGSQETQYF
967,CASSLNYGYTF,CASSLVNYGYTF
968,CASSFSSYEQYF,CASSFSDSYEQYF
969,CSVEAGAGYEQYF,CSVEAGVGYEQYF
970,CASSLSYEQYF,CASSLISYEQYF
971,CASSLSYEQYF,CASSLESYEQYF
972,CSATAGTSGSYEQYF,CSATAGTSGAYEQYF
973,CASSISYEQYF,CASSLISYEQYF
974,CASSLASEQYF,CASSLANEQYF
975,CASSLSGYGYTF,CASSLSRYGYTF
976,CASSLAGLEQFF,CASSLAGNEQFF
977,CASSLIFYEQYF,CASSLISYEQYF
978,CASSLDRGYEQYF,CASSLDLGYEQYF
979,CASSVGDTYEQYF,CASSVGDNYEQYF
980,CASSLAGGFYNEQFF,CASSLAGGSYNEQFF
981,CASSLDGNEQFF,CASSLAGNEQFF
982,CASSFLGYEQYF,CASSFLGGEQYF
983,CASSLYSTDTQYF,CASSLYVTDTQYF
984,CASSWGAYEQYF,CASSWGYEQYF
985,CASSFTGSSYEQYF,CASSFTGASYEQYF
986,CASSFTGSSYEQYF,CASSFTGSTYEQYF
987,CASSPGYEQYF,CASSVGYEQYF
988,CASSLSAGGYGEQYF,CASSLSAGGYEQYF
989,CASSILAGGYNEQFF,CASSLLAGGYNEQFF
990,CASSLSPGPYEQYF,CASSLSPGGYEQYF
991,CASSFQGGNEQFF,CASSFTGGNEQFF
992,CASSPLAGGYNEQFF,CASSLLAGGYNEQFF
993,CASSPTGPNEQFF,CASSPTGNEQFF
994,CASSGSYEQYF,CASSTGSYEQYF
995,CASSGSYEQYF,CASSGGSYEQYF
996,CASSTSYEQYF,CASSTGSYEQYF
997,CASSQDRTGYEQYF,CASSQDLTGYEQYF
998,CASSLGGPTYEQYF,CASSLGGHPTYEQYF
999,CASSDSYEQYF,CASSISYEQYF
1000,CASSLSYEQYF,CASSLFSYEQYF
1001,CASSLEGDIQYF,CASSLEGDTQYF
1002,CASSLTGNYEQYF,CASSLTGTYEQYF
1003,CASSLMWGNNEQFF,CASSLMGNNEQFF
1004,CASSFGGHGYTF,CASSFGGDGYTF
1005,CASSQGGYEQYF,CASSQGGNEQYF
1006,CASSQAGGELFF,CASSQATGELFF
1007,CASSDSYEQYF,CASSLSYEQYF
1008,CASSQGYEQYF,CASSQGNYEQYF
1009,CASSQEEGETQYF,CASSQEGETQYF
1010,CASSLYSYEQYF,CASSLSYEQYF
1011,CASSQGGYEQYF,CASSQGYEQYF
1012,CASSFGTGYEQYF,CASSFGTTYEQYF
1013,CASSLGTSGETQYF,CASSLGTSVETQYF
1014,CATSDRGYEQYF,CATSDRHYEQYF
1015,CASSIVGTDYEQYF,CASSIVGTSYEQYF
1016,CASSLYTDTQYF,CASSLYRTDTQYF
1017,CASSFGGNEQFF,CASSFGINEQFF
1018,CASSFGTGYEQYF,CASSFGTGAYEQYF
1019,CASSLGAGTEAFF,CASSLAGTEAFF
1020,CASSESYEQYF,CASSEGSYEQYF
1021,CASSLGGTEAFF,CASSLGGATEAFF
1022,CASSYSGSYYGYTF,CASSYSGGYYGYTF
1023,CASSLSYEQYF,CASSLNYEQYF
1024,CASSLSYEQYF,CASSLSRYEQYF
1025,CASSNSYEQYF,CASSPNSYEQYF
1026,CASSLGGAEAFF,CASSLGGATEAFF
1027,CAISESYEQFF,CAISESYEQYF
1028,CASSGSYEQYF,CASSEGSYEQYF
1029,CASSIVGTNTEAFF,CASSIGTNTEAFF
1030,CASSLGAGTEAFF,CASSLAGTEAFF
1031,CAISDSYEQYF,CAISESYEQYF
1032,CASSSGYEQYF,CASSSLYEQYF
1033,CASSLGGTEAFF,CASSLGGYTEAFF
1034,CASSLTGASTDTQYF,CASSLTGGSTDTQYF
1035,CASSYGNYEQYF,CASSYGPNYEQYF
1036,CASSLSPGPYEQYF,CASSLSNGPYEQYF
1037,CASSLTGVSTDTQYF,CASSLTGGSTDTQYF
1038,CASSYSGQGNEQYF,CASSYSGQGYEQYF
1039,CASSLTGWSTDTQYF,CASSLTGGSTDTQYF
1040,CASSFGGHGYTF,CASSFGGDGYTF
1041,CASSYGYEQFF,CASSYGHEQFF
1042,CASSLQGITYEQYF,CASSLTGITYEQYF
1043,CASSQGAYEQYF,CASSQGPAYEQYF
1044,CASSFGNTEAFF,CASSPGNTEAFF
1045,CASSLVGSYEQYF,CASSHVGSYEQYF
1046,CASSQGGYEQYF,CASSQGPGYEQYF
1047,CASSLSYEQYF,CASSLTSYEQYF
1048,CASSYSGTSYEQYF,CASSYSGDSYEQYF
1049,CASSPVGSYEQYF,CASSHVGSYEQYF
1050,CASSLAGVDGYTF,CASSLAGEDGYTF
1051,CASSGSYEQYF,CASSGSGEQYF
1052,CASSFGYEQFF,CASSFNYEQFF
1053,CASSLGSYEQYF,CASSLTGSYEQYF
1054,CASSILAGGRNEQFF,CASSLLAGGRNEQFF
1055,CASSLGGAEQFF,CASSLGGDEQFF
1056,CASSLTGADTQYF,CASSLTGAADTQYF
1057,CASSLTGADTQYF,CASSLTGGADTQYF
1058,CASSFVGEQYF,CASSFVGNEQYF
1059,CASSLGGTEAFF,CASSSGGTEAFF
1060,CASSLSSIYEQYF,CASSLSAIYEQYF
1061,CASSLTGGGGEQYF,CASSLTGGGNEQYF
1062,CASSLTGAATDTQYF,CASSLTAATDTQYF
1063,CASSLTGAATDTQYF,CASSLTGAADTQYF
1064,CASSYGQLNTEAFF,CASSYGGQLNTEAFF
1065,CASSQGGTEAFF,CASSSGGTEAFF
1066,CASSLAGSSTDTQYF,CASSLAGESTDTQYF
1067,CASSLAGAADTQYF,CASSLTGAADTQYF
1068,CASSWAEPYEQYF,CASSLAEPYEQYF
1069,CASSLSEGGTDTQYF,CASSLSEGVTDTQYF
1070,CASSPSSGGTDTQYF,CASSPSFGGTDTQYF
1071,CASSLITSTDTQYF,CASSLTTSTDTQYF
1072,CASSLVGSYEQYF,CASSLGGSYEQYF
1073,CASSIQQGTYNEQFF,CASSIQGTYNEQFF
1074,CASSLTSGSPLHF,CASSLTGGSPLHF
1075,CASSFGTGYEQYF,CASSFGTGLYEQYF
1076,CASSFGTGYEQYF,CASSFGTGEYEQYF
1077,CASSYGQGGYGYTF,CASSLGQGGYGYTF
1078,CASSFGGNEQFF,CASSFLGNEQFF
1079,CASSFGATEAFF,CASSFGRATEAFF
1080,CASSQDRTGYEQYF,CASSQDLTGYEQYF
1081,CASSLDSGYGYTF,CASSLGSGYGYTF
1082,CASSSGYEQYF,CASSSGSYEQYF
1083,CASSFGNTEAFF,CASSFPGNTEAFF
1084,CASSLSAGGYGEQYF,CASSLSAGGQGEQYF
1085,CASSYSGSYYGYTF,CASSYSGTSYYGYTF
1086,CASSQGGYEQYF,CASSQGYEQYF
1087,CASSLTGPNEQFF,CASSLTGGNEQFF
1088,CASSLLSGANVLTF,CASSLVSGANVLTF
1089,CASSYSGTSYEQYF,CASSYSGTSEYEQYF
1090,CASSFFGNTEAFF,CASSFPGNTEAFF
1091,CASSFGNTGELFF,CASSFRNTGELFF
1092,CASSLGLYEQYF,CASSLKLYEQYF
1093,CASSEAGTNTEAFF,CASSEARTNTEAFF
1094,CASSQRGYEQYF,CASSQGYEQYF
1095,CASSQGAYEQYF,CASSQGYEQYF
1096,CASSQGGYEQYF,CASSQGYEQYF
1097,CASSQRGYEQYF,CASSQGYEQYF
1098,CASSLGSYEQYF,CASSLVSYEQYF
1099,CASSQGAYEQYF,CASSQGYEQYF
1100,CSAREGGMNTEAFF,CSAREGLMNTEAFF
1101,CASSILAGGYNEQFF,CASSLLAGGYNEQFF
1102,CASSQDWGYEQYF,CASSQDWGFEQYF
1103,CASSQDWGYEQYF,CASSQEWGYEQYF
1104,CASSQEEGETQYF,CASSQEEGEETQYF
1105,CASSITGEAYEQYF,CASSIGTGEAYEQYF
1106,CASSPLAGGYNEQFF,CASSLLAGGYNEQFF
1107,CASSQEAGENTEAFF,CASSQEAGMNTEAFF
1108,CASSISYEQYF,CASSLISYEQYF
1109,CSAREGSMNTEAFF,CSAREGLMNTEAFF
1110,CASSLRGFEQYF,CASSLRGEQYF
1111,CASSLGSYEQYF,CASSLISYEQYF
1112,CASSLGSYEQYF,CASSLESYEQYF
1113,CASSQGGYEQYF,CASSQGGLEQYF
1114,CASSLSPGPYEQYF,CASSLSGGPYEQYF
1115,CASSPSGTGELFF,CASSPSMTGELFF
1116,CASSPLAGGYNEQFF,CASSPAGGYNEQFF
1117,CASSFGTGYEQYF,CASSFGTDYEQYF
1118,CASSLNGDTQYF,CASSLGGDTQYF
1119,CASSLGATEAFF,CASSLGANEAFF
1120,CASSLEGNEQYF,CASSLGGNEQYF
1121,CASSLGDGYTF,CASSLGGDGYTF
1122,CASSLEIGDTQYF,CASSLEGDTQYF
1123,CASSLGFHEQYF,CASSLGGHEQYF
1124,CASSLGGSPYEQYF,CASSLGGAPYEQYF
1125,CASSLGGSPYEQYF,CASSLGGSAYEQYF
1126,CASSLGGSPYEQYF,CASSLGGSHYEQYF
1127,CASSLGGSPYEQYF,CASSLGGSSYEQYF
1128,CSARDSSGVGETQYF,CSARDSGGVGETQYF
1129,CASSLNQGAYEQYF,CASSLGQGAYEQYF
1130,CATSDDYEQYF,CATSDTYEQYF
1131,CASSLYNEQFF,CASSLYSNEQFF
1132,CASSFGRGGYEQYF,CASSFGGGYEQYF
1133,CASSLSAYNEQFF,CASSLASAYNEQFF
1134,CASSFGGGETQYF,CASSFGGGEQYF
1135,CASSLEGYNEQFF,CASSLPGYNEQFF
1136,CASSLLNTEAFF,CASSLRNTEAFF
1137,CASSFGSTYEQYF,CASSFGSSYEQYF
1138,CASSQGNHQPQHF,CASSQGNQPQHF
1139,CASSLSAGGYEQYF,CASSLSASGYEQYF
1140,CASSDSYEQYF,CASSDPYEQYF
1141,CASSIAAGPTDTQYF,CASSIGAGPTDTQYF
1142,CASSDNYEQYF,CASSLNYEQYF
1143,CSARDRDSAYEQYF,CSARDRTSAYEQYF
1144,CATSDLFTDTQYF,CATSDLVTDTQYF
1145,CATSDLFTDTQYF,CATSDLATDTQYF
1146,CASSMAGELFF,CASSGAGELFF
1147,CASSYSGAEAFF,CASSYSSGAEAFF
1148,CSARDRDSAYEQYF,CSARGRDSAYEQYF
1149,CASSLEGYNEQFF,CASSLEAGYNEQFF
1150,CASSIGGANTEAFF,CASSIGGAVTEAFF
1151,CASSLWGPGNEQFF,CASSLLGPGNEQFF
1152,CASSLYNEQFF,CASSLTNEQFF
1153,CASSLYNEQFF,CASSIYNEQFF
1154,CASSLYNEQFF,CASSGYNEQFF
1155,CASSLNGDTQYF,CASSLTGDTQYF
1156,CASSSPSGNEQFF,CASSPSGNEQFF
1157,CASSHTGEQYF,CASSHTGIEQYF
1158,CASSDSYEQYF,CASSDTYEQYF
1159,CASSPWDMSYEQYF,CASSPWDSSYEQYF
1160,CASSLSPGGYEQYF,CASSSPGGYEQYF
1161,CASSLLAGGYNEQFF,CASSLLAGTYNEQFF
1162,CASSLLAGGYNEQFF,CASSLLAGGRNEQFF
1163,CASSLNGDTQYF,CASSLGGDTQYF
1164,CASSLSAGGYEQYF,CASSLSAGFYEQYF
1165,CASSSSYEQYF,CASSDSSYEQYF
1166,CASSLGNQPQHF,CASSLGNNQPQHF
1167,CASSLVTGELFF,CASSLGVTGELFF
1168,CASSYRGFTEAFF,CASSYRGGTEAFF
1169,CASSYPGQEAFF,CASSYTGQEAFF
1170,CASSLGETYEQYF,CASSLGATYEQYF
1171,CASSYSGGTEAFF,CASSYRGGTEAFF
1172,CASSFTGNTEAFF,CASSTGNTEAFF
1173,CASRLQGATEAFF,CASRLQGAGTEAFF
1174,CASSLNYNEQFF,CASSLNNNEQFF
1175,CASSLTSGPYNEQFF,CASSLTSGSYNEQFF
1176,CASSGRDSYEQYF,CASSPRDSYEQYF
1177,CSVEGEGTYEQYF,CSVEEGTYEQYF
1178,CASSSPSGNEQFF,CASSSASGNEQFF
1179,CASSISGSVNTEAFF,CASSISGSGNTEAFF
1180,CASSPPGETQYF,CASSPPEETQYF
1181,CSARDPGGAYEQYF,CSARDPTGAYEQYF
1182,CASSGRDSYEQYF,CASSGLDSYEQYF
1183,CASSIAGGPGNEQFF,CASSIAGGLGNEQFF
1184,CASSIAGGPGNEQFF,CASSIAGGVGNEQFF
1185,CASSMAGSSYNEQFF,CASMAGSSYNEQFF
1186,CASTRDSSSYNEQFF,CASSRDSSSYNEQFF
1187,CASSLTPGNTEAFF,CASSLIPGNTEAFF
1188,CASSYSGGTEAFF,CASSYSGGTSEAFF
1189,CSARGSSSYEQYF,CSARGTSSYEQYF
1190,CASSPSSYEQYF,CASSPSGSYEQYF
1191,CASSYSGSYNEQFF,CASSYSGSGYNEQFF
1192,CASSYSGSYNEQFF,CASSYSGSSYNEQFF
1193,CASSLQGNTEAFF,CASSLLQGNTEAFF
1194,CASSISGSAYNEQFF,CASSISGSGYNEQFF
1195,CASSISGSAYNEQFF,CASSISGAAYNEQFF
1196,CASSISGGAYNEQFF,CASSISGAAYNEQFF
1197,CASSRGNNEQFF,CASSRVNNEQFF
1198,CASSLGQTYEQYF,CASSLGGTYEQYF
1199,CASSLSGGTTDTQYF,CASSLMGGTTDTQYF
1200,CSVMGGYEQYF,CSVEGGYEQYF
1201,CASSSTTDTQYF,CASSSTSDTQYF
1202,CASSYSGSYNEQFF,CASSYSASYNEQFF
1203,CASSDSYEQYF,CASSSDSYEQYF
1204,CASSYRGSNQPQHF,CASSYGSNQPQHF
1205,CSVAESNYGYTF,CSVASNYGYTF
1206,CASSLGGYEQYF,CASSLGSYEQYF
1207,CASSLGSDTQYF,CASSLGGDTQYF
1208,CASSLGGGYTF,CASSLGGGGYTF
1209,CASSQDLGTQYF,CASSQDYGTQYF
1210,CASSLGGAEQYF,CASSLGGYEQYF
1211,CASSLGGYEQYF,CASSLGSGYEQYF
1212,CASSLGSEKLFF,CASSLGEKLFF
1213,CASSLGGYEQYF,CASSLGSYEQYF
1214,CASSQDWGGNEQFF,CASSQDWGGYNEQFF
1215,CASSLGGGELFF,CASSLGFGELFF
1216,CASSHGTEAFF,CASSQGTEAFF
1217,CASSLGGYEQYF,CASSLEGGYEQYF
1218,CASSEGDGYTF,CASSLGDGYTF
1219,CASSLGEGYTF,CASSLGDGYTF
1220,CASSQGAEAFF,CASSQGKEAFF
1221,CASSQGAEAFF,CASSQGTEAFF
1222,CASSVGGDRSYEQYF,CASSVGGRSYEQYF
1223,CASSLGAEQYF,CASSLGYEQYF
1224,CASSPGGSEQYF,CASSPGSEQYF
1225,CASSVGGASYEQYF,CASSVGGRSYEQYF
1226,CASSLGGEQYF,CASSLGYEQYF
1227,CASSLGGYEQYF,CASSLGGEQYF
1228,CASSLGGEAFF,CASSLWGEAFF
1229,CASSYRTGGGGYTF,CASSYFTGGGGYTF
1230,CASSPLAGGTGELFF,CASSPLAGGSGELFF
1231,CASSLGGELFF,CASSLGGVELFF
1232,CASSLGAGAFF,CASSLAGAGAFF
1233,CASSLGGELFF,CASSLGGVELFF
1234,CASSLGGELFF,CASSLGGVELFF
1235,CASSAGGEQYF,CASSLAGGEQYF
1236,CASSLGGEQYF,CASSLAGGEQYF
1237,CASSLGSEAFF,CASSLAGSEAFF
1238,CASSTGSYEQYF,CASSEGSYEQYF
1239,CASSLGSDTQYF,CASSLGTDTQYF
1240,CASSPPSYNEQFF,CASSPSSYNEQFF
1241,CASSGGSYEQYF,CASSEGSYEQYF
1242,CASSSGAANTGELFF,CASSSGANTGELFF
1243,CASSLGGGELFF,CASSLGVGELFF
1244,CASSLGGDTQYF,CASSLGTDTQYF
1245,CASSPTGNEQFF,CASSPGNEQFF
1246,CASSLGSGELFF,CASSLASGELFF
1247,CASSSTGGAYNEQFF,CASSSTGGGYNEQFF
1248,CASSFLYNEQFF,CASSFLVNEQFF
1249,CASSPTGNEQFF,CASSPEGNEQFF
1250,CASSPTGNEQFF,CASSPSGNEQFF
1251,CASSLGGDTQYF,CASSLTGDTQYF
1252,CASSLGSDTQYF,CASSLGGDTQYF
1253,CASSQTVGETQYF,CASSQGVGETQYF
1254,CASSQDWGYNEQFF,CASSQDRGYNEQFF
1255,CASSQDWGYNEQFF,CASSQDTGYNEQFF
1256,CASSPDWGGNEQFF,CASSPDWGGYNEQFF
1257,CASSVGGDYEQYF,CASSAGGDYEQYF
1258,CASSAGGSYEQYF,CASSAGGDYEQYF
1259,CASSVGGDYEQYF,CASSVGGGYEQYF
1260,CASSVGGDYEQYF,CASSVGGAYEQYF
1261,CASSVGSGRYEQYF,CASSVGSGHYEQYF
1262,CASSLGGSEQYF,CASSLGGPEQYF
1263,CASSLGGEQYF,CASSLGGPEQYF
1264,CASSAGWGNQPQHF,CASSAGWLGNQPQHF
1265,CASSVGGASYEQYF,CASSVGGAYEQYF
1266,CASSVPGTGELFF,CASSVPVTGELFF
1267,CASSRGDTEAFF,CASSRGNTEAFF
1268,CASSLGDTQYF,CASSLEGDTQYF
1269,CASSLGGPEQFF,CASSLGGPEQYF
1270,CASSLVGDTQYF,CASSLEGDTQYF
1271,CASSFLYNEQFF,CASSFLGNEQFF
1272,CASSPTGNEQFF,CASSTTGNEQFF
1273,CASSGGSYEQYF,CASSGGSEQYF
1274,CASSTGSYEQYF,CASSTGTYEQYF
1275,CASSLGGPEQFF,CASSLMGPEQFF
1276,CASSSGGVYEQYF,CASSYGGVYEQYF
1277,CASSVGGVSTGELFF,CASSVGGKSTGELFF
1278,CASSPGTSGTYEQYF,CASSPGTSVTYEQYF
1279,CASSLGTGYEQYF,CASSSGTGYEQYF
1280,CASSVGGDSSYEQYF,CASSVGGGSSYEQYF
1281,CASSLGGPEAFF,CASSLGGTEAFF
1282,CASSGAGLSYEQYF,CASSVGAGLSYEQYF
1283,CASSGAGLSYEQYF,CASSEGAGLSYEQYF
1284,CASSFGSSYEQYF,CASSLGSSYEQYF
1285,CASSEGGSTEAFF,CASSEGGGTEAFF
1286,CASSLGGEAFF,CASSLGGTEAFF
1287,CASSVDGGSNEQFF,CASSVHGGSNEQFF
1288,CASSVQGSSYEQYF,CASSVEGSSYEQYF
1289,CATSRGNMNTEAFF,CATSRGGMNTEAFF
1290,CASSLDFGGTEAFF,CASSLDFGNTEAFF
1291,CASSLGGEQFF,CASSLGQGEQFF
1292,CASSVSGGHNEQFF,CASSVSGHNEQFF
1293,CASSSTGDQPQHF,CASSSGGDQPQHF
1294,CASSLPQRETQYF,CASSLPDRETQYF
1295,CASSGGDAEAFF,CASSGGAEAFF
1296,CASSLGGEQYF,CASSLGGYEQYF
1297,CASSISYEQYF,CASSLSYEQYF
1298,CASSLGGYEQYF,CASSLGSYEQYF
1299,CASSSAYEQYF,CASSSPYEQYF
1300,CASSYEQGYEQYF,CASSYPQGYEQYF
1301,CASSLRENYGYTF,CASSLVENYGYTF
1302,CASSLDWSSYNEQFF,CASSLDRSSYNEQFF
1303,CASSLDWSSYNEQFF,CASSLDGSSYNEQFF
1304,CASSLANTEAFF,CASSLVANTEAFF
1305,CASSLGGYEQYF,CASSLEGGYEQYF
1306,CASSLGGYEQYF,CASSLGGEQYF
1307,CASSLQGNEQFF,CASSLGGNEQFF
1308,CASSQGTGELFF,CASSQETGELFF
1309,CASSLGSYEQYF,CASSVGSYEQYF
1310,CASSQGPYTGELFF,CASSQRPYTGELFF
1311,CASSLSGTYEQYF,CASSLSQTYEQYF
1312,CASSLSTDTQYF,CASSSSTDTQYF
1313,CASSLEGDTQYF,CASSLAGDTQYF
1314,CASSFGNTEAFF,CASSFTGNTEAFF
1315,CATSDSSYEQYF,CATSDSSFEQYF
1316,CASSFGVSYEQYF,CASSFTVSYEQYF
1317,CASSSGGDGYTF,CASSFGGDGYTF
1318,CASSGNQPQHF,CASAGNQPQHF
1319,CASSGNQPQHF,CASSRNQPQHF
1320,CASSRGQPQHF,CASSRNQPQHF
1321,CASSLFSYEQYF,CASSLTSYEQYF
1322,CASSPGGAEAFF,CASSPLGGAEAFF
1323,CASSLGVTQYF,CASSLGETQYF
1324,CASSFANTEAFF,CASSFLNTEAFF
1325,CASSYGQNTGELFF,CASSYGLNTGELFF
1326,CASSLEGDTQYF,CASSLEGTDTQYF
1327,CASSLGPYSYEQYF,CASSLGPYSVEQYF
1328,CASSFGNTEAFF,CASSFLNTEAFF
1329,CASSLQGITGELFF,CASSLGITGELFF
1330,CASRAADTQYF,CASRASDTQYF
1331,CASSYGSPTEAFF,CASSYGSHTEAFF
1332,CASSLGSDTQYF,CASSLGSTDTQYF
1333,CASSLANTEAFF,CASSLENTEAFF
1334,CASSLREVNEQYF,CASSLRVNEQYF
1335,CASSLDNTEAFF,CASSLENTEAFF
1336,CASSSERDTQYF,CASSSLRDTQYF
1337,CASSFGGGEQYF,CASSFGGGYEQYF
1338,CASSLFSYSNQPQHF,CASSLSYSNQPQHF
1339,CASSLGGYGYTF,CASSLQGGYGYTF
1340,CASSSAYEQYF,CASSSIYEQYF
1341,CASSLGPYTGELFF,CASSLGPSYTGELFF
1342,CASSPGGTEAFF,CASSTGGTEAFF
1343,CASSSQGGNEQFF,CASSSGQGGNEQFF
1344,CASSSGRGEQFF,CASSLSGRGEQFF
1345,CASSLAYEQYF,CASSLADYEQYF
1346,CASSPGGAEAFF,CASSPTGAEAFF
1347,CASSSAYEQYF,CASSLSAYEQYF
1348,CASSLAYEQYF,CASSLVAYEQYF
1349,CASSLAYEQYF,CASSLSAYEQYF
1350,CASSQGGGEQFF,CASSQGGFEQFF
1351,CASSRGQPQHF,CASSPGQPQHF
1352,CASSPTGGTGELFF,CASSPTGEGTGELFF
1353,CASSYLAGGTDTQYF,CASSWLAGGTDTQYF
1354,CASSLGSDTQYF,CASSLGSTDTQYF
1355,CASSFGNTEAFF,CASSFGLNTEAFF
1356,CSVSGGYNEQFF,CSVDGGYNEQFF
1357,CASSLGQAAYEQYF,CASSLGQAYYEQYF
1358,CASSYEQGYEQYF,CASSYSQGYEQYF
1359,CASSLGQALYEQYF,CASSLGQAYYEQYF
1360,CASSPTGPSYEQYF,CASSPTGASYEQYF
1361,CASSQGYEQYF,CASSQDYEQYF
1362,CSAGTGDYEQYF,CSAGTGTYEQYF
1363,CASSLAGYNEQFF,CASSLPGYNEQFF
1364,CASSPGTTYEQYF,CASSPGPTYEQYF
1365,CASSYSYEQYF,CASSRSYEQYF
1366,CASSLAGYTEAFF,CASSLAGTEAFF
1367,CASSLAGYTEAFF,CASSLSGYTEAFF
1368,CASSSGPTYEQYF,CASSSGQTYEQYF
1369,CASSLSGFTEAFF,CASSLSGYTEAFF
1370,CASSLSGFTEAFF,CASSLSGGFTEAFF
1371,CASSSGHTYEQYF,CASSSGQTYEQYF
1372,CASSFSYEQYF,CASSRSYEQYF
1373,CASSLSYEQYF,CASSRSYEQYF
1374,CASSLAGTETQYF,CASSLAGTEQYF
1375,CASSLSPGNEQFF,CASSLSPRNEQFF
1376,CASSLAGYNEQFF,CASSLAGLNEQFF
1377,CASSLAGYNEQFF,CASSLAGNEQFF
1378,CASSPGTTYEQYF,CASSPGTGTYEQYF
1379,CASSLGFGELFF,CASSLGVGELFF
1380,CASSLAGYTEAFF,CASSLAGTEAFF
1381,CASSRGLDTEAFF,CASSRGLNTEAFF
1382,CASSLDRGAYNEQFF,CASSDRGAYNEQFF
1383,CASSMAANTEAFF,CASSMAVNTEAFF
1384,CASSLGSYEQYF,CASSVGSYEQYF
1385,CASSLAGTETQYF,CASSLAGETQYF
1386,CASSLPGYNEQFF,CASSLPSYNEQFF
1387,CASSEAVYEQYF,CASSEAVYYEQYF
1388,CASSMAANTEAFF,CASSMAPNTEAFF
1389,CASSIAPNTEAFF,CASSMAPNTEAFF
1390,CASSHPGTTYEQYF,CASSHPGTGYEQYF
1391,CASSILAVSNTEAFF,CASSILAGSNTEAFF
1392,CASSLDNEQFF,CASSLDGNEQFF
1393,CASSQGNYEQYF,CASSEQGNYEQYF
1394,CASSLAGYPYNEQFF,CASSLAGGPYNEQFF
1395,CASLGGSYEQYF,CASRGGSYEQYF
1396,CASSWDLNTEAFF,CASSQWDLNTEAFF
1397,CASSPGTDTQYF,CASSPGDTQYF
1398,CASSLGDRYGYTF,CASSLDRYGYTF
1399,CASSLALTDTQYF,CASSLALTPDTQYF
1400,CASGLNSNQPQHF,CASSLNSNQPQHF
1401,CASSTGTGLYEQYF,CASSTGTGIYEQYF
1402,CASSLGITGNTEAFF,CASSLGTGNTEAFF
1403,CASSLDSGSYNEQFF,CASSLTSGSYNEQFF
1404,CASSLGQGPYNEQFF,CASSLGQGNYNEQFF
1405,CASSWTSGNTGELFF,CASSWTGGNTGELFF
1406,CASSLVQETQYF,CASSLVLETQYF
1407,CASSLDRGGYNEQFF,CASSLDWGGYNEQFF
1408,CASSLDNEQFF,CASSLHDNEQFF
1409,CASSLLTGEQYF,CASSLGTGEQYF
1410,CASSLLAGETDTQYF,CASSLLAGVTDTQYF
1411,CASSSPYEQYF,CASSSIYEQYF
1412,CASSTGTGLYEQYF,CASSFGTGLYEQYF
1413,CASSPGTDTQYF,CASSFGTDTQYF
1414,CASSPGTDTQYF,CASSLGTDTQYF
1415,CASSPGTGSPYEQYF,CASSPGTGSFYEQYF
1416,CASSLGGPYEQYF,CASSLGGPSYEQYF
1417,CASSLAGYNEQFF,CASSLAGGNEQFF
1418,CASSLFQGAGYGYTF,CASSLSQGAGYGYTF
1419,CASSLDSNEQFF,CASSLLSNEQFF
1420,CASSLGDRYGYTF,CASSLGDHYGYTF
1421,CASSLLDSNQPQHF,CASSLTDSNQPQHF
1422,CASSGGGEQYF,CASSLGGEQYF
1423,CASSFGVEQFF,CASSFGNEQFF
1424,CASSQVGGTGELFF,CASSQVGSGTGELFF
1425,CASSLAGYNEQFF,CASSLAGSYNEQFF
1426,CASSLGDFYGYTF,CASSLGDHYGYTF
1427,CASSYSSSSYNEQFF,CASSYSGSSYNEQFF
1428,CASSSGPTYEQYF,CASSSPPTYEQYF
1429,CASSQGYEQYF,CASSPQGYEQYF
1430,CASSPTVSSYNEQFF,CASSPTGSSYNEQFF
1431,CASSLGTVNTEAFF,CASSLTVNTEAFF
1432,CASSGLADSYEQYF,CASSLADSYEQYF
1433,CASSQVGGTGELFF,CASSQVVGTGELFF
1434,CASSLGANEQYF,CASSLANEQYF
1435,CASSLQTGNYGYTF,CASSLTGNYGYTF
1436,CASSYPQGYEQYF,CASSYSQGYEQYF
1437,CASSFGTTYEQYF,CASSFGTDYEQYF
1438,CASSLGSGELFF,CASSLGGGELFF
1439,CASSQVHSYEQYF,CASSQVPSYEQYF
1440,CASSKTGLSYEQYF,CASSKTGGSYEQYF
1441,CATSRTDSYEQYF,CATSRQDSYEQYF
1442,CSVETGSGYTF,CSVETGGGYTF
1443,CASTGANEQFF,CASSGANEQFF
1444,CASSWQGSGELFF,CASSWQGGELFF
1445,CASSLAGGGTGELFF,CASSLARGGTGELFF
1446,CASSLGSNEQFF,CASSLGENEQFF
1447,CASSLGNQPQHF,CASSLAGNQPQHF
1448,CASSLGQGNNEQFF,CASSLGQGINEQFF
1449,CASSLGTEAFF,CASSPLGTEAFF
1450,CASSLGQSYEQYF,CASSLGQTYEQYF
1451,CASSQGGTEAFF,CASSQGSTEAFF
1452,CASSEGRVNEQFF,CASSEGLVNEQFF
1453,CASSLGTTEAFF,CASSLDTTEAFF
1454,CASSQEGGDQETQYF,CASSQEWGDQETQYF
1455,CASSFQGHSTDTQYF,CASSFQGDSTDTQYF
1456,CASSFQGHSTDTQYF,CASSFQGQSTDTQYF
1457,CSVEEGTPYEQYF,CSVEEGTYEQYF
1458,CASSSGNTEAFF,CASSSGMNTEAFF
1459,CASSLGQSYEQYF,CASSLGSSYEQYF
1460,CASSLGQSYEQYF,CASSLGQYYEQYF
1461,CASSLGYEQYF,CASSLGSYEQYF
1462,CASSFQGTEAFF,CASSFQGAEAFF
1463,CASSAAGSYEQYF,CASYSAAGSYEQYF
1464,CASSLGTEAFF,CASSPGTEAFF
1465,CASSPGTYEQYF,CASSPGGTYEQYF
1466,CASSPGTYEQYF,CASSTGTYEQYF
1467,CASSQGGTEAFF,CASSQGGNTEAFF
1468,CASSFGTEAFF,CASSPGTEAFF
1469,CASSLTGELFF,CASSLGGELFF
1470,CASSPGLAAPYEQYF,CASSPGLAAYEQYF
1471,CSARPLAGLYNEQFF,CSARPLAGGYNEQFF
1472,CSVDLTGETQYF,CSVDLPGETQYF
1473,CSASSSGNTGELFF,CSASSSGTGELFF
1474,CASSPGTAYEQYF,CASSPYGTAYEQYF
1475,CSVETGSGYTF,CSVETGNGYTF
1476,CSVETGSGYTF,CSVETGDGYTF
1477,CASSLGYEQYF,CASSLGGYEQYF
1478,CASSLVGDEQYF,CASSLVPGDEQYF
1479,CSASIMNTEAFF,CSASGMNTEAFF
1480,CASSPLDTGELFF,CASSYLDTGELFF
1481,CASSLAGIEAFF,CASSLAGTEAFF
1482,CASSLAGLEAFF,CASSLAGTEAFF
1483,CASSISGASYEQYF,CASSISTASYEQYF
1484,CASSPGQGSQYF,CASSPGQGRSQYF
1485,CASSLAGSEAFF,CASSLAGTEAFF
1486,CASSLAGVEAFF,CASSLAGTEAFF
1487,CASSLAGAEAFF,CASSLAGTEAFF
1488,CASSLAGTGMYF,CASSLAGTGMLF
1489,CASSFVRNTEAFF,CASSFVVNTEAFF
1490,CASSQGTGLSYEQYF,CASSQGTGESYEQYF
1491,CASSSGQTYEQYF,CASSSGQGYEQYF
1492,CASSRQSSYNEQFF,CASSVQSSYNEQFF
1493,CASSSITGTAYEQYF,CASSLITGTAYEQYF
1494,CASSDPYEQYF,CASSDTYEQYF
1495,CASSLGGAYEQYF,CASSLGGAPYEQYF
1496,CASSLAGISYEQYF,CASSLVAGISYEQYF
1497,CASSLAGISYEQYF,CASSLMAGISYEQYF
1498,CASSLTGALNTEAFF,CASSLGALNTEAFF
1499,CASSQAAGHYEQYF,CASSQTAGHYEQYF
1500,CASSYPGRFYEQYF,CASSYPGGFYEQYF
1501,CASSSGQTYEQYF,CASSLGQTYEQYF
1502,CASSLAGTGELFF,CASSLANTGELFF
1503,CASSFGTGAYEQYF,CASSFGTGLYEQYF
1504,CASSLAGSYEQYF,CASSLGSYEQYF
1505,CASSLGGAYEQYF,CASSLEGGAYEQYF
1506,CASSQDPGSLYEQYF,CASSQDPGNLYEQYF
1507,CASSLAGGWNEQFF,CASSLAGGNEQFF
1508,CASSLAQGGTEAFF,CASSLWQGGTEAFF
1509,CASSLAGSYEQYF,CASSLGGSYEQYF
1510,CASSLAGLNEQFF,CASSLAGGNEQFF
1511,CASSLAGSEQFF,CASSLAGSKEQFF
1512,CASSLGGAYEQYF,CASSLGGSYEQYF
1513,CASSLGGAYEQYF,CASSLGGFYEQYF
1514,CASSFGNTEAFF,CASSRGNTEAFF
1515,CASSLAGGGEQFF,CASSLAGGNEQFF
1516,CASSLAGNEQFF,CASSLAGGNEQFF
1517,CASSLSPRNEQFF,CASSLSPRAEQFF
1518,CASSLSPRNEQFF,CASSLSPGNEQFF
1519,CASSLAGTGELFF,CASSLAYGTGELFF
1520,CASSISGASYEQYF,CASSIAGASYEQYF
1521,CASSLEGLSYEQYF,CASSLNGLSYEQYF
1522,CASSLEGLSYEQYF,CASSLEGYSYEQYF
1523,CASSLEGLSYEQYF,CASSLVGLSYEQYF
1524,CASSLAGQINEKLFF,CASSLAGQGNEKLFF
1525,CASSLRDGSNQPQHF,CASSLRQGSNQPQHF
1526,CASSISSGYNEQFF,CASSISGSGYNEQFF
1527,CASSFQGGNQPQHF,CASSFQGAGNQPQHF
1528,CASSLAQGGTEAFF,CASSLEQGGTEAFF
1529,CASSLTGGYEQYF,CASSLGGYEQYF
1530,CASSLAGSYEQYF,CASSLAGGSYEQYF
1531,CASSLAGSTYEQYF,CASSLASTYEQYF
1532,CASSYPGRFYEQYF,CASSYPGRYEQYF
1533,CASSLGGAYEQYF,CASSLGGYEQYF
1534,CASTLSYEQYF,CASTLQSYEQYF
1535,CASSLAGTDYGYTF,CASSLALTDYGYTF
1536,CASSLAGGLLNEQFF,CASSLAGGLSNEQFF
1537,CATSDLQGAQETQYF,CATSDLQAQETQYF
1538,CASSLVGEQYF,CASSLVGYEQYF
1539,CASSMAVNTEAFF,CASSMAPNTEAFF
1540,CASSLTGTGELFF,CASSLTGPGELFF
1541,CASSPSSYNEQFF,CASSPLSSYNEQFF
1542,CASSFGQGTDTQYF,CASSTGQGTDTQYF
1543,CASSLGGEQFF,CASSLGGGQFF
1544,CASSLGGATEAFF,CASSLGGYTEAFF
1545,CASSFGTGELFF,CASSWGTGELFF
1546,CASSIGPYEQYF,CASSIGYEQYF
1547,CASSLEPSYEQYF,CASSLESYEQYF
1548,CASSIGVNTEAFF,CASSIGMNTEAFF
1549,CASSIGTNTEAFF,CASSIGMNTEAFF
1550,CASSFLNEQFF,CASSFYNEQFF
1551,CASSQDSRTSYEQYF,CASSQDSMTSYEQYF
1552,CASSYGVGGTEAFF,CASSYGTGGTEAFF
1553,CASSLGTDTQYF,CASSLGGDTQYF
1554,CSVGGTYEQYF,CSVGATYEQYF
1555,CASSLSQTYEQYF,CASSLGQTYEQYF
1556,CASSYSGGANYGYTF,CASSYSGGVNYGYTF
1557,CASSSGNTEAFF,CASSAGNTEAFF
1558,CASSSGNTEAFF,CASSTGNTEAFF
1559,CASSLVDTGELFF,CASSLVLTGELFF
1560,CASSLLGGETQYF,CASSLLGAGETQYF
1561,CASSLYPLDQPQHF,CASSLYPDQPQHF
1562,CASSLVHTDTQYF,CASSLRHTDTQYF
1563,CASSLVHTDTQYF,CASSLGHTDTQYF
1564,CASRLAGGAFNEQFF,CASRAGGAFNEQFF
1565,CASSFGTGELFF,CASSFGTGEQFF
1566,CASSLDRETQYF,CASSLLDRETQYF
1567,CSGFRENTGELFF,CSGRRENTGELFF
1568,CASSTGLAGLYEQYF,CASSGGLAGLYEQYF
1569,CASSLGGEQFF,CASSLGNEQFF
1570,CASSLGGEQFF,CASSLGGHQFF
1571,CASSLLGGETQYF,CASSLSGGETQYF
1572,CASSPSAYEQYF,CASSPAYEQYF
1573,CASSFLNEQFF,CASSFGNEQFF
1574,CASSQGGANEQYF,CASSQMGANEQYF
1575,CASSIGVNTEAFF,CASSIKVNTEAFF
1576,CASSSGRETQYF,CASSSGVETQYF
1577,CASSALAGVETQYF,CASSLAGVETQYF
1578,CASSLLVNTEAFF,CASSLLQNTEAFF
1579,CASSLLVNTEAFF,CASSLGVNTEAFF
1580,CASSLRDEQYF,CASSLRGEQYF
1581,CASSLVGGADTQYF,CASSLVGGADEQYF
1582,CASSLSQTYEQYF,CASSLSQDYEQYF
1583,CASSSTDSYEQYF,CASSSDSYEQYF
1584,CASSIGVNTEAFF,CASSIGMNTEAFF
1585,CASSIGTNTEAFF,CASSIGMNTEAFF
1586,CASSLAAGGYEQYF,CASSLAVGGYEQYF
1587,CSVETGGGYTF,CSVETGNGYTF
1588,CSVETGGGYTF,CSVETGDGYTF
1589,CASSYGGYNEQFF,CASSYGGRYNEQFF
1590,CSAEGGYEQYF,CSVEGGYEQYF
1591,CASSYIYEQYF,CASSYHYEQYF
1592,CASSIGPYEQYF,CASSIAGPYEQYF
1593,CASSQGPAYEQYF,CASSQGPGYEQYF
1594,CASSQGPAYEQYF,CASSQGPVYEQYF
1595,CASTLGGNQPQHF,CASTLGGSQPQHF
1596,CASSSLGGNQPQHF,CASSLGGNQPQHF
1597,CASSYGGNQPQHF,CASSLGGNQPQHF
1598,CASSLGPPGELFF,CASSLPPGELFF
1599,CASSLTGGSTDTQYF,CASSLTGGSDTQYF
1600,CASSPPGTEAFF,CASSPLGTEAFF
1601,CASSLGAGNQPQHF,CASSLGALGNQPQHF
1602,CASSLGAGNQPQHF,CASSLGTGNQPQHF
1603,CASSYGTGQTEAFF,CASSYGTGGTEAFF
1604,CASSSLYEQYF,CASSSLYEQFF
1605,CASTRQGGEKLFF,CASTNQGGEKLFF
1606,CSVEGGAGSYEQYF,CSVEGGASYEQYF
1607,CASSQVGNEQFF,CASSQVHGNEQFF
1608,CSARDMTGSYEQYF,CSARDPTGSYEQYF
1609,CASSWGTGELFF,CASSWGHTGELFF
1610,CASSYVNEQFF,CASSYEVNEQFF
1611,CASSLFSSYEQYF,CASSLGSSYEQYF
1612,CASSPLSSYNEQFF,CASSPLASYNEQFF
1613,CASSLLTGVTDTQYF,CASSLLAGVTDTQYF
1614,CASSSATEAFF,CASSSAPEAFF
1615,CASSVGGQGAYEQYF,CASSVGQGAYEQYF
1616,CASSFLYNEQFF,CASSFLGNEQFF
1617,CASSFLVNEQFF,CASSFLGNEQFF
1618,CASSLDNEQFF,CASSLGNEQFF
1619,CSARAGASYNEQFF,CSARLAGASYNEQFF
1620,CASSLGGGQFF,CASSLGGHQFF
1621,CASSGDTSYEQYF,CASSQDTSYEQYF
1622,CASSPGNEQFF,CASSVGNEQFF
1623,CASSPGNEQFF,CASSLGNEQFF
1624,CASSLFGSQETQYF,CASSFGSQETQYF
1625,CASSPPGTEAFF,CASSPGTEAFF
1626,CASSYGDTQYF,CASSYGGTQYF
1627,CASSRGQPQHF,CASSPGQPQHF
1628,CASSFGLEQFF,CASSFSLEQFF
1629,CASSLGTGELFF,CASSLGLTGELFF
1630,CASSPGLSSYNEQFF,CASSPGPSSYNEQFF
1631,CASSGVGTQYF,CASSGVGGTQYF
1632,CSARDLAGGSNEQFF,CSARDLAGGFNEQFF
1633,CASSIGYEQYF,CASSMIGYEQYF
1634,CASSLVIYEQYF,CASSLVSYEQYF
1635,CASSFGPEQYF,CASSFGTEQYF
1636,CASSLSLGYEQYF,CASSLSLAGYEQYF
1637,CASSQVLGDYGYTF,CASSQVGGDYGYTF
1638,CASSLFSSYEQYF,CASSLDSSYEQYF
1639,CASSEGYEQYF,CASSEIYEQYF
1640,CASSEGYEQYF,CASSEVYEQYF
1641,CASSLLSGNTEAFF,CASSLLSLNTEAFF
1642,CASSEGQGYEQYF,CASSEGQGWYEQYF
1643,CASSEGQGYEQYF,CASSEGQGAYEQYF
1644,CASSLSGGNYGYTF,CASSLSGGGNYGYTF
1645,CASSYSMGGGNEQFF,CASSYSMGFGNEQFF
1646,CASSLSGGPAYEQYF,CASSLSGGPYEQYF
1647,CATSDFGGTDTQYF,CATSDFGDTDTQYF
1648,CASSSGHYEQYF,CASSGGHYEQYF
1649,CASSYGTGQTEAFF,CASSYGTGFTEAFF
1650,CASSLLAESYNEQFF,CASSLLAEHYNEQFF
1651,CASSLSNGPYEQYF,CASSLSGGPYEQYF
1652,CASSLEGTDTQYF,CASSLEVGTDTQYF
1653,CASSPTGGGTEAFF,CASSYTGGGTEAFF
1654,CASSLGGNQPQHF,CASSLGSNQPQHF
1655,CASSPGGNTEAFF,CASSVGGNTEAFF
1656,CASSPGGNTEAFF,CASSSGGNTEAFF
1657,CASSPGGNTEAFF,CASSNGGNTEAFF
1658,CASSRDSNTEAFF,CASRRDSNTEAFF
1659,CASSFPGNEQYF,CASSFVGNEQYF
1660,CASSLGSNQPQHF,CASSLNSNQPQHF
1661,CASSYAGGYEQYF,CASSYQGGYEQYF
1662,CASSLTGDTQYF,CASSLGGDTQYF
1663,CASSLVTGVAYEQYF,CASSLVTGAYEQYF
1664,CASSLRSPSTDTQYF,CASSLRHPSTDTQYF
1665,CASSLSKNTEAFF,CASSLSRNTEAFF
1666,CASSLGETQYF,CASSLSETQYF
1667,CASSLGGSYNEQFF,CASSLGPSYNEQFF
1668,CASSYSGDSYEQYF,CASSYSGDSSYEQYF
1669,CASSSLNQPQHF,CASSSLPNQPQHF
1670,CASSLDGNEQFF,CASSLQGNEQFF
1671,CASSLYSTDTQYF,CASSIYSTDTQYF
1672,CASSLYSTDTQYF,CASSLYNTDTQYF
1673,CASSLGQGGSPLHF,CASSLGQAGSPLHF
1674,CASSLDGNEQFF,CASSLVGNEQFF
1675,CASSYPGLGYEQYF,CASSNYPGLGYEQYF
1676,CASSPGDTQYF,CASSPGTDTQYF
1677,CASSLGGSYNEQFF,CASSLGGSSYNEQFF
1678,CSVLAGSYEQYF,CSVLAGGSYEQYF
1679,CASSDLGNEQFF,CASSDAGNEQFF
1680,CASSPTGVSYNEQFF,CASSPSGVSYNEQFF
1681,CASSFYNEQFF,CASSFGNEQFF
1682,CASSYGTEAFF,CASSYEGTEAFF
1683,CASSPGNTEAFF,CASSFPGNTEAFF
1684,CASSLGALNTEAFF,CASSLALNTEAFF
1685,CASSLVSSYEQYF,CASSLGSSYEQYF
1686,CSVAGLAGGYEQYF,CSVGGLAGGYEQYF
1687,CASSFLNTEAFF,CASSFGLNTEAFF
1688,CASSLGETQYF,CASSLYGETQYF
1689,CASSLLAGTYNEQFF,CASSLLAGGYNEQFF
1690,CASSLLAGGRNEQFF,CASSLLAGGYNEQFF
1691,CASSLFGDSYNEQFF,CASSLFGSSYNEQFF
1692,CASSLTGTSGDEQYF,CASSLTGTGDEQYF
1693,CASSSSDEQYF,CASSSTSDEQYF
1694,CSVTGLNTEAFF,CSVGLNTEAFF
1695,CASSVVGGNTEAFF,CASSVVGKNTEAFF
1696,CASSLGGNQPQHF,CASSLGGDQPQHF
1697,CASSLYSTDTQYF,CASSLYVTDTQYF
1698,CASSSQNTEAFF,CASSYSQNTEAFF
1699,CASSDSSYEQYF,CASSRDSSYEQYF
1700,CASSDSSYEQYF,CASSFDSSYEQYF
1701,CASSDSSYEQYF,CASSADSSYEQYF
1702,CASSRDRDSSYEQYF,CASSQDRDSSYEQYF
1703,CASSLGQTYEQYF,CASSLGQYYEQYF
1704,CSARDTGAYEQYF,CSARDPTGAYEQYF
1705,CASSSGTEAFF,CASSRGTEAFF
1706,CASSQDRGYNEQFF,CASSQDRGTYNEQFF
1707,CASSLAGGPSYEQYF,CASSLAGGSYEQYF
1708,CASSYSGLALYEQYF,CASSSGLALYEQYF
1709,CASSPLGTEAFF,CASSPGTEAFF
1710,CASSLGLTGELFF,CASSLGNTGELFF
1711,CASSLGITGELFF,CASSLGNTGELFF
1712,CASSPGTASTDTQYF,CASSPGTSTDTQYF
1713,CASSYSAQSSYEQYF,CASSYSAGSSYEQYF
1714,CASSYGGSSYNEQFF,CASSYSGSSYNEQFF
1715,CASSRVSYEQYF,CASSLVSYEQYF
1716,CASSLGQGAYEQYF,CASSLGQGGAYEQYF
1717,CASSYGDPNYGYTF,CASSYGDNYGYTF
1718,CASSYQGLAYEQYF,CASSYQGRAYEQYF
1719,CASSYGSDQPQHF,CASSYGSNQPQHF
1720,CASSLVLTGELFF,CASSLVLSGELFF
1721,CASSYGTGGTEAFF,CASSYGTGFTEAFF
1722,CASSYGTGGTEAFF,CASSYSGTGGTEAFF
1723,CASSLGLDSNTEAFF,CASSLGDSNTEAFF
1724,CASSFSHPSTDTQYF,CASSLSHPSTDTQYF
1725,CASSFGPDTQYF,CASSFGTDTQYF
1726,CASSLSDSLYEQYF,CASSLSRDSLYEQYF
1727,CASSSPEDEQYF,CASSSPADEQYF
1728,CASSPGTNEQFF,CASSIGTNEQFF
1729,CASSLSQVNEQFF,CASSLSQAVNEQFF
1730,CASSLSHGSTDTQYF,CASSLSHPSTDTQYF
1731,CASSLAGADDTQYF,CASSLLAGADDTQYF
1732,CASSFQGDSTDTQYF,CASSFSGDSTDTQYF
1733,CASSLRHPSTDTQYF,CASSLSHPSTDTQYF
1734,CASSLSHSTDTQYF,CASSLSHPSTDTQYF
1735,CASSFGANEQFF,CASSFGNEQFF
1736,CASSLGGVEQYF,CASSLGGEQYF
1737,CASSFGPDTQYF,CASSLGPDTQYF
1738,CASSYEPTEAFF,CASSYEGTEAFF
1739,CASSLEPDTQYF,CASSLGPDTQYF
1740,CASSLQGAPYNEQFF,CASSLQGAYNEQFF
1741,CASSYWGTDTQYF,CASSYVGTDTQYF
1742,CASSVGAGPSYEQYF,CASSVGAGLSYEQYF
1743,CASSVGAGPSYEQYF,CASSVGAGGSYEQYF
1744,CASSLVLETQYF,CASSLVFLETQYF
1745,CASSLDSPYEQYF,CASSLDSSYEQYF
1746,CASSLGSYEQYF,CASSLGGSYEQYF
1747,CASSLQGNEQFF,CASSLVGNEQFF
1748,CASSQGGANVLTF,CASSFQGGANVLTF
1749,CASSLVGDRSYEQYF,CASSLVGDRAYEQYF
1750,CASSLGSSYEQYF,CASSLGYSSYEQYF
1751,CASSLQGGYGYTF,CASSLGQGGYGYTF
1752,CASSLEGGTEAFF,CASSLEIGTEAFF
1753,CASSLGTGEQYF,CASSLGGEQYF
1754,CASSLQGGELFF,CASSLGGELFF
1755,CASSLQGGEQYF,CASSLGGEQYF
1756,CASSLSEAYEQYF,CASSLSAYEQYF
1757,CASSPEGGNEQFF,CASSPGGGNEQFF
1758,CASSPPEETQYF,CASSPPEHETQYF
1759,CASSFGTDTQYF,CASSPGTDTQYF
1760,CASSLGTDTQYF,CASSLGPDTQYF
1761,CASSLGTDTQYF,CASSPGTDTQYF
1762,CSARLAGVEQYF,CSAPLAGVEQYF
1763,CASSLGGSYEQYF,CASSFGGSYEQYF
1764,CASSLYGWETQYF,CASSLYGETQYF
1765,CASSLGSSYNEQFF,CASSLFGSSYNEQFF
1766,CASSLGSSYEQYF,CASSLDSSYEQYF
1767,CASSLGSYEQYF,CASSLGGYEQYF
1768,CASSLYNTDTQYF,CASSLYVTDTQYF
1769,CASSGQGITEAFF,CASSGQGDTEAFF
1770,CASSLQGDEQYF,CASSLQGDETQYF
1771,CASSLASSNEQFF,CASSLATSNEQFF
1772,CASSYSGTYEQYF,CASSYSWGTYEQYF
1773,CASSYSGTYEQYF,CASSYSITYEQYF
1774,CASSLQGNEQYF,CASSLGNEQYF
1775,CASSLQGDTQYF,CASSLQGDETQYF
1776,CASSPATGELFF,CASSPITGELFF
1777,CASSPATGELFF,CASSPPTGELFF
1778,CASSEVRELFF,CASSEIRELFF
1779,CASSVGNEQFF,CASSVYNEQFF
1780,CASSLGNEQFF,CASSLEGNEQFF
1781,CASSVGGSWQETQYF,CASSVGGSSQETQYF
1782,CASSFGAGSSYEQYF,CASSFGGSSYEQYF
1783,CASSSPYNEQFF,CASSSQYNEQFF
1784,CASSVSGGSSYEQYF,CASSVGGGSSYEQYF
1785,CASSLGLDEQYF,CASSLPGLDEQYF
1786,CASSVSTGELFF,CASSVVSTGELFF
1787,CASSVGWGSSYEQYF,CASSVGGGSSYEQYF
1788,CASSVGWGSSYEQYF,CASSVGTGSSYEQYF
1789,CASSLSQGAYNEQFF,CASSLQGAYNEQFF
1790,CASSPGTGSSYEQYF,CASSPTGSSYEQYF
1791,CASSASGGSSYEQYF,CASSAGGGSSYEQYF
1792,CASSLASNTEAFF,CASSLALNTEAFF
1793,CASSLGNEQFF,CASSLAGNEQFF
1794,CASSQGYNSPLHF,CASSQGHYNSPLHF
1795,CASSVGQGAYEQYF,CASSVGQGSYEQYF
1796,CASSLWQGGTEAFF,CASSLEQGGTEAFF
1797,CASSLGGSYEQYF,CASSLAGGSYEQYF
1798,CASSLGGSYEQYF,CASSLGGYEQYF
1799,CASSLAGFGNQPQHF,CASSLAGFGQPQHF
1800,CASSLGGFYEQYF,CASSLGGYEQYF
1801,CASSLSGNEQFF,CASSLKGNEQFF
1802,CASSLVNNEQFF,CASSRVNNEQFF
1803,CASSYGGETQYF,CASSYGNGETQYF
1804,CASSVSGSYEQYF,CASSPSGSYEQYF
1805,CASSVSGSYEQYF,CASSVAGSYEQYF
1806,CASSLEGNEQFF,CASSLAGNEQFF
1807,CSASGGLGYEQYF,CSASGGGGYEQYF
1808,CASSLGQGTEAFF,CASSLGQETEAFF
1809,CASSLGEGSYEQYF,CASSLGGSYEQYF
1810,CASSLAGPGELFF,CASSYLAGPGELFF
1811,CASSLGGEQYF,CASSLGNEQYF
1812,CASSQAGTGNYGYTF,CASSQEGTGNYGYTF
1813,CSVIPGQGGYEQYF,CSVPGQGGYEQYF
1814,CASSLVSYEQYF,CASSLISYEQYF
1815,CASSLVSYEQYF,CASSLESYEQYF
1816,CASSQDGPGNQPQHF,CASSQDPGNQPQHF
1817,CASSQWGNEQFF,CASSQGNEQFF
1818,CASSLSLAGYEQYF,CASSLSLAGVYEQYF
1819,CASSYGQGVGELFF,CASSYGGVGELFF
1820,CASSLAGTYEQYF,CASSLVGTYEQYF
1821,CASSLGSGEQYF,CASSLMGSGEQYF
1822,CSVPGQGGYEQYF,CSVGGQGGYEQYF
1823,CSVGDGSSYEQYF,CSVGRGSSYEQYF
1824,CSVGDGSSYEQYF,CSVGQGSSYEQYF
