,Seq1,Seq2
0,CSARDRISYEQYF,CSARDRESYEQYF
1,CASSYGAYNEQFF,CASSYRGAYNEQFF
2,CASSFSSYNEQFF,CASSGFSSYNEQFF
3,CSARDRERYEQYF,CSARDRESYEQYF
4,CATSRVDNEQFF,CATSRVYNEQFF
5,CASSLGRGGNEQFF,CASSLGSGGNEQFF
6,CASSFDSSYEQYF,CASSFSSYEQYF
7,CASSLPGSYEQYF,CASSLSGSYEQYF
8,CASSLGGEETQYF,CASSLLGEETQYF
9,CASSLDSYEQYF,CASSLSSYEQYF
10,CASSLDSYEQYF,CASSLMSYEQYF
11,CSVGRGPYEQYF,CSVGRGGYEQYF
12,CASSLESGELFF,CASSLGSGELFF
13,CASSYLYEQYF,CASSYGYEQYF
14,CSARGEGNYGYTF,CSARGENYGYTF
15,CASSGRDSSYEQYF,CASSGRDSPYEQYF
16,CASSQDPGGNTEAFF,CASSQDPGVNTEAFF
17,CASSQDPGGNTEAFF,CASSQDPGLNTEAFF
18,CASSQDPGGNTEAFF,CASSQDPGMNTEAFF
19,CASSFIGETQYF,CASSFSGETQYF
20,CASSLAGGTETQYF,CASSLAGGTDTQYF
21,CASSLGTTDTQYF,CASSLGSTDTQYF
22,CASSLPGSYEQYF,CASSLGGSYEQYF
23,CASSYLGNEQFF,CASSYLDNEQFF
24,CSARDQADSYEQYF,CSARDADSYEQYF
25,CASSYPDTQYF,CASSYGDTQYF
26,CSAQGGGDYGYTF,CSAGGGGDYGYTF
27,CASSQEGVGTEAFF,CASSQGVGTEAFF
28,CASSYLYEQYF,CASSYIYEQYF
29,CASSYLYEQYF,CASSYVYEQYF
30,CASSVGNTYEQYF,CASSVGDTYEQYF
31,CSARPGLNTEAFF,CSAIPGLNTEAFF
32,CSVGETGNSGNTIYF,CSVETGNSGNTIYF
33,CASSLSGNNEQFF,CASSLSGANEQFF
34,CASSLDSYEQYF,CASSLDGYEQYF
35,CASSLWGGLEAFF,CASSLGGLEAFF
36,CATSDLGGYEQYF,CATSDGGYEQYF
37,CASSLIGGADTQYF,CASSLIGGGDTQYF
38,CSARDPGQGYEQYF,CSARDPGQAYEQYF
39,CASSLFAGAYNEQFF,CASSLAGAYNEQFF
40,CSARDPGGSYEQYF,CSARDPGGAYEQYF
41,CASSLSGNTEAFF,CASSLSGGTEAFF
42,CSASFGYEQYF,CSASYGYEQYF
43,CASSYSSYNEQFF,CASSYSGSYNEQFF
44,CASSYGAYNEQFF,CASSSGAYNEQFF
45,CSASEGYEQYF,CSANEGYEQYF
46,CSASEGYEQYF,CSASYGYEQYF
47,CASSEGGRGDTQYF,CASSEGGRFDTQYF
48,CASSIFGTANQPQHF,CASSISGTANQPQHF
49,CASSGTGGYEQYF,CASSDGTGGYEQYF
50,CASSQDWGSYNEQFF,CASSQDWGYNEQFF
51,CASSPDGYTEAFF,CASSPGYTEAFF
52,CASSLESGELFF,CASSLGSGELFF
53,CASSLDSYEQYF,CASSLDFSYEQYF
54,CASSEGQVSNQPQHF,CASSEGQWSNQPQHF
55,CASSEGQVSNQPQHF,CASSEGQYSNQPQHF
56,CASSEGTVSNQPQHF,CASSSGTVSNQPQHF
57,CASSLPGGTEAFF,CASSPGGTEAFF
58,CASSLSGNNEQFF,CASSLMGNNEQFF
59,CASSLGDSSYEQYF,CASTLGDSSYEQYF
60,CSVGQGPYEQYF,CSVEQGPYEQYF
61,CSAGTGGTGELFF,CSAGIGGTGELFF
62,CSAGTGPYEQYF,CSAGTGDYEQYF
63,CASSEGYSGNTIYF,CASSEGPYSGNTIYF
64,CASSEQFNEKLFF,CASSEQGNEKLFF
65,CSVEWVYNEQFF,CSVEAVYNEQFF
66,CASSQAGVYEQYF,CASSQEGVYEQYF
67,CSAGTGPYEQYF,CSAGTGTYEQYF
68,CASSQDPGGNTEAFF,CASSQDPGLNTEAFF
69,CASSLSGNNEQFF,CASSLSGNYNEQFF
70,CASSYSSYNEQFF,CASSYSYNEQFF
71,CASSFLGNEQFF,CASSFLNEQFF
72,CASSYQSSYEQYF,CASSYTQSSYEQYF
73,CAWSVLAGGEQYF,CAWSVLAGAGEQYF
74,CASSLESGELFF,CASSLASGELFF
75,CASSLGDSSYEQYF,CASSLGDSPYEQYF
76,CSARDPSYEQYF,CSARDLSYEQYF
77,CSARDTLSYEQYF,CSARDLSYEQYF
78,CASSSGTVNTGELFF,CASSLGTVNTGELFF
79,CASSGPGDTEAFF,CASSSPGDTEAFF
80,CASSFRGLNEQFF,CASSFGGLNEQFF
81,CASSLIGGADTQYF,CASSLTGGADTQYF
82,CASSLGPTDTQYF,CASSLGSTDTQYF
83,CASSPLGNEQFF,CASSFLGNEQFF
84,CSVEGAGGYEQYF,CSVEGLGGYEQYF
85,CASSLSGNNEQFF,CASSLSDGNNEQFF
86,CASSLDSYEQYF,CASSLSSYEQYF
87,CASSLDSYEQYF,CASSLEDSYEQYF
88,CASSYEREEAFF,CASSYERTEAFF
89,CSARDPGGSYEQYF,CSARDPTGSYEQYF
90,CSARDPGGSYEQYF,CSARDPSGSYEQYF
91,CASSLPLQETQYF,CASSLPEQETQYF
92,CASSFLGNEQFF,CASSPLGNEQFF
93,CASSKLNTEAFF,CASSMLNTEAFF
94,CASSLLGGDGYTF,CASSFLGGDGYTF
95,CSARDRNQPQHF,CSARDRSQPQHF
96,CSARGEGNYGYTF,CSARGGNYGYTF
97,CASSLGTSSYEQYF,CASSLGRTSSYEQYF
98,CASSVGNTYEQYF,CASSVGHTYEQYF
99,CSARARSQPQHF,CSARDRSQPQHF
100,CASSLLRADTQYF,CASSLLRGDTQYF
101,CSAPVTNYEQYF,CSAPVTSYEQYF
102,CASSGLAGTDTQYF,CASSFLAGTDTQYF
103,CASSFLGNEQFF,CASSRLGNEQFF
104,CASSFLGNEQFF,CASSFGNEQFF
105,CASSERTNTEAFF,CASSEARTNTEAFF
106,CASSPLGNEQFF,CASSRLGNEQFF
107,CASSLPISYEQYF,CASSLISYEQYF
108,CSARPRNQPQHF,CSARPVNQPQHF
109,CASSKLNTEAFF,CASSIKLNTEAFF
110,CASSKLNTEAFF,CASSDKLNTEAFF
111,CASSLAGGLETQYF,CASSLAGLETQYF
112,CASSLGPTDTQYF,CASSLGSTDTQYF
113,CASSLDSYEQYF,CASSLVSYEQYF
114,CASSLPGSYEQYF,CASSLLGSYEQYF
115,CASSLTWYNEQFF,CASSLTAYNEQFF
116,CASSQDRSYNEQFF,CASSQDRTYNEQFF
117,CASSLSGNTEAFF,CASSLVGNTEAFF
118,CSAWGMNTEAFF,CSALGMNTEAFF
119,CASSLPHSYEQYF,CASSLPDHSYEQYF
120,CASSYSSYNEQFF,CASSYSASYNEQFF
121,CASSQDLGTDTQYF,CASSQDRGTDTQYF
122,CASSLAGDYEQYF,CASSLAGVYEQYF
123,CSADRNSYNEQFF,CSADRANSYNEQFF
124,CASSSNTEAFF,CASSVNTEAFF
125,CASSVGTANTEAFF,CASSVGAANTEAFF
126,CASSLGGVEAFF,CASSLGGEAFF
127,CASSVEGQNTEAFF,CASSVGGQNTEAFF
128,CASSTSDSSYEQYF,CASSSDSSYEQYF
129,CASSIGGNEQFF,CASSIGLGNEQFF
130,CSARGQGYEQYF,CSATGQGYEQYF
131,CASNQGGTEAFF,CASSQGGTEAFF
132,CASSLGAQETQYF,CASSLAAQETQYF
133,CASSLPGGYEQYF,CASSLGGYEQYF
134,CASSSNTEAFF,CASSWNTEAFF
135,CASSYSDNEQFF,CASSYLDNEQFF
136,CASSYSDNEQFF,CASSYGDNEQFF
137,CASSLGAGGYEQYF,CASSLGGGYEQYF
138,CSASRGEETQYF,CSASRGSETQYF
139,CSVEGGYNEQFF,CSVEGGGNEQFF
140,CASSYGSGTQYF,CASSYGSETQYF
141,CASSYSGDGYTF,CASSYSGSGYTF
142,CASSLEAYEQYF,CASSLGAYEQYF
143,CASSLEAYEQYF,CASSLVAYEQYF
144,CASSLGVTGELFF,CASSLGTGELFF
145,CASSLLAGTYNEQFF,CASSLLAGIYNEQFF
146,CASSLLAGTYNEQFF,CASSLLAGGYNEQFF
147,CASSLSSGGYNEQFF,CASSLVSGGYNEQFF
148,CASSQGTYEQYF,CASSQGYEQYF
149,CASSPSGGYGYTF,CASSPSGTYGYTF
150,CAISESGYEQYF,CAISESYEQYF
151,CASSFGGRAGEQYF,CASSFGGAGEQYF
152,CASSLEAYEQYF,CASSLQAYEQYF
153,CASSLGGDTQYF,CASSFGGDTQYF
154,CASSLGYNEQFF,CASSLYNEQFF
155,CASSLLAGTYNEQFF,CASSLLAGGYNEQFF
156,CSARGVSNTGELFF,CSARGVTNTGELFF
157,CASSQETSGTYEQYF,CASSQEISGTYEQYF
158,CASSLAGGLNEQFF,CASSLAGGLDEQFF
159,CSARGLAGVSYEQYF,CSARGLAGVYEQYF
160,CASSYDGNYGYTF,CASSYAGNYGYTF
161,CSATGGSSYNEQFF,CSATGGGSSYNEQFF
162,CSATGGSSYNEQFF,CSATGGSSSYNEQFF
163,CASSGPSYEQYF,CASSGGSYEQYF
164,CASSLGGVEAFF,CASSLGGEAFF
165,CSVEGGYNEQFF,CSVSGGYNEQFF
166,CASSLGGRTEAFF,CASSLGGTEAFF
167,CASSQGLAGVYEQYF,CASSQGLAGSYEQYF
168,CASSSNTEAFF,CASSWNTEAFF
169,CASNQGGTEAFF,CASSQGGTEAFF
170,CASSLGGGTDTQYF,CASSLGGSGTDTQYF
171,CASSLRGEKLFF,CASSLGEKLFF
172,CASSRNQPQHF,CASSGNQPQHF
173,CASSRNQPQHF,CASSRGQPQHF
174,CSAAPLAKNIQYF,CSASPLAKNIQYF
175,CASRGQGPYEQYF,CASGQGPYEQYF
176,CSVEGGYNEQFF,CSVEGGHNEQFF
177,CASSQDGEWTEAFF,CASSQDGETEAFF
178,CASSQGTYEQYF,CASSQGYEQYF
179,CASSLWPATDTQYF,CASSLQPATDTQYF
180,CASSLAGGPYNEQFF,CASSLAGYPYNEQFF
181,CASSLSGTEAFF,CASSLSGFTEAFF
182,CSVERTGETQYF,CSVDRTGETQYF
183,CSVEGGYNEQFF,CSVEGRYNEQFF
184,CSVEGGYNEQFF,CSVEGYYNEQFF
185,CASSLATGELFF,CASSLTGELFF
186,CASSPGQVETQYF,CASSPGQETQYF
187,CASSTLTGELFF,CASSLTGELFF
188,CASSLGNTEAFF,CASSSGNTEAFF
189,CSVEGGSSYNEQFF,CSVEGEGSSYNEQFF
190,CASSIGAGGTDTQYF,CASSIGAGPTDTQYF
191,CASSQSETGELFF,CASSQETGELFF
192,CASSLAGAHEQYF,CASSLAGAYEQYF
193,CASSLAGAHEQYF,CASSLAGANEQYF
194,CASSLAGAHEQYF,CASSLAGAREQYF
195,CASSLAGAHEQYF,CASSLAGAWEQYF
196,CASSLAGAHEQYF,CASSLAGAQEQYF
197,CASSLAGADEAFF,CASSLAGAFEAFF
198,CASSLAGADEAFF,CASSLAGAEAFF
199,CASSLAGADEAFF,CASSLAGAPEAFF
200,CASSLAGADEAFF,CASSLAGAYEAFF
201,CASSLAGADEAFF,CASSLAGATEAFF
202,CASSFGNEQFF,CASSWGNEQFF
203,CSVAGSGELFF,CSVPGSGELFF
204,CASSLSGTEAFF,CASSLSGYTEAFF
205,CASSLSGTEAFF,CASSLAGTEAFF
206,CASSLGGVEAFF,CASSLAGVEAFF
207,CASSLGGVEAFF,CASSLGGVELFF
208,CASSLYSSYNEQFF,CASSLSSYNEQFF
209,CASSSNTEAFF,CASSSQNTEAFF
210,CASSSNTEAFF,CASSSVNTEAFF
211,CASSWGTYNEQFF,CASSPGTYNEQFF
212,CAISESGYEQYF,CAISESYEQYF
213,CASSLGNTEAFF,CASSLEGNTEAFF
214,CASSLPGGYEQYF,CASSLPDGYEQYF
215,CSASLNYNEQFF,CSASLSYNEQFF
216,CASSYSGYEQYF,CASSYSGDEQYF
217,CASSLYSSYNEQFF,CASSLYRSSYNEQFF
218,CASSLGYNEQFF,CASSGYNEQFF
219,CASSYSDNEQFF,CASSYSNEQFF
220,CASSLVQGAYNEQFF,CASSLVGGAYNEQFF
221,CASSRNQPQHF,CASSQNQPQHF
222,CASSRNQPQHF,CASSVNQPQHF
223,CASSLEAGSYNEQFF,CASSLEAHSYNEQFF
224,CSARVRTGGYEQYF,CSARIRTGGYEQYF
225,CASSLAGGPYNEQFF,CASSLAGGIYNEQFF
226,CASSPTGSEQYF,CASSPTGNEQYF
227,CASSYAGTGGTEAFF,CASSYGTGGTEAFF
228,CSASGIYNEQFF,CSAFSGIYNEQFF
229,CASSAGDPYEQYF,CASSAGAPYEQYF
230,CASSYSSTGYEQYF,CASSYSTGYEQYF
231,CSARDFPTGSYEQYF,CSARDPTGSYEQYF
232,CASSSGLNNEQFF,CASSVGLNNEQFF
233,CASSTLTGELFF,CASSTYTGELFF
234,CASSMAGSSYNEQFF,CASMAGSSYNEQFF
235,CASSISGGPSNEQFF,CASSISGGVSNEQFF
236,CASSQGTYEQYF,CASSQGYEQYF
237,CSASRGGNQPQHF,CSASRVGGNQPQHF
238,CASSLYSSYNEQFF,CASSLSSYNEQFF
239,CSARDEGEQYF,CSARDVGEQYF
240,CASSYGSGTQYF,CASSYGGTQYF
241,CASSGAGGGLNEQFF,CASSGAGGGLGEQFF
242,CASSLGVTGELFF,CASSLGLTGELFF
243,CASSLEAGSYNEQFF,CASSLAGSYNEQFF
244,CASSLLGTEAFF,CASSLGGTEAFF
245,CATSDFQGNQPQHF,CATSDRQGNQPQHF
246,CSAQTESSYNEQFF,CSAQTVSSYNEQFF
247,CASSYGGGSYEQYF,CASSYGGSSYEQYF
248,CASSYSGYEQYF,CASSYSGPYEQYF
249,CASSYSGYEQYF,CASSYSGSYEQYF
250,CASSLGGVGYEQYF,CASSLGGGGYEQYF
251,CASSQDRSSGNTIYF,CASSQDQSSGNTIYF
252,CASSYSSTGYEQYF,CASSYSSGYEQYF
253,CSVGGQGYEQYF,CSVGGQGGYEQYF
254,CSVEGGSSYNEQFF,CSVEPGGSSYNEQFF
255,CSVEGGSSYNEQFF,CSVPGGSSYNEQFF
256,CASSQDEGNIQYF,CASSQAEGNIQYF
257,CASSQGDYEQYF,CASSQGYEQYF
258,CASSPEDYNEQFF,CASSPTDYNEQFF
259,CASSFIGNTEAFF,CASSFGNTEAFF
260,CASSLGGGEQFF,CASSLRGGEQFF
261,CASSVVDSEQFF,CASSVGDSEQFF
262,CASSPRVLYEQYF,CASSPRVSYEQYF
263,CASSFSSSGNTIYF,CASSFSSSPGNTIYF
264,CASSLSGSYEQYF,CASSLGGSYEQYF
265,CASSVNTEAFF,CASSWNTEAFF
266,CATSDFGTDTQYF,CATSDPGTDTQYF
267,CASSFSSYEQYF,CASSFGSYEQYF
268,CASSLAGGSQETQYF,CASSLAGSQETQYF
269,CASSLGADYEQYF,CASSLGAYEQYF
270,CASSLGGGSTDTQYF,CASSLIGGSTDTQYF
271,CASSYVGSEQFF,CASSYVGNEQFF
272,CSARVVNTGELFF,CSARTVNTGELFF
273,CASSLGGGEAFF,CASSLGQGEAFF
274,CASSFMSYEQYF,CASSFGSYEQYF
275,CASSSDYEQYF,CASSNDYEQYF
276,CASSFSSYEQYF,CASSFSGYEQYF
277,CATSRDRGLNQPQHF,CATSRDRGYNQPQHF
278,CAISQSYEQYF,CAISNSYEQYF
279,CAISQSYEQYF,CAISESYEQYF
280,CASSLGGGSTDTQYF,CASSLSGGSTDTQYF
281,CATSDWDSQETQYF,CATSDRDSQETQYF
282,CASSYVGGYGYTF,CASSYGGYGYTF
283,CASSFMNTEAFF,CASSFANTEAFF
284,CASSFMNTEAFF,CASSFGNTEAFF
285,CASSWDKSYEQYF,CASSWDRSYEQYF
286,CATQDLFTDTQYF,CATSDLFTDTQYF
287,CASSRSSYEQYF,CASSLRSSYEQYF
288,CASSYSSGSNNEQFF,CASSYSSGSGNEQFF
289,CASSYVGGPEAFF,CASSYAGGPEAFF
290,CATSDLWTDTQYF,CATSDLFTDTQYF
291,CASSLSSYEQYF,CASSLRSSYEQYF
292,CASSPAGGGTDTQYF,CASSWAGGGTDTQYF
293,CATSDLMTDTQYF,CATSDLFTDTQYF
294,CASSLSENSPLHF,CASSLSDNSPLHF
295,CASSLGGSDEQFF,CASSLGGDEQFF
296,CASSLVGGELFF,CASSLGGELFF
297,CASSLVGGELFF,CASSLGGELFF
298,CASSLVGGELFF,CASSLGGELFF
299,CASSPGTGSYEQYF,CASSGTGSYEQYF
300,CASSFEGSYEQYF,CASSFGSYEQYF
301,CASSLLVSNQPQHF,CASSLQVSNQPQHF
302,CASSLRGNTEAFF,CASSRGNTEAFF
303,CASSLRGNTEAFF,CASSLGGNTEAFF
304,CSVETTNTGELFF,CSVCETTNTGELFF
305,CASSPGGTEAFF,CASSQGGTEAFF
306,CASSLSGSYEQYF,CASSLSGTYEQYF
307,CASSLVSSYNEQFF,CASSLTSSYNEQFF
308,CASSLGGGSTDTQYF,CASSLGGASTDTQYF
309,CASSVNTEAFF,CASSWNTEAFF
310,CASSFSHEQYF,CASSFSYEQYF
311,CASSLDPGAYNEQFF,CASSLDPDAYNEQFF
312,CASSLGGTYEQYF,CASSPGGTYEQYF
313,CASSRGSSYEQYF,CASSFGSSYEQYF
314,CASSQGWEQYF,CASSQGYEQYF
315,CASSQGGGGTDTQYF,CASSQAGGGTDTQYF
316,CASSLSTGNYGYTF,CASSLQTGNYGYTF
317,CASGGQPYNEQFF,CASGGPYNEQFF
318,CASSLVGGYEQYF,CASSLEGGYEQYF
319,CASSLVGGEQYF,CASSLVGDEQYF
320,CASSVVMNTEAFF,CASSVMNTEAFF
321,CASSVLMNTEAFF,CASSVMNTEAFF
322,CASSLIGGEQYF,CASSLIGDEQYF
323,CASSQEGVLEQYF,CASSQEGVHEQYF
324,CASSLPSYEQYF,CASSLDSYEQYF
325,CATSDLTADTQYF,CATSDLTRDTQYF
326,CASSLVGGEQYF,CASSLAGGEQYF
327,CASSLGGTYEQYF,CASSLGGQTYEQYF
328,CATSDLWTDTQYF,CATSDLATDTQYF
329,CATSDLWTDTQYF,CATSDLVTDTQYF
330,CASSAGSYEQYF,CASSLAGSYEQYF
331,CATSDLMTDTQYF,CATSDLATDTQYF
332,CATSDLMTDTQYF,CATSDLVTDTQYF
333,CASSLIGGEQYF,CASSLAGGEQYF
334,CATSDLYRDEQYF,CATSDLTRDEQYF
335,CATSDLTEDTQYF,CATSDLTRDTQYF
336,CASSYVGGNTEAFF,CASSYSGGNTEAFF
337,CATSRDRGLNQPQHF,CATSRDRGSNQPQHF
338,CAISQSYEQYF,CAISESYEQYF
339,CASSQDGSYEQYF,CASSQDVGSYEQYF
340,CASSLVLGEQYF,CASSLVGEQYF
341,CASSLSGATEAFF,CASSLVSGATEAFF
342,CASSVNTEAFF,CASSSVNTEAFF
343,CASSLVDSGNTIYF,CASSLGDSGNTIYF
344,CASSFIGNTEAFF,CASSFRGNTEAFF
345,CASSFSHEQYF,CASSFSYEQYF
346,CASSLGGGSTDTQYF,CASSLTGGSTDTQYF
347,CASSLRGNTEAFF,CASSFRGNTEAFF
348,CASSFGDYEQYF,CASSFDYEQYF
349,CASSSDYEQYF,CASSFDYEQYF
350,CASSVVGNTEAFF,CASSVVGGNTEAFF
351,CASSPMNTEAFF,CASSPGNTEAFF
352,CASSLAGGAGETQYF,CASSLAGGRGETQYF
353,CASSLAGGSGETQYF,CASSLAGGRGETQYF
354,CASSRSSYEQYF,CASSRVSYEQYF
355,CASSYMNTEAFF,CASSDMNTEAFF
356,CASSPMNTEAFF,CASSDMNTEAFF
357,CASSQGQGHQPQHF,CASSQGQGGHQPQHF
358,CASSLGGGEQFF,CASSLGGDEQFF
359,CASSFMNTEAFF,CASSDMNTEAFF
360,CASSQSSYEQYF,CASSLSSYEQYF
361,CASSFSSYEQYF,CASSLSSYEQYF
362,CASSRSSYEQYF,CASSLSSYEQYF
363,CASSPLDRGGYEQYF,CASSPLDRGYEQYF
364,CASSLMSYEQYF,CASSLSSYEQYF
365,CASSDTGNYGYTF,CASSDTDNYGYTF
366,CASSLTAGATDTQYF,CASSLTGATDTQYF
367,CASSYSTSGYEQYF,CASSYSTGYEQYF
368,CASSWSSYEQYF,CASSLSSYEQYF
369,CASSLVGGELFF,CASSLVDGELFF
370,CASSIGGSPYNEQFF,CASSIGGSLYNEQFF
371,CASSIGGSPYNEQFF,CASSIGGSSYNEQFF
372,CASSAGSYEQYF,CASSLGSYEQYF
373,CASSVRDSSYEQYF,CASSVRDSYEQYF
374,CASSPSGSEQFF,CASSPTSGSEQFF
375,CASSLGGTYEQYF,CASSLYGGTYEQYF
376,CASSLGGTYEQYF,CASSLGGFYEQYF
377,CASSESAEGNQPQHF,CASSESAGNQPQHF
378,CASSLRTEAFF,CASSLVRTEAFF
379,CATSRVYNEQFF,CATSRDYNEQFF
380,CASSVSGANVLTF,CASSVGANVLTF
381,CASSLSGSYEQYF,CASSSGSYEQYF
382,CASSQFTDTQYF,CASSQFADTQYF
383,CASSYMNTEAFF,CASSYTNTEAFF
384,CASSVVGNTEAFF,CASSVVMNTEAFF
385,CASSLSSYEQYF,CASSLVSYEQYF
386,CASSLMSYEQYF,CASSLVSYEQYF
387,CASSVLMNTEAFF,CASSVVMNTEAFF
388,CASSLAGVYEQYF,CASSLAGVPYEQYF
389,CASSPVGADTQYF,CASSPLGADTQYF
390,CSADGLAGDYNEQFF,CSADGLAGDNEQFF
391,CASSYMNTEAFF,CASSSYMNTEAFF
392,CASSLSGSYEQYF,CASSLLGSYEQYF
393,CASSPLGDTQYF,CASSPLGADTQYF
394,CASSPGQGAYEQYF,CASSQGQGAYEQYF
395,CASSLSTGNYGYTF,CASSLTGNYGYTF
396,CASSQDPGQVNGYTF,CASSQDPGQVYGYTF
397,CASSSDYEQYF,CASSSDSYEQYF
398,CASSLVGGELFF,CASSLGGGELFF
399,CASSLVGGELFF,CASSLVSGELFF
400,CASSQGQNTYEQYF,CASSQGQDTYEQYF
401,CASSLSTYEQYF,CASSLASTYEQYF
402,CASSLGGTYEQYF,CASSLGGYEQYF
403,CASSVVGNTEAFF,CASSVVGKNTEAFF
404,CASSLSGSYEQYF,CASSLSGDSYEQYF
405,CASSQDLNNEQFF,CASSQDLANEQFF
406,CASSLDPYNEQFF,CASSLEPYNEQFF
407,CASSLGGGEQFF,CASSLGGGELFF
408,CATSDFGTDTQYF,CATSDFGDTDTQYF
409,CASSYSTSGYEQYF,CASSYSSGYEQYF
410,CASSTGETQYF,CASSPTGETQYF
411,CASSVGNEQFF,CASSVGDNEQFF
412,CASSVANEQFF,CASSVADNEQFF
413,CASSVGGNEQFF,CASSVGDNEQFF
414,CASSVGGAEQYF,CASSVGEAEQYF
415,CASSVADTQYF,CASSVASDTQYF
416,CASSDNQETQYF,CASSVNQETQYF
417,CASSVGSEQFF,CASSVGDSEQFF
418,CASSVSDTQYF,CASSVASDTQYF
419,CASSVGEAQYF,CASSVGEAEQYF
420,CASSEGGDTEAFF,CASSEGDTEAFF
421,CASSLEAAQETQYF,CASSLAAQETQYF
422,CASSVGDEQYF,CASSVGDNEQYF
423,CASSVGNEQYF,CASSVGDNEQYF
424,CASSGLGDNEQFF,CASSGAGDNEQFF
425,CASSVADEQFF,CASSVADNEQFF
426,CASSVGDEQFF,CASSVGDSEQFF
427,CASSVGDEQFF,CASSVGDNEQFF
428,CASSQEGTASYEQYF,CASSQEGSASYEQYF
429,CASSVGSGSYEQYF,CASSVDSGSYEQYF
430,CASSVGGEQFF,CASSVPGGEQFF
431,CASSTGETQYF,CASSLTGETQYF
432,CASSLYGIEQYF,CASSLYGPEQYF
433,CASSRGAEAFF,CASSGGAEAFF
434,CASSPGGEQFF,CASSLGGEQFF
435,CASSQPSYEQYF,CASSQPSPEQYF
436,CASSRGYEQYF,CASSRDGYEQYF
437,CASSFPGEQFF,CASSFQGEQFF
438,CASSLGGELFF,CASSLGGEQFF
439,CASSLGETQYF,CASSLTGETQYF
440,CASSLTNTEAFF,CASSLGTNTEAFF
441,CASSVGETQYF,CASSVAGETQYF
442,CASSVGGSEQYF,CASSVGGYEQYF
443,CASSVGGNEQFF,CASSVGGYNEQFF
444,CASSVGGAEQYF,CASSVGGYEQYF
445,CASSVGGEQYF,CASSVGGYEQYF
446,CASSVGGGEQYF,CASSVGGYEQYF
447,CASSLGTEAFF,CASSLGGTEAFF
448,CASSVGYEQYF,CASSVGGYEQYF
449,CASSPYNNEQFF,CASSPHNNEQFF
450,CASSESGTGGHEQFF,CASSESGTGGNEQFF
451,CASSQGYEQYF,CASSQGGEQYF
452,CASSTGGELFF,CASSGGGELFF
453,CASSVGSGSYEQYF,CASSVGGSYEQYF
454,CASSVGSGSYEQYF,CASSVGSGRYEQYF
455,CASSVGGSEQYF,CASSVGGSYEQYF
456,CASSVGGSEQYF,CASSVGGSNEQYF
457,CASSLGAEQYF,CASSLGHEQYF
458,CASSVGGGTYNEQFF,CASSVGGGYNEQFF
459,CASTGTDYNEQFF,CASSGTDYNEQFF
460,CASSGSSYNEQFF,CASSGSGYNEQFF
461,CASSVGGNEQFF,CASSVGGYNEQFF
462,CASSPGTEAFF,CASSHGTEAFF
463,CASSGSAYNEQFF,CASSGSGYNEQFF
464,CASSLAGASGYTF,CASSLGASGYTF
465,CASSEGGDTEAFF,CASSEGGSTEAFF
466,CASSLGQGWDEQYF,CASSLGQGNDEQYF
467,CASSLGGEAFF,CASSLGGELFF
468,CASSLGGEAFF,CASSLGGAAFF
469,CASSLGGEAFF,CASSLGGELFF
470,CASSLGGEAFF,CASSLGGEQFF
471,CASSLGGEAFF,CASSLGGELFF
472,CASSLGGEAFF,CASSLGSEAFF
473,CASSVGGSTEAFF,CASSSGGSTEAFF
474,CASSVGGSTEAFF,CASSEGGSTEAFF
475,CASSVGGSTEAFF,CASSAGGSTEAFF
476,CASSVGGSTEAFF,CASSPGGSTEAFF
477,CASSAGYEQYF,CASSAGSYEQYF
478,CASSFSGNTGELFF,CASSFSPNTGELFF
479,CASSLHSNTGELFF,CASSLNSNTGELFF
480,CASSVGGELFF,CASSGGGELFF
481,CASSVGDEQFF,CASSVGLDEQFF
482,CASSLPGDPYEQYF,CASSLPAGDPYEQYF
483,CASSLAGTDTQYF,CASSLALTDTQYF
484,CASSPGTEAFF,CASSPIGTEAFF
485,CASSPRDGPYEQYF,CASSPRDGSPYEQYF
486,CASSGLGDNEQFF,CASSPLGDNEQFF
487,CASSLAVYNEQFF,CASSLAGYNEQFF
488,CASSPGTTYEQYF,CASSPGTAYEQYF
489,CASSQYMNTEAFF,CASSQNMNTEAFF
490,CASSEGLRPYEQYF,CASSEGLGPYEQYF
491,CASSVGNEQFF,CASSVRGNEQFF
492,CASSVGGNEQFF,CASSVRGNEQFF
493,CASSQESGRTYEQYF,CASSQERGRTYEQYF
494,CASSPTLVPYEQYF,CASSPTGVPYEQYF
495,CASSLGSGELFF,CASSLASGELFF
496,CASSQTENTEAFF,CASSQLENTEAFF
497,CASSQGNEQFF,CASSQEGNEQFF
498,CASSLGTEAFF,CASSLGVEAFF
499,CASSQAPGSYEQYF,CASSQAPGAYEQYF
500,CASSLEGQQNTEAFF,CASSLEGQVNTEAFF
501,CASSLGATYEQYF,CASSLGQTYEQYF
502,CASSLGTEAFF,CASSSGTEAFF
503,CASSVGYEQYF,CASSVDGYEQYF
504,CASRKNTGELFF,CASRGNTGELFF
505,CASSPGASPYEQYF,CASSPGAPYEQYF
506,CASSPGTTYEQYF,CASSPGSTYEQYF
507,CASSEGTGLYEQYF,CASSEGTGRLYEQYF
508,CASSVGQTQYF,CASSVGETQYF
509,CASSVGSGSYEQYF,CASSVGSGHYEQYF
510,CASSVGGEQFF,CASSVGGNEQFF
511,CASSLAVYEQYF,CASSLADYEQYF
512,CASSTGETQYF,CASSVGETQYF
513,CASSVGNEQFF,CASSVGGNEQFF
514,CASSVANEQFF,CASSVAREQFF
515,CASSVGDTQYF,CASSVGETQYF
516,CASSESTGELFF,CASSVSTGELFF
517,CASSVGEAQYF,CASSVGETQYF
518,CASSVGGGADQPQHF,CASSVGGADQPQHF
519,CASSVGEQQYF,CASSVGETQYF
520,CASSVGGGEQYF,CASSVGGGYEQYF
521,CASSVSETQYF,CASSVGETQYF
522,CASSAGSSYNEQFF,CASSASGSSYNEQFF
523,CASRLTRGYNEQFF,CASSLTRGYNEQFF
524,CASSLGTEAFF,CASSRGTEAFF
525,CASSVGAANTEAFF,CASGVGAANTEAFF
526,CASSLGETQYF,CASSVGETQYF
527,CASSVAQEQFF,CASSVAREQFF
528,CASSVADEQFF,CASSVAREQFF
529,CASSLGGLSYEQYF,CASSLGGPSYEQYF
530,CASSVAEEQFF,CASSVAREQFF
531,CASSVGGTQYF,CASSVGETQYF
532,CASSASGSSYNEQFF,CASSPSGSSYNEQFF
533,CASSASGSSYNEQFF,CASSASGDSYNEQFF
534,CASSSPGTSTDTQYF,CASSSPGTSGDTQYF
535,CASWGIQETQYF,CASSGIQETQYF
536,CASSPRDGPYEQYF,CASSPRDLGPYEQYF
537,CASSYGQGETQYF,CASSYGGETQYF
538,CSVVNTGELFF,CSVGNTGELFF
539,CASSPGAGELFF,CASSPAGELFF
540,CASSPSGSGYEQYF,CASSPSGSYEQYF
541,CASSVGSGSYEQYF,CASSVGSGSSYEQYF
542,CASSRGSGSYEQYF,CASSRGSGSSYEQYF
543,CASSVGGNEQFF,CASSVGWGNEQFF
544,CASSGLAGAGELFF,CASSGLAGTGELFF
545,CASSYGQGETQYF,CASSYGNGETQYF
546,CASSLAGPDTQYF,CASSLAPDTQYF
547,CASSLTNTEAFF,CASSLTVNTEAFF
548,CASSGLAGRYNEQFF,CASSGLAGTYNEQFF
549,CASSEGTGLYEQYF,CASSEGTGWYEQYF
550,CASSYGQNEQFF,CASSYGDNEQFF
551,CATSDLQGITDTQYF,CATSDLQGETDTQYF
552,CASSSGTGNTEAFF,CASSSGTMNTEAFF
553,CASSLGGLNTEAFF,CASSLGELNTEAFF
554,CASSIGGLSYEQYF,CASSIGTGLSYEQYF
555,CASSIGGLSYEQYF,CASSIGRGLSYEQYF
556,CASSIGGLSYEQYF,CASSIGIGLSYEQYF
557,CASSIGGLSYEQYF,CASSIGQGLSYEQYF
558,CASSFGTDTQYF,CASSGTDTQYF
559,CASSIGQGLINEQFF,CASSIGQGLHNEQFF
560,CASSIGQGLINEQFF,CASSLGQGLINEQFF
561,CASSIGQGLINEQFF,CASSIGQGLRNEQFF
562,CASSSLTGNTEAFF,CASSSGTGNTEAFF
563,CASSYGYEQYF,CASSYIYEQYF
564,CASSYGYEQYF,CASSYVYEQYF
565,CASSIGGRTGELFF,CASSIGGYTGELFF
566,CASSPTGETQYF,CASSLTGETQYF
567,CASSQERRGGETQYF,CASSQERGGETQYF
568,CASSLSDTQYF,CASSLGSDTQYF
569,CSARGDLGTGELFF,CSARDLGTGELFF
570,CASSWGNYEQYF,CASSWGAYEQYF
571,CASSFGPYEQYF,CASSPGPYEQYF
572,CASSFGPYEQYF,CASSFGSYEQYF
573,CASSLARNEQFF,CASSLAGNEQFF
574,CASSFGTAEAFF,CASSFGGAEAFF
575,CASSWGNYEQYF,CASSWGGYEQYF
576,CASSFGTDTQYF,CASSFGGDTQYF
577,CASSFGPYEQYF,CASSFGIYEQYF
578,CASSLTGGHTDTQYF,CASSLTGGGTDTQYF
579,CASSLGRGSSYEQYF,CASSLRGSSYEQYF
580,CSARGTEYGYTF,CSARGTEDGYTF
581,CASSLGGYEQYF,CASSWGGYEQYF
582,CASSDGGQETQYF,CASSDTGGQETQYF
583,CASSYSGNTEAFF,CASSYSGGTEAFF
584,CASSGGLDGELFF,CASSGGLGELFF
585,CASSGGSSYEQYF,CASSGGSYEQYF
586,CASSSVSYEQYF,CASSQVSYEQYF
587,CASSQGGSEQYF,CASSLGGSEQYF
588,CASSQGGSEQYF,CASSQGGNEQYF
589,CASSFGNTEAFF,CASSRGNTEAFF
590,CASSQGGTEAFF,CASSRGGTEAFF
591,CASSQGGTEAFF,CASSHGGTEAFF
592,CASSIRSAYEQYF,CASSIRSSYEQYF
593,CASSSVSYEQYF,CASSSESYEQYF
594,CASSGPTYEQYF,CASSPTYEQYF
595,CASSPPSNEQFF,CASSPPSGNEQFF
596,CASSFDSSYEQYF,CASSFGSSYEQYF
597,CASSLSGAGYGYTF,CASSLSGADYGYTF
598,CASSQVGIQETQYF,CASSQVRGIQETQYF
599,CASSYTRGYEQYF,CASSYERGYEQYF
600,CASSSTASYEQYF,CASSSTDSYEQYF
601,CAISESWDTQYF,CAISESWTDTQYF
602,CASSFGSSYEQYF,CASSPGSSYEQYF
603,CASSLGGYEQYF,CASSLGGTEQYF
604,CASSYSGRQETQYF,CASSYSGQETQYF
605,CASSYSGNTEAFF,CASSYSGGNTEAFF
606,CASSLGNEQFF,CASSLGGEQFF
607,CASSVADPNYGYTF,CASSVADSNYGYTF
608,CSARDLTGNTGELFF,CSARDLGNTGELFF
609,CASSFGNTEAFF,CASSFRGNTEAFF
610,CASSFGTDTQYF,CASSFTDTQYF
611,CASSLTGGHTDTQYF,CASSLTGGSTDTQYF
612,CASSLARNEQFF,CASSLANEQFF
613,CASSQEGYNEQFF,CASSQEGNEQFF
614,CASSGGNTEAFF,CASSGPNTEAFF
615,CASSYGPSEQYF,CASSYGPAEQYF
616,CASSFGGLSYNEQFF,CASSLGGLSYNEQFF
617,CASSFGTAEAFF,CASSFGGAEAFF
618,CASSYSFGELFF,CASSYSIGELFF
619,CASSARNTEAFF,CASSAGNTEAFF
620,CASSLGGLNTEAFF,CASSLGTGLNTEAFF
621,CASSYGLAYEQYF,CASSYQGLAYEQYF
622,CASSLLGYEQYF,CASSLGYEQYF
623,CASSLQYEQYF,CASSLGYEQYF
624,CASSLRDSPYNEQFF,CASSLRDSYNEQFF
625,CASSLGVSYEQYF,CASSLGSYEQYF
626,CASSYTRGYEQYF,CASSYTRDGYEQYF
627,CASSLDRSYEQYF,CASSLERSYEQYF
628,CASSLDRSYEQYF,CASSSLDRSYEQYF
629,CASSFGPYEQYF,CASSFGYEQYF
630,CASSQVGGNEQFF,CASSQVHGNEQFF
631,CASSLLGYEQYF,CASSDLGYEQYF
632,CASSLAAQETQYF,CASSFLAAQETQYF
633,CSARGENYGYTF,CSARGGNYGYTF
634,CSAREGRTEAFF,CSARPGRTEAFF
635,CASSGGSSYEQYF,CASSGGNSYEQYF
636,CASSVGDNEQFF,CASSVGGNEQFF
637,CASSTGQGSYEQYF,CASSTGQGTYEQYF
638,CASSLAAQETQYF,CASSLAGQETQYF
639,CASSPRDRVHEQYF,CASSPTDRVHEQYF
640,CASSLSVRTEQYF,CASSLSVGTEQYF
641,CASSPPSNEQFF,CASSPSNEQFF
642,CASSLGTSYNEQFF,CASSLGASYNEQFF
643,CASSPIDRVTEAFF,CASSPPDRVTEAFF
644,CASSLGRGTYEQYF,CASSLGGTYEQYF
645,CASSQVGGNEQFF,CASSQTGGNEQFF
646,CASSVGDNEQYF,CASSVGDNYEQYF
647,CASSLLGYEQYF,CASSLLGSYEQYF
648,CASSLTRNEQFF,CASSLTENEQFF
649,CASSLARNEQFF,CASSLAGNEQFF
650,CASSQESYNEQFF,CASSQESNYNEQFF
651,CASSPPSNEQFF,CASSPLSNEQFF
652,CASSSDSSYEQYF,CASSSSSYEQYF
653,CASSSDSSYEQYF,CASSSDSYEQYF
654,CASSWGNYEQYF,CASSWGYEQYF
655,CASSGDSSYEQYF,CASSGDSYEQYF
656,CASSLGTSYNEQFF,CASSLGASYNEQFF
657,CASSVVADTDTQYF,CASSVVASTDTQYF
658,CASSMGQGTYEQYF,CASSMGQGTSYEQYF
659,CASSMGQGTYEQYF,CASSMGQGVTYEQYF
660,CASSMGQGTYEQYF,CASSMGQGLTYEQYF
661,CASSMGQGTYEQYF,CASSMGQGTTYEQYF
662,CASSWSNTGELFF,CASSSNTGELFF
663,CATSDPGTGYEQYF,CATSDPGTYEQYF
664,CASSLSTGNTIYF,CASSLSGNTIYF
665,CASSLQLNTEAFF,CASSLQGNTEAFF
666,CASSLGGGYEQYF,CASSLAGGGYEQYF
667,CASSLGGGYNEQFF,CASSLVGGGYNEQFF
668,CASSLGAGGGETQYF,CASSLGAGGETQYF
669,CASSFGYEQYF,CASSQGYEQYF
670,CASSFGYEQYF,CASSVGYEQYF
671,CASSWNTEAFF,CASSWGTEAFF
672,CASSLLGFSYNEQFF,CASSLLGGSYNEQFF
673,CASGLGTYEQYF,CASGLGGYEQYF
674,CASSLGTGNTEAFF,CASSLGGNTEAFF
675,CASSPAGAYEQYF,CASSPAGNYEQYF
676,CASSLTSGIYNEQFF,CASSLTSGPYNEQFF
677,CASSLTAGNTEAFF,CASSLTVGNTEAFF
678,CASSLTAGNTEAFF,CASSLTPGNTEAFF
679,CASSLGGGYEQYF,CASSLGGYEQYF
680,CASSSTGGLYNEQFF,CASSSTGGAYNEQFF
681,CASSLGSTDTQYF,CASSLGSDTQYF
682,CAIGGTGGTGELFF,CAGGTGGTGELFF
683,CASSLGGGYEQYF,CASSLGGYEQYF
684,CASSPGVGNQPQHF,CASSPGVYGNQPQHF
685,CASSLTGETYEQYF,CASSLTGTYEQYF
686,CASSLGEYTDTQYF,CASSLGPYTDTQYF
687,CASSLSGQPQHF,CASSLIGQPQHF
688,CASSLGSGSYNEQFF,CASSLDSGSYNEQFF
689,CASSQVAGGETQYF,CASSQVAGGQETQYF
690,CASSPGGQPQHF,CASSSGGQPQHF
691,CASSSGYEQYF,CASSPSGYEQYF
692,CASGLAAYEQYF,CASGLLAYEQYF
693,CASSQGGQPQHF,CASSSGGQPQHF
694,CASSLGGGYEQYF,CASSLEGGYEQYF
695,CASSQDSGLNTEAFF,CASSQDPGLNTEAFF
696,CASSWGQGVYNEQFF,CASSQGQGVYNEQFF
697,CASSQDPGVNTEAFF,CASSQDPGLNTEAFF
698,CASSFPGAEQYF,CASSFVGAEQYF
699,CASSWGQTYEQYF,CASSSGQTYEQYF
700,CASSLYTGSNTEAFF,CASSLTGSNTEAFF
701,CASSQDPGMNTEAFF,CASSQDPGLNTEAFF
702,CASSLGSTDTQYF,CASSLGTDTQYF
703,CASSLARDTSYEQYF,CASSLARDSYEQYF
704,CASSPSSYEQYF,CASSTSSYEQYF
705,CASSIGGNQPQHF,CASSYGGNQPQHF
706,CASSLSGQPQHF,CASSLSGGQPQHF
707,CASSLGSGSYNEQFF,CASSLTSGSYNEQFF
708,CASSYSAGDTGELFF,CASSYSLGDTGELFF
709,CASSLSGWNTEAFF,CASSLGWNTEAFF
710,CASSLQLNTEAFF,CASSLKLNTEAFF
711,CASSLTSGIYNEQFF,CASSLTSGSYNEQFF
712,CASSLGGGYNEQFF,CASSLGGYNEQFF
713,CASSIGGNQPQHF,CASSLGGNQPQHF
714,CASSLGVYNEQFF,CASSLGGYNEQFF
715,CASSLGVYNEQFF,CASSLGPYNEQFF
716,CASSIQGDNQPQHF,CASSLQGDNQPQHF
717,CASSLTGEAYEQYF,CASSLTEAYEQYF
718,CASSLGTGYNEQFF,CASSLGGYNEQFF
719,CASSLGTGVEYEQYF,CASSLGTGVVYEQYF
720,CASSLGVGNQPQHF,CASSLGGNQPQHF
721,CASSLGIGYNEQFF,CASSLGGYNEQFF
722,CASSLTGETYEQYF,CASSTGETYEQYF
723,CASSVGLSTDTQYF,CASSVGYSTDTQYF
724,CASSWGQTYEQYF,CASSLGQTYEQYF
725,CASSWTGETEAFF,CASSTGETEAFF
726,CASSQVEVTGELFF,CASSQEEVTGELFF
727,CASSRTSGNTDTQYF,CASSRTSGGTDTQYF
728,CASSSNTGELFF,CASSSDTGELFF
729,CASSSNTGELFF,CASSPNTGELFF
730,CASSFGYEQYF,CASSLGYEQYF
731,CASSLSPGSEQYF,CASSLSPGEQYF
732,CASSLTGSSTDTQYF,CASSLGSSTDTQYF
733,CASSYLGGELFF,CASSYGGELFF
734,CASSFPDTQYF,CASSIPDTQYF
735,CASSSNTGELFF,CASSSYTGELFF
736,CASSFGFGEQFF,CASSFGTGEQFF
737,CASSLGGSYEQYF,CASSLGSSYEQYF
738,CASSLGLTDTQYF,CASSLGHTDTQYF
739,CASSLGLTDTQYF,CASSLGTDTQYF
740,CASSLGLTDTQYF,CASSLFLTDTQYF
741,CASSLHRDSYEQYF,CASSLHRDHYEQYF
742,CASSLHRDSYEQYF,CASSLHRDVSYEQYF
743,CASSLHRDSYEQYF,CASSLSRDSYEQYF
744,CASSQVRYQETQYF,CASSQSRYQETQYF
745,CASSLSQGSYNEQFF,CASSLSQGAYNEQFF
746,CASSLTASSTDTQYF,CASSLLASSTDTQYF
747,CASSLTNTGELFF,CASSLTGNTGELFF
748,CASSLGGSYEQYF,CASSLIGGSYEQYF
749,CASSLGGTEQYF,CASSLGGEQYF
750,CASSLSQGAYNEQFF,CASSLQGAYNEQFF
751,CASSLYTGSNTEAFF,CASSLYTGANTEAFF
752,CASSLYTGSNTEAFF,CASSLYTGVNTEAFF
753,CASSLGGSYEQYF,CASSLGESYEQYF
754,CASSLGGSYEQYF,CASSLLGSYEQYF
755,CASSLGGGYNEQFF,CASSLTGGYNEQFF
756,CASSLGLNNEQFF,CASSLTLNNEQFF
757,CASSYFSGNTGELFF,CASSYTSGNTGELFF
758,CASSLGSTDTQYF,CASSLGVSTDTQYF
759,CASSLAFGTEAFF,CASSLAQGTEAFF
760,CASSLAEGLNTEAFF,CASSLEEGLNTEAFF
761,CASSLVSGELFF,CASSLVLSGELFF
762,CASSLGLTDTQYF,CASSLGTDTQYF
763,CASSLTAGNTEAFF,CASSLTTGNTEAFF
764,CASSLHRDSYEQYF,CASSLHRDYEQYF
765,CASSLDGYNEQFF,CASSLDLYNEQFF
766,CASSGTDTQYF,CASSITDTQYF
767,CASSGTDTQYF,CASGGTDTQYF
768,CASSIGAGILNEQFF,CASSIGAGINEQFF
769,CASSIGTGLSYEQYF,CASSIGTSLSYEQYF
770,CASTLGQGLYNEQFF,CASTLGQGLNEQFF
771,CASSIGTGVTYEQYF,CASSIATGVTYEQYF
772,CASSIGQGIEYEQYF,CASSIGQGITYEQYF
773,CASSLGQGITYEQYF,CASSAGQGITYEQYF
774,CASSLGQGITYEQYF,CASSIGQGITYEQYF
775,CASSIGQGIMYEQYF,CASSIGQGITYEQYF
776,CASSIGSGITYEQYF,CASSIGQGITYEQYF
777,CASSIGQGMTYEQYF,CASSIGQGITYEQYF
778,CASSLGQGASEQYF,CASSLGQGAYEQYF
779,CASSAGQGISYEQYF,CASSAGQGITYEQYF
780,CASSIGQGISYEQYF,CASSIGQGITYEQYF
781,CASSIGQGVTYEQYF,CASSIGQGITYEQYF
782,CASSIGQGWTYEQYF,CASSIGQGITYEQYF
783,CASSIGQGYTYEQYF,CASSIGQGITYEQYF
784,CASSIGQGIGYEQYF,CASSIGQGITYEQYF
785,CASSIGTGITYEQYF,CASSIGQGITYEQYF
786,CASSLDGYNEQFF,CASSLAGYNEQFF
787,CASSHGQGSYEQYF,CASSHGQGSSYEQYF
788,CASSHGQGSYEQYF,CASSHGQGISYEQYF
789,CASSPRGSEQYF,CASSPRGNEQYF
790,CASSEAGGTYEQYF,CASSEAGTYEQYF
791,CASSTGQGIPDTQYF,CASSTGQGIADTQYF
792,CASSIGVGSYNEQFF,CASSIVGSYNEQFF
793,CASSLDYSTQYF,CASSLDFSTQYF
794,CASSLRSSYEQYF,CASSLFSSYEQYF
795,CASSIGLGAYNEQFF,CASSIGLAAYNEQFF
796,CASSTNSYEQYF,CASSFNSYEQYF
797,CASSGTDTQYF,CASSFTDTQYF
798,CASSIGTGTTYEQYF,CASSIGTGTSYEQYF
799,CASSIGTGLSYEQYF,CASSIGTGTSYEQYF
800,CASSIGTGVLYEQYF,CASSIGTGVVYEQYF
801,CASSLGTGVVYEQYF,CASSIGTGVVYEQYF
802,CASSIGRGTSYEQYF,CASSIGTGTSYEQYF
803,CASSIGTGAVYEQYF,CASSIGTGVVYEQYF
804,CASSIGTGVAYEQYF,CASSIGTGVVYEQYF
805,CASSIGTGVIYEQYF,CASSIGTGVVYEQYF
806,CASSIGTGNSYEQYF,CASSIGTGTSYEQYF
807,CASSIGEGTSYEQYF,CASSIGTGTSYEQYF
808,CASSIGTGVGYEQYF,CASSIGTGVVYEQYF
809,CASSIGTGVTYEQYF,CASSIGTGVVYEQYF
810,CASSIGTGSSYEQYF,CASSIGTGTSYEQYF
811,CASSIGTGRSYEQYF,CASSIGTGTSYEQYF
812,CASSIGTGMSYEQYF,CASSIGTGTSYEQYF
813,CASSTYNEQFF,CASSTNNEQFF
814,CASSIGAGITGELFF,CASSIGAGYTGELFF
815,CASSPGTGRRYEQYF,CASSPGTGVRYEQYF
816,CASSPGTGVSYEQYF,CASSPGTGVRYEQYF
817,CASSVVASTDTQYF,CASSVVPSTDTQYF
818,CASSIGAGVRNEQFF,CASSIGAGVGNEQFF
819,CASSLTAGVYEQYF,CASSLTAGVTYEQYF
820,CASSIGVSSYNEQFF,CASSIGGSSYNEQFF
821,CASSIGAGLDNEQFF,CASSIGAGLGNEQFF
822,CASSMGVGSSYEQYF,CASSMGVGSVYEQYF
823,CASSLRSSYEQYF,CASSLGSSYEQYF
824,CASSIGVGSYNEQFF,CASSIVGSYNEQFF
825,CASSIGAGVSYEQYF,CASSIGAVSYEQYF
826,CASSIGAGVHNEQFF,CASSIGAGVGNEQFF
827,CASSLGSSHEQYF,CASSLGSSYEQYF
828,CASSTGTGSSYEQYF,CASSPGTGSSYEQYF
829,CASSPGTGYSYEQYF,CASSPGTGSSYEQYF
830,CASSPGTGESYEQYF,CASSPGTGSSYEQYF
831,CASSPGTGQSYEQYF,CASSPGTGSSYEQYF
832,CASSPGQGSSYEQYF,CASSPGTGSSYEQYF
833,CASSPGLGSSYEQYF,CASSPGTGSSYEQYF
834,CASSPGTGRSYEQYF,CASSPGTGSSYEQYF
835,CASSPGTGVSYEQYF,CASSPGTGSSYEQYF
836,CASSIGTGSSYEQYF,CASSPGTGSSYEQYF
837,CASSHGMNTEAFF,CASSHGGNTEAFF
838,CASSEAGGTYEQYF,CASSEAGGPYEQYF
839,CASSIGQGQAYEQYF,CASSIGPGQAYEQYF
840,CASSIGTGQAYEQYF,CASSIGPGQAYEQYF
841,CSVTGTSTDTQYF,CSGTGTSTDTQYF
842,CASSIGTGSYNEQFF,CASSIRTGSYNEQFF
843,CASSQGQGADEQYF,CASSQGQGAYEQYF
844,CASSGTDTQYF,CASSITDTQYF
845,CASSPGPYEQYF,CASSPTGPYEQYF
846,CASSFSGVEQYF,CASSFSGYEQYF
847,CASSFGGYGYTF,CASSYGGYGYTF
848,CASSFVYEQFF,CASSFGYEQFF
849,CASSFQGEQYF,CASSFWGEQYF
850,CASSSTGGSTDTQYF,CASSSTGGSADTQYF
851,CASSFGPEQYF,CASSFGYEQYF
852,CASSYGSYEQYF,CASSYGNYEQYF
853,CASSGGAMNTEAFF,CASSDGAMNTEAFF
854,CASSLGAYEQYF,CASSLGLYEQYF
855,CASSLGAYEQYF,CASSWGAYEQYF
856,CASSLGAYEQYF,CASSLQAYEQYF
857,CASSFSGDGYTF,CASSPSGDGYTF
858,CASSFRGYEQYF,CASSFGYEQYF
859,CASSLVAYEQYF,CASSLQAYEQYF
860,CASSLIGGSTDTQYF,CASSLSGGSTDTQYF
861,CASSPSGEGYTF,CASSPSGDGYTF
862,CASSFGSTEAFF,CASSFGNTEAFF
863,CASSFGSTEAFF,CASSFGATEAFF
864,CASSFGSTEAFF,CASSFGGTEAFF
865,CASGSHYEQYF,CASGSSYEQYF
866,CASSFSGTQYF,CASSFSGDTQYF
867,CASSWGAYEQYF,CASSWGGYEQYF
868,CASSPTGGLTDTQYF,CASSPTGGITDTQYF
869,CASSFSGNEQFF,CASSFGGNEQFF
870,CASSISYEQYF,CASGISYEQYF
871,CASSLTGAAPDTQYF,CASSLTGAATDTQYF
872,CASSFLGYEQYF,CASSFSGYEQYF
873,CASSFLGYEQYF,CASSFLGNYEQYF
874,CASSYGYEQYF,CASSYGNYEQYF
875,CASSFGSYEQYF,CASSFGIYEQYF
876,CASSFSGEAFF,CASSFSGFEAFF
877,CASSSTGGGTDTQYF,CASSSTGAGTDTQYF
878,CASSSTGGGTDTQYF,CASSLTGGGTDTQYF
879,CASSFSETQYF,CASSFLSETQYF
880,CASSLGYYEQYF,CASSLGLYEQYF
881,CASSLGGLEAFF,CASSLGGTEAFF
882,CASSLGGLEAFF,CASSLGGAEAFF
883,CASSLGGLEAFF,CASSLGGIEAFF
884,CASSWGGYGYTF,CASSYGGYGYTF
885,CASSFVGYEQYF,CASSFSGYEQYF
886,CASSFTGASTDTQYF,CASSFTGSSTDTQYF
887,CASSFTGASTDTQYF,CASSPTGASTDTQYF
888,CASSLSGIYEQYF,CASSLSGYEQYF
889,CASSFTGYEQYF,CASSFSGYEQYF
890,CASSFSEDTQYF,CASSFSGDTQYF
891,CASSFKGTEAFF,CASSFPGTEAFF
892,CASSFRGYEQYF,CASSRGYEQYF
893,CASSLSGPYNEQFF,CASSLTSGPYNEQFF
894,CASSPGGGEQYF,CASSPGGEQYF
895,CASSVDGGSYEQYF,CASSVGGSYEQYF
896,CASSQTDTQYF,CASSQLTDTQYF
897,CASSLDGYEQYF,CASSSDGYEQYF
898,CASSPTGYNEQFF,CASSPTGNEQFF
899,CASSLGGEQFF,CASSLGGELFF
900,CASSLGGEQFF,CASSLGGDEQFF
901,CASSPAGNEQFF,CASSPTGNEQFF
902,CASSPTVNEQFF,CASSPTGNEQFF
903,CASSLGLGNEQFF,CASSLGGNEQFF
904,CASSQVGETQYF,CASSQTVGETQYF
905,CSAIGGGSSYNEQFF,CSATGGGSSYNEQFF
906,CASSLGQEAFF,CASSLGGEAFF
907,CASSLGQEAFF,CASSLGSEAFF
908,CASSPTGNEQYF,CASSPTGNEQFF
909,CASSDGYGYTF,CASSDGTYGYTF
910,CASSFTGSSYEQYF,CASSFGSSYEQYF
911,CASSLGTGNEQYF,CASSLGGNEQYF
912,CASSFLGDGYTF,CASSFGGDGYTF
913,CASSQGGFEAFF,CASSQGGTEAFF
914,CASSFSGDGYTF,CASSFGGDGYTF
915,CSAPDYNEQFF,CSARDYNEQFF
916,CASSGGEKLFF,CASSLGEKLFF
917,CASSEGSYEQYF,CASSEGISYEQYF
918,CASSLGGDEQYF,CASSLGGHEQYF
919,CASSYSHEQYF,CASSYTHEQYF
920,CASSLVGPTEAFF,CASSLVGNTEAFF
921,CASSLEWSSYNEQFF,CASSLDWSSYNEQFF
922,CSVEQGSYEQYF,CSVEQGPYEQYF
923,CASSLGTNTEAFF,CASSLGTVNTEAFF
924,CASSLGAYEQYF,CASSLGANEQYF
925,CASSQAGETQYF,CASSQEGETQYF
926,CASSQVGETQYF,CASSQEGETQYF
927,CSVEGGGNEQFF,CSVEGGHNEQFF
928,CASSLGVNTEAFF,CASSLGTVNTEAFF
929,CASSPGGEAFF,CASSQGGEAFF
930,CASSLGETQYF,CASSLIETQYF
931,CASSPTGGLTDTQYF,CASSPTGGTDTQYF
932,CASSRDGYEQYF,CASSPDGYEQYF
933,CSAPSGGAAETQYF,CSAPSGGAQETQYF
934,CASSFTGASTDTQYF,CASSLTGASTDTQYF
935,CASGLGTEAFF,CASSLGTEAFF
936,CASSAQGNSPLHF,CASSVQGNSPLHF
937,CASSLSGPYNEQFF,CASSLSGNYNEQFF
938,CASSFGPEQYF,CASSFGMPEQYF
939,CASSFGPEQYF,CASSFGDEQYF
940,CASSYGSYEQYF,CASSYGNSYEQYF
941,CASSLSGEQFF,CASSLGGEQFF
942,CASSSPGRETQYF,CASSSGRETQYF
943,CASSFLETQYF,CASSFIETQYF
944,CASSQGLALGDTQYF,CASSQGLALSDTQYF
945,CASSLAGNEQFF,CASSPAGNEQFF
946,CASSLAGNEQFF,CASSLANEQFF
947,CASSSTGGSTDTQYF,CASSLTGGSTDTQYF
948,CASSSTGGSTDTQYF,CASSSSGGSTDTQYF
949,CASSFGPEQYF,CASSFGSEQYF
950,CASSKGDGYTF,CASSYGDGYTF
951,CASSLSGELFF,CASNSLSGELFF
952,CASSLIGGSTDTQYF,CASSLTGGSTDTQYF
953,CSARDLGTGELFF,CSARDLGNTGELFF
954,CASSLAAEQFF,CASSLANEQFF
955,CASSLSGEQFF,CASSLSNEQFF
956,CASSTTGGSTDTQYF,CASSLTGGSTDTQYF
957,CASSLTGNEQYF,CASSLTGEQYF
958,CASSLTGAEQYF,CASSLTGEQYF
959,CASSIGGGEAFF,CASSIGVGEAFF
960,CASSLYTGGTEAFF,CASSLTTGGTEAFF
961,CASSPAGNEQFF,CASSPGNEQFF
962,CASSLADIQYF,CASSLGDIQYF
963,CASSFTGETQYF,CASSFGETQYF
964,CASSITDTQYF,CASSFTDTQYF
965,CASSFAGELFF,CASSFGGELFF
966,CASSFAGELFF,CASSSAGELFF
967,CASSFAGELFF,CASSFAPGELFF
968,CASSLGETQYF,CASSFGETQYF
969,CASSQAGDTQYF,CASSQGDTQYF
970,CASSEGSYEQYF,CASSEGSYYEQYF
971,CASSFLTDNEQFF,CASSFLSDNEQFF
972,CASSFLGYEQYF,CASSFLLYEQYF
973,CASSPSNEQFF,CASSLSNEQFF
974,CASSPSNEQFF,CASSPGNEQFF
975,CASSPSNEQFF,CASSPDNEQFF
976,CASSPSNEQFF,CASSPNNEQFF
977,CASSLSGPYNEQFF,CASSLTGPYNEQFF
978,CASSLGTGELFF,CASSLVGTGELFF
979,CASSFSETQYF,CASSFGETQYF
980,CASSFVGETQYF,CASSFGETQYF
981,CASSMTGGSTDTQYF,CASSLTGGSTDTQYF
982,CASSFSGELFF,CASSFGGELFF
983,CSVDRDTEAFF,CSVDRNTEAFF
984,CASSQTDTQYF,CASSQADTQYF
985,CASSFPGDTQYF,CASSFPPDTQYF
986,CASSFVYEQFF,CASSFNYEQFF
987,CSVETGLNTEAFF,CSVTGLNTEAFF
988,CSVEAGTGFEQYF,CSVEAGTGEQYF
989,CASSFSGTQYF,CASSSSGTQYF
990,CASSVEGGGTEAFF,CASSVVGGGTEAFF
991,CASSSSGETQYF,CASSSSGTQYF
992,CASSQGLPGADTQYF,CASSQGLLGADTQYF
993,CASSLSGPYNEQFF,CASSLGPYNEQFF
994,CSATDGNTGELFF,CSATDRNTGELFF
995,CASSLQGNTEAFF,CASSLWQGNTEAFF
996,CASSYGSAEQYF,CASSYGPAEQYF
997,CASSLTGETQYF,CASSLTGDTQYF
998,CASSLAGVEAFF,CASSLGVEAFF
999,CASSFSGELFF,CASSFSPGELFF
1000,CASSIGGYTGELFF,CASSIGAGYTGELFF
1001,CASSLSLGFYEQYF,CASSLSAGFYEQYF
1002,CASSLTGAAPDTQYF,CASSLTGAADTQYF
1003,CSVLQGGTEAFF,CSVLQGTEAFF
1004,CASSQGGYEQYF,CASSYQGGYEQYF
1005,CASSLAGEKLFF,CASSLGGEKLFF
1006,CASSFVGYEQYF,CASSFVGNEQYF
1007,CASSSFDEQFF,CASSYSFDEQFF
1008,CASSPGGEKLFF,CASSLGGEKLFF
1009,CASSYAGETQYF,CASSYAETQYF
1010,CASSPGYEQYF,CASSPWGYEQYF
1011,CASSTGLYEQYF,CASSQGLYEQYF
1012,CASSQGGYEQYF,CASSQGLYEQYF
1013,CASSLSGPYNEQFF,CASSLSGPRNEQFF
1014,CASSLSGPYNEQFF,CASSLSGTYNEQFF
1015,CASSYASGGGYEQYF,CASSYPSGGGYEQYF
1016,CASSFLGYEQYF,CASSFGYEQYF
1017,CASSFGSYEQYF,CASSFGYEQYF
1018,CASSFVGYEQYF,CASSFGYEQYF
1019,CASRNGPYEQYF,CASRQGPYEQYF
1020,CASSFTGYEQYF,CASSFGYEQYF
1021,CASSLAGNEQFF,CASSLGNEQFF
1022,CSARTSGGEQYF,CSARTSGGVEQYF
1023,CASSDLAGGLNEQFF,CASSGLAGGLNEQFF
1024,CASSPTGLEQYF,CASSTGLEQYF
1025,CASSFSGNEQFF,CASSFLGNEQFF
1026,CASSVAGETQYF,CASSVGETQYF
1027,CASSVGDTYEQYF,CASSVGHTYEQYF
1028,CASSLAGNEQFF,CASSLDGNEQFF
1029,CASSFGGETQYF,CASSYGGETQYF
1030,CSVETGLNTEAFF,CSVEEGLNTEAFF
1031,CASSQSYEQYF,CASSQGYEQYF
1032,CASSPSGNEQYF,CASSLSGNEQYF
1033,CATSRDRAYEQYF,CATSSRDRAYEQYF
1034,CASSYGGNQPQHF,CASSYVGGNQPQHF
1035,CASSLAGAEQYF,CASSLAGAGEQYF
1036,CASSLTGNEQYF,CASSLSGNEQYF
1037,CASSYGSETQYF,CASSYGGETQYF
1038,CASSLGTGELFF,CASSLGLTGELFF
1039,CASSYAGETQYF,CASSYGGETQYF
1040,CASSLVGYEQYF,CASSLVSYEQYF
1041,CASSQSYEQYF,CASSQVSYEQYF
1042,CASSQSYEQYF,CASSQGYEQYF
1043,CASSLVAYEQYF,CASSLVSYEQYF
1044,CASSLGETQYF,CASSLGVETQYF
1045,CASSLGTGGYEQYF,CASSLAGTGGYEQYF
1046,CASSLGGEQFF,CASSLGGREQFF
1047,CSARDGTSGRAEQFF,CSARDRTSGRAEQFF
1048,CASSLGVNTEAFF,CASSLMVNTEAFF
1049,CASSLGVNTEAFF,CASSLTVNTEAFF
1050,CASSLGVNTEAFF,CASSLVGVNTEAFF
1051,CASSLTGELFF,CASSLVGELFF
1052,CSVEQGSYEQYF,CSVEQGVSYEQYF
1053,CSATAGTSGSYEQYF,CSATAGTSGAYEQYF
1054,CASSYGSYEQYF,CASSYGDSYEQYF
1055,CASSYGSYEQYF,CASSYEGSYEQYF
1056,CASSLAGLEQFF,CASSLAGNEQFF
1057,CASSLSGELFF,CASSLVGELFF
1058,CATSRDRAYEQYF,CATSRDRGYEQYF
1059,CASSLAGGGADTQYF,CASSLAGGADTQYF
1060,CASSPAGNEQFF,CASSLAGNEQFF
1061,CASSLTMNYGYTF,CASSLTGNYGYTF
1062,CASSFLGYEQYF,CASSFLGGEQYF
1063,CASSVGDTYEQYF,CASSVGDNYEQYF
1064,CSVEQGSYEQYF,CSVEQGYEQYF
1065,CSIGAGTSYEQYF,CSVGAGTSYEQYF
1066,CASSWGAYEQYF,CASSWGYEQYF
1067,CASSIGGGGEQFF,CASSIGGGGELFF
1068,CASSILAGGYNEQFF,CASSLLAGGYNEQFF
1069,CASSFGYEQYF,CASSRGYEQYF
1070,CASSLLAGIYNEQFF,CASSLLAGGYNEQFF
1071,CASSFGIYEQYF,CASSFAGIYEQYF
1072,CASSYGQGYEQYF,CASSYWQGYEQYF
1073,CATSDLTGNTGELFF,CATSDLGGNTGELFF
1074,CASSVGGYEQYF,CASSVGGSYEQYF
1075,CASSVGGYEQYF,CASSVGGDYEQYF
1076,CASSVGGYNEQFF,CASSVGGGYNEQFF
1077,CASSVGGYNEQFF,CASSVGGSYNEQFF
1078,CASSYGWGTGELFF,CASSYGDGTGELFF
1079,CASSVTGTYEQYF,CASSLTGTYEQYF
1080,CASSWSSYEQYF,CASSWGSYEQYF
1081,CASSFGGSRYEQYF,CASSFGGSIYEQYF
1082,CASSFGGSRYEQYF,CASSFGGSSYEQYF
1083,CASSWGTEAFF,CASSWNTEAFF
1084,CASSLVGPTEAFF,CASSLVGNTEAFF
1085,CASSLEGDIQYF,CASSLEGDTQYF
1086,CASSSSYEQYF,CASSISYEQYF
1087,CASSWGNYEQYF,CASSWGSYEQYF
1088,CASSSSYEQYF,CASSSAYEQYF
1089,CASSSSYEQYF,CASSHSYEQYF
1090,CASSSSYEQYF,CASSFSYEQYF
1091,CASSFGTGYEQYF,CASSFGTTYEQYF
1092,CASSQGYEQYF,CASSLGYEQYF
1093,CASSQSYEQYF,CASSQGYEQYF
1094,CASSQTGGGTEAFF,CASSQTGGWTEAFF
1095,CASSPLTGYEQYF,CASSPTGYEQYF
1096,CASSLYSYEQYF,CASSLSYEQYF
1097,CASSSSYEQYF,CASSLSYEQYF
1098,CASSLDSYEQYF,CASSLSYEQYF
1099,CASSSSYEQYF,CASSSPYEQYF
1100,CASSLYTYEQYF,CASSLTYEQYF
1101,CASSLTGADTDTQYF,CASSLTGASTDTQYF
1102,CASSQGYEQYF,CASSQDYEQYF
1103,CASSLTGAATDTQYF,CASSLTGASTDTQYF
1104,CASSSTGAGTDTQYF,CASSRTGAGTDTQYF
1105,CASSLTGFSTDTQYF,CASSLTGASTDTQYF
1106,CASSATGAGTDTQYF,CASSRTGAGTDTQYF
1107,CATSDRGYEQYF,CATSDRHYEQYF
1108,CASSPTGASTDTQYF,CASSLTGASTDTQYF
1109,CASSFTGASTDTQYF,CASSLTGASTDTQYF
1110,CASSPTGGITDTQYF,CASSPTGGTDTQYF
1111,CASSFGTGYEQYF,CASSFGTGAYEQYF
1112,CASSLEGSTYEQYF,CASSLAGSTYEQYF
1113,CASSFGQGYEQYF,CASSFMGQGYEQYF
1114,CASSQDPGQYEQYF,CASSQDPGYEQYF
1115,CASSFGGNEQFF,CASSFGINEQFF
1116,CASSLETGGTDTQYF,CASSLFTGGTDTQYF
1117,CAISESYEQFF,CAISESYEQYF
1118,CASSFGYEQYF,CASSFGDEQYF
1119,CAISNSYEQYF,CAISESYEQYF
1120,CATSRDRGYNQPQHF,CATSRDRGSNQPQHF
1121,CASSYGNYEQYF,CASSYGNSYEQYF
1122,CASSYGNGYEQYF,CASSYGNSYEQYF
1123,CASSFSSYEQYF,CASSFISSYEQYF
1124,CASSPGDTGELFF,CASSSGDTGELFF
1125,CASSFGYEQYF,CASSFGSEQYF
1126,CASSWGLEQYF,CASSFGLEQYF
1127,CASSFANTEAFF,CASSLANTEAFF
1128,CASSSSGVSTDTQYF,CASSSSGGSTDTQYF
1129,CASSLGGTEAFF,CASSLGGYTEAFF
1130,CASSLTGFSTDTQYF,CASSLTGGSTDTQYF
1131,CASSLTGGGTDTQYF,CASSLTGGSTDTQYF
1132,CASSLSGGSTDTQYF,CASSLTGGSTDTQYF
1133,CASSLSGGSTDTQYF,CASSSSGGSTDTQYF
1134,CASSLAGTYEQYF,CASSLAGAYEQYF
1135,CASSSSGGITDTQYF,CASSSSGGSTDTQYF
1136,CASSLDGYEQYF,CASSLDGSYEQYF
1137,CASSLDSYEQYF,CASSLDGSYEQYF
1138,CASSSSGTSTDTQYF,CASSSSGGSTDTQYF
1139,CASSFLSETQYF,CASSFLAETQYF
1140,CASSVGEGGRTEAFF,CASSVGEGRTEAFF
1141,CASSFSGGSTDTQYF,CASSSSGGSTDTQYF
1142,CASSLLYSTDTQYF,CASSLYSTDTQYF
1143,CASSLLAGIYNEQFF,CASSLLAGTYNEQFF
1144,CASSLLWGSYNEQFF,CASSLWGSYNEQFF
1145,CASSLLAGGYNEQFF,CASSLLAGGRNEQFF
1146,CASSLLAGGYNEQFF,CASSLLAGTYNEQFF
1147,CASSFGNTEAFF,CASSPGNTEAFF
1148,CASSNDYEQYF,CASSFDYEQYF
1149,CASSQGGYEQYF,CASSQGPGYEQYF
1150,CASSFGYEQFF,CASSFNYEQFF
1151,CASSLMAGTDTQYF,CASSLIAGTDTQYF
1152,CASSSSGTSTDTQYF,CASSSSGTSGDTQYF
1153,CASSILAGGRNEQFF,CASSLLAGGRNEQFF
1154,CASSSTGGSADTQYF,CASSSTGGADTQYF
1155,CASSVGGYEQYF,CASSVDGYEQYF
1156,CASSYGQLNTEAFF,CASSYGGQLNTEAFF
1157,CASSLTGAATDTQYF,CASSLTGAADTQYF
1158,CASSLTGAATDTQYF,CASSLTAATDTQYF
1159,CASSLGGTEAFF,CASSSGGTEAFF
1160,CASSLGGAEAFF,CASSFGGAEAFF
1161,CASSGGGTEAFF,CASSSGGTEAFF
1162,CASSGGGTEAFF,CASSGGGRTEAFF
1163,CASSLGQGYEQYF,CASSLGQTYEQYF
1164,CASSAGGTEAFF,CASSSGGTEAFF
1165,CASSFGGTEAFF,CASSSGGTEAFF
1166,CASSFGGTEAFF,CASSFGGAEAFF
1167,CASSLGTGGQETQYF,CASSLGTGQETQYF
1168,CASSFGTGYEQYF,CASSFWGTGYEQYF
1169,CASSQGYEQYF,CASSLGYEQYF
1170,CASSLGAGGETQYF,CASSLGAPGETQYF
1171,CASSVGYEQYF,CASSLGYEQYF
1172,CASSLASYEQYF,CASSLADSYEQYF
1173,CASSLQAYEQYF,CASSLQTYEQYF
1174,CASSFSNYGYTF,CASSLSNYGYTF
1175,CASSLLDSNQPQHF,CASSLSDSNQPQHF
1176,CASSFGTGYEQYF,CASSFGTGLYEQYF
1177,CASSLVQGGGYTF,CASSLQGGGYTF
1178,CASSFSGYEQYF,CASSFGYEQYF
1179,CASSFGYHEQYF,CASSFGYEQYF
1180,CASSFGIYEQYF,CASSFGYEQYF
1181,CASSLAGTYEQYF,CASSLGGTYEQYF
1182,CASSFGYEQFF,CASSFGYEQYF
1183,CASSLGQGYEQYF,CASSLGQYYEQYF
1184,CASSSSYEQYF,CASSSIYEQYF
1185,CASSFGTGYEQYF,CASSFGTGEYEQYF
1186,CASSLAGGGYEQYF,CASSLAGGSYEQYF
1187,CASSVGGYEQYF,CASSVGGGYEQYF
1188,CASSWGLEQYF,CASSTGLEQYF
1189,CASSWGLEQYF,CASSWGFEQYF
1190,CASSVGGYNEQFF,CASSVGGNEQFF
1191,CASSGGGTEAFF,CASGGGTEAFF
1192,CASSFGGAEAFF,CASSFMGGAEAFF
1193,CASSFGATEAFF,CASSFGRATEAFF
1194,CASSFGGNEQFF,CASSFLGNEQFF
1195,CASSLGLYEQYF,CASSLKLYEQYF
1196,CASSLSAGGYGEQYF,CASSLSAGGQGEQYF
1197,CASSFGNTEAFF,CASSFPGNTEAFF
1198,CASSLLSGANVLTF,CASSLVSGANVLTF
1199,CASSQGGYEQYF,CASSQGYEQYF
1200,CASSLIQGSYEQYF,CASSLIGGSYEQYF
1201,CASSQGYEQYF,CASSPQGYEQYF
1202,CASSLEGYTYEQYF,CASSLEGYSYEQYF
1203,CASSQGGYEQYF,CASSQGSGYEQYF
1204,CASSQGGYEQYF,CASSQGYEQYF
1205,CASSETFEAFF,CASSETGEAFF
1206,CASSLVADYEQYF,CASSLEVADYEQYF
1207,CASSWGAYEQYF,CASSWTAYEQYF
1208,CASSQEAGENTEAFF,CASSQEAGMNTEAFF
1209,CASSSTGTHTDTQYF,CASSSTGLHTDTQYF
1210,CASSLASYEQYF,CASSLAGSYEQYF
1211,CSAREGGMNTEAFF,CSAREGLMNTEAFF
1212,CASSIVGGTYNEQFF,CASSIVSGTYNEQFF
1213,CASSQDAGGYGYTF,CASSQDQGGYGYTF
1214,CASSFGTGYEQYF,CASSFGTDYEQYF
1215,CASSLLYSTDTQYF,CASSLYSTDTQYF
1216,CASSWGGYEQYF,CASSWGYEQYF
1217,CASSFGYEQYF,CASSWGYEQYF
1218,CASSQLAGGTDTQYF,CASSQLAGGEDTQYF
1219,CASSQGGYEQYF,CASSQGGLEQYF
1220,CASSFTDTGELFF,CASSLTDTGELFF
1221,CASSLAGTYEQYF,CASSLAVTYEQYF
1222,CASSVGGGGRDEQFF,CASSVGGGGWDEQFF
1223,CASSLSGGGYGYTF,CASSLSGGGNYGYTF
1224,CASSLGDGYTF,CASSLGGDGYTF
1225,CASSLNGDTQYF,CASSLGGDTQYF
1226,CASSLEGNEQYF,CASSLGGNEQYF
1227,CASSLGATEAFF,CASSLGANEAFF
1228,CASSLSGGTEAFF,CASSLGGTEAFF
1229,CASSLLNTEAFF,CASSLANTEAFF
1230,CASSLSAYNEQFF,CASSLASAYNEQFF
1231,CATSDDYEQYF,CATSDTYEQYF
1232,CASSLGGSPYEQYF,CASSLGGAPYEQYF
1233,CASSLGGSPYEQYF,CASSLGGSHYEQYF
1234,CASSLGGSPYEQYF,CASSLGGSAYEQYF
1235,CASSFGGGETQYF,CASSFGGGEQYF
1236,CASSLYNEQFF,CASSLYSNEQFF
1237,CASSLEIGDTQYF,CASSLEGDTQYF
1238,CASSLNQGAYEQYF,CASSLGQGAYEQYF
1239,CASSQGNHQPQHF,CASSQGNQPQHF
1240,CASSLEGYNEQFF,CASSLPGYNEQFF
1241,CASSLLNTEAFF,CASSLRNTEAFF
1242,CASSFGSTYEQYF,CASSFGSSYEQYF
1243,CASSVGAPYEQYF,CASSPGAPYEQYF
1244,CASSDSYEQYF,CASSDPYEQYF
1245,CASSIAAGPTDTQYF,CASSIGAGPTDTQYF
1246,CATSDLFTDTQYF,CATSDLATDTQYF
1247,CATSDLFTDTQYF,CATSDLVTDTQYF
1248,CASSYSGGTEAFF,CASSYSGGNTEAFF
1249,CASSMAGELFF,CASSGAGELFF
1250,CASSPTGANYGYTF,CASSPTGTANYGYTF
1251,CASSLTSGPYNEQFF,CASSLTGPYNEQFF
1252,CASSLTSGPYNEQFF,CASSLTSGSYNEQFF
1253,CASSLYNEQFF,CASSGYNEQFF
1254,CASSLYNEQFF,CASSIYNEQFF
1255,CASSLYNEQFF,CASSLTNEQFF
1256,CASSLYNEQFF,CASSLHNEQFF
1257,CASSDGETQYF,CASSDLGETQYF
1258,CASSHTGEQYF,CASSHTGIEQYF
1259,CASSSPSGNEQFF,CASSPSGNEQFF
1260,CASSDSYEQYF,CASSDTYEQYF
1261,CASSLNGDTQYF,CASSLTGDTQYF
1262,CASSLLAGGYNEQFF,CASSLLAGGRNEQFF
1263,CASSLLAGGYNEQFF,CASSLLAGTYNEQFF
1264,CASSQGSTGELFF,CASSQDSTGELFF
1265,CASSYSGGTEAFF,CASSYRGGTEAFF
1266,CASSTGQAVETQYF,CASSTGQGVETQYF
1267,CASSLGETYEQYF,CASSLGATYEQYF
1268,CASSYPGQEAFF,CASSYTGQEAFF
1269,CASSSSYEQYF,CASSDSSYEQYF
1270,CASSYRGFTEAFF,CASSYRGGTEAFF
1271,CASSQTGGSTDTQYF,CASSQTGSTDTQYF
1272,CASSFTGNTEAFF,CASSTGNTEAFF
1273,CASSLGNQPQHF,CASSLGNNQPQHF
1274,CASSLSGGTEAFF,CASSLLGGTEAFF
1275,CSVEGEGTYEQYF,CSVEGYGTYEQYF
1276,CASSLRSSYEQYF,CASSLSSYEQYF
1277,CASSISGSVNTEAFF,CASSISGSGNTEAFF
1278,CASSMAGSSYNEQFF,CASMAGSSYNEQFF
1279,CASSSPSGNEQFF,CASSSASGNEQFF
1280,CASSIAGGPGNEQFF,CASSIAGGVGNEQFF
1281,CASSIAGGPGNEQFF,CASSIAGGLGNEQFF
1282,CASSPPGETQYF,CASSPPEETQYF
1283,CSARDPGGAYEQYF,CSARDPTGAYEQYF
1284,CASSSDGSSYNEQFF,CASSIDGSSYNEQFF
1285,CASSGRDSYEQYF,CASSGLDSYEQYF
1286,CASSRDASSYNEQFF,CASSRDSSSYNEQFF
1287,CASTRDSSSYNEQFF,CASSRDSSSYNEQFF
1288,CASSLTPGNTEAFF,CASSLIPGNTEAFF
1289,CSVERPNSYEQYF,CSVGRPNSYEQYF
1290,CSAREQNTGELFF,CSAREQTNTGELFF
1291,CASSYSGGTEAFF,CASSYSGGTSEAFF
1292,CASSPDPTDTQYF,CASSPNPTDTQYF
1293,CSAREQGTNTGELFF,CSAREQTNTGELFF
1294,CSARGSSSYEQYF,CSARGTSSYEQYF
1295,CASSYPGGPYNEQFF,CASSYGGGPYNEQFF
1296,CASSRGNNEQFF,CASSRVNNEQFF
1297,CASSLGQTYEQYF,CASSLGGTYEQYF
1298,CASSISGGAYNEQFF,CASSISGAAYNEQFF
1299,CASSYSGSYNEQFF,CASSYSGSSYNEQFF
1300,CASSYSGSYNEQFF,CASSYSGSGYNEQFF
1301,CASSIQGSYEQYF,CASSIQGDYEQYF
1302,CASSLSGGTTDTQYF,CASSLMGGTTDTQYF
1303,CASSVDSYNEQFF,CASSVADSYNEQFF
1304,CASSQGQGNQPQHF,CASSQGQGNYQPQHF
1305,CASSLTVGNTEAFF,CASSLTTGNTEAFF
1306,CASSLTVGNTEAFF,CASSLTVNTEAFF
1307,CASSRGYEQYF,CASSWGYEQYF
1308,CSVAESNYGYTF,CSVASNYGYTF
1309,CASSDSYEQYF,CASSSDSYEQYF
1310,CASSDSYEQYF,CASSGDSYEQYF
1311,CASSLTPGNTEAFF,CASSLTTGNTEAFF
1312,CSVMGGYEQYF,CSVEGGYEQYF
1313,CASSSTTDTQYF,CASSSTSDTQYF
1314,CASSYSGSYNEQFF,CASSYSGSSYNEQFF
1315,CASSYSGSYNEQFF,CASSYSASYNEQFF
1316,CASSYRGSNQPQHF,CASSYGSNQPQHF
1317,CASSLGGAEQYF,CASSLGGYEQYF
1318,CSARDIANYGYTF,CSARDSANYGYTF
1319,CASSLGSNTEAFF,CASSLSNTEAFF
1320,CASSHPGGTEAFF,CASSHGGTEAFF
1321,CASSLGSEKLFF,CASSLGEKLFF
1322,CASSHGTEAFF,CASSHGGTEAFF
1323,CASSLGGYEQYF,CASSLGSYEQYF
1324,CASSLGGGYTF,CASSLGGGGYTF
1325,CASSLGSDTQYF,CASSLGGDTQYF
1326,CASSLGGYEQYF,CASSLGSGYEQYF
1327,CASSQDWGGNEQFF,CASSQDWGGYNEQFF
1328,CASSLGGGELFF,CASSLGFGELFF
1329,CASSLGGYEQYF,CASSLGSYEQYF
1330,CASSLGAEQYF,CASSLGIEQYF
1331,CASSLGGEQFF,CASSLGAEQFF
1332,CASSVGGSYEQYF,CASSVGGRSYEQYF
1333,CASSVGGDRSYEQYF,CASSVGGRSYEQYF
1334,CASSVGGASYEQYF,CASSVGGRSYEQYF
1335,CASSLGGYEQYF,CASSLEGGYEQYF
1336,CASSPGGSEQYF,CASSPGSEQYF
1337,CASSAGGEQYF,CASSLAGGEQYF
1338,CASSLGGELFF,CASSLGGVELFF
1339,CASSLGGELFF,CASSLGGVELFF
1340,CASSLGAGAFF,CASSLAGAGAFF
1341,CASSLGGELFF,CASSLGGVELFF
1342,CASSPLAGGTGELFF,CASSPLAGGSGELFF
1343,CASSLGSEAFF,CASSLAGSEAFF
1344,CASSLGSDTQYF,CASSLGTDTQYF
1345,CASSSGAANTGELFF,CASSSGANTGELFF
1346,CASSLGGDTQYF,CASSLGTDTQYF
1347,CASSFLYNEQFF,CASSFLVNEQFF
1348,CASSLGSGELFF,CASSLASGELFF
1349,CASSPTGNEQFF,CASSPAGNEQFF
1350,CASSPTGNEQFF,CASSPGNEQFF
1351,CASSPTGNEQFF,CASSPSGNEQFF
1352,CASSPTGNEQFF,CASSPEGNEQFF
1353,CASSLGGDTQYF,CASSLTGDTQYF
1354,CSVGQGFGNTIYF,CSVGGGFGNTIYF
1355,CASSQDWGYNEQFF,CASSQDTGYNEQFF
1356,CASSQPSGTEAFF,CASSQPSLGTEAFF
1357,CASSLVGDTQYF,CASSLEGDTQYF
1358,CASSVGGSYEQYF,CASSVGGGYEQYF
1359,CASSLRDSSYEQYF,CASSFRDSSYEQYF
1360,CASSRGDTEAFF,CASSRGNTEAFF
1361,CASSFLYNEQFF,CASSFLGNEQFF
1362,CASSVGGDYEQYF,CASSVGGGYEQYF
1363,CASSGGSYEQYF,CASSGGNSYEQYF
1364,CASSLASGVGNEQFF,CASSLASGVGREQFF
1365,CASSVSSGANVLTF,CASSVGSSGANVLTF
1366,CASSLGGSEQYF,CASSLGGLSEQYF
1367,CASSLGDTQYF,CASSLEGDTQYF
1368,CASSVGGSYNEQFF,CASSGGGSYNEQFF
1369,CASSVGSGRYEQYF,CASSVGSGHYEQYF
1370,CASSVGGYNEQFF,CASSVGGNEQFF
1371,CASSAGWGNQPQHF,CASSAGWLGNQPQHF
1372,CASSLGGPEQFF,CASSLMGPEQFF
1373,CASSTGSYEQYF,CASSTGTYEQYF
1374,CASSGGSYEQYF,CASSGGSEQYF
1375,CASSSGGVYEQYF,CASSYGGVYEQYF
1376,CASSPTGNEQFF,CASSTTGNEQFF
1377,CASSPGTSGTYEQYF,CASSPGTSVTYEQYF
1378,CASSGGNEKLFF,CASSGQGNEKLFF
1379,CASSLGGPEAFF,CASSLGGTEAFF
1380,CASSLGTGYEQYF,CASSSGTGYEQYF
1381,CASSFGSSYEQYF,CASSLGSSYEQYF
1382,CASSVGGDSSYEQYF,CASSVGGGSSYEQYF
1383,CASSVGGVSTGELFF,CASSVGGKSTGELFF
1384,CASSLGGDEQFF,CASSLGGREQFF
1385,CASSLGGEAFF,CASSLGGTEAFF
1386,CASSGAGLSYEQYF,CASSEGAGLSYEQYF
1387,CASSGAGLSYEQYF,CASSVGAGLSYEQYF
1388,CASSVQGSSYEQYF,CASSVEGSSYEQYF
1389,CASSLDFGGTEAFF,CASSLDFGNTEAFF
1390,CASSLGVNTEAFF,CASSLGLNTEAFF
1391,CATSRGNMNTEAFF,CATSRGGMNTEAFF
1392,CASSLDWGGTEAFF,CASSLDWGNTEAFF
1393,CASSLGLAGGNEQFF,CASSLGLAGNNEQFF
1394,CASSVSGGHNEQFF,CASSVSGHNEQFF
1395,CASSLGTGYEQYF,CASSEGTGYEQYF
1396,CASSGGDAEAFF,CASSGGAEAFF
1397,CASSLGGYEQYF,CASSLGQGYEQYF
1398,CASSSAYEQYF,CASSSPYEQYF
1399,CASSLDWSSYNEQFF,CASSLDRSSYNEQFF
1400,CASSLDWSSYNEQFF,CASSLDGSSYNEQFF
1401,CASSLANTEAFF,CASSLVANTEAFF
1402,CASSLGGYEQYF,CASSLGSYEQYF
1403,CASSYEQGYEQYF,CASSYPQGYEQYF
1404,CASSISYEQYF,CASSLSYEQYF
1405,CASSLANTEAFF,CASSLRNTEAFF
1406,CASSLRENYGYTF,CASSLVENYGYTF
1407,CSVDTTNYNEQFF,CSVDTTYNEQFF
1408,CASSSAYEQYF,CASSPSAYEQYF
1409,CASSGTVYGYTF,CASSGQVYGYTF
1410,CASSLSGTYEQYF,CASSLSGHTYEQYF
1411,CASSLGGYEQYF,CASSLEGGYEQYF
1412,CASSLGGTEAFF,CASSLGTEAFF
1413,CASSQGTGELFF,CASSQETGELFF
1414,CASSQGTGELFF,CASSQRGTGELFF
1415,CASSLQGNEQFF,CASSLGGNEQFF
1416,CASSPTGGTGELFF,CASSPTGTGELFF
1417,CASSLSGTYEQYF,CASSLSQTYEQYF
1418,CASSLGSYEQYF,CASSVGSYEQYF
1419,CASSQSGNEQFF,CASSQGNEQFF
1420,CASSPGQPYEQYF,CASSPGQTYEQYF
1421,CASSLEGDTQYF,CASSLAGDTQYF
1422,CASSGNQPQHF,CASSQNQPQHF
1423,CASSGNQPQHF,CASSVNQPQHF
1424,CASSSQGDTQYF,CASSSLGDTQYF
1425,CASSRGNTEAFF,CASSFRGNTEAFF
1426,CATSDSSYEQYF,CATSDRSSYEQYF
1427,CATSDSSYEQYF,CATSDSSFEQYF
1428,CASSQSGNEQFF,CASSQSGPEQFF
1429,CASSSAYEQYF,CASSSSYEQYF
1430,CASSLFSYEQYF,CASSLTSYEQYF
1431,CASSHSYEQYF,CASSSSYEQYF
1432,CASSFSYEQYF,CASSSSYEQYF
1433,CASSRGQPQHF,CASSFGQPQHF
1434,CASSFANTEAFF,CASSFLNTEAFF
1435,CASSPGGAEAFF,CASSPLGGAEAFF
1436,CASSYGQNTGELFF,CASSYGLNTGELFF
1437,CASSLGPYSYEQYF,CASSLGPYSVEQYF
1438,CASSLEGDTQYF,CASSLEGTDTQYF
1439,CASSLREVNEQYF,CASSLRVNEQYF
1440,CASSYGSPTEAFF,CASSYGSHTEAFF
1441,CASSLGSDTQYF,CASSLGSTDTQYF
1442,CASSLQGITGELFF,CASSLGITGELFF
1443,CASSLGGTEAFF,CASSLLGGTEAFF
1444,CASSLGSSATDTQYF,CASSLGSSTDTQYF
1445,CASSPGGTEAFF,CASSTGGTEAFF
1446,CASSLGPYTGELFF,CASSLGPSYTGELFF
1447,CASSSAYEQYF,CASSSIYEQYF
1448,CASSLGGYGYTF,CASSLQGGYGYTF
1449,CASSLQGNEQFF,CASSLGGNEQFF
1450,CASSHGGTEAFF,CASSHGEGTEAFF
1451,CASSSGRGEQFF,CASSLSGRGEQFF
1452,CASSSAYEQYF,CASSLSAYEQYF
1453,CASSQGGGEQFF,CASSQGGFEQFF
1454,CASSRGQPQHF,CASSPGQPQHF
1455,CASSPGGAEAFF,CASSPTGAEAFF
1456,CASSLGGTEAFF,CASSLGQGTEAFF
1457,CASSPTGGTGELFF,CASSPTGEGTGELFF
1458,CASSLGSDTQYF,CASSLGSTDTQYF
1459,CASSLGGYEQYF,CASSLGQGYEQYF
1460,CASSLGWGYEQYF,CASSLGGYEQYF
1461,CASSYEQGYEQYF,CASSYSQGYEQYF
1462,CASSLGGVPGTEAFF,CASSLGGVWGTEAFF
1463,CASSLGSGYEQYF,CASSLGQGYEQYF
1464,CASSQGYEQYF,CASSQDYEQYF
1465,CASSPTGPSYEQYF,CASSPTGASYEQYF
1466,CASSSGHTYEQYF,CASSLSGHTYEQYF
1467,CSAGTGDYEQYF,CSAGTGTYEQYF
1468,CASSYSYEQYF,CASSRSYEQYF
1469,CASSLAGTETQYF,CASSLAGTEQYF
1470,CASSFSYEQYF,CASSRSYEQYF
1471,CASSLSGFTEAFF,CASSLSGGFTEAFF
1472,CASSLSGFTEAFF,CASSLSGYTEAFF
1473,CASSSGPTYEQYF,CASSSGQTYEQYF
1474,CASSLSYEQYF,CASSRSYEQYF
1475,CASSPGTTYEQYF,CASSPGPTYEQYF
1476,CASSLSPGNEQFF,CASSLSPRNEQFF
1477,CASSSGHTYEQYF,CASSSGQTYEQYF
1478,CASSLAGYTEAFF,CASSLAGGTEAFF
1479,CASSLAGYTEAFF,CASSLSGYTEAFF
1480,CASSLAGYTEAFF,CASSLAGTEAFF
1481,CASSLAGYTEAFF,CASSLAGATEAFF
1482,CASSLAGYNEQFF,CASSLAGANEQFF
1483,CASSLAGYNEQFF,CASSLAGLNEQFF
1484,CASSLAGTETQYF,CASSLAGTEQYF
1485,CASSLDRGAYNEQFF,CASSDRGAYNEQFF
1486,CASSPGTTYEQYF,CASSPGTGTYEQYF
1487,CASSPGTTYEQYF,CASSPGQTYEQYF
1488,CASSLGSYEQYF,CASSVGSYEQYF
1489,CASSSESYEQYF,CASSSERYEQYF
1490,CASSPGQQETQYF,CASSPGQLQETQYF
1491,CASSYSYEQYF,CASSFSYEQYF
1492,CASSIAPNTEAFF,CASSMAPNTEAFF
1493,CASSPGGTYEQYF,CASSPTGGTYEQYF
1494,CASSLGIGSSYEQYF,CASSLGQGSSYEQYF
1495,CASSSGGFNQPQHF,CASSSPGFNQPQHF
1496,CASSLDSGSYNEQFF,CASSLTSGSYNEQFF
1497,CASSLSYEQYF,CASSFSYEQYF
1498,CASSSGGQPQHF,CASSLSGGQPQHF
1499,CASSMAANTEAFF,CASSMAPNTEAFF
1500,CASLGGSYEQYF,CASRGGSYEQYF
1501,CASSPGTDTQYF,CASSPGDTQYF
1502,CASSLAGYPYNEQFF,CASSLAGGPYNEQFF
1503,CASSSPYEQYF,CASSSSYEQYF
1504,CASSPNGHEQYF,CASSPQGHEQYF
1505,CASSILAVSNTEAFF,CASSILAGSNTEAFF
1506,CASSLDNEQFF,CASSLDGNEQFF
1507,CASSLSPGNEQFF,CASSLSRGNEQFF
1508,CASSQGNYEQYF,CASSEQGNYEQYF
1509,CASSWDLNTEAFF,CASSQWDLNTEAFF
1510,CASSLAGYNEQFF,CASSLAGTNEQFF
1511,CASGLNSNQPQHF,CASSLNSNQPQHF
1512,CASSLGDRYGYTF,CASSLDRYGYTF
1513,CASSWGPPNYGYTF,CASSWGPINYGYTF
1514,CASSYSTGNEQYF,CASSYSTGYEQYF
1515,CASSWTSGNTGELFF,CASSWTGGNTGELFF
1516,CASSLGETQYF,CASSPGETQYF
1517,CASSSGPTYEQYF,CASSSPTYEQYF
1518,CASSLMGEEQYF,CASSLMGEDEQYF
1519,CASSLMGEEQYF,CASSLMGEETQYF
1520,CASSPTDSNQPQHF,CASSPTESNQPQHF
1521,CASSLSDPNQPQHF,CASSLSDSNQPQHF
1522,CASSIGVSYEQYF,CASSIGAVSYEQYF
1523,CASSLLTGEQYF,CASSLGTGEQYF
1524,CASSTGTGLYEQYF,CASSFGTGLYEQYF
1525,CASSPGTDTQYF,CASSFGTDTQYF
1526,CASSPGTDTQYF,CASSLGTDTQYF
1527,CASSSPYEQYF,CASSSIYEQYF
1528,CASSLDNEQFF,CASSLHDNEQFF
1529,CASSLLAGETDTQYF,CASSLLAGVTDTQYF
1530,CASSLLAGETDTQYF,CASSLLAGYTDTQYF
1531,CASSLGGPYEQYF,CASSLGGPSYEQYF
1532,CASSPGTGSPYEQYF,CASSPGTGSFYEQYF
1533,CASSQGDSYEQYF,CASSQGQSYEQYF
1534,CASSLGYEQYF,CASSQGYEQYF
1535,CASSLDSNEQFF,CASSLLSNEQFF
1536,CASSLAGYNEQFF,CASSLAGGNEQFF
1537,CASSQVGGTGELFF,CASSQVGSGTGELFF
1538,CASSFGVEQFF,CASSFGNEQFF
1539,CASSLLDSNQPQHF,CASSLTDSNQPQHF
1540,CASSLSPGNEQFF,CASSLSIGNEQFF
1541,CASSLAGYNEQFF,CASSLAGSYNEQFF
1542,CASSGGGEQYF,CASSLGGEQYF
1543,CASSPTVSSYNEQFF,CASSPTGSSYNEQFF
1544,CASSSDRGGYNEQFF,CASSSRGGYNEQFF
1545,CASSQGYEQYF,CASSPQGYEQYF
1546,CASSLGTVNTEAFF,CASSLTVNTEAFF
1547,CASSSGPTYEQYF,CASSSPPTYEQYF
1548,CASSYSSSSYNEQFF,CASSYSGSSYNEQFF
1549,CASSLQTGNYGYTF,CASSLTGNYGYTF
1550,CASSYSTGNEQYF,CASSYSGGNEQYF
1551,CASSLLGPSYEQYF,CASSLLGSYEQYF
1552,CASSVEGSAYNEQFF,CASSVEGSSYNEQFF
1553,CASSLGSGELFF,CASSLGGGELFF
1554,CASSPGTDTQYF,CASSLGTDTQYF
1555,CASSYSSSSYNEQFF,CASSYSGSSYNEQFF
1556,CASSFGTTYEQYF,CASSFGTDYEQYF
1557,CASSYPQGYEQYF,CASSYSQGYEQYF
1558,CSVEQGPYEQYF,CSVEQGYEQYF
1559,CASSLSSGVYEQYF,CASSLSSGVPYEQYF
1560,CASSPTSGSPYEQYF,CASSPTSGKPYEQYF
1561,CASSLGIEQYF,CASSLAGIEQYF
1562,CASSLGIEQYF,CASSLAGIEQYF
1563,CASSQEAGVGNTIYF,CASSQEAGTGNTIYF
1564,CASSQDRGGTEAFF,CASSQDRGYTEAFF
1565,CASSIGNTEAFF,CASSIGVNTEAFF
1566,CASSKTGLSYEQYF,CASSKTGGSYEQYF
1567,CASSLIETQYF,CASSFIETQYF
1568,CASGPGHEAFF,CASGPGQEAFF
1569,CASSLTGASTDTQYF,CASSLTGGSTDTQYF
1570,CASSLDNEQFF,CASSLSNEQFF
1571,CASSLDNEQFF,CASSGDNEQFF
1572,CASSLDNEQFF,CASSPDNEQFF
1573,CASSLDNEQFF,CASSLANEQFF
1574,CASTGANEQFF,CASSGANEQFF
1575,CASSLGSNEQFF,CASSLGENEQFF
1576,CASSLGQGNNEQFF,CASSLGQGINEQFF
1577,CASSIGNTEAFF,CASSIGMNTEAFF
1578,CASSLGNQPQHF,CASSLAGNQPQHF
1579,CASSLGTEAFF,CASSPLGTEAFF
1580,CASSIGNTEAFF,CASSTGNTEAFF
1581,CASSIGNTEAFF,CASSAGNTEAFF
1582,CASSLDNEQFF,CASSLDSNEQFF
1583,CASSKTGGSYEQYF,CASSWTGGSYEQYF
1584,CASSFQGHSTDTQYF,CASSFQGQSTDTQYF
1585,CASSFQGHSTDTQYF,CASSFQGDSTDTQYF
1586,CASSLTGELFF,CASSLFGELFF
1587,CASSLTGELFF,CASSGTGELFF
1588,CASSLPDYEQYF,CASSLADYEQYF
1589,CASRSYAGELFF,CASRSMAGELFF
1590,CASSVMNTEAFF,CASSNMNTEAFF
1591,CASSLDNEQFF,CASSLGNEQFF
1592,CSADRGGNYGYTF,CSARGGNYGYTF
1593,CASSQDYEQYF,CASSQGYEQYF
1594,CASSPSAYEQYF,CASSPTAYEQYF
1595,CASSPSAYEQYF,CASSLSAYEQYF
1596,CASSLGTEAFF,CASSPGTEAFF
1597,CASSQEGGAGEKLFF,CASSQETGAGEKLFF
1598,CASSLDNEQFF,CASSLDGNEQFF
1599,CASSQGGTEAFF,CASSQGGNTEAFF
1600,CASSLTGELFF,CASSLGGELFF
1601,CASSLGAGGEAFF,CASSLSAGGEAFF
1602,CASSFGTEAFF,CASSPGTEAFF
1603,CSVDLTGETQYF,CSVDLPGETQYF
1604,CASSIGNTEAFF,CASSIKGNTEAFF
1605,CASSVMNTEAFF,CASSVVMNTEAFF
1606,CSVEEGGAYNEQFF,CSVEEGGGYNEQFF
1607,CASSLVGDEQYF,CASSLVPGDEQYF
1608,CASSIGNTEAFF,CASSIGMNTEAFF
1609,CASSLAGSEQYF,CASSLAGTEQYF
1610,CASSLAGIEQYF,CASSLAGTEQYF
1611,CASSISGASYEQYF,CASSISTASYEQYF
1612,CASSLAGYEQYF,CASSLAGTEQYF
1613,CASSPGPTYEQYF,CASSPGQTYEQYF
1614,CASSLAGIEQYF,CASSLAGTEQYF
1615,CASSLAGTGQYF,CASSLAGTEQYF
1616,CASSLAGVEQYF,CASSLAGTEQYF
1617,CASSQEAAGSYEQYF,CASSQEASGSYEQYF
1618,CASSLAGGEQYF,CASSLAGTEQYF
1619,CASSPGQGSQYF,CASSPGQGRSQYF
1620,CASSPLDTGELFF,CASSYLDTGELFF
1621,CASSLAGGYEQYF,CASSLAAGGYEQYF
1622,CASSIHLGTEAFF,CASSISLGTEAFF
1623,CASSRSYEQYF,CASSFSYEQYF
1624,CASSLAGANEQFF,CASSLAGTNEQFF
1625,CASSLTGALNTEAFF,CASSLGALNTEAFF
1626,CASSDPYEQYF,CASSDTYEQYF
1627,CASSLAGISYEQYF,CASSLMAGISYEQYF
1628,CASSLAGISYEQYF,CASSLVAGISYEQYF
1629,CASSRQSSYNEQFF,CASSVQSSYNEQFF
1630,CASSLAGLNEQFF,CASSLAGTNEQFF
1631,CASSSGQTYEQYF,CASSLGQTYEQYF
1632,CASSYPGRFYEQYF,CASSYPGGFYEQYF
1633,CASSQAAGHYEQYF,CASSQTAGHYEQYF
1634,CASSFVGAEQYF,CASSFVGSEQYF
1635,CASSLSPRNEQFF,CASSLSGPRNEQFF
1636,CASSLSGNYNEQFF,CASSLSGTYNEQFF
1637,CASSQDPGSLYEQYF,CASSQDPGNLYEQYF
1638,CASSLAGTGELFF,CASSLANTGELFF
1639,CASSFGTGAYEQYF,CASSFGTGLYEQYF
1640,CASSLAGSYEQYF,CASSLGSYEQYF
1641,CASTLAGGNEQFF,CASSLAGGNEQFF
1642,CASSLAGGGEQFF,CASSLAGGNEQFF
1643,CASSLAGANEQFF,CASSLAGGNEQFF
1644,CASSVRGNEQFF,CASSVGGNEQFF
1645,CASSLAQGGTEAFF,CASSLWQGGTEAFF
1646,CASSFGNTEAFF,CASSRGNTEAFF
1647,CASSLAGLNEQFF,CASSLAGGNEQFF
1648,CSVGDGNTGELFF,CSVDGNTGELFF
1649,CASSLSPRNEQFF,CASSLSPGNEQFF
1650,CASSLSPRNEQFF,CASSLSPRAEQFF
1651,CASSLRDGSNQPQHF,CASSLRQGSNQPQHF
1652,CASSISGASYEQYF,CASSIAGASYEQYF
1653,CASSLAGTGELFF,CASSLAYGTGELFF
1654,CASSLAGQINEKLFF,CASSLAGQGNEKLFF
1655,CASSLEGLSYEQYF,CASSLEGYSYEQYF
1656,CASSLEGLSYEQYF,CASSLVGLSYEQYF
1657,CASSLEGLSYEQYF,CASSLNGLSYEQYF
1658,CASSSGQTYEQYF,CASSSGQTHEQYF
1659,CASSYPGRFYEQYF,CASSYPGRYEQYF
1660,CASSLAGTDYGYTF,CASSLALTDYGYTF
1661,CASSLAGYEQYF,CASSLGGYEQYF
1662,CASSLAGYEQYF,CASSLATGYEQYF
1663,CASSLAGAEAFF,CASSLAPGAEAFF
1664,CASSLTGGYEQYF,CASSLGGYEQYF
1665,CASSLTGGYEQYF,CASSLDGGYEQYF
1666,CASSLAGSTYEQYF,CASSLASTYEQYF
1667,CASSLAGGYEQYF,CASSLAVGGYEQYF
1668,CASSLAGGYEQYF,CASSLGGYEQYF
1669,CASSLAGGYEQYF,CASSLAGGSYEQYF
1670,CASSLAGGYEQYF,CASSLDGGYEQYF
1671,CASSLAGGYEQYF,CASSLATGYEQYF
1672,CASSFQGGNQPQHF,CASSFQGAGNQPQHF
1673,CASSLAGSYEQYF,CASSLAGGSYEQYF
1674,CASTLSYEQYF,CASTLQSYEQYF
1675,CASSLGDEQYF,CASSLPGDEQYF
1676,CASSVGDSQETQYF,CASSVGESQETQYF
1677,CATSDFQGAGELFF,CATSDFQAGELFF
1678,CATGSGANVLTF,CATFSGANVLTF
1679,CASSSGQGTDTQYF,CASSTGQGTDTQYF
1680,CASSLGGEQFF,CASSLGREQFF
1681,CASSFGDEQYF,CASSFGSEQYF
1682,CASSIGPYEQYF,CASSIGYEQYF
1683,CASSFSENTGELFF,CASSFSETGELFF
1684,CASSLGVGEQFF,CASSLGGEQFF
1685,CASSPLDRGGYEQYF,CASSPGDRGGYEQYF
1686,CASSLSSYNEQFF,CASSPLSSYNEQFF
1687,CSVVGTSGSNEQFF,CSVVGTSGYNEQFF
1688,CASSFGQGTDTQYF,CASSTGQGTDTQYF
1689,CASSITLYNEQFF,CASSITAYNEQFF
1690,CASSLEPSYEQYF,CASSLESYEQYF
1691,CASSLPMNTEAFF,CASSLMNTEAFF
1692,CASSFLNEQFF,CASSFYNEQFF
1693,CASSIGVNTEAFF,CASSIGMNTEAFF
1694,CSAGTENTGELFF,CSAGGENTGELFF
1695,CASSYGVGGTEAFF,CASSYGTGGTEAFF
1696,CASSIGTGSTEAFF,CASSIGGSTEAFF
1697,CASSYSGGANYGYTF,CASSYSGGVNYGYTF
1698,CASSLSQTYEQYF,CASSLGQTYEQYF
1699,CASSYTGQGYEQYF,CASSYQGQGYEQYF
1700,CASSWDRGSYNEQFF,CASSDRGSYNEQFF
1701,CASSKTGGSYEQYF,CASSWTGGSYEQYF
1702,CASSFLNEQFF,CASSFLGNEQFF
1703,CASSLYPLDQPQHF,CASSLYPDQPQHF
1704,CASSPTYEQYF,CASSETYEQYF
1705,CASFSSSYEQYF,CASSFSSSYEQYF
1706,CASSFEGQGYEQYF,CASSFEGGYEQYF
1707,CASSPGTGTYEQYF,CASSSPGTGTYEQYF
1708,CASSPLAASYNEQFF,CASSPLASYNEQFF
1709,CASSLSQTYEQYF,CASSLSQVYEQYF
1710,CASSIVGSYNEQFF,CASSNVGSYNEQFF
1711,CASSLVGDSYEQYF,CASSLVGDRSYEQYF
1712,CASSTGLAGLYEQYF,CASSGGLAGLYEQYF
1713,CASSLIQGNTGELFF,CASSLRQGNTGELFF
1714,CASSLGGEQFF,CASSLGGHQFF
1715,CASSLGGEQFF,CASSLGNEQFF
1716,CSVDSGNEQYF,CSVDSGYEQYF
1717,CASSFLNEQFF,CASSFGNEQFF
1718,CASSQGGANEQYF,CASSQMGANEQYF
1719,CASSFATLNEQFF,CASSFASLNEQFF
1720,CASSSGRETQYF,CASSSGVETQYF
1721,CASSYLAGGTDTQYF,CASSWLAGGTDTQYF
1722,CASSYSGQETQYF,CASSYSQETQYF
1723,CASSLLVNTEAFF,CASSLGVNTEAFF
1724,CASSLLVNTEAFF,CASSLLQNTEAFF
1725,CASSIGVNTEAFF,CASSIKVNTEAFF
1726,CASSYGDSYEQFF,CASSYGDSYEQYF
1727,CASSLVGGADTQYF,CASSLAGGADTQYF
1728,CASSLVGGADTQYF,CASSLVGGADEQYF
1729,CATSRGGLNTEAFF,CATSRGGMNTEAFF
1730,CASSFIETQYF,CASSFLETQYF
1731,CASSYGNSYEQYF,CASSYGDSYEQYF
1732,CASSYGQSYEQYF,CASSYGPSYEQYF
1733,CASSLGDSLNTEAFF,CASSLGDSNTEAFF
1734,CASSLAAGGYEQYF,CASSLAVGGYEQYF
1735,CASSIGPYEQYF,CASSIAGPYEQYF
1736,CASSSTDSYEQYF,CASSSDSYEQYF
1737,CSAEGGYEQYF,CSVEGGYEQYF
1738,CASSYSGVNQPQHF,CASSYSGGNQPQHF
1739,CASSYGPNNEQFF,CASSYGPSNEQFF
1740,CASSIGVNTEAFF,CASSIGMNTEAFF
1741,CASSSLGGNQPQHF,CASSLGGNQPQHF
1742,CASSILAYNEQFF,CASSITAYNEQFF
1743,CASSLTGPYNEQFF,CASSLITGPYNEQFF
1744,CASSLTGPYNEQFF,CASSLGPYNEQFF
1745,CASSYGGNQPQHF,CASSLGGNQPQHF
1746,CASSFLPGELFF,CASSFSPGELFF
1747,CSVAGSYEQYF,CSVLAGSYEQYF
1748,CASSLGGVQPQHF,CASSLGGNQPQHF
1749,CASSLYGNEQFF,CASSLDGNEQFF
1750,CASSFAPGELFF,CASSFSPGELFF
1751,CASSLTGGSTDTQYF,CASSLTGGSDTQYF
1752,CASSLSNEQFF,CASSLDSNEQFF
1753,CASSLGAGNQPQHF,CASSLGALGNQPQHF
1754,CASSLGAGNQPQHF,CASSLGTGNQPQHF
1755,CASSPPGTEAFF,CASSPLGTEAFF
1756,CASSVGEGRTEAFF,CASSVGEGLTEAFF
1757,CASSLIYPNTGELFF,CASSLILPNTGELFF
1758,CASSEGHLYEQYF,CASSEGKLYEQYF
1759,CASSFGTDTQYF,CASSFTDTQYF
1760,CASSWGTGELFF,CASSGTGELFF
1761,CASSLTSGSYNEQFF,CASSITSGSYNEQFF
1762,CASSLTSGSYNEQFF,CASSVTSGSYNEQFF
1763,CASSLTSGSYNEQFF,CASSSTSGSYNEQFF
1764,CASSLSLQSNYEQYF,CASSLSLDSNYEQYF
1765,CASSLWGGEQYF,CASSLQGGEQYF
1766,CASSWGTGELFF,CASSWGHTGELFF
1767,CASSFGLEQYF,CASSFGYEQYF
1768,CASSLFSSYEQYF,CASSLGSSYEQYF
1769,CASSLGQGSSYEQYF,CASSLGQESSYEQYF
1770,CASSPLSSYNEQFF,CASSPLASYNEQFF
1771,CASSRADSYEQYF,CASSNRADSYEQYF
1772,CASSLYGNEQFF,CASSLQGNEQFF
1773,CASSEGVDYEQYF,CASSEVDYEQYF
1774,CSARDMTGSYEQYF,CSARDPTGSYEQYF
1775,CASRELAGGYNEQFF,CASRLAGGYNEQFF
1776,CASSLSNEQFF,CASSLGNEQFF
1777,CASSAGGSYEQYF,CASSLAGGSYEQYF
1778,CASSLGREQFF,CASSLGNEQFF
1779,CASSFGLEQYF,CASSTGLEQYF
1780,CASSPGNEQFF,CASSVGNEQFF
1781,CASSPGNEQFF,CASSLGNEQFF
1782,CASSLYGNEQFF,CASSLVGNEQFF
1783,CASSQGNEQFF,CASSVGNEQFF
1784,CASSQGNEQFF,CASSLGNEQFF
1785,CASSRGPEAFF,CASSRGTEAFF
1786,CASSLANEQFF,CASSLGNEQFF
1787,CASSFLVNEQFF,CASSFLGNEQFF
1788,CSVAGDYGYTF,CSVVGDYGYTF
1789,CSVAGDYGYTF,CSVIGDYGYTF
1790,CASSLWGGEQYF,CASSLGGEQYF
1791,CASSSLGGELFF,CASSLGGELFF
1792,CASSPPGTEAFF,CASSPGTEAFF
1793,CASSLSGNTGELFF,CASSLGNTGELFF
1794,CASSFGLEQFF,CASSFSLEQFF
1795,CASSPLSSYNEQFF,CASSLSSYNEQFF
1796,CASSPPVFTGELFF,CASSPPVTGELFF
1797,CASSPPGQPQHF,CASSPGQPQHF
1798,CASSFGGPSYEQYF,CASSFGGSSYEQYF
1799,CASSIYANTEAFF,CASSIYRNTEAFF
1800,CASSIYANTEAFF,CASSIYQNTEAFF
1801,CASSLGWNTEAFF,CASSLGVNTEAFF
1802,CASSIGYEQYF,CASSMIGYEQYF
1803,CASSVGTGGHQPQHF,CASSTGTGGHQPQHF
1804,CASSETNEQFF,CASSETGEQFF
1805,CASSYTQSSYEQYF,CASSYTDSSYEQYF
1806,CASSFTDTQYF,CASSITDTQYF
1807,CASSPAGNEQFF,CASSLAGNEQFF
1808,CASSEGGEQYF,CASSEMGEQYF
1809,CASSLANEQFF,CASSLAGNEQFF
1810,CASSLSNGPYEQYF,CASSLSGGPYEQYF
1811,CASSLLAESYNEQFF,CASSLLAEHYNEQFF
1812,CASSYSMGGGNEQFF,CASSYSMGFGNEQFF
1813,CASSLTGPYNEQFF,CASSLTGGYNEQFF
1814,CASSLGGVQPQHF,CASSLGGDQPQHF
1815,CASSLTTGGTEAFF,CASSLTTGNTEAFF
1816,CASSQGDTQYF,CASSRGDTQYF
1817,CASSPGGNTEAFF,CASSSGGNTEAFF
1818,CASSPGGNTEAFF,CASSVGGNTEAFF
1819,CASSPGGNTEAFF,CASSNGGNTEAFF
1820,CASSRDSNTEAFF,CASRRDSNTEAFF
1821,CASSLEGTDTQYF,CASSLEVGTDTQYF
1822,CASSFPGNEQYF,CASSFVGNEQYF
1823,CASSYAGGYEQYF,CASSYQGGYEQYF
1824,CASSLGGNQPQHF,CASSLGSNQPQHF
1825,CASSLRSPSTDTQYF,CASSLRHPSTDTQYF
1826,CASSLSGGNTGELFF,CASSLSGGPTGELFF
1827,CASSLVTGISYEQYF,CASSLVTGSSYEQYF
1828,CASSLGGSYNEQFF,CASSLGPSYNEQFF
1829,CASSSSYEQYF,CASSSIYEQYF
1830,CASSLGQGGSPLHF,CASSLGQAGSPLHF
1831,CASSYSGDSYEQYF,CASSYSGDSSYEQYF
1832,CASSLDGNEQFF,CASSLQGNEQFF
1833,CASSLYSTDTQYF,CASSIYSTDTQYF
1834,CSAPGPSSYEQYF,CSASGPSSYEQYF
1835,CASRGGSYEQYF,CASRRGSYEQYF
1836,CASSSLNQPQHF,CASSSLPNQPQHF
1837,CASSLAGTNEQFF,CASSLAGGNEQFF
1838,CASSLDGNEQFF,CASSLVGNEQFF
1839,CASSYPGLGYEQYF,CASSNYPGLGYEQYF
1840,CASSLGGSYNEQFF,CASSLGGSSYNEQFF
1841,CASSYGTEAFF,CASSYEGTEAFF
1842,CSVLAGSYEQYF,CSVLAGGSYEQYF
1843,CASSLSRGNEQFF,CASSLSPGNEQFF
1844,CASSLSRGNEQFF,CASSLSIGNEQFF
1845,CASSLLTDTQYF,CASSLDLTDTQYF
1846,CASSFGQPQHF,CASSPGQPQHF
1847,CASSPGNTEAFF,CASSFPGNTEAFF
1848,CASSPTGVSYNEQFF,CASSPSGVSYNEQFF
1849,CASSFYNEQFF,CASSFGNEQFF
1850,CASSPGDTQYF,CASSPGTDTQYF
1851,CASSDLGNEQFF,CASSDAGNEQFF
1852,CASSQGPGYEQYF,CASSQGSGYEQYF
1853,CASSLYTDTQYF,CASSLYADTQYF
1854,CASSFGQPQHF,CASSFWGQPQHF
1855,CASSFLNTEAFF,CASSFGLNTEAFF
1856,CASSLVSSYEQYF,CASSLGSSYEQYF
1857,CSVAGLAGGYEQYF,CSVGGLAGGYEQYF
1858,CASSYSGDSYEQYF,CASSYGDSYEQYF
1859,CASSLLAGVTGELFF,CASSLLAGLTGELFF
1860,CASSLLAGGRNEQFF,CASGLLAGGRNEQFF
1861,CSVGGGSTDTQYF,CSVGGVSTDTQYF
1862,CASSSSDEQYF,CASSSTSDEQYF
1863,CASSLLFSNEQFF,CASSLLASNEQFF
1864,CASSYSSPYEQYF,CASSYSSGYEQYF
1865,CASSYSSPYEQYF,CASSYSSPGYEQYF
1866,CASSLGGYNEQFF,CASSLGGLNEQFF
1867,CASSLGGYNEQFF,CASSLTGGYNEQFF
1868,CASSLYSTDTQYF,CASSLYVTDTQYF
1869,CASSVVGGNTEAFF,CASSVVGKNTEAFF
1870,CASSYGGGQETQYF,CASSYSGGQETQYF
1871,CSVGGGSYNEQFF,CSVHGGSYNEQFF
1872,CASSSQNTEAFF,CASSYSQNTEAFF
1873,CASSLSKNTEAFF,CASSLSSNTEAFF
1874,CASSLGGNQPQHF,CASSLGGDQPQHF
1875,CASSLSGTHNEQFF,CASSLSGTYNEQFF
1876,CASRRDSNTEAFF,CASRTDSNTEAFF
1877,CASSDSSYEQYF,CASSLDSSYEQYF
1878,CASSDSSYEQYF,CASSRDSSYEQYF
1879,CASSWTGNTEAFF,CASSWTANTEAFF
1880,CASSQEAYTDTQYF,CASSQEAGTDTQYF
1881,CASSLNSNQPQHF,CASSLNNNQPQHF
1882,CASSLGQTYEQYF,CASSLGQYYEQYF
1883,CASSRDRDSSYEQYF,CASSQDRDSSYEQYF
1884,CSARDTGAYEQYF,CSARDPTGAYEQYF
1885,CASSLAGGPSYEQYF,CASSLAGGSYEQYF
1886,CSAPGGNYGYTF,CSARGGNYGYTF
1887,CASSSGTEAFF,CASSRGTEAFF
1888,CASSFGGAEAFF,CASSFMGGAEAFF
1889,CASSLGNNQPQHF,CASSLANNQPQHF
1890,CASSLGITGELFF,CASSLGNTGELFF
1891,CASSPLGTEAFF,CASSPGTEAFF
1892,CASSYSGLALYEQYF,CASSSGLALYEQYF
1893,CASSELGTDTQYF,CASSELGHTDTQYF
1894,CASSLDSNEQFF,CASSLDGNEQFF
1895,CASSLGLTGELFF,CASSLGNTGELFF
1896,CASSSPGQGGYGYTF,CASSPGQGGYGYTF
1897,CASSYGGSSYNEQFF,CASSYSGSSYNEQFF
1898,CASSPAGYNYGYTF,CASSPTGYNYGYTF
1899,CASSPGTASTDTQYF,CASSPGTSTDTQYF
1900,CASSYSAQSSYEQYF,CASSYSAGSSYEQYF
1901,CASSDGSTDTQYF,CASSLGSTDTQYF
1902,CASSYSSGRAYEQYF,CASSYSSGSAYEQYF
1903,CASSRVSYEQYF,CASSLVSYEQYF
1904,CASSQDSQGGYGYTF,CASSQDQGGYGYTF
1905,CASSYTGGGTEAFF,CASSYTIGGTEAFF
1906,CASSYGTGGTEAFF,CASSYGTGYTEAFF
1907,CASSYGTGGTEAFF,CASSYGTGFTEAFF
1908,CASSSSVNTEAFF,CASSSSWNTEAFF
1909,CASSYGGSSYNEQFF,CASSYSGSSYNEQFF
1910,CASSLVLTGELFF,CASSLVLSGELFF
1911,CASSYGSDQPQHF,CASSYGSNQPQHF
1912,CASSLGLDSNTEAFF,CASSLGDSNTEAFF
1913,CASSLIHPSTDTQYF,CASSLSHPSTDTQYF
1914,CASSSDTGELFF,CASSSYTGELFF
1915,CASSLNRDSAYEQYF,CASSNRDSAYEQYF
1916,CASSFQGDSTDTQYF,CASSFSGDSTDTQYF
1917,CASSFLGNEQFF,CASSPLGNEQFF
1918,CASSLRHPSTDTQYF,CASSLSHPSTDTQYF
1919,CASSLGSSTDTQYF,CASSLGVSTDTQYF
1920,CASSLSHSTDTQYF,CASSLSHPSTDTQYF
1921,CASSFGPDTQYF,CASSFGTDTQYF
1922,CASSSRDSQETQYF,CASSFSRDSQETQYF
1923,CASSLGYEQYF,CASSDLGYEQYF
1924,CASSLVLDEQYF,CASSLGLDEQYF
1925,CASSSPTYEQYF,CASSSATYEQYF
1926,CASSLRQGTQETQYF,CASSLRQGMQETQYF
1927,CASSLGYEQYF,CASSLGGEQYF
1928,CASSLFGELFF,CASSLGGELFF
1929,CASSLSPDTQYF,CASSLGPDTQYF
1930,CASSGGGELFF,CASSLGGELFF
1931,CASSPGDSSYEQYF,CASSPTDSSYEQYF
1932,CASSLGQNTEAFF,CASSLGQGTEAFF
1933,CASSFLGNEQFF,CASSRLGNEQFF
1934,CASSFLGNEQFF,CASSFGNEQFF
1935,CASSLSSTTDTQYF,CASSLSSVTDTQYF
1936,CASSFGPDTQYF,CASSLGPDTQYF
1937,CASSLSSYEQYF,CASSLVSYEQYF
1938,CASSLQGAPYNEQFF,CASSLQGAYNEQFF
1939,CASSLSGTYNEQFF,CASSLEGTYNEQFF
1940,CASSSPTYEQYF,CASSSPPTYEQYF
1941,CASSLADSYEQYF,CASSLAGSYEQYF
1942,CASSYSTGYEQYF,CASSYSDGYEQYF
1943,CASSVVPSTDTQYF,CASSVVPSSTDTQYF
1944,CSVEGLGSYEQYF,CSVEGLPSYEQYF
1945,CASSLGYEQYF,CASSLGNEQYF
1946,CASSLGYEQYF,CASSLGLEQYF
1947,CASSLDGGPYEQYF,CASSLSGGPYEQYF
1948,CASSYSTGYEQYF,CASSYSSGYEQYF
1949,CASSLSAPQETQYF,CASSLSMPQETQYF
1950,CASSLGSGVDTQYF,CASSLGQGVDTQYF
1951,CASSLQGGYGYTF,CASSLGQGGYGYTF
1952,CASSLVGDRSYEQYF,CASSLVGDRAYEQYF
1953,CASSLQGNEQFF,CASSLVGNEQFF
1954,CASSLGSSYEQYF,CASSLGYSSYEQYF
1955,CASSPPEETQYF,CASSPPEHETQYF
1956,CASSLQGGEQYF,CASSLGGEQYF
1957,CASSFGTDTQYF,CASSPGTDTQYF
1958,CASSPEGGNEQFF,CASSPGGGNEQFF
1959,CSARLAGVEQYF,CSAPLAGVEQYF
1960,CASSLGTDTQYF,CASSLGPDTQYF
1961,CASSLGTDTQYF,CASSPGTDTQYF
1962,CASSLSIGTDTQYF,CASSLSIGDTQYF
1963,CASSPLGNEQFF,CASSRLGNEQFF
1964,CASSLGTGEQYF,CASSLGGEQYF
1965,CASSLSEAYEQYF,CASSLSAYEQYF
1966,CASSLGGSYEQYF,CASSFGGSYEQYF
1967,CASSRLAGPYNEQFF,CASSILAGPYNEQFF
1968,CASSYSGDSSYEQYF,CASSYSDSSYEQYF
1969,CASSTGGTEAFF,CASSFTGGTEAFF
1970,CASSLGSSYEQYF,CASSLGESYEQYF
1971,CASSLQGNEQYF,CASSLGNEQYF
1972,CASSQGPGAPYEQYF,CASSQGPGGPYEQYF
1973,CASSLTGTAGNTIYF,CASSLTGTPGNTIYF
1974,CASSLGHTDTQYF,CASSLGTDTQYF
1975,CASSLQGDTQYF,CASSLQGDETQYF
1976,CASSIYSTDTQYF,CASSLYSTDTQYF
1977,CASSLSADSYEQYF,CASSLSGDSYEQYF
1978,CASSFGTDTQYF,CASSLGTDTQYF
1979,CASSLSVDSYEQYF,CASSLSGDSYEQYF
1980,CASSYSGTYEQYF,CASSYSRTYEQYF
1981,CASSLHRDHYEQYF,CASSLHRDYEQYF
1982,CASSLSGDSSYEQYF,CASSLSGDSYEQYF
1983,CASSLQGDEQYF,CASSLQGDETQYF
1984,CASSLSRDSYEQYF,CASSLSGDSYEQYF
1985,CASSLGSYEQYF,CASSLGGYEQYF
1986,CASSLGSYEQYF,CASSLNSYEQYF
1987,CASSGQGITEAFF,CASSGQGDTEAFF
1988,CASSFGAGSSYEQYF,CASSFGGSSYEQYF
1989,CASSVGGSWQETQYF,CASSVGGSSQETQYF
1990,CASSVGNEQFF,CASSVYNEQFF
1991,CASSSPYNEQFF,CASSSQYNEQFF
1992,CASSEVRELFF,CASSEIRELFF
1993,CASSPGNTYEQYF,CASSPGGTYEQYF
1994,CASSLGNEQFF,CASSLDGNEQFF
1995,CASSVSTGELFF,CASSVVSTGELFF
1996,CASSVGWGSSYEQYF,CASSVGGGSSYEQYF
1997,CASSVGWGSSYEQYF,CASSVGTGSSYEQYF
1998,CASSVGWGSSYEQYF,CASSVGSGSSYEQYF
1999,CASSQGYEQYF,CASSPQGYEQYF
2000,CASSPGTGSSYEQYF,CASSPTGSSYEQYF
2001,CASSVGWGGSYEQYF,CASSVGAGGSYEQYF
2002,CASSVGGNEQFF,CASSVGWGNEQFF
2003,CASSLGLDEQYF,CASSLPGLDEQYF
2004,CASSLSQGAYNEQFF,CASSLQGAYNEQFF
2005,CASSASGGSSYEQYF,CASSAGGGSSYEQYF
2006,CASSVSGGSSYEQYF,CASSVGGGSSYEQYF
2007,CASSQETTYGYTF,CASSQETGTYGYTF
2008,CASSQGYNSPLHF,CASSQGHYNSPLHF
2009,CASSLGNEQFF,CASSLAGNEQFF
2010,CASSLGGFYEQYF,CASSLGGYEQYF
2011,CASSLDRGGYEQYF,CASSLDGGYEQYF
2012,CASSYGGETQYF,CASSYGNGETQYF
2013,CASSLSGNEQFF,CASSLKGNEQFF
2014,CASSVSGSYEQYF,CASSPSGSYEQYF
2015,CASSVSGSYEQYF,CASSLSGSYEQYF
2016,CASSEIGEQYF,CASSEIYEQYF
2017,CASSFGGSSYEQYF,CASSFGDSSYEQYF
2018,CSAATGTGYEQYF,CSAQTGTGYEQYF
2019,CASSRLGNEQFF,CASSRLGLNEQFF
2020,CSVEVPGQGDNEQFF,CSVEVPGQGLNEQFF
2021,CASSLDGNEQFF,CASSLAGNEQFF
2022,CASSPSNEQFF,CASSRSNEQFF
2023,CASSLGPDTQYF,CASSLGTDTQYF
2024,CASSTGTGYTEAFF,CASSYGTGYTEAFF
2025,CASSLGGEQYF,CASSLGNEQYF
2026,CASSLGGEQYF,CASSLGLEQYF
2027,CASSQAGTGNYGYTF,CASSQEGTGNYGYTF
2028,CASSLGEGSYEQYF,CASSLGGSYEQYF
2029,CASSLTGGNEQFF,CASSLTGGYNEQFF
2030,CASSLAGPGELFF,CASSYLAGPGELFF
2031,CASSPSNEQFF,CASSPLSNEQFF
2032,CSVDGNTGELFF,CSVDGTGELFF
2033,CASSPGTDTQYF,CASSLGTDTQYF
2034,CSVIPGQGGYEQYF,CSVPGQGGYEQYF
2035,CASSTTTGELFF,CASSTTGGELFF
2036,CASSQGSGYEQYF,CASSQGTSGYEQYF
2037,CASSRTFYEQYF,CASSTFYEQYF
2038,CASSLDLRTQYF,CASSLDLRETQYF
2039,CASSPTGTHYEQYF,CASSPTGTEYEQYF
2040,CASSLSGSSYNEQFF,CASSYSGSSYNEQFF
2041,CASSSGTGYEQYF,CASSEGTGYEQYF
2042,CASSSSGSSYNEQFF,CASSYSGSSYNEQFF
2043,CASSFSGSSYNEQFF,CASSYSGSSYNEQFF
2044,CASSQDGPGNQPQHF,CASSQDPGNQPQHF
2045,CASSYQGSNTEAFF,CASSYQGLNTEAFF
2046,CASSASGSSYNEQFF,CASSYSGSSYNEQFF
2047,CASSDSGSSYNEQFF,CASSYSGSSYNEQFF
2048,CASSTSGSSYNEQFF,CASSYSGSSYNEQFF
2049,CASSQSGSSYNEQFF,CASSYSGSSYNEQFF
2050,CASSPSGSSYNEQFF,CASSYSGSSYNEQFF
2051,CASSYSGSGYNEQFF,CASSYSGSSYNEQFF
2052,CASSLYPPNTEAFF,CASSLAPPNTEAFF
2053,CASRPGLQETQYF,CASRGLQETQYF
2054,CSVEGLPTDTQYF,CSVEGLPSTDTQYF
2055,CASSYGQSYEQYF,CASSYGPSYEQYF
2056,CASSLGGAGELFF,CASSLGGGELFF
2057,CASSQQGLNTEAFF,CASSYQGLNTEAFF
2058,CSVPGQGGYEQYF,CSVGGQGGYEQYF
2059,CSVVGQGGYEQYF,CSVGGQGGYEQYF
2060,CASSIQGNTGELFF,CASSIQGTNTGELFF
2061,CSVEGGNYEQYF,CSVEGGYEQYF
2062,CASSYSDGYEQYF,CASSYSSGYEQYF
2063,CASSLGSGEQYF,CASSLMGSGEQYF
