,Seq1,Seq2
0,CSARDPGQGYEQYF,CSARDPGRGYEQYF
1,CSARELETYEQYF,CSARGLETYEQYF
2,CASSLSGNNEQFF,CASSLSGLNEQFF
3,CASSLPGSYEQYF,CASSLAGSYEQYF
4,CSARDPSRGYEQYF,CSARDPGRGYEQYF
5,CASSEGYSGNTIYF,CASSEYSGNTIYF
6,CASSFDSSYEQYF,CASSFSSYEQYF
7,CASSLPGSYEQYF,CASSLSGSYEQYF
8,CASSLGRGGNEQFF,CASSLGSGGNEQFF
9,CATSRVDNEQFF,CATSRVYNEQFF
10,CASSLGGEETQYF,CASSLQGEETQYF
11,CASSLGGEETQYF,CASSLLGEETQYF
12,CASSLESGELFF,CASSLGSGELFF
13,CASSSDRSSYEQYF,CASSHDRSSYEQYF
14,CASSQDVAGNEQFF,CASSQDSAGNEQFF
15,CASSYLYEQYF,CASSYTYEQYF
16,CASSYLYEQYF,CASSYGYEQYF
17,CASSGRDSSYEQYF,CASSGRDSTYEQYF
18,CASSYLGNEQFF,CASSYLDNEQFF
19,CASSLGTTDTQYF,CASSLGSTDTQYF
20,CASSFIGETQYF,CASSFSGETQYF
21,CASSYPDTQYF,CASSYGDTQYF
22,CASSLPGSYEQYF,CASSLGGSYEQYF
23,CSARDQADSYEQYF,CSARDADSYEQYF
24,CASSTGTSTDTQYF,CASSSTGTSTDTQYF
25,CSVEVSSYNEQFF,CSVEVGSSYNEQFF
26,CASSQELSYEQYF,CASSQDLSYEQYF
27,CSVGETGNSGNTIYF,CSVETGNSGNTIYF
28,CASSRGGYEQYF,CASSFGGYEQYF
29,CSARDPGQGYEQYF,CSARDPGQAYEQYF
30,CSASFGYEQYF,CSASYGYEQYF
31,CSARDPGGSYEQYF,CSARDPGGAYEQYF
32,CASSPPGGNEQFF,CASSQPGGNEQFF
33,CASSLFAGAYNEQFF,CASSLAGAYNEQFF
34,CSARDQGSSYEQYF,CSARDQGSPYEQYF
35,CASSEGGRGDTQYF,CASSEGGRFDTQYF
36,CASSLSGNTEAFF,CASSLSGGTEAFF
37,CASSLESGELFF,CASSLGSGELFF
38,CASSLGDSSYEQYF,CASTLGDSSYEQYF
39,CASSLPGGTEAFF,CASSPGGTEAFF
40,CASSPGTVSNQPQHF,CASSSGTVSNQPQHF
41,CASSEGTVSNQPQHF,CASSSGTVSNQPQHF
42,CASSEGQVSNQPQHF,CASSEGQWSNQPQHF
43,CSVGQGPYEQYF,CSVEQGPYEQYF
44,CSAGTGPYEQYF,CSAGTGDYEQYF
45,CSAGTGGTGELFF,CSAGIGGTGELFF
46,CSVEWVYNEQFF,CSVEAVYNEQFF
47,CASSEGYSGNTIYF,CASSEGPYSGNTIYF
48,CSAGTGPYEQYF,CSAGTGTYEQYF
49,CASSPGQGYNEQFF,CASSVGQGYNEQFF
50,CSVAAGGNTEAFF,CSVAAGNTEAFF
51,CASSLSGNNEQFF,CASSLSGNYNEQFF
52,CSAARAGGSYNEQFF,CSAAAGGSYNEQFF
53,CASSYGAYNEQFF,CASSYGGYNEQFF
54,CASSFLGNEQFF,CASSFLNEQFF
55,CASSLESGELFF,CASSLASGELFF
56,CSARDLTYEQYF,CSARDLSYEQYF
57,CSARDLTYEQYF,CSARDLAYEQYF
58,CSARDLTYEQYF,CSARDLEYEQYF
59,CASSGPGDTEAFF,CASSSPGDTEAFF
60,CSARDISYEQYF,CSARDLSYEQYF
61,CSARDPSYEQYF,CSARDLSYEQYF
62,CASSSGTVNTGELFF,CASSLGTVNTGELFF
63,CASSLSGNNEQFF,CASSLSGPNNEQFF
64,CASSLGPTDTQYF,CASSLGSTDTQYF
65,CASSPLGNEQFF,CASSFLGNEQFF
66,CASSFDSSYEQYF,CASSFSSYEQYF
67,CASSLSGNNEQFF,CASSLSDGNNEQFF
68,CASSYQSSYEQYF,CASSYDSSYEQYF
69,CASSSGLAGPYEQYF,CASSSGLAGNYEQYF
70,CASSTGTSTDTQYF,CASSSGTSTDTQYF
71,CASSLPLQETQYF,CASSLPEQETQYF
72,CSARDPGGSYEQYF,CSARDPSGSYEQYF
73,CASSYEREEAFF,CASSYERTEAFF
74,CASSFLGNEQFF,CASSPLGNEQFF
75,CASSLGTSSYEQYF,CASSLGRTSSYEQYF
76,CASSLLRADTQYF,CASSLLRGDTQYF
77,CSARARSQPQHF,CSARDRSQPQHF
78,CSARGEGNYGYTF,CSARGGNYGYTF
79,CSARDRNQPQHF,CSARDRSQPQHF
80,CASSVGNTYEQYF,CASSVGHTYEQYF
81,CSARGPTSSYEQYF,CSARGTSSYEQYF
82,CASSERTNTEAFF,CASSEARTNTEAFF
83,CSARPRNQPQHF,CSARPVNQPQHF
84,CSAPVTNYEQYF,CSAPVTSYEQYF
85,CASSGLAGTDTQYF,CASSFLAGTDTQYF
86,CASSLAGGLETQYF,CASSLAGLETQYF
87,CASSLGPTDTQYF,CASSLGSTDTQYF
88,CASSLPGSYEQYF,CASSLLGSYEQYF
89,CASSMAGNYEQYF,CASSMAGAYEQYF
90,CASSLPHSYEQYF,CASSLPDHSYEQYF
91,CASSQDRSYNEQFF,CASSQDRTYNEQFF
92,CSAWGMNTEAFF,CSASGMNTEAFF
93,CASSQDLGTDTQYF,CASSQDRGTDTQYF
94,CASSYSSYNEQFF,CASSYSASYNEQFF
95,CSAGSSYEQYF,CSAGASYEQYF
96,CASSLVGGEQFF,CASSLVGGELFF
97,CASSLVGGEQFF,CASSLVGGEQYF
98,CASSQDPSYEQYF,CASSQDGSYEQYF
99,CSATANTGELFF,CSAGTANTGELFF
100,CSATDLAGVNEQFF,CSATRLAGVNEQFF
101,CASSQDLNEQFF,CASSQDLNNEQFF
102,CASSFSRSSYEQYF,CASSFSTSSYEQYF
103,CASSLAGSYEQYF,CASSLSGSYEQYF
104,CASSVGTDTQYF,CASSVGDTQYF
105,CASSVGTDTQYF,CASSVGGDTQYF
106,CASSVGTDTQYF,CASSVTDTQYF
107,CASSLGRTEAFF,CASSLGTEAFF
108,CASSLEGNIQYF,CASSLEGRNIQYF
109,CASSLEGNIQYF,CASSLEGKNIQYF
110,CASSLATEAFF,CASSLAYTEAFF
111,CASSVGYNEQFF,CASSVGYEQFF
112,CASSVGYNEQFF,CASSVGGNEQFF
113,CASSVGYNEQFF,CASSVGNEQFF
114,CASSPPDRVNEQFF,CASSPWDRVNEQFF
115,CASSLAGNTEAFF,CASSLGNTEAFF
116,CASSVGTDTQYF,CASSVGPDTQYF
117,CASSYSGNEAFF,CASSYSGNTEAFF
118,CASSLGRTEAFF,CASSYGRTEAFF
119,CASSGGYNEQFF,CASSGGQYNEQFF
120,CASSYTTYEQYF,CASSYTYEQYF
121,CASSIYRHTEAFF,CASSIYRGHTEAFF
122,CASSLTVMNTEAFF,CASSLTGMNTEAFF
123,CASSLGAGGYEQYF,CASSLGGGYEQYF
124,CASSLSGLNEQFF,CASSLGLNEQFF
125,CASSLSWYTEAFF,CASSLSRYTEAFF
126,CASSLLPGSNEQFF,CASSLGLPGSNEQFF
127,CASSLAGSYEQYF,CASSLGGSYEQYF
128,CASSVGYNEQFF,CASSVEGYNEQFF
129,CASSIGQGMNTEAFF,CASSIGVGMNTEAFF
130,CASSIGQGMNTEAFF,CASSIGQGLNTEAFF
131,CASSQDPSYEQYF,CASSQDLSYEQYF
132,CASSLGANYGYTF,CASSLGNYGYTF
133,CASSFQGTGELFF,CASSLQGTGELFF
134,CASSPSGDTQYF,CASSPGGDTQYF
135,CASSYLGGDTQYF,CASSYGGDTQYF
136,CASSGGYNEQFF,CASSGGTYNEQFF
137,CASSGGYNEQFF,CASSAGYNEQFF
138,CASSGGYNEQFF,CASSVGYNEQFF
139,CASSGGYNEQFF,CASSPGYNEQFF
140,CASSVGYNEQFF,CASSAGYNEQFF
141,CASSVGYNEQFF,CASSPGYNEQFF
142,CASSFTGGTEAFF,CASSFTGGLTEAFF
143,CASSPAPAYEQYF,CASSPAGAYEQYF
144,CASSYSGNEAFF,CASSYSGAEAFF
145,CASSLTVMNTEAFF,CASSLTVGNTEAFF
146,CASSDRGLSYEQYF,CASSDRGHSYEQYF
147,CASSQEQLYNEQFF,CASSQENLYNEQFF
148,CASSEGPGAYEQYF,CASSEGQGAYEQYF
149,CASSLWAGRTDTQYF,CASSLSAGRTDTQYF
150,CASSSSYEQYF,CASSSDYEQYF
151,CASSLVGGEQFF,CASSLGGEQFF
152,CASSGPSYEQYF,CASSGGSYEQYF
153,CASSLAGTYNEQFF,CASSLAGSYNEQFF
154,CASSLAGTYNEQFF,CASSTAGTYNEQFF
155,CASSGGYNEQFF,CASSVGGYNEQFF
156,CASSGGYNEQFF,CASSGSGYNEQFF
157,CASSVGDSYYEQYF,CASSVGGDSYYEQYF
158,CASSVGYNEQFF,CASSVGGYNEQFF
159,CASSLGDEQYF,CASSLGGEQYF
160,CASSPYSNQPQHF,CASSLPYSNQPQHF
161,CASSYGNTIYF,CASSLGNTIYF
162,CSASRDYNEQFF,CSARDYNEQFF
163,CASSLGGYSNQPQHF,CASSLGVYSNQPQHF
164,CASSLGGYSNQPQHF,CASSLGIYSNQPQHF
165,CASSLGGYSNQPQHF,CASSLGLYSNQPQHF
166,CASSLGGYSNQPQHF,CASSLGTYSNQPQHF
167,CASSPTDSFNQPQHF,CASSPTDSNQPQHF
168,CASSIGPNTEAFF,CASSIAPNTEAFF
169,CASSFSMSYEQYF,CASSFSVSYEQYF
170,CASSITGNEQFF,CASSITHNEQFF
171,CASSQGGGTEAFF,CASSQGGGGTEAFF
172,CASSQGGGTEAFF,CASSQGGDGTEAFF
173,CASSPGGYEQYF,CASSPGTYEQYF
174,CSARGGYEQYF,CSARKGYEQYF
175,CASSLAGSYEQYF,CASSLAGISYEQYF
176,CASSLAGAGYTF,CASSLAGSGYTF
177,CASSLAGAGYTF,CASSLAGNGYTF
178,CASSLAGAGYTF,CASSLAGAQGYTF
179,CASSLAGAGYTF,CASSLAGTGYTF
180,CASSLAGAGYTF,CASSLAGVGYTF
181,CASSLAGAGYTF,CASSLAGIGYTF
182,CASSITGNEQFF,CASSIEGNEQFF
183,CASSFQGTGELFF,CASSFGTGELFF
184,CASSIGPNTEAFF,CASSIGTNTEAFF
185,CASSIGPNTEAFF,CASSIGVNTEAFF
186,CASSYDRGYEQYF,CASSYERGYEQYF
187,CASSQGLAGPYEQYF,CASSQGLAGMYEQYF
188,CSAREAGYEQYF,CSAREGGYEQYF
189,CASSLGGPAYEQYF,CASSLSGGPAYEQYF
190,CSASEGGYEQYF,CSAREGGYEQYF
191,CASSLATEAFF,CASSLTATEAFF
192,CASSYSNEQFF,CASSNSNEQFF
193,CASSPTGSEQYF,CASSPTGNEQYF
194,CSVDRYTEAFF,CSVDRNTEAFF
195,CASSQAVGAYEQYF,CASSQAPGAYEQYF
196,CASSFTGGTEAFF,CASSWTGGTEAFF
197,CASSIGPNTEAFF,CASSIGMNTEAFF
198,CSARVRTGGYEQYF,CSARIRTGGYEQYF
199,CASSITGGTEAFF,CASSWTGGTEAFF
200,CASSWEGNTEAFF,CASSLWEGNTEAFF
201,CASSYSGGGEKLFF,CASSYKGGGEKLFF
202,CASSLKGGNEQFF,CASSLYGGNEQFF
203,CASSQEEGFYEQYF,CASSQEEGTYEQYF
204,CASSFAGNEQFF,CASSFGNEQFF
205,CASSYDRGYEQYF,CASSYMDRGYEQYF
206,CASSFYSGTEAFF,CASSFYSNTEAFF
207,CASTPGGVTEAFF,CASTPGGTEAFF
208,CASSMAGSSYNEQFF,CASMAGSSYNEQFF
209,CASSFTGGTEAFF,CASSFEGGTEAFF
210,CASSLWQGNEQYF,CASSLQGNEQYF
211,CASSSDRGYEQYF,CASSSLDRGYEQYF
212,CASSWEGNTEAFF,CASSPEGNTEAFF
213,CASSQVSANTEAFF,CASSQVSLNTEAFF
214,CASSPGGYEQYF,CASSPGAYEQYF
215,CASSVGYNEQFF,CASSVGGNEQFF
216,CASSLGDEQYF,CASSLGLDEQYF
217,CASSITGNEQFF,CASSISTGNEQFF
218,CASSYGGGNQPQHF,CASSYGGGGNQPQHF
219,CASSPGGYEQYF,CASSPGGTYEQYF
220,CASSPPDRVNEQYF,CASSPADRVNEQYF
221,CASSPPDRVNEQYF,CASSPPDRVYEQYF
222,CASSPPDRVNEQYF,CASSPPDRVVEQYF
223,CASSLWAAYNEQFF,CASSLWVAYNEQFF
224,CASSESGELFF,CASSEIGELFF
225,CASSFRGVEQYF,CASSFGGVEQYF
226,CASSFWAQPQHF,CASSFWGQPQHF
227,CASSQVETGELFF,CASSQVEVTGELFF
228,CASSIYRHTEAFF,CASSIYRNTEAFF
229,CASSYDRGYEQYF,CASSYDRDYEQYF
230,CSVTGTGVYEQYF,CSVGGTGVYEQYF
231,CASSLAGSYEQYF,CASSLLGSYEQYF
232,CASSYTGGDIQYF,CASSYTGGDTQYF
233,CASSVEGGTDTQYF,CASSVSGGTDTQYF
234,CASSYGGGNQPQHF,CASSYSGGNQPQHF
235,CASSLTVMNTEAFF,CASSLTVNTEAFF
236,CASSYLGGDTQYF,CASSYTGGDTQYF
237,CASSQDLNEQFF,CASSQDLANEQFF
238,CSASGMSSYNEQFF,CSASGQSSYNEQFF
239,CASSLSGLNEQFF,CASSLGGLNEQFF
240,CASSPEDYNEQFF,CASSPTDYNEQFF
241,CASSQGDYEQYF,CASSQGYEQYF
242,CASSQDEGNIQYF,CASSQAEGNIQYF
243,CASSVVGNTEAFF,CASSVEGNTEAFF
244,CASSVVGNTEAFF,CASSVVLGNTEAFF
245,CASSEGTSGTDTQYF,CASSEGVSGTDTQYF
246,CASSFMNTEAFF,CASSFINTEAFF
247,CASSVLMNTEAFF,CASSVDMNTEAFF
248,CASSYVGSEQFF,CASSYGSEQFF
249,CASSLVMSYEQYF,CASSLVSYEQYF
250,CASSVSGNTEAFF,CASSVEGNTEAFF
251,CASSVVDSEQFF,CASSVGDSEQFF
252,CASSVVMNTEAFF,CASSVDMNTEAFF
253,CASSLTAGSTDTQYF,CASSLTASSTDTQYF
254,CASSVNTEAFF,CASSWNTEAFF
255,CASSLGSGGNEQFF,CASSLGSGYNEQFF
256,CASSFSSSGNTIYF,CASSFSSSPGNTIYF
257,CASSLSGSYEQYF,CASSLGGSYEQYF
258,CASSQDGSYEQYF,CASSQDLSYEQYF
259,CASSLGGGEQFF,CASSLGGPGEQFF
260,CASSFSSYEQYF,CASSFGSYEQYF
261,CASSYVGGYGYTF,CASSYPGGYGYTF
262,CASSQGGLETQYF,CASSQGGETQYF
263,CATSRGGQETQYF,CATSTGGQETQYF
264,CASSFWAEQYF,CASSFLAEQYF
265,CASSLVGSYEQYF,CASSLVGSNYEQYF
266,CASSFMSYEQYF,CASSFGSYEQYF
267,CSAETANTGELFF,CSATANTGELFF
268,CATSRVYNEQFF,CATSRVGYNEQFF
269,CATSRDRGLNQPQHF,CATSRDRGYNQPQHF
270,CASSFSSYEQYF,CASSFSGYEQYF
271,CASSLTGGSTDTQYF,CASSLTGWSTDTQYF
272,CASSQGWEQYF,CASSQGYEQYF
273,CAISQSYEQYF,CAISNSYEQYF
274,CAISQSYEQYF,CAISESYEQYF
275,CASSITSGGFYEQYF,CASSITSGGSYEQYF
276,CASSYGGPYEQYF,CASSYGGGYEQYF
277,CASSLTGGGGETQYF,CASSLTGGGGEQYF
278,CASSPMNTEAFF,CASSPGNTEAFF
279,CASSPMNTEAFF,CASSPLNTEAFF
280,CASSLLGYEQYF,CASSLLGEQYF
281,CASSLTGGYTDTQYF,CASSLTGGWTDTQYF
282,CASSYTSGSTDTQYF,CASSYISGSTDTQYF
283,CASSPGGYEQYF,CASSQGGYEQYF
284,CASSPGGGSTDTQYF,CASSPSGGSTDTQYF
285,CASSLGGGSTDTQYF,CASSLAGGSTDTQYF
286,CASSLGGGSTDTQYF,CASSLSGGSTDTQYF
287,CASSLTLGEQYF,CASSLLGEQYF
288,CASSWSSYEQYF,CASSWSFYEQYF
289,CASSYSSGSNNEQFF,CASSYSSGSGNEQFF
290,CASSRSSYEQYF,CASSLRSSYEQYF
291,CATSDLTGDEQFF,CATSDLLGDEQFF
292,CATSDLMTDTQYF,CATSDLFTDTQYF
293,CASSYVGGPEAFF,CASSYAGGPEAFF
294,CATSDLWTDTQYF,CATSDLFTDTQYF
295,CASSPAGGGTDTQYF,CASSWAGGGTDTQYF
296,CASSLSENSPLHF,CASSLSDNSPLHF
297,CATQDLFTDTQYF,CATSDLFTDTQYF
298,CASSFEGSYEQYF,CASSFGSYEQYF
299,CASSLVGGELFF,CASSLGGELFF
300,CASSLVGGELFF,CASSLGGELFF
301,CASSLVGGELFF,CASSLGGELFF
302,CASSLGGSDEQFF,CASSLGGDEQFF
303,CASSLRGGNTEAFF,CASSLGGNTEAFF
304,CASSVNTEAFF,CASSWNTEAFF
305,CASSLRGNTEAFF,CASSRGNTEAFF
306,CASSLRGNTEAFF,CASSLGGNTEAFF
307,CSVETTNTGELFF,CSVCETTNTGELFF
308,CASSLGTDTQYF,CASSLSTDTQYF
309,CASSLGGTYEQYF,CASSPGGTYEQYF
310,CASSLGNYEQYF,CASSQGNYEQYF
311,CASSQGWEQYF,CASSQGYEQYF
312,CASSRGSSYEQYF,CASSFGSSYEQYF
313,CASSLSTGNYGYTF,CASSLQTGNYGYTF
314,CASSFSHEQYF,CASSFSYEQYF
315,CASSLDPGAYNEQFF,CASSLDPDAYNEQFF
316,CASSQEGVLEQYF,CASSQEGVHEQYF
317,CASSPEDYNEQFF,CASSPDYNEQFF
318,CASSVLMNTEAFF,CASSVMNTEAFF
319,CASGGQPYNEQFF,CASGGPYNEQFF
320,CASSLVGGYEQYF,CASSLEGGYEQYF
321,CASSLPSYEQYF,CASSLDSYEQYF
322,CASSLVGGEQYF,CASSLVGDEQYF
323,CASSLIGGEQYF,CASSLIGDEQYF
324,CASSVVMNTEAFF,CASSVMNTEAFF
325,CASSLGGTYEQYF,CASSLGGAYEQYF
326,CASSLGGTYEQYF,CASSLAGTYEQYF
327,CASSLGGTYEQYF,CASSLGGQTYEQYF
328,CATSDLMTDTQYF,CATSDLATDTQYF
329,CATSDLMTDTQYF,CATSDLVTDTQYF
330,CATSDLWTDTQYF,CATSDLATDTQYF
331,CATSDLWTDTQYF,CATSDLVTDTQYF
332,CASSLVGGEQYF,CASSLAGGEQYF
333,CATSDLYRDEQYF,CATSDLTRDEQYF
334,CASSLIGGEQYF,CASSLAGGEQYF
335,CATSRDRGLNQPQHF,CATSRDRGSNQPQHF
336,CASSLGAGEYEQYF,CASSLGQGEYEQYF
337,CASSVNTEAFF,CASSSVNTEAFF
338,CASSLVGYNEQFF,CASSLVGYGEQFF
339,CASSLIGTGNTIYF,CASSLGGTGNTIYF
340,CASSLGGTGELFF,CASSLTGTGELFF
341,CASSSGTDTQYF,CASSSSTDTQYF
342,CASSYVGGNTEAFF,CASSYSGGNTEAFF
343,CASSLVGTGNTIYF,CASSLGGTGNTIYF
344,CASSYLSSGNTIYF,CASSYLGSGNTIYF
345,CASSFNNYEQYF,CASSFNFYEQYF
346,CASSFTGDYEQYF,CASSFTGYEQYF
347,CASSLVGGYEQYF,CASSLVGYEQYF
348,CASSLLGYEQYF,CASSLVGYEQYF
349,CASSLTGGYTDTQYF,CASSLAGGYTDTQYF
350,CASSLTGGYTDTQYF,CASSLTGGSTDTQYF
351,CASSLVGSYEQYF,CASSLVGYEQYF
352,CASSLSTGNYGYTF,CASSLSGGNYGYTF
353,CASSLGGGSTDTQYF,CASSLTGGSTDTQYF
354,CASSYSGSPLHF,CASSYQGSPLHF
355,CASSVVGNTEAFF,CASSVVGGNTEAFF
356,CASSPYYNEQFF,CASSLYYNEQFF
357,CASSLAGGAGETQYF,CASSLAGGRGETQYF
358,CASSPMNTEAFF,CASSPGNTEAFF
359,CASSLAGGSGETQYF,CASSLAGGRGETQYF
360,CASSSDYEQYF,CASSFDYEQYF
361,CASSFGDYEQYF,CASSFDYEQYF
362,CASSLDPGAYNEQFF,CASSLDPGGYNEQFF
363,CASSRSSYEQYF,CASSRVSYEQYF
364,CASSQGQGHQPQHF,CASSQGQGGHQPQHF
365,CASSRSSYEQYF,CASSFSSYEQYF
366,CASSQSSYEQYF,CASSFSSYEQYF
367,CASSLVAQETQYF,CASSLVATETQYF
368,CASSPAGGGTDTQYF,CASSPAGGTDTQYF
369,CASSLVGNQPQHF,CASSLVGANQPQHF
370,CASSFMSYEQYF,CASSFSSYEQYF
371,CASSWSSYEQYF,CASSFSSYEQYF
372,CASSAGSYEQYF,CASSLGSYEQYF
373,CASSIGGSPYNEQFF,CASSIGGSSYNEQFF
374,CASSIGGSPYNEQFF,CASSIGGSLYNEQFF
375,CASSVRDSSYEQYF,CASSVRDSYEQYF
376,CASSLVGGELFF,CASSLVDGELFF
377,CASSLGGTYEQYF,CASSLGGSYEQYF
378,CASSLGGTYEQYF,CASSLGGFYEQYF
379,CASSESAEGNQPQHF,CASSESAGNQPQHF
380,CATSRVYNEQFF,CATSRDYNEQFF
381,CASSLRTEAFF,CASSLVRTEAFF
382,CASSVSGANVLTF,CASSVGANVLTF
383,CASSLSGSYEQYF,CASSSGSYEQYF
384,CASSQFTDTQYF,CASSQFADTQYF
385,CASSVVGNTEAFF,CASSVVMNTEAFF
386,CASSVLMNTEAFF,CASSVVMNTEAFF
387,CASSYMNTEAFF,CASSYTNTEAFF
388,CASSLAGVYEQYF,CASSLAGVPYEQYF
389,CASSLMSYEQYF,CASSLVSYEQYF
390,CASSPGQGAYEQYF,CASSPGQGSYEQYF
391,CASSFSSYEQYF,CASSFSDSYEQYF
392,CASSFMNTEAFF,CASSLMNTEAFF
393,CASRDLSYNEQFF,CASRLSYNEQFF
394,CASSYMNTEAFF,CASSSYMNTEAFF
395,CASSYMNTEAFF,CASSLMNTEAFF
396,CASSPMNTEAFF,CASSLMNTEAFF
397,CASSLSTGNYGYTF,CASSLTGNYGYTF
398,CASSLSGSYEQYF,CASSLLGSYEQYF
399,CASSLGGTYEQYF,CASSLGGYEQYF
400,CASSLGGGEQFF,CASSLGGGELFF
401,CASSLDPYNEQFF,CASSLEPYNEQFF
402,CASSQDLNNEQFF,CASSQDLANEQFF
403,CASSLLSGANVLTF,CASSLLASGANVLTF
404,CASSLVGGELFF,CASSLGGGELFF
405,CASSDNQETQYF,CASSVNQETQYF
406,CASSVGSEQFF,CASSVGDSEQFF
407,CASSLTNTEAFF,CASSLGNTEAFF
408,CASSEGGDTEAFF,CASSEGDTEAFF
409,CASSVGYEQYF,CASSVGDYEQYF
410,CASSVGDTQYF,CASSVGPDTQYF
411,CASSVADEQFF,CASSVADYEQFF
412,CASSVGDEQYF,CASSVGDYEQYF
413,CASSVANEQFF,CASSVASNEQFF
414,CASSVANEQFF,CASSVAGNEQFF
415,CASSQGLGNQPQHF,CASSGGLGNQPQHF
416,CASSVGGQNTEAFF,CASSVGGKNTEAFF
417,CASSVGGDTQYF,CASSVGPDTQYF
418,CASSVGDEQFF,CASSVGDSEQFF
419,CASSVGGNEQFF,CASSVIGNEQFF
420,CASSVGGNEQFF,CASSVAGNEQFF
421,CASSVGNEQFF,CASSVIGNEQFF
422,CASSVGNEQFF,CASSVAGNEQFF
423,CASSQEGTASYEQYF,CASSQEGSASYEQYF
424,CASSESTGELFF,CASSETGELFF
425,CASSLGTEAFF,CASSWGTEAFF
426,CASSVGGEQFF,CASSVPGGEQFF
427,CASSPQGYEQYF,CASSPVGYEQYF
428,CASSPQGYEQYF,CASSPTGYEQYF
429,CSVVRLTEAFF,CSVVRDTEAFF
430,CAISESRGDTQYF,CAISESGDTQYF
431,CASSVGYEQFF,CASSVGYNEQFF
432,CASSLGGLSYEQYF,CASSLGGESYEQYF
433,CASSVAGGEAFF,CASSVAGGPEAFF
434,CASSVGGNEQFF,CASSVGYNEQFF
435,CASSVGNEQFF,CASSVGYNEQFF
436,CASSVGGSTEAFF,CASSVGGTEAFF
437,CASSFSGNPYEQYF,CASSFSGTPYEQYF
438,CASSVGYEQFF,CASSVGDYEQFF
439,CASSVGAANTEAFF,CASSVGSANTEAFF
440,CASSQAPGSYEQYF,CASSQDPGSYEQYF
441,CASSVGDEQFF,CASSVGDYEQFF
442,CASSPYNNEQFF,CASSPHNNEQFF
443,CASSVASSYEQYF,CASSVGSSYEQYF
444,CASSLGGEAFF,CASSLGSEAFF
445,CASSLGGEAFF,CASSLGGELFF
446,CASSLGGEAFF,CASSLGGEQFF
447,CASSLGGEAFF,CASSGGGEAFF
448,CASSLGGEAFF,CASSLGGELFF
449,CASSLGGEAFF,CASSLGGELFF
450,CASSFSGNTGELFF,CASSFSPNTGELFF
451,CASSVGGSEQYF,CASSVGGSNEQYF
452,CASSVGGSTEAFF,CASSPGGSTEAFF
453,CASSVGGSTEAFF,CASSTGGSTEAFF
454,CASSVGGSTEAFF,CASSEGGSTEAFF
455,CASSVGGSTEAFF,CASSAGGSTEAFF
456,CASSLAGASGYTF,CASSLGASGYTF
457,CASSLGAEQYF,CASSLGHEQYF
458,CASSVGSGSYEQYF,CASSVGSSYEQYF
459,CASSVGSGSYEQYF,CASSVGSGRYEQYF
460,CASSAGYEQYF,CASSAGSYEQYF
461,CASSGSSYNEQFF,CASSGSGYNEQFF
462,CASSEGGDTEAFF,CASSEGGSTEAFF
463,CASTGTDYNEQFF,CASSGTDYNEQFF
464,CASSLGQGWDEQYF,CASSLGQGNDEQYF
465,CASSVGGGTYNEQFF,CASSVGGGYNEQFF
466,CASSLHSNTGELFF,CASSLNSNTGELFF
467,CASSGSAYNEQFF,CASSGSGYNEQFF
468,CASSVGGNEQFF,CASSVGGYNEQFF
469,CASSLAVYEQYF,CASSLGVYEQYF
470,CASSLAVYEQYF,CASSLAYEQYF
471,CASSLALEQYF,CASSLAYEQYF
472,CASSVGDEQFF,CASSVGLDEQFF
473,CASSPGTEAFF,CASSPIGTEAFF
474,CASSLAGTDTQYF,CASSLALTDTQYF
475,CASSPRDGPYEQYF,CASSPRDGSPYEQYF
476,CASSLPGDPYEQYF,CASSLPAGDPYEQYF
477,CASSGLGDNEQFF,CASSPLGDNEQFF
478,CASSLAVYNEQFF,CASSLAGYNEQFF
479,CASSPGTEAFF,CASSQGTEAFF
480,CASSEGLRPYEQYF,CASSEGLGPYEQYF
481,CASSQYMNTEAFF,CASSQNMNTEAFF
482,CASSPTDYNEQFF,CASSPDYNEQFF
483,CASSLRQGAYEQYF,CASSLRQGYEQYF
484,CASSLRQGAYEQYF,CASSLRQAYEQYF
485,CASSVGGNEQFF,CASSVRGNEQFF
486,CASSVGNEQFF,CASSVRGNEQFF
487,CASSEGSGYEQYF,CASSEGSYEQYF
488,CASSFISGYNEQFF,CASSFPSGYNEQFF
489,CSVAETGELFF,CSVQETGELFF
490,CASSLGTEAFF,CASSQGTEAFF
491,CASSLTNTEAFF,CASSLTATEAFF
492,CASSVGGSTEAFF,CASSVGGYTEAFF
493,CASSPLHNEQFF,CASSPHNEQFF
494,CASSLGSGELFF,CASSLASGELFF
495,CASSQGNEQFF,CASSQEGNEQFF
496,CASSLGTEAFF,CASSLGVEAFF
497,CASSPAYEQYF,CASSPASYEQYF
498,CASSQAPGSYEQYF,CASSQAPGAYEQYF
499,CASSLGTEAFF,CASSSGTEAFF
500,CASSTGYEQYF,CASSTDGYEQYF
501,CASSLEVGQETQYF,CASSLEVGGETQYF
502,CASSLEGQQNTEAFF,CASSLEGQVNTEAFF
503,CASSVGYEQYF,CASSVDGYEQYF
504,CASSEGTGLYEQYF,CASSEGTGRLYEQYF
505,CASSPGTTYEQYF,CASSPGSTYEQYF
506,CASSLGTEAFF,CASSRGTEAFF
507,CASSVGGEQFF,CASSVGGNEQFF
508,CASSVGGTQYF,CASSVGETQYF
509,CASRLTRGYNEQFF,CASSLTRGYNEQFF
510,CASSVAQEQFF,CASSVAREQFF
511,CASSAGSSYNEQFF,CASSASGSSYNEQFF
512,CASSESTGELFF,CASSVSTGELFF
513,CASSLAVYEQYF,CASSLADYEQYF
514,CASSVGSGSYEQYF,CASSVGSGHYEQYF
515,CASSVSETQYF,CASSVGETQYF
516,CASSVGGGEQYF,CASSVGGGYEQYF
517,CASSVGDTQYF,CASSVGETQYF
518,CASSLGETQYF,CASSVGETQYF
519,CASSVGAANTEAFF,CASGVGAANTEAFF
520,CSARKISSYEQYF,CSARKRSSYEQYF
521,CASSVADEQFF,CASSVAREQFF
522,CASSVAEEQFF,CASSVAREQFF
523,CASSVANEQFF,CASSVAREQFF
524,CASSVGEAQYF,CASSVGETQYF
525,CASSLGGLSYEQYF,CASSLGGPSYEQYF
526,CASSTGETQYF,CASSVGETQYF
527,CASSVGEQQYF,CASSVGETQYF
528,CASSVGGAEQYF,CASSVGGAYEQYF
529,CASSVGQTQYF,CASSVGETQYF
530,CASSVGNEQFF,CASSVGGNEQFF
531,CASSVGGGADQPQHF,CASSVGGADQPQHF
532,CSVVNTGELFF,CSVGNTGELFF
533,CASWGIQETQYF,CASSGIQETQYF
534,CASSPSGSGYEQYF,CASSPSGSYEQYF
535,CASSSPGTSTDTQYF,CASSSPGTSGDTQYF
536,CASSPRDGPYEQYF,CASSPRDLGPYEQYF
537,CASSPGAGELFF,CASSPAGELFF
538,CASSYGQGETQYF,CASSYGGETQYF
539,CASSLTNTEAFF,CASSLTVNTEAFF
540,CASSVGSGSYEQYF,CASSVGSGSSYEQYF
541,CASSEGGDTEAFF,CASSEGGGTEAFF
542,CASSLAGPDTQYF,CASSLAPDTQYF
543,CASSGLAGAGELFF,CASSGLAGTGELFF
544,CASSRGSGSYEQYF,CASSRGSGSSYEQYF
545,CASSVGGNEQFF,CASSVGWGNEQFF
546,CASSYGQGETQYF,CASSYGNGETQYF
547,CASSVGSGSYEQYF,CASSVGQGSYEQYF
548,CASSEGTGLYEQYF,CASSEGTGWYEQYF
549,CASSLGGGAYNEQFF,CASSLGGGYNEQFF
550,CASSVEGNTEAFF,CASSVEGFTEAFF
551,CASSPAGTEAFF,CASSPPGTEAFF
552,CASSLNSNQPQHF,CASSLDSNQPQHF
553,CASSLGGLNTEAFF,CASSLGELNTEAFF
554,CASSYGQNEQFF,CASSYGDNEQFF
555,CASSIGQGLINEQFF,CASSIGQGLNNEQFF
556,CASSIGQGLINEQFF,CASSIGQGLDNEQFF
557,CASSIGQGLINEQFF,CASSIGQGLKNEQFF
558,CASSIGQGLINEQFF,CASSIGQGLILEQFF
559,CASSIGQGLINEQFF,CASSLGQGLINEQFF
560,CASSIGQGLINEQFF,CASSIGQGLANEQFF
561,CASSIGQGLINEQFF,CASSIGQGLLNEQFF
562,CASSSLTGNTEAFF,CASSSGTGNTEAFF
563,CASSFGTDTQYF,CASSGTDTQYF
564,CASSIDGGLSYEQYF,CASSIGGGLSYEQYF
565,CASSLARNEQFF,CASSLAGNEQFF
566,CASSLLGGTDTQYF,CASSLLAGGTDTQYF
567,CASSYGAEQFF,CASSYGAIEQFF
568,CASSVGTGTYEQYF,CASSVGGGTYEQYF
569,CASSFGTDTQYF,CASSFTDTQYF
570,CASSFGTDTQYF,CASSFGDTQYF
571,CASSGGQYNEQFF,CASSGGTYNEQFF
572,CASSVGDYEQYF,CASSVGDYEQFF
573,CASSVGDSEQFF,CASSVGDYEQFF
574,CASSMDRWTEAFF,CASSMDRGTEAFF
575,CASSAGDTEAFF,CASSAQDTEAFF
576,CASSFGTDTQYF,CASSFGGDTQYF
577,CASSLVSYEQYF,CASSLFSYEQYF
578,CASSVADYEQFF,CASSVGDYEQFF
579,CASSPPRETQYF,CASSPPGETQYF
580,CASSLGGNTEAFF,CASSLQGNTEAFF
581,CASSSGISYEQYF,CASSSGSYEQYF
582,CASSYSGNTEAFF,CASSYSGGTEAFF
583,CASSYSGNTEAFF,CASSYPGNTEAFF
584,CSARDLRGYGYTF,CSARDLRVYGYTF
585,CASSLAGQGSYEQYF,CASSLEGQGSYEQYF
586,CASSGGSSYEQYF,CASSGGSYEQYF
587,CASSGGSSYEQYF,CASSVGSSYEQYF
588,CASSLGLEQFF,CASSLGGEQFF
589,CASSLGLNTEAFF,CASSLGGNTEAFF
590,CATSVGGGYTF,CATSVQGGYTF
591,CASSYSRGNEQYF,CASSYSTGNEQYF
592,CASSPGTNYEQYF,CASSPGTTYEQYF
593,CASSLGYNEQFF,CASSLAGYNEQFF
594,CASSLNSNQPQHF,CASGLNSNQPQHF
595,CASSPPSNEQFF,CASSPPSGNEQFF
596,CASSVDMNTEAFF,CASSVMNTEAFF
597,CASSLGAEQYF,CASSLGIEQYF
598,CASSVAGNEQFF,CASSVAGPNEQFF
599,CASSLAGPEAFF,CASSLAGTEAFF
600,CASSLAGPEAFF,CASSLAGAPEAFF
601,CASSLAGPEAFF,CASSLAGIEAFF
602,CASSLAGPEAFF,CASSLAGAEAFF
603,CASSLAGPEAFF,CASSLAGLEAFF
604,CASSLGLEQFF,CASSLAGLEQFF
605,CASSLAGAGDQFF,CASSLAGAGEQFF
606,CASSQVGIQETQYF,CASSQVRGIQETQYF
607,CASSQITGGNQPQHF,CASSQGTGGNQPQHF
608,CASSLGNTEAFF,CASSFGNTEAFF
609,CASSLNSNQPQHF,CASSLGSNQPQHF
610,CASSVIGNEQFF,CASSVRGNEQFF
611,CASSVAGNEQFF,CASSVRGNEQFF
612,CASSYSRGNEQFF,CASSYSRGDEQFF
613,CASSYGSGEQYF,CASSLYGSGEQYF
614,CASSYLGQGGNEQFF,CASSYGGQGGNEQFF
615,CASSYSGNTEAFF,CASSYSGGNTEAFF
616,CASSSTSGTYEQYF,CASSSWTSGTYEQYF
617,CASSVEGNTEAFF,CASSVEGLNTEAFF
618,CASSYGQGSPLHF,CASSYQGSPLHF
619,CASSLLGGQPQHF,CASSLSGGQPQHF
620,CASSLLAGGYEQYF,CASSLAGGYEQYF
621,CASSVDMNTEAFF,CASSVDANTEAFF
622,CAISESWETQYF,CAISESSETQYF
623,CASSYGPSEQYF,CASSYGPAEQYF
624,CASSYSSSYEQYF,CASSSSSYEQYF
625,CASSYSSSYEQYF,CASSYSSPYEQYF
626,CASSLGYNEQFF,CASSLYYNEQFF
627,CASSVVLGNTEAFF,CASSVVGGNTEAFF
628,CASSLNSNQPQHF,CASSLGSNQPQHF
629,CASSVGDYEQYF,CASSVDDYEQYF
630,CASSYTGQGYEQYF,CASSYQGQGYEQYF
631,CASSARNTEAFF,CASSAGNTEAFF
632,CASSLNSNQPQHF,CASSLGSNQPQHF
633,CASSLGTKQETQYF,CASSLGTGQETQYF
634,CASSLGGLNTEAFF,CASSLGTGLNTEAFF
635,CASSYSGNTEAFF,CASSYEGNTEAFF
636,CASSPPRETQYF,CASSPPEETQYF
637,CASSLPGSGELFF,CASSLRGSGELFF
638,CASSGGSSYEQYF,CASSGGNSYEQYF
639,CASSLGNTEAFF,CASSRGNTEAFF
640,CASSVIGNEQFF,CASSVGGNEQFF
641,CASSVAGNEQFF,CASSVGGNEQFF
642,CASSQVAGYEQYF,CASSQVEGYEQYF
643,CASSPPSNEQFF,CASSPSNEQFF
644,CASSPRDRVHEQYF,CASSPTDRVHEQYF
645,CASSLAPQDTQYF,CASSLAPDTQYF
646,CASSYSRGNEQFF,CASSYVRGNEQFF
647,CASSLGGNTEAFF,CASSLGVNTEAFF
648,CASSVDMNTEAFF,CASSVVMNTEAFF
649,CASSLGNTEAFF,CASSLGNNEAFF
650,CASSERTAYNEQFF,CASSERVTAYNEQFF
651,CASSLTRNEQFF,CASSLTENEQFF
652,CASSLTGSEQYF,CASSLDGSEQYF
653,CASSLIGNEQFF,CASSLPGNEQFF
654,CASSYSSSYEQYF,CASSYSSGYEQYF
655,CASSYSSSYEQYF,CASSYSISYEQYF
656,CASSYSGNTEAFF,CASSYSQNTEAFF
657,CASSPPSNEQFF,CASSPLSNEQFF
658,CASSMGQGTYEQYF,CASSMGQGETYEQYF
659,CASSMGQGTYEQYF,CASSMGQGTSYEQYF
660,CASSMGQGTYEQYF,CASSMGQGATYEQYF
661,CASSLSTGNTIYF,CASSLTGNTIYF
662,CASSAEYNEQFF,CASSAGYNEQFF
663,CASSFGYEQYF,CASSLGYEQYF
664,CASSFGYEQYF,CASSQGYEQYF
665,CASSFGYEQYF,CASSSGYEQYF
666,CASSQGYGFYEQYF,CASSQGQGFYEQYF
667,CASSYEGGPETQYF,CASSYEGGMETQYF
668,CASSLGGGYEQYF,CASSLAGGGYEQYF
669,CASGLGTYEQYF,CASGLGGYEQYF
670,CASSLAGSSYNEQFF,CASSLAGSYNEQFF
671,CASSLTSGIYNEQFF,CASSLTSGPYNEQFF
672,CASSLTAGNTEAFF,CASSLTPGNTEAFF
673,CASSLTAGNTEAFF,CASSLTVGNTEAFF
674,CASSETGELFF,CASSGTGELFF
675,CASSLGSTDTQYF,CASSLGSDTQYF
676,CASSLGGGYEQYF,CASSLGGYEQYF
677,CASSSTGGLYNEQFF,CASSSTGGAYNEQFF
678,CASSLTGETYEQYF,CASSLTGTYEQYF
679,CASSPGVGNQPQHF,CASSPGVYGNQPQHF
680,CASSLGGGYEQYF,CASSLGGYEQYF
681,CASSLGEYTDTQYF,CASSLGPYTDTQYF
682,CASSQGGQPQHF,CASSSGGQPQHF
683,CASSLGSGSYNEQFF,CASSLDSGSYNEQFF
684,CASGLAAYEQYF,CASGLLAYEQYF
685,CASSQVAGGETQYF,CASSQVAGGQETQYF
686,CASSPGGQPQHF,CASSSGGQPQHF
687,CASSQAGAEAFF,CASSQAGAAEAFF
688,CASSLGGTDTQYF,CASSLGTGTDTQYF
689,CASSLGGSYEQYF,CASSLGQSYEQYF
690,CASSLVSGELFF,CASSLVPGELFF
691,CASSLDSNQPQHF,CASSLGSNQPQHF
692,CASSQDPGVNTEAFF,CASSQDPGLNTEAFF
693,CASSLYTGSNTEAFF,CASSLTGSNTEAFF
694,CASSYTNTGELFF,CASSYSNTGELFF
695,CASSQDPGMNTEAFF,CASSQDPGLNTEAFF
696,CASSLAEGLNTEAFF,CASSLAGGLNTEAFF
697,CASSQDPALNTEAFF,CASSQDPGLNTEAFF
698,CASSFPGAEQYF,CASSFVGAEQYF
699,CASSQDSGLNTEAFF,CASSQDPGLNTEAFF
700,CASSLGLAGGNEQFF,CASSLGLAGGYEQFF
701,CASSLGVGYNEQFF,CASSLGTGYNEQFF
702,CASSLGSGSYNEQFF,CASSLSSGSYNEQFF
703,CASSLTGSSTDTQYF,CASSLTGFSTDTQYF
704,CASSLTGMNTEAFF,CASSLTGSNTEAFF
705,CASSLGSGYNEQFF,CASSLGTGYNEQFF
706,CASSFGYEQYF,CASSLGYEQYF
707,CASSFGYEQYF,CASSFTGYEQYF
708,CASSLGGGYNEQFF,CASSLGTGYNEQFF
709,CASSLGTGYNEQYF,CASSLGTGYNEQFF
710,CASSSTGGLYNEQFF,CASSSTGGGYNEQFF
711,CASSPAGAYEQYF,CASSPGGAYEQYF
712,CASSLGIGYNEQFF,CASSLGTGYNEQFF
713,CASSLGLGYNEQFF,CASSLGTGYNEQFF
714,CASSLSQGSYNEQFF,CASSLSSGSYNEQFF
715,CASSLGTGYNEQFF,CASSLGGYNEQFF
716,CASSLTGETYEQYF,CASSTGETYEQYF
717,CASSLDSNQPQHF,CASSLGSNQPQHF
718,CASSLGVGYNEQFF,CASSLGGYNEQFF
719,CASSLGTGVEYEQYF,CASSLGTGVVYEQYF
720,CASSLGTGVEYEQYF,CASSLGTGVSYEQYF
721,CASSLGVGNQPQHF,CASSLGGNQPQHF
722,CASSLTGEAYEQYF,CASSLTEAYEQYF
723,CASSLGSGYNEQFF,CASSLGGYNEQFF
724,CASSLGGGYNEQFF,CASSLGGYNEQFF
725,CASSIGGNQPQHF,CASSLGGNQPQHF
726,CASSWTGETEAFF,CASSWTGGTEAFF
727,CASSPDRANTEAFF,CASSPDRMNTEAFF
728,CASSLGIGYNEQFF,CASSLGGYNEQFF
729,CASSLGLGYNEQFF,CASSLGGYNEQFF
730,CASSLDSNQPQHF,CASSLNSNQPQHF
731,CASSLDSNQPQHF,CASSLGSNQPQHF
732,CASSWTGETEAFF,CASSTGETEAFF
733,CASSVGISTDTQYF,CASSVGYSTDTQYF
734,CASSLDSNQPQHF,CASSLDSSNQPQHF
735,CASSLDSNQPQHF,CASSLSDSNQPQHF
736,CASSFPDTQYF,CASSIPDTQYF
737,CASSLGLTDTQYF,CASSLGQLTDTQYF
738,CASSPDSNEQFF,CASSPRDSNEQFF
739,CASSSTGTSTDTQYF,CASSSGTSTDTQYF
740,CASSLGSGSYNEQFF,CASSLGSSYNEQFF
741,CASSQDWDSSYEQYF,CASSQDRDSSYEQYF
742,CASSLGGTDTQYF,CASSLGHTDTQYF
743,CASSLGGTDTQYF,CASSLGTDTQYF
744,CASSLGGSYEQYF,CASSLGSSYEQYF
745,CASSLGSGYNEQFF,CASSLGSSYNEQFF
746,CASSLGLTDTQYF,CASSLGHTDTQYF
747,CASSLGLTDTQYF,CASSLFLTDTQYF
748,CASSLGLTDTQYF,CASSLGTDTQYF
749,CASSFGFGEQFF,CASSFGTGEQFF
750,CASSPGGQPQHF,CASSPEGGQPQHF
751,CASSLHRDSYEQYF,CASSLSRDSYEQYF
752,CASSLHRDSYEQYF,CASSLHRDHYEQYF
753,CASSLHRDSYEQYF,CASSLHRDVSYEQYF
754,CASSSGTMNTEAFF,CASSSGMNTEAFF
755,CASSLGQGIGYTF,CASSLGQGSGYTF
756,CASSQVRYQETQYF,CASSQSRYQETQYF
757,CASSLDSNQPQHF,CASSLADSNQPQHF
758,CASSLGGSYEQYF,CASSLIGGSYEQYF
759,CASSYGQGETQYF,CASSYGGETQYF
760,CASSLTNTGELFF,CASSLTGNTGELFF
761,CASSLGGTEQYF,CASSLGGEQYF
762,CASSLTASSTDTQYF,CASSLLASSTDTQYF
763,CASSLYTGSNTEAFF,CASSLYTGVNTEAFF
764,CASSYGQGETQYF,CASSYGNGETQYF
765,CASSLSQGAYNEQFF,CASSLQGAYNEQFF
766,CASSLGGSYEQYF,CASSLLGSYEQYF
767,CASSLGSTDTQYF,CASSLAGSTDTQYF
768,CASSLGGTDTQYF,CASSLGTDTQYF
769,CASSLGGTDTQYF,CASSLGGSDTQYF
770,CASSLGGSYEQYF,CASSFGGSYEQYF
771,CASSLGGGYNEQFF,CASSLTGGYNEQFF
772,CASSLGTGDQPQHF,CASSLGGDQPQHF
773,CASSLGLNEQFF,CASSLGGLNEQFF
774,CASSYFSGNTGELFF,CASSYTSGNTGELFF
775,CASSLGLTDTQYF,CASSLGTDTQYF
776,CASSLTAGNTEAFF,CASSLTTGNTEAFF
777,CASSLVSGELFF,CASSLVLSGELFF
778,CASSLHRDSYEQYF,CASSLHRDYEQYF
779,CASSLGLNNEQFF,CASSLTLNNEQFF
780,CASSVEGYNEQFF,CASSVGYNEQFF
781,CASSGTDTQYF,CASSFTDTQYF
782,CASSGTDTQYF,CASSITDTQYF
783,CASSVEGYNEQFF,CASSVEGDNEQFF
784,CASSIGTGEAYEQYF,CASSITGEAYEQYF
785,CASSIGTGTLYEQYF,CASSIATGTLYEQYF
786,CASSIGTGLSYEQYF,CASSIGTSLSYEQYF
787,CASSPSGDRSYEQYF,CASSPSGDLSYEQYF
788,CASSVEGYNEQFF,CASSVGGYNEQFF
789,CASSIGQGILYEQYF,CASSIGQGITYEQYF
790,CASSIGQGETYEQYF,CASSIGQGITYEQYF
791,CASSIGAGITYEQYF,CASSIGQGITYEQYF
792,CASSIGQGSTYEQYF,CASSIGQGITYEQYF
793,CASSIGQGVTYEQYF,CASSIGQGITYEQYF
794,CASSIGQGATYEQYF,CASSIGQGITYEQYF
795,CASSIGQGWTYEQYF,CASSIGQGITYEQYF
796,CASSIGQGYTYEQYF,CASSIGQGITYEQYF
797,CASSIGQGMTYEQYF,CASSIGQGITYEQYF
798,CASSLGQGITYEQYF,CASSIGQGITYEQYF
799,CASSFGNTEAFF,CASSFGSTEAFF
800,CASSLYSGANVLTF,CASSLYISGANVLTF
801,CASSIGSGASYEQYF,CASSISGASYEQYF
802,CASSIGVGSYNEQFF,CASSIVGSYNEQFF
803,CASSIGRGTAYEQYF,CASSIGRGGAYEQYF
804,CASSSGAYEQYF,CASSSGHYEQYF
805,CASSGTDTQYF,CASSLTDTQYF
806,CASSIGTGLVYEQYF,CASSIGTGVVYEQYF
807,CASSRGTGTSYEQYF,CASSIGTGTSYEQYF
808,CASSIGQGVVYEQYF,CASSIGTGVVYEQYF
809,CASSIGTGTIYEQYF,CASSIGTGTSYEQYF
810,CASSIGTGMSYEQYF,CASSIGTGTSYEQYF
811,CASSIGTGYSYEQYF,CASSIGTGTSYEQYF
812,CASSIGTGESYEQYF,CASSIGTGTSYEQYF
813,CASSIGTGTLYEQYF,CASSIGTGTSYEQYF
814,CASSIGQGTSYEQYF,CASSIGTGTSYEQYF
815,CASSIGRGTSYEQYF,CASSIGTGTSYEQYF
816,CASSIGTGVDYEQYF,CASSIGTGVVYEQYF
817,CASSIGTGLSYEQYF,CASSIGTGTSYEQYF
818,CASSMGTGTSYEQYF,CASSIGTGTSYEQYF
819,CASSIGTGKSYEQYF,CASSIGTGTSYEQYF
820,CASSIGAGVVYEQYF,CASSIGTGVVYEQYF
821,CASSIGTGDSYEQYF,CASSIGTGTSYEQYF
822,CASSPGTGLRYEQYF,CASSPGTGVRYEQYF
823,CASSPGTGVAYEQYF,CASSPGTGVRYEQYF
824,CASSPGTGRRYEQYF,CASSPGTGVRYEQYF
825,CASSIGQGLNNEQFF,CASSIGAGLNNEQFF
826,CASSIGVGSYNEQFF,CASSIVGSYNEQFF
827,CASSIGTGLNNEQFF,CASSIGAGLNNEQFF
828,CASSIGAGVHNEQFF,CASSIGAGVGNEQFF
829,CASSIGKSSYNEQFF,CASSIGGSSYNEQFF
830,CASSIGAGFGNEQFF,CASSIGAGVGNEQFF
831,CASSLVGFETQYF,CASSLVGKETQYF
832,CASSIGTGQAYEQYF,CASSIGPGQAYEQYF
833,CASSSTGGGTDTQYF,CASSSTGVGTDTQYF
834,CASSSTGGGTDTQYF,CASSSTGAGTDTQYF
835,CASSLSGASTDTQYF,CASSTSGASTDTQYF
836,CASSLSGASTDTQYF,CASSLTGASTDTQYF
837,CASSLSGASTDTQYF,CASSLSGGSTDTQYF
838,CASSFSGYEQFF,CASSFGYEQFF
839,CASSFSGYEQFF,CASSFSGYEQYF
840,CASSFAGEQYF,CASSFVGEQYF
841,CASSFTGASTDTQYF,CASSFTGAVTDTQYF
842,CASSFTGASTDTQYF,CASSLTGASTDTQYF
843,CASSFTGASTDTQYF,CASSFTGVSTDTQYF
844,CASSFTGASTDTQYF,CASSPTGASTDTQYF
845,CASSPGGEQYF,CASSPHGEQYF
846,CASSLGTLYEQYF,CASSLGLYEQYF
847,CASSWTGAYEQYF,CASSWTGPYEQYF
848,CASSFSTEAFF,CASSFTTEAFF
849,CASSWGTEAFF,CASSWGNTEAFF
850,CASSFSGGNEQFF,CASSFGGNEQFF
851,CASSFGGEQFF,CASSFGYEQFF
852,CASSFGGEQFF,CASSFGGLEQFF
853,CASSFGGEQFF,CASSFGGNEQFF
854,CASSFGGEQFF,CASSFGGVEQFF
855,CASSWTSHEQYF,CASSWGSHEQYF
856,CASSPTGYNEQFF,CASSPTGPNEQFF
857,CASSSSGGSTDTQYF,CASSSSGVSTDTQYF
858,CASSSSGGSTDTQYF,CASSLSGGSTDTQYF
859,CASSSSGGSTDTQYF,CASSPSGGSTDTQYF
860,CASSPTGNEQFF,CASSPTGPNEQFF
861,CASSFAGNEQFF,CASSFASNEQFF
862,CASSFAGNEQFF,CASSFGGNEQFF
863,CASSFVGETQYF,CASSFVGEQYF
864,CASSLSGIYEQYF,CASSLSGYEQYF
865,CASSFSFEQFF,CASSLSFEQFF
866,CASSFGDTQYF,CASSFGGDTQYF
867,CASSISSEQYF,CASSISYEQYF
868,CASSSAGGSTDTQYF,CASSLAGGSTDTQYF
869,CASSGGYEQYF,CASGGGYEQYF
870,CASSLDGAEAFF,CASSLGGAEAFF
871,CASSSSGSSTDTQYF,CASSSSGVSTDTQYF
872,CASSPGGGEQYF,CASSPGGEQYF
873,CASGLAGPNEQFF,CASGLAGFNEQFF
874,CASSEGGSYEQYF,CASSGGSYEQYF
875,CASSLTGYEQYF,CASSLGGYEQYF
876,CASSSTGNEQFF,CASSPTGNEQFF
877,CASSQTDTQYF,CASSQLTDTQYF
878,CASSVGYNEQFF,CASSVGGYNEQFF
879,CASSPTGYNEQFF,CASSPTGNEQFF
880,CASSLVGAEQYF,CASSLGGAEQYF
881,CASSLGNYGYTF,CASSLGNGYTF
882,CASSPTGSEQFF,CASSPTGNEQFF
883,CASSLDGYEQYF,CASSSDGYEQYF
884,CASSPAGNEQFF,CASSPTGNEQFF
885,CSAIGGGSSYNEQFF,CSATGGGSSYNEQFF
886,CASSLTGYEQYF,CASSLGGYEQYF
887,CASSFTGGDGYTF,CASSFGGDGYTF
888,CASSLVGEKLFF,CASSLGEKLFF
889,CASSLVGPTEAFF,CASSLVGNTEAFF
890,CASSYSHEQYF,CASSYTHEQYF
891,CASSFGAYNEQFF,CASSFGTYNEQFF
892,CASSLEWSSYNEQFF,CASSLDWSSYNEQFF
893,CSVEQGTYEQYF,CSVEQGPYEQYF
894,CASSLSGPSYNEQFF,CASSLSGSYNEQFF
895,CASSFGAYNEQFF,CASSFSAYNEQFF
896,CASSPGGEAFF,CASSMGGEAFF
897,CASSPGGEAFF,CASSQGGEAFF
898,CASSLSGASTDTQYF,CASSLTGASTDTQYF
899,CASSFTGASTDTQYF,CASSLTGASTDTQYF
900,CASSLDGNEQFF,CASSLDNEQFF
901,CSVEDRAYGYTF,CSVEDRYYGYTF
902,CASSPLGYEQYF,CASSPDGYEQYF
903,CASSPSGNTIYF,CASSFSGNTIYF
904,CASSYQGNSPLHF,CASSVQGNSPLHF
905,CASSEGGSYEQYF,CASSEGSYEQYF
906,CASSYSGGDNYGYTF,CASSYSGGANYGYTF
907,CASSLPSGYNEQFF,CASSFPSGYNEQFF
908,CASSFGGEQFF,CASSLGGEQFF
909,CASSQGYEQFF,CASSQGNEQFF
910,CASSFGPEQYF,CASSFGMPEQYF
911,CASSFNTGELFF,CASSFGTGELFF
912,CASSLVGEQFF,CASSLGVGEQFF
913,CASSFTDTQYF,CASSLTDTQYF
914,CASSSRGELFF,CASSSAGELFF
915,CASSLGDTQYF,CASSLTDTQYF
916,CASSLGDTQYF,CASSLVDTQYF
917,CASSLGDTQYF,CASSLGDIQYF
918,CASSLIFYEQYF,CASSYIFYEQYF
919,CASSLISEQFF,CASSLIHEQFF
920,CASSWTGAYEQYF,CASSWTGAEQYF
921,CASSLAGELFF,CASSSAGELFF
922,CASSWGTEAFF,CASSQGTEAFF
923,CASSFSAEAFF,CASSFAAEAFF
924,CASSYGGDTQYF,CASSYGDTQYF
925,CASSLAGNEQFF,CASSPAGNEQFF
926,CASSFGAGNQPQHF,CASSLGAGNQPQHF
927,CASSLADTQYF,CASSLTDTQYF
928,CASSLADTQYF,CASSLVDTQYF
929,CASSFGPEQYF,CASSFGSEQYF
930,CASSPSNTGELFF,CASRPSNTGELFF
931,CASSITDTQYF,CASSLTDTQYF
932,CASSQGPGYTF,CASSPGPGYTF
933,CASSQGPGYTF,CASSQGGGYTF
934,CASSPTGNEQFF,CASSPAGNEQFF
935,CASSFAGNEQFF,CASSPAGNEQFF
936,CASSSAGGSTDTQYF,CASSSSGGSTDTQYF
937,CASSFNTGELFF,CASSFYTGELFF
938,CASSLNGETQYF,CASSLNPETQYF
939,CASSPAGGEQFF,CASSPAGNEQFF
940,CASSSSGSSTDTQYF,CASSSSGGSTDTQYF
941,CSVEAGTGFEQYF,CSVEAGTGEQYF
942,CASSGGTGAYEQYF,CASSAGTGAYEQYF
943,CASSQTDTQYF,CASSQADTQYF
944,CASSSSSEQYF,CASSSSDEQYF
945,CASSPSGNTIYF,CASSPGSGNTIYF
946,CASSFPGNEQFF,CASSFPGNEAFF
947,CASSQGLPGADTQYF,CASSQGLLGADTQYF
948,CASSPAGTTNYGYTF,CASSPGTTNYGYTF
949,CSVLQGGTEAFF,CSVLQGTEAFF
950,CASSWGTEAFF,CASSSGTEAFF
951,CASSLSGEKLFF,CASSLGGEKLFF
952,CASSQGGYEQYF,CASSYQGGYEQYF
953,CASSAVNTGELFF,CASSASNTGELFF
954,CASSLGGSSYNEQFF,CASSYGGSSYNEQFF
955,CASSLAGEKLFF,CASSLGGEKLFF
956,CASSSFDEQFF,CASSYSFDEQFF
957,CASSLTGAAPDTQYF,CASSLTGAADTQYF
958,CASSPSNTGELFF,CASSASNTGELFF
959,CASSLSLGFYEQYF,CASSLSAGFYEQYF
960,CASSFGSYEQYF,CASSFSSYEQYF
961,CASSQGGYEQYF,CASSQGLYEQYF
962,CASSPDHYEQYF,CASSPDFYEQYF
963,CASSPDHYEQYF,CASSPDSYEQYF
964,CASSQGFYEQYF,CASSQGLYEQYF
965,CASSFGSYEQYF,CASSFGYEQYF
966,CASSLQGTGELFF,CASSLQGGELFF
967,CASSLQGTGELFF,CASSLQGGTGELFF
968,CASSLYSTDTQYF,CASSIYSTDTQYF
969,CASSLYSTDTQYF,CASSLYNTDTQYF
970,CASSGGYEQYF,CASSFGYEQYF
971,CASSVGGGTYEQYF,CASSVGWGGTYEQYF
972,CASSVGGGTYEQYF,CASSVGFGGTYEQYF
973,CASSVGGGTYEQYF,CASSVGGGYEQYF
974,CASSLDGNEQFF,CASSLGNEQFF
975,CASSGDNSYEQYF,CASSGGNSYEQYF
976,CASSWGTEAFF,CASSRGTEAFF
977,CASSLGSNEQFF,CASSLGNEQFF
978,CASSLAGNEQFF,CASSLGNEQFF
979,CASSVGYNEQFF,CASSVGGNEQFF
980,CASSLGGESYEQYF,CASSLGGPSYEQYF
981,CASSLDGFEQYF,CASSLLGFEQYF
982,CASSFAGNEQFF,CASSFLGNEQFF
983,CASSPGGGEQFF,CASSPGGGEQYF
984,CASSFSFEQYF,CASSFSHEQYF
985,CASSLDGNEQFF,CASSLEGNEQFF
986,CASSFSHEQFF,CASSFSHEQYF
987,CASSLAGGSYNEQFF,CASSLAGSYNEQFF
988,CASSQGYEQFF,CASSQGYEQYF
989,CASSYGGDTQYF,CASSYGGETQYF
990,CASSYGGDTQYF,CASSYGGTQYF
991,CATSRDRAYEQYF,CATSSRDRAYEQYF
992,CASSYGGTEQYF,CASSYGGTQYF
993,CASSLAGNEQFF,CASSLEGNEQFF
994,CASSLAGNEQFF,CASSLDGNEQFF
995,CASSYSHEQYF,CASSFSHEQYF
996,CASSYGGNQPQHF,CASSYVGGNQPQHF
997,CASSFSIEQYF,CASSFSHEQYF
998,CSARDGTSGRAEQFF,CSARDRTSGRAEQFF
999,CASSQNSYEQYF,CASSQVSYEQYF
1000,CASSQGYEQFF,CASSQGYEQYF
1001,CASSLLAGGYNEQFF,CASSLLAGAYNEQFF
1002,CASSLGGSSYNEQFF,CASSLSGSSYNEQFF
1003,CASSLSGASTDTQYF,CASSLSGATDTQYF
1004,CATSRDRAYEQYF,CATSRDRDYEQYF
1005,CASSLSGAGTDTQYF,CASSLSGATDTQYF
1006,CASSLTMNYGYTF,CASSLTGNYGYTF
1007,CASSLAGGFYNEQFF,CASSLAGGSYNEQFF
1008,CASSYGGEKLFF,CASSYGNEKLFF
1009,CSVEQGTYEQYF,CSVEQGYEQYF
1010,CASSYGGDTQYF,CASSYTGGDTQYF
1011,CASSYGSYEQYF,CASSYSGSYEQYF
1012,CASSGGYEQYF,CASSGGHYEQYF
1013,CASSLSPGPYEQYF,CASSLSPGGYEQYF
1014,CATSDFGGNTGELFF,CATSDLGGNTGELFF
1015,CSVGDTGYEQYF,CSVGDIGYEQYF
1016,CASSFQGGNEQFF,CASSFTGGNEQFF
1017,CATSDLTGNTGELFF,CATSDLGGNTGELFF
1018,CASSLLAGGRNEQFF,CASSLLAGGYNEQFF
1019,CASSLLAGIYNEQFF,CASSLLAGGYNEQFF
1020,CASSILAGGYNEQFF,CASSLLAGGYNEQFF
1021,CASSPTGPNEQFF,CASSPTGNEQFF
1022,CATSFGTGGYEQYF,CATSTGTGGYEQYF
1023,CASSVGDYEQFF,CASSVGDYYEQFF
1024,CASSVGGTEAFF,CASSVGGSTEAFF
1025,CASSDGHTNTEAFF,CASSDGHTGNTEAFF
1026,CASSFGQGSYEQYF,CASSFGQGAYEQYF
1027,CASSFGRGYEQYF,CASSFGRGPYEQYF
1028,CASSVTGTYEQYF,CASSLTGTYEQYF
1029,CASSSSYEQYF,CASSFSYEQYF
1030,CASSSSYEQYF,CASSSAYEQYF
1031,CASSSSYEQYF,CASSHSYEQYF
1032,CASSLEGDIQYF,CASSLEGDTQYF
1033,CASSLTGPYEQYF,CASSLVGPYEQYF
1034,CASSLVGPTEAFF,CASSLVGNTEAFF
1035,CASSFGGYEQYF,CASSFGGGEQYF
1036,CASSLGGNTEAFF,CASSLGGTEAFF
1037,CASSYAGQGAYEQYF,CASSYGQGAYEQYF
1038,CASSLEGGYGYTF,CASSLGGYGYTF
1039,CASSGLAGYEQYF,CASSGGAGYEQYF
1040,CASSQGYEQYF,CASSQGNYEQYF
1041,CASSQGGYEQYF,CASSQGYEQYF
1042,CASSQGGYEQYF,CASSQGNYEQYF
1043,CASSSSYEQYF,CASSSPYEQYF
1044,CASSLTGAETDTQYF,CASSLTGASTDTQYF
1045,CASSLTGAITDTQYF,CASSLTGASTDTQYF
1046,CASSLVGSNEQFF,CASSLGSNEQFF
1047,CASSLTGSSTDTQYF,CASSLTGASTDTQYF
1048,CASGLGGYEQYF,CASGLGRGYEQYF
1049,CASSPTGASTDTQYF,CASSLTGASTDTQYF
1050,CASSLGQGYEQYF,CASSLGQSYEQYF
1051,CASSLGGNTEAFF,CASSLSGNTEAFF
1052,CASSLTGTSTDTQYF,CASSLTGASTDTQYF
1053,CASSLTGVSTDTQYF,CASSLTGASTDTQYF
1054,CASSLTGWSTDTQYF,CASSLTGASTDTQYF
1055,CASSLTGISTDTQYF,CASSLTGASTDTQYF
1056,CASSLEGSTYEQYF,CASSLAGSTYEQYF
1057,CASSQDPGQYEQYF,CASSQDPGYEQYF
1058,CASSLAGGGYEQYF,CASSLAGTGGYEQYF
1059,CASSQDPGSYEQYF,CASSQDPGYEQYF
1060,CASSQDPGSYEQYF,CASSQDPGSLYEQYF
1061,CASSWDPGYEQYF,CASSQDPGYEQYF
1062,CASSPDPGYEQYF,CASSQDPGYEQYF
1063,CASSLEAGAYEQYF,CASSLAGAYEQYF
1064,CASSQDPGDYEQYF,CASSQDPGYEQYF
1065,CASSLGQGYEQYF,CASSLRQGYEQYF
1066,CASSFGGNEQFF,CASSFGINEQFF
1067,CASSLIQGYEQYF,CASSLRQGYEQYF
1068,CASSEGYEQYF,CASSEGSYEQYF
1069,CASSLGGAEAFF,CASSLGGATEAFF
1070,CATSRDRGYNQPQHF,CATSRDRGSNQPQHF
1071,CASSLGGNTEAFF,CASSLGINTEAFF
1072,CASSLTGGSADTQYF,CASSLTGGSTDTQYF
1073,CASSYSGQGNEQYF,CASSYSGQGYEQYF
1074,CASSQDTYEQYF,CASSQDSYEQYF
1075,CASSQDAYEQYF,CASSQDSYEQYF
1076,CASSQGGTEAFF,CASSQGTEAFF
1077,CASSFASNEQFF,CASSASNEQFF
1078,CASSLAGGSTDTQYF,CASSLAGGYTDTQYF
1079,CASSLAGGSTDTQYF,CASSLTGGSTDTQYF
1080,CASSLTGASTDTQYF,CASSLTGGSTDTQYF
1081,CASSLTGGWTDTQYF,CASSLTGGSTDTQYF
1082,CASSGTGGSTDTQYF,CASSLTGGSTDTQYF
1083,CASSLYGEETQYF,CASSLGGEETQYF
1084,CAISESYEQYF,CAISESSYEQYF
1085,CASSLTGSSTDTQYF,CASSLTGGSTDTQYF
1086,CASSPAGAYEQYF,CASSPAGLYEQYF
1087,CASSVGGTEAFF,CASSVGGYTEAFF
1088,CASSQGYEQYF,CASSQMGYEQYF
1089,CASSQGYEQYF,CASSLGYEQYF
1090,CASSSSGVSTDTQYF,CASSSSGGSTDTQYF
1091,CASSLSGGSTDTQYF,CASSSSGGSTDTQYF
1092,CASSLSGGSTDTQYF,CASSLTGGSTDTQYF
1093,CASSSGYEQYF,CASSLGYEQYF
1094,CASSLDNTEAFF,CASSLANTEAFF
1095,CASSLTGTSTDTQYF,CASSLTGGSTDTQYF
1096,CASSLTGVSTDTQYF,CASSLTGGSTDTQYF
1097,CASSLTGWSTDTQYF,CASSLTGGSTDTQYF
1098,CASSPSGGSTDTQYF,CASSSSGGSTDTQYF
1099,CASSLTGISTDTQYF,CASSLTGGSTDTQYF
1100,CASSFGYEQFF,CASSFNYEQFF
1101,CASSILAGGRNEQFF,CASSLLAGGRNEQFF
1102,CASSPVGSYEQYF,CASSHVGSYEQYF
1103,CASSPGNTEAFF,CASSPGGNTEAFF
1104,CASSYGGGYEQYF,CASSYAGGYEQYF
1105,CASSWGNTEAFF,CASSPGNTEAFF
1106,CASSLTGPYEQYF,CASSLTGSYEQYF
1107,CASSLLAGIYNEQFF,CASSLLAGTYNEQFF
1108,CASSLSAGNTGELFF,CASSLSGGNTGELFF
1109,CASSLLAGGETQYF,CASSLLAGAGETQYF
1110,CASSPLNTEAFF,CASSPGNTEAFF
1111,CASSYSGTSYEQYF,CASSYSGDSYEQYF
1112,CASSLAGGIHNEQFF,CASSLAGGIYNEQFF
1113,CASSTSYEQYF,CASSLTSYEQYF
1114,CASSLTGGSADTQYF,CASSLTGGADTQYF
1115,CASSQGGTEAFF,CASSSGGTEAFF
1116,CASSFVGEQYF,CASSFVGNEQYF
1117,CASSLTGADTQYF,CASSLTGAADTQYF
1118,CASSLTGADTQYF,CASSLTGGADTQYF
1119,CASSSTGGAPDTQYF,CASSSTGGADTQYF
1120,CASSLAGGSTDTQYF,CASSLAGESTDTQYF
1121,CASSLTGGGGEQYF,CASSLTGGGNEQYF
1122,CASSAGGTEAFF,CASSSGGTEAFF
1123,CASSYGGGYEQYF,CASSYQGGYEQYF
1124,CASSLSSGGTDTQYF,CASSLSGGGTDTQYF
1125,CASSQDPGSYEQYF,CASSQDPGLSYEQYF
1126,CASSLGTGGQETQYF,CASSLGTGQETQYF
1127,CASSLRGGGTDTQYF,CASSLSGGGTDTQYF
1128,CASSRTGGSADTQYF,CASSRTGGADTQYF
1129,CASSFSGYEQYF,CASSFSSYEQYF
1130,CASSSGYEQYF,CASSSLYEQYF
1131,CASSFGYEQFF,CASSFGYEQYF
1132,CASSLSLAGRETQYF,CASSLSLAGGETQYF
1133,CASSSSYEQYF,CASSSIYEQYF
1134,CASSLTSGSPLHF,CASSLTGGSPLHF
1135,CASSFGTGYEQYF,CASSFGTGEYEQYF
1136,CASSFSGYEQYF,CASSFGYEQYF
1137,CASSLEAGAYEQYF,CASSLEGGAYEQYF
1138,CASSLGQGYEQYF,CASSLGQYYEQYF
1139,CASSFGYHEQYF,CASSFGYEQYF
1140,CASSLEGGYGYTF,CASSLQGGYGYTF
1141,CASSLGYEQYF,CASSDLGYEQYF
1142,CASSLAGGGYEQYF,CASSLAGGSYEQYF
1143,CASSHGGGYEQYF,CASSVGGGYEQYF
1144,CASSFGGNEQFF,CASSFLGNEQFF
1145,CASSLGYEQYF,CASSLGGEQYF
1146,CASSFGGPSYEQYF,CASSFGGSSYEQYF
1147,CASSPGNTEAFF,CASSFPGNTEAFF
1148,CASSFGTGAYEQYF,CASSIGTGAYEQYF
1149,CASSSGYEQYF,CASSSGSYEQYF
1150,CASSFGNTGELFF,CASSFRNTGELFF
1151,CASSYSGTSYEQYF,CASSYSGTSEYEQYF
1152,CATSDLQETQYF,CATSDLPQETQYF
1153,CASSLGLYEQYF,CASSLKLYEQYF
1154,CASSLTGGSADTQYF,CASSLTGTSADTQYF
1155,CASSLAGGSTDTQYF,CASSLAGSTDTQYF
1156,CASSYGGGYEQYF,CASSYSGGYEQYF
1157,CASSLRGFEQYF,CASSLRGEQYF
1158,CASSFSGYEQYF,CASSTSGYEQYF
1159,CASSFDGTVYEQYF,CASSFGGTVYEQYF
1160,CASSLDNTEAFF,CASSLMNTEAFF
1161,CASSLTGTSTDTQYF,CASSLTGTSADTQYF
1162,CASSLTGVSADTQYF,CASSLTGTSADTQYF
1163,CASSQDWGYEQYF,CASSQEWGYEQYF
1164,CASSLGYEQYF,CASSLGLEQYF
1165,CASSLGYEQYF,CASSLGNEQYF
1166,CASSLLGQSFYGYTF,CASSLLGQSNYGYTF
1167,CASSQLAGGTDTQYF,CASSQLAGGEDTQYF
1168,CAISESYEQYF,CAISESDEQYF
1169,CASSPSGTGELFF,CASSPSMTGELFF
1170,CASSFLDSQETQYF,CASSFLDLQETQYF
1171,CASSLNGDTQYF,CASSLGGDTQYF
1172,CASSLGATEAFF,CASSLGANEAFF
1173,CASSLEGNEQYF,CASSLGGNEQYF
1174,CASSLGFHEQYF,CASSLGGHEQYF
1175,CASSFGGGETQYF,CASSFGGGEQYF
1176,CASSLEIGDTQYF,CASSLEGDTQYF
1177,CASSLGGSPYEQYF,CASSLGGSSYEQYF
1178,CASSLGGSPYEQYF,CASSLGGSHYEQYF
1179,CASSLGGSPYEQYF,CASSLGGAPYEQYF
1180,CASSLGGSPYEQYF,CASSLGGSAYEQYF
1181,CASSFGRGGYEQYF,CASSFGGGYEQYF
1182,CASSPGGGAEAFF,CASSPGGAEAFF
1183,CASSLSGGTEAFF,CASSLGGTEAFF
1184,CSARDSSGVGETQYF,CSARDSGGVGETQYF
1185,CASSLNQGAYEQYF,CASSLGQGAYEQYF
1186,CASSLSAYNEQFF,CASSLASAYNEQFF
1187,CASSQGNHQPQHF,CASSQGNQPQHF
1188,CASSFGSTYEQYF,CASSFGSSYEQYF
1189,CASSLLNTEAFF,CASSLRNTEAFF
1190,CASSLEGYNEQFF,CASSLPGYNEQFF
1191,CASSLAGSYNEQFF,CASSLATSYNEQFF
1192,CASSLEIGDTQYF,CASSLIGDTQYF
1193,CATSDLFTDTQYF,CATSDLATDTQYF
1194,CATSDLFTDTQYF,CATSDLVTDTQYF
1195,CASSIAAGPTDTQYF,CASSIGAGPTDTQYF
1196,CASSDSYEQYF,CASSDPYEQYF
1197,CSARDRDSAYEQYF,CSARDRTSAYEQYF
1198,CASSLNGDTQYF,CASSLGDTQYF
1199,CASSYSGGTEAFF,CASSYSGGNTEAFF
1200,CASSPTGANYGYTF,CASSPTGTANYGYTF
1201,CASSLNYNEQFF,CASSLYNEQFF
1202,CASSLNSNQPQHF,CASSLYSNQPQHF
1203,CASSSTGWDTEAFF,CASSSTGDTEAFF
1204,CASSISAGGLYEQYF,CASSIGAGGLYEQYF
1205,CASSYAVAGANVLTF,CASSYAAGANVLTF
1206,CASSPWDMSYEQYF,CASSPWDSSYEQYF
1207,CASSDGETQYF,CASSDLGETQYF
1208,CASSSPSGNEQFF,CASSPSGNEQFF
1209,CASSLSPGGYEQYF,CASSSPGGYEQYF
1210,CASSLNGDTQYF,CASSLTGDTQYF
1211,CASSLLAGGYNEQFF,CASSLLAGTYNEQFF
1212,CASSLLAGGYNEQFF,CASSLLAGGRNEQFF
1213,CASSPGGGAEAFF,CASSPLGGAEAFF
1214,CASSDSYEQYF,CASSDTYEQYF
1215,CASSHTGEQYF,CASSHTGIEQYF
1216,CASSQTGGSTDTQYF,CASSQTGSTDTQYF
1217,CASSTGQAVETQYF,CASSTGQGVETQYF
1218,CASSLVTGELFF,CASSLGVTGELFF
1219,CASSYPGQEAFF,CASSYTGQEAFF
1220,CASSLNGDTQYF,CASSLGGDTQYF
1221,CASSYSGGTEAFF,CASSYRGGTEAFF
1222,CASSQGSTGELFF,CASSQDSTGELFF
1223,CASSLSAGGYEQYF,CASSLSAGFYEQYF
1224,CASSLGNQPQHF,CASSLGNNQPQHF
1225,CASSYRGFTEAFF,CASSYRGGTEAFF
1226,CASSLGQTYEQYF,CASSLGQSYEQYF
1227,CASSYPGNTEAFF,CASSYEGNTEAFF
1228,CASSSDGSSYNEQFF,CASSIDGSSYNEQFF
1229,CASSGRDSYEQYF,CASSGLDSYEQYF
1230,CASSISGSVNTEAFF,CASSISGSGNTEAFF
1231,CASSIAGGPGNEQFF,CASSIAGGLGNEQFF
1232,CASSIAGGPGNEQFF,CASSIAGGVGNEQFF
1233,CASSSPSGNEQFF,CASSSASGNEQFF
1234,CASSPPGETQYF,CASSPPEETQYF
1235,CASSIDQSSYNEQFF,CASSIDGSSYNEQFF
1236,CASSMAGSSYNEQFF,CASMAGSSYNEQFF
1237,CASTRDSSSYNEQFF,CASSRDSSSYNEQFF
1238,CSVERPNSYEQYF,CSVGRPNSYEQYF
1239,CASSRDASSYNEQFF,CASSRDSSSYNEQFF
1240,CASSYPGGPYNEQFF,CASSYGGGPYNEQFF
1241,CASSYSGGTEAFF,CASSYSGGTSEAFF
1242,CSAREQGTNTGELFF,CSAREQTNTGELFF
1243,CSARGSSSYEQYF,CSARGTSSYEQYF
1244,CSAREQNTGELFF,CSAREQTNTGELFF
1245,CASSLQGNTEAFF,CASSLLQGNTEAFF
1246,CASSISGGAYNEQFF,CASSISGAAYNEQFF
1247,CASSISGSAYNEQFF,CASSISGAAYNEQFF
1248,CASSISGSAYNEQFF,CASSISGSGYNEQFF
1249,CASSRGNNEQFF,CASSRVNNEQFF
1250,CASSLQGNTEAFF,CASSLQGLNTEAFF
1251,CASSPTSGGANEQFF,CASSPTSGGYNEQFF
1252,CASSVDSYNEQFF,CASSVADSYNEQFF
1253,CASSIGGANTEAFF,CASSIQGANTEAFF
1254,CASSQGQGNQPQHF,CASSQGQGNYQPQHF
1255,CASSLTPGNTEAFF,CASSLTTGNTEAFF
1256,CSVMGGYEQYF,CSVEGGYEQYF
1257,CASSYRGSNQPQHF,CASSYGSNQPQHF
1258,CASSLTVGNTEAFF,CASSLTTGNTEAFF
1259,CASSLTVGNTEAFF,CASSLTVNTEAFF
1260,CASSRGYEQYF,CASSWGYEQYF
1261,CASSLGGGYTF,CASSLGGGGYTF
1262,CASSLGSNTEAFF,CASSLSNTEAFF
1263,CASSLGSDTQYF,CASSLGGDTQYF
1264,CASSHPGGTEAFF,CASSHGGTEAFF
1265,CASSLGSEKLFF,CASSLGEKLFF
1266,CSARDIANYGYTF,CSARDSANYGYTF
1267,CASSLGGAEQYF,CASSLGGYEQYF
1268,CASSLGGYEQYF,CASSLGSYEQYF
1269,CASSLGGYEQYF,CASSLGSGYEQYF
1270,CASSQDWGGNEQFF,CASSQDWGGYNEQFF
1271,CASSLGGGELFF,CASSLGFGELFF
1272,CASSLGGYEQYF,CASSLGSYEQYF
1273,CASSQGAEAFF,CASSQGKEAFF
1274,CASSQGAEAFF,CASSQGTEAFF
1275,CASSLGGEAFF,CASSLWGEAFF
1276,CASSLGGEQFF,CASSLGAEQFF
1277,CASSVGGASYEQYF,CASSVGGRSYEQYF
1278,CASSLGAEQYF,CASSLGIEQYF
1279,CASSQLGQPQHF,CASSQDGQPQHF
1280,CASSVGGDRSYEQYF,CASSVGGRSYEQYF
1281,CASSPLAGGTGELFF,CASSPLAGGSGELFF
1282,CASSLGGELFF,CASSLGGVELFF
1283,CASSLGAGAFF,CASSLAGAGAFF
1284,CASSLGGELFF,CASSLGGVELFF
1285,CASSLGGELFF,CASSLGGVELFF
1286,CASSYRTGGGGYTF,CASSYFTGGGGYTF
1287,CASSAGGEQYF,CASSLAGGEQYF
1288,CASSLGGDTQYF,CASSLGDTQYF
1289,CASSGGSYEQYF,CASSEGSYEQYF
1290,CASSTGSYEQYF,CASSEGSYEQYF
1291,CASSLGGGELFF,CASSLGVGELFF
1292,CASSSGAANTGELFF,CASSSGANTGELFF
1293,CASSLGSDTQYF,CASSLGDTQYF
1294,CASSSTGGAYNEQFF,CASSSTGGGYNEQFF
1295,CASSGEGLNTEAFF,CASSVEGLNTEAFF
1296,CASSPTGNEQFF,CASSPAGNEQFF
1297,CASSLGSGELFF,CASSLASGELFF
1298,CASSVGGSTEAFF,CASSVGGYTEAFF
1299,CASSLGGDTQYF,CASSLTGDTQYF
1300,CASSPTGNEQFF,CASSPEGNEQFF
1301,CASSPTGNEQFF,CASSPSGNEQFF
1302,CASSLGSDTQYF,CASSLGGDTQYF
1303,CASSRGDTEAFF,CASSGDTEAFF
1304,CASSGGSYEQYF,CASSGGNSYEQYF
1305,CASSVSSGANVLTF,CASSVGSSGANVLTF
1306,CASSLGGPEQFF,CASSLGGPEQYF
1307,CASSAGWGNQPQHF,CASSAGWLGNQPQHF
1308,CASSLASGVGNEQFF,CASSLASGVGREQFF
1309,CASSVGGASYEQYF,CASSVGGAYEQYF
1310,CASSLRDSSYEQYF,CASSFRDSSYEQYF
1311,CASSVGGYNEQFF,CASSVGGNEQFF
1312,CASSLGGEQYF,CASSLGGPEQYF
1313,CASSRGDTEAFF,CASSRGNTEAFF
1314,CASSVPGTGELFF,CASSVPVTGELFF
1315,CASSVGSGRYEQYF,CASSVGSGHYEQYF
1316,CASSVGTSGNNEQFF,CASSEGTSGNNEQFF
1317,CASSLVGDTQYF,CASSLEGDTQYF
1318,CASSLGGPEQFF,CASSLMGPEQFF
1319,CASSGGSYEQYF,CASSGGSEQYF
1320,CASSSGGVYEQYF,CASSYGGVYEQYF
1321,CASSTGSYEQYF,CASSTGTYEQYF
1322,CASSGGNEKLFF,CASSGQGNEKLFF
1323,CASSVGGDSSYEQYF,CASSVGGGSSYEQYF
1324,CASSPGTSGTYEQYF,CASSPGTSVTYEQYF
1325,CASSLGGDEQFF,CASSLGGREQFF
1326,CASSLGTGYEQYF,CASSSGTGYEQYF
1327,CASSGAGLSYEQYF,CASSEGAGLSYEQYF
1328,CASSGAGLSYEQYF,CASSVGAGLSYEQYF
1329,CASSEGGSTEAFF,CASSEGGGTEAFF
1330,CASSFGSSYEQYF,CASSLGSSYEQYF
1331,CATSRGNMNTEAFF,CATSRGGMNTEAFF
1332,CASSLGGEQFF,CASSLGQGEQFF
1333,CASSLQGQYNEQFF,CASSLQGTYNEQFF
1334,CASSLDWGGTEAFF,CASSLDWGNTEAFF
1335,CASSYSDRDYEQYF,CASSYDRDYEQYF
1336,CASSLGTGYEQYF,CASSEGTGYEQYF
1337,CASSSTGDQPQHF,CASSSGGDQPQHF
1338,CASSLGLAGGNEQFF,CASSLGLAGNNEQFF
1339,CASSLGGYEQYF,CASSLGSYEQYF
1340,CASSLDWSSYNEQFF,CASSLDGSSYNEQFF
1341,CASSLDWSSYNEQFF,CASSLDRSSYNEQFF
1342,CASSLRENYGYTF,CASSLVENYGYTF
1343,CASSSAYEQYF,CASSSPYEQYF
1344,CASSYEQGYEQYF,CASSYPQGYEQYF
1345,CASSLANTEAFF,CASSLVANTEAFF
1346,CASSISYEQYF,CASSLSYEQYF
1347,CASSSAYEQYF,CASSPSAYEQYF
1348,CASSQGGTEAFF,CASSQGTEAFF
1349,CASSLEGDTQYF,CASSLIGDTQYF
1350,CASSGTVYGYTF,CASSGQVYGYTF
1351,CASSLGGTEAFF,CASSLGTEAFF
1352,CASSLGGTEAFF,CASSLGTEAFF
1353,CASSQGTGELFF,CASSQETGELFF
1354,CASSQGTGELFF,CASSQRGTGELFF
1355,CASSLQGNEQFF,CASSLGGNEQFF
1356,CASSLSTDTQYF,CASSSSTDTQYF
1357,CASSLGSYEQYF,CASSVGSYEQYF
1358,CASSLGGTEAFF,CASSLAGGTEAFF
1359,CASSQSGNEQFF,CASSQGNEQFF
1360,CASSFGGELFF,CASSFTGELFF
1361,CASSYLAGGTDTQYF,CASSTLAGGTDTQYF
1362,CASSRGQPQHF,CASSQGQPQHF
1363,CASSGNQPQHF,CASSANQPQHF
1364,CASSGNQPQHF,CASSVNQPQHF
1365,CASSQSGNEQFF,CASSQSGPEQFF
1366,CASSLGVTQYF,CASSLGETQYF
1367,CASSFSYEQYF,CASSSSYEQYF
1368,CASSYGQNTGELFF,CASSYGLNTGELFF
1369,CASSRGQPQHF,CASSFGQPQHF
1370,CASSLFSYEQYF,CASSLTSYEQYF
1371,CASSPGGAEAFF,CASSPLGGAEAFF
1372,CASSFGNTEAFF,CASSFLNTEAFF
1373,CASSSAYEQYF,CASSSSYEQYF
1374,CASSLEGDTQYF,CASSLEGTDTQYF
1375,CASSFANTEAFF,CASSFLNTEAFF
1376,CASSHSYEQYF,CASSSSYEQYF
1377,CASSLSNTEAFF,CASSLENTEAFF
1378,CASSLDNTEAFF,CASSLENTEAFF
1379,CASSLREVNEQYF,CASSLRVNEQYF
1380,CASSYGSPTEAFF,CASSYGSHTEAFF
1381,CASSLGSDTQYF,CASSLGSTDTQYF
1382,CASSLANTEAFF,CASSLENTEAFF
1383,CASSLTGGNTGELFF,CASSLTGGITGELFF
1384,CASSQGGTEAFF,CASSQGQTEAFF
1385,CASSQGVPYEQYF,CASSQVGVPYEQYF
1386,CASSINGYSNQPQHF,CASSIGYSNQPQHF
1387,CASSLQGGEQYF,CASSLAQGGEQYF
1388,CASSSQGGNEQFF,CASSSGQGGNEQFF
1389,CASSLGGYGYTF,CASSLQGGYGYTF
1390,CASSLQGNEQFF,CASSLGGNEQFF
1391,CASSSAYEQYF,CASSSIYEQYF
1392,CASSLGPYTGELFF,CASSLGPSYTGELFF
1393,CASSLGGTEAFF,CASSLEGGTEAFF
1394,CASSHGGTEAFF,CASSHGEGTEAFF
1395,CASSSGRGEQFF,CASSLSGRGEQFF
1396,CASSLAYEQYF,CASSLADYEQYF
1397,CASSRGQPQHF,CASSPGQPQHF
1398,CASSQGGGEQFF,CASSQGGFEQFF
1399,CASSPGGAEAFF,CASSPTGAEAFF
1400,CASSSAYEQYF,CASSLSAYEQYF
1401,CASSLAYEQYF,CASSLVAYEQYF
1402,CASSLAYEQYF,CASSLSAYEQYF
1403,CASSLAYEQYF,CASSLTAYEQYF
1404,CASSLGGTEAFF,CASSLGQGTEAFF
1405,CASSFGNTEAFF,CASSFGLNTEAFF
1406,CASSLGSDTQYF,CASSLGSTDTQYF
1407,CASSYLAGGTDTQYF,CASSWLAGGTDTQYF
1408,CASSLGWGYEQYF,CASSLGGYEQYF
1409,CASSYEQGYEQYF,CASSYSQGYEQYF
1410,CASSLGGVPGTEAFF,CASSLGGVWGTEAFF
1411,CASSQGYEQYF,CASSQDYEQYF
1412,CASSSGHTYEQYF,CASSLSGHTYEQYF
1413,CSAGTGDYEQYF,CSAGTGTYEQYF
1414,CASSLSGPNTEAFF,CASSLSGNTEAFF
1415,CASSLSPGELFF,CASSLVPGELFF
1416,CASSPGTTYEQYF,CASSPGPTYEQYF
1417,CASSLAGYTEAFF,CASSLAGATEAFF
1418,CASSLAGYTEAFF,CASSLAGTEAFF
1419,CASSLAGYTEAFF,CASSLAGGTEAFF
1420,CASSLAGYNEQFF,CASSLAGNEQFF
1421,CASSLAGYNEQFF,CASSLAGLNEQFF
1422,CASSLSPGNEQFF,CASSLSPRNEQFF
1423,CASSFSYEQYF,CASSRSYEQYF
1424,CASSLSGFTEAFF,CASSLSGGFTEAFF
1425,CASSLAGTETQYF,CASSLAGTEQYF
1426,CASSLSYEQYF,CASSRSYEQYF
1427,CASSYSYEQYF,CASSRSYEQYF
1428,CASSPGTTYEQYF,CASSPGTGTYEQYF
1429,CASSLAGYNEQFF,CASSLAGNEQFF
1430,CASSMAANTEAFF,CASSMAVNTEAFF
1431,CASSLAGTETQYF,CASSLAGTEQYF
1432,CASSLGSYEQYF,CASSVGSYEQYF
1433,CASSLGFGELFF,CASSLGVGELFF
1434,CASSQAAGGYTF,CASSQGAGGYTF
1435,CASSPTGYEQYF,CASSFTGYEQYF
1436,CASSSESYEQYF,CASSSERYEQYF
1437,CASSSGGQPQHF,CASSLSGGQPQHF
1438,CASSLAGQGYEQYF,CASSLAGQGVYEQYF
1439,CASSLDSGSYNEQFF,CASSLSSGSYNEQFF
1440,CASSLDNEQFF,CASSLYNEQFF
1441,CASSLSGFTEAFF,CASSLLGFTEAFF
1442,CASSPGTDTQYF,CASSPGDTQYF
1443,CASSLAGYNEQFF,CASSLAGTNEQFF
1444,CASLGGSYEQYF,CASRGGSYEQYF
1445,CASSSPYEQYF,CASSSSYEQYF
1446,CASSLAGYPYNEQFF,CASSLAGGPYNEQFF
1447,CASSPNGHEQYF,CASSPQGHEQYF
1448,CASSILAVSNTEAFF,CASSILAGSNTEAFF
1449,CASSLDNEQFF,CASSLDGNEQFF
1450,CASSWDLNTEAFF,CASSQWDLNTEAFF
1451,CASSQGNYEQYF,CASSEQGNYEQYF
1452,CASSLGDRYGYTF,CASSLDRYGYTF
1453,CASSTGTGLYEQYF,CASSTGTGIYEQYF
1454,CASGLNSNQPQHF,CASSLNSNQPQHF
1455,CASSPGTDTQYF,CASSPGPDTQYF
1456,CASSPTGYEQYF,CASSPRGYEQYF
1457,CASSLSDPNQPQHF,CASSLSDSNQPQHF
1458,CASSLSPGNEQFF,CASSLSPVNEQFF
1459,CASSLMGEEQYF,CASSLMGEETQYF
1460,CASSLSGSYNEQFF,CASSLSGNYNEQFF
1461,CASSIGVSYEQYF,CASSIGAVSYEQYF
1462,CASSPGTDTQYF,CASSFGTDTQYF
1463,CASSPGTDTQYF,CASSLGTDTQYF
1464,CASSLLAGETDTQYF,CASSLLAGYTDTQYF
1465,CASSLLAGETDTQYF,CASSLLAGVTDTQYF
1466,CASSSPYEQYF,CASSSIYEQYF
1467,CASSLLTGEQYF,CASSLGTGEQYF
1468,CASSLDNEQFF,CASSLHDNEQFF
1469,CASSTGTGLYEQYF,CASSFGTGLYEQYF
1470,CASSLDSNEQFF,CASSLLSNEQFF
1471,CASSLAGYNEQFF,CASSLAGGNEQFF
1472,CASSQGDSYEQYF,CASSQGQSYEQYF
1473,CASSPGTGSPYEQYF,CASSPGTGSFYEQYF
1474,CASSLGYEQYF,CASSQGYEQYF
1475,CASSLGGPYEQYF,CASSLGGPSYEQYF
1476,CASSLAGYNEQFF,CASSLAGSYNEQFF
1477,CASSLLDSNQPQHF,CASSLTDSNQPQHF
1478,CASSLSPGNEQFF,CASSLSIGNEQFF
1479,CASSGGGEQYF,CASSLGGEQYF
1480,CASSQVGGTGELFF,CASSQVGSGTGELFF
1481,CASSSGPTYEQYF,CASSSPPTYEQYF
1482,CASSYSSSSYNEQFF,CASSYSGSSYNEQFF
1483,CASSQGYEQYF,CASSPQGYEQYF
1484,CASSLGTVNTEAFF,CASSLTVNTEAFF
1485,CASSSDRGGYNEQFF,CASSSRGGYNEQFF
1486,CASSLLGPSYEQYF,CASSLLGSYEQYF
1487,CASSLQTGNYGYTF,CASSLTGNYGYTF
1488,CASSFGTTYEQYF,CASSFGTDYEQYF
1489,CASSPGTDTQYF,CASSLGTDTQYF
1490,CASSVEGSAYNEQFF,CASSVEGSSYNEQFF
1491,CASSYSSSSYNEQFF,CASSYSGSSYNEQFF
1492,CASSLGSGELFF,CASSLGGGELFF
1493,CASSYPQGYEQYF,CASSYSQGYEQYF
1494,CSVEQGPYEQYF,CSVEQGYEQYF
1495,CASSLSSGVYEQYF,CASSLSSGVPYEQYF
1496,CASSLGIEQYF,CASSLAGIEQYF
1497,CASSLGIEQYF,CASSLAGIEQYF
1498,CASSQEAGVGNTIYF,CASSQEAGTGNTIYF
1499,CASSQDRGGTEAFF,CASSQDRGYTEAFF
1500,CASSQVHSYEQYF,CASSQVPSYEQYF
1501,CASSKTGLSYEQYF,CASSKTGGSYEQYF
1502,CATSRTDSYEQYF,CATSRQDSYEQYF
1503,CASRLYNEQFF,CASRDYNEQFF
1504,CASRLYNEQFF,CASSLYNEQFF
1505,CASSLDSYEQYF,CASSQDSYEQYF
1506,CASSQVGTSYEQYF,CASSQVGSSYEQYF
1507,CASSMGTEAFF,CASSLGTEAFF
1508,CASQDYNEQFF,CASRDYNEQFF
1509,CASSLMGTEAFF,CASSLWGTEAFF
1510,CASSISGQPQHF,CASSIIGQPQHF
1511,CASSQVGRSYEQYF,CASSQVGSSYEQYF
1512,CASSRGTEAFF,CASSLGTEAFF
1513,CASSLTGASTDTQYF,CASSLTGGSTDTQYF
1514,CASSLSGNTEAFF,CASSLSKNTEAFF
1515,CASSLWGTDTQYF,CASSLEGTDTQYF
1516,CASSLAGGGTGELFF,CASSLARGGTGELFF
1517,CASSLGQGNNEQFF,CASSLGQGINEQFF
1518,CASSLGSNEQFF,CASSLGENEQFF
1519,CASSLGTTEAFF,CASSLDTTEAFF
1520,CASSEGRVNEQFF,CASSEGLVNEQFF
1521,CASSLGTEAFF,CASSPLGTEAFF
1522,CASSLGTEAFF,CASSPLGTEAFF
1523,CASSKTGGSYEQYF,CASSWTGGSYEQYF
1524,CASSQGYSNQPQHF,CASSVGYSNQPQHF
1525,CASSLGQSYEQYF,CASSLGSSYEQYF
1526,CASSLGQSYEQYF,CASSLGQYYEQYF
1527,CASSAAGSYEQYF,CASYSAAGSYEQYF
1528,CASSPGTYEQYF,CASSPGAYEQYF
1529,CASSPGTYEQYF,CASSPGNTYEQYF
1530,CASSVGTGGNQPQHF,CASSVGAGGNQPQHF
1531,CASSLDNEQFF,CASSLGNEQFF
1532,CSADRGGNYGYTF,CSARGGNYGYTF
1533,CASSPSAYEQYF,CASSPGAYEQYF
1534,CASSQDYEQYF,CASSQGYEQYF
1535,CASSVMNTEAFF,CASSNMNTEAFF
1536,CASSPGTYEQYF,CASSPGGTYEQYF
1537,CASSPGTYEQYF,CASSTGTYEQYF
1538,CASSLDNEQFF,CASSLDGNEQFF
1539,CASSLGTEAFF,CASSPGTEAFF
1540,CASSLGTEAFF,CASSPGTEAFF
1541,CASSPSAYEQYF,CASSLSAYEQYF
1542,CASSPSAYEQYF,CASSPTAYEQYF
1543,CSARPLAGLYNEQFF,CSARPLAGGYNEQFF
1544,CSVDLTGETQYF,CSVDLPGETQYF
1545,CASSPGLAAPYEQYF,CASSPGLAAYEQYF
1546,CASSVMNTEAFF,CASSVVMNTEAFF
1547,CASSPTSGRTYEQYF,CASSPTSGTTYEQYF
1548,CSASSSGNTGELFF,CSASSSGTGELFF
1549,CSASIMNTEAFF,CSASGMNTEAFF
1550,CSVETGSGYTF,CSVETGDGYTF
1551,CSVETGSGYTF,CSVETGNGYTF
1552,CASSYLTGELFF,CASSYGTGELFF
1553,CASSLAGGYEQYF,CASSLAAGGYEQYF
1554,CASSLAGVEQFF,CASSLAGNEQFF
1555,CASSLAGIEQYF,CASSLAGTEQYF
1556,CASSLAGSEQFF,CASSLAGNEQFF
1557,CATSDLISNQPQHF,CATSDLGSNQPQHF
1558,CASSLAGYEQYF,CASSLAGTEQYF
1559,CASSLAGTGQYF,CASSLAGTEQYF
1560,CASSLAGVEQYF,CASSLAGTEQYF
1561,CASSLAGGEQYF,CASSLAGTEQYF
1562,CASSLAGSEQYF,CASSLAGTEQYF
1563,CASSISSASYEQYF,CASSISTASYEQYF
1564,CASSLAGTYEQYF,CASSLAGTEQYF
1565,CASSPGQGSQYF,CASSPGQGRSQYF
1566,CASSLAGLEQFF,CASSLAGNEQFF
1567,CASSLAGIEQYF,CASSLAGTEQYF
1568,CASSQEAAGSYEQYF,CASSQEASGSYEQYF
1569,CASSLAGLEQYF,CASSLAGTEQYF
1570,CASSLAGAEQFF,CASSLAGNEQFF
1571,CASSISGASYEQYF,CASSISTASYEQYF
1572,CASSLAGLNEQFF,CASSLAGNEQFF
1573,CASSLAGLEQYF,CASSLGGLEQYF
1574,CASSLAGNEQFF,CASSLAGTNEQFF
1575,CASSLTGALNTEAFF,CASSLGALNTEAFF
1576,CASSLGGAYEQYF,CASSLGGAPYEQYF
1577,CASSLGSNQPQHF,CASSLGGNQPQHF
1578,CASSDPYEQYF,CASSDTYEQYF
1579,CASSLAGISYEQYF,CASSLVAGISYEQYF
1580,CASSLAGISYEQYF,CASSLMAGISYEQYF
1581,CASSLAGLNEQFF,CASSLAGTNEQFF
1582,CASSQAAGHYEQYF,CASSQTAGHYEQYF
1583,CASSFVGAEQYF,CASSFVGSEQYF
1584,CASSLGSNQPQHF,CASSLNSNQPQHF
1585,CASSKSQDSYEQYF,CASSKGQDSYEQYF
1586,CASSLSPRNEQFF,CASSLSGPRNEQFF
1587,CASSLSPRNEQFF,CASSLSPVNEQFF
1588,CASSLAGTGELFF,CASSLANTGELFF
1589,CASSLGGAYEQYF,CASSLEGGAYEQYF
1590,CASSQDPGSLYEQYF,CASSQDPGNLYEQYF
1591,CASSLGKGEQFF,CASSLGVGEQFF
1592,CASSFGTGAYEQYF,CASSFGTGLYEQYF
1593,CASSLAGNEQFF,CASSLAGGNEQFF
1594,CASTLAGGNEQFF,CASSLAGGNEQFF
1595,CASSLAGSEQFF,CASSLAGSKEQFF
1596,CASSLAGGGEQFF,CASSLAGGNEQFF
1597,CASSLGGAYEQYF,CASSLGGSYEQYF
1598,CASSLGGAYEQYF,CASSLGGFYEQYF
1599,CASSFGNTEAFF,CASSRGNTEAFF
1600,CASSLAQGGTEAFF,CASSLWQGGTEAFF
1601,CASSVRGNEQFF,CASSVGGNEQFF
1602,CASSLAGGWNEQFF,CASSLAGGNEQFF
1603,CASSLAGLNEQFF,CASSLAGGNEQFF
1604,CASSLSPRNEQFF,CASSLSPGNEQFF
1605,CASSISSGYNEQFF,CASSISGSGYNEQFF
1606,CASSLEGLSYEQYF,CASSLNGLSYEQYF
1607,CASSLEGLSYEQYF,CASSLVGLSYEQYF
1608,CASSLEGLSYEQYF,CASSLEGYSYEQYF
1609,CASSLAGTGELFF,CASSLAYGTGELFF
1610,CASSLAGQINEKLFF,CASSLAGQGNEKLFF
1611,CASSLRDGSNQPQHF,CASSLRQGSNQPQHF
1612,CASSISGASYEQYF,CASSIAGASYEQYF
1613,CASSLVAGGTDTQYF,CASSLVAGDTDTQYF
1614,CASSQDAGTGNTIYF,CASSQDAGSGNTIYF
1615,CASSQDAGTGNTIYF,CASSQDAGPGNTIYF
1616,CASTLSYEQYF,CASTLQSYEQYF
1617,CASSLAGGYEQYF,CASSLGGYEQYF
1618,CASSLAGGYEQYF,CASSLATGYEQYF
1619,CASSLAGGYEQYF,CASSLASGYEQYF
1620,CASSLAGYEQYF,CASSLGGYEQYF
1621,CASSLAGYEQYF,CASSLATGYEQYF
1622,CASSLAGYEQYF,CASSLASGYEQYF
1623,CASSLGGAYEQYF,CASSLGGYEQYF
1624,CASSLAGAEAFF,CASSLAPGAEAFF
1625,CASSLAQGGTEAFF,CASSLEQGGTEAFF
1626,CASSLAGGPLHEQYF,CASSLAGTPLHEQYF
1627,CASSLTGGYEQYF,CASSLGGYEQYF
1628,CASSLAGTDYGYTF,CASSLALTDYGYTF
1629,CASSLGGTGNTIYF,CASSLLGGTGNTIYF
1630,CATSDFGRGTDTQYF,CATSDFGGTDTQYF
1631,CAISESWTDTQYF,CAISEWTDTQYF
1632,CASSYTSTDTQYF,CASSYYSTDTQYF
1633,CASSLWASYEQYF,CASSLWADYEQYF
1634,CASSFGTGELFF,CASSFYTGELFF
1635,CASSIGTNTEAFF,CASSIGMNTEAFF
1636,CASSQDSRTSYEQYF,CASSQDSMTSYEQYF
1637,CASSLAGNEQFF,CASSLAGTNEQFF
1638,CASSIGVNTEAFF,CASSIGMNTEAFF
1639,CSAGTENTGELFF,CSAGGENTGELFF
1640,CASSFLNEQFF,CASSFYNEQFF
1641,CASSISMNTEAFF,CASSIGMNTEAFF
1642,CASSLLKNTEAFF,CASSLSKNTEAFF
1643,CASSYGAEQYF,CASSYGPAEQYF
1644,CASSYLGDSYEQYF,CASSYSGDSYEQYF
1645,CASSLGDTQYF,CASSLTGDTQYF
1646,CASSSGNTEAFF,CASSAGNTEAFF
1647,CASSSGNTEAFF,CASSTGNTEAFF
1648,CASSYGVGGTEAFF,CASSYGTGGTEAFF
1649,CASSYTSTDTQYF,CASSYSTDTQYF
1650,CASSLGDTQYF,CASSLGGDTQYF
1651,CASSKTGGSYEQYF,CASSWTGGSYEQYF
1652,CASSFLNEQFF,CASSFLGNEQFF
1653,CASSLNYEQYF,CASSLDNYEQYF
1654,CASSLPDGYEQYF,CASSLPDYYEQYF
1655,CASSLTGALYEQYF,CASSLEGALYEQYF
1656,CASSLVGDSYEQYF,CASSLVGDRSYEQYF
1657,CASSPGTGTYEQYF,CASSSPGTGTYEQYF
1658,CASSPLAASYNEQFF,CASSPLASYNEQFF
1659,CASSIVGSYNEQFF,CASSNVGSYNEQFF
1660,CASSLQGLGSPLHF,CASSLQGALGSPLHF
1661,CASSLAGGTEAFF,CASSLEGGTEAFF
1662,CASSLVHTDTQYF,CASSLRHTDTQYF
1663,CASSLVHTDTQYF,CASSLGHTDTQYF
1664,CASSLVHTDTQYF,CASSLSHTDTQYF
1665,CASSLSQTYEQYF,CASSLSQVYEQYF
1666,CASSFGTGELFF,CASSFGTGEQFF
1667,CASSLAGNEQFF,CASSLAGGNEQFF
1668,CSGFRENTGELFF,CSGRRENTGELFF
1669,CASSLGGEQFF,CASSLGGHQFF
1670,CASSLGGEQFF,CASSLGNEQFF
1671,CASSYGRETQYF,CASSYGGETQYF
1672,CASSLLGGETQYF,CASSLSGGETQYF
1673,CASSLSVSTEAFF,CASSLSVGTEAFF
1674,CASSPSAYEQYF,CASSPAYEQYF
1675,CASSIGVNTEAFF,CASSIKVNTEAFF
1676,CASSALAGVETQYF,CASSLAGVETQYF
1677,CASSTLAGGTDTQYF,CASSWLAGGTDTQYF
1678,CASSSPGQGDYEQYF,CASSSPGQGFYEQYF
1679,CASRDTGASYNEQFF,CASRDSGASYNEQFF
1680,CSVGGTGAYEQYF,CSVGGTGVYEQYF
1681,CASSYGQSYEQYF,CASSYGYSYEQYF
1682,CASSLRDEQYF,CASSLRGEQYF
1683,CASSEGQGNQPQHF,CASSEGQGGNQPQHF
1684,CASSLVGGADTQYF,CASSLVGGADEQYF
1685,CASSLSRYEQYF,CASSLSGYEQYF
1686,CASSYGGYNEQFF,CASSYGGRYNEQFF
1687,CASSLGLAGGYEQFF,CASSLGLAGVYEQFF
1688,CSAEGGYEQYF,CSVEGGYEQYF
1689,CASSYGQSYEQYF,CASSYGPSYEQYF
1690,CASSYSGVNQPQHF,CASSYSGGNQPQHF
1691,CASSSPGQGDYEQYF,CASSSPGQGFYEQYF
1692,CASSYSPGEQYF,CASSYSPHEQYF
1693,CASSYSPGEQYF,CASSYSPFEQYF
1694,CASSSLGGNQPQHF,CASSLGGNQPQHF
1695,CASSLGTGYNEQFF,CASSLGGYNEQFF
1696,CASSQGQPQHF,CASSFGQPQHF
1697,CASSRGQPQHF,CASSFGQPQHF
1698,CASSFAPGELFF,CASSFSPGELFF
1699,CASSQAPGYEQYF,CASSQGPGYEQYF
1700,CASSLGGVQPQHF,CASSLGGNQPQHF
1701,CASSLYNEQFF,CASSYYNEQFF
1702,CASSLYNEQFF,CASSFYNEQFF
1703,CASSPASGEQYF,CASSPASYEQYF
1704,CASSQGTEAFF,CASSSGTEAFF
1705,CASSYYSTDTQYF,CASSYSTDTQYF
1706,CASSLGAGNQPQHF,CASSLGALGNQPQHF
1707,CASSLGAGNQPQHF,CASSLGTGNQPQHF
1708,CAISESGGVETQYF,CAISESGGKETQYF
1709,CASSYSGQGYEQYF,CASSYSGQNYEQYF
1710,CASSYSGQGYEQYF,CASSYSGQAYEQYF
1711,CASSLYNEQFF,CASSWYNEQFF
1712,CASSLGGTGEQYF,CASSLGGTYEQYF
1713,CASSFYTGELFF,CASSSYTGELFF
1714,CASSFYTGELFF,CASSTYTGELFF
1715,CASSRADSYEQYF,CASSNRADSYEQYF
1716,CASSLGETQYF,CASSLSETQYF
1717,CASSQGTEAFF,CASSRGTEAFF
1718,CASSLGYEQYF,CASSDLGYEQYF
1719,CASSFLYNEQFF,CASSFLGNEQFF
1720,CSARAGASYNEQFF,CSARLAGASYNEQFF
1721,CASSFLVNEQFF,CASSFLGNEQFF
1722,CASSLGYEQYF,CASSLGGEQYF
1723,CASSQGQPQHF,CASSPGQPQHF
1724,CASSLSGNTGELFF,CASSLGNTGELFF
1725,CASSRGQPQHF,CASSPGQPQHF
1726,CASSLGGLEQYF,CASSWGGLEQYF
1727,CASSQAPGYEQYF,CASSQAPGSYEQYF
1728,CSVAGDYGYTF,CSVIGDYGYTF
1729,CSVAGDYGYTF,CSVVGDYGYTF
1730,CASSYGDTQYF,CASSYGGTQYF
1731,CASSYGGPGYEQYF,CASSYGGFGYEQYF
1732,CASSEAEGYEQYF,CASSEAEWGYEQYF
1733,CASSLWGSSYNEQFF,CASSLGGSSYNEQFF
1734,CSARDPLAGNYEQYF,CSARDPLANYEQYF
1735,CASSYSEGYEQYF,CASSYSGGYEQYF
1736,CASSYSEGYEQYF,CASSYSDGYEQYF
1737,CASSPGLAGTDTQYF,CASSPGLAGGDTQYF
1738,CASSLANTEAFF,CASSLMNTEAFF
1739,CASSYSLGYEQYF,CASSYSGGYEQYF
1740,CASSYSLGYEQYF,CASSYSDGYEQYF
1741,CASSLDSGMNTEAFF,CASSLDYGMNTEAFF
1742,CASSFVVNTEAFF,CASSFTVNTEAFF
1743,CASSLWGGTYEQYF,CASSLWGGRYEQYF
1744,CASSLSGGNYGYTF,CASSLSGGGNYGYTF
1745,CATSDFGSTDTQYF,CATSDFGDTDTQYF
1746,CASSLGYEQYF,CASSLGLEQYF
1747,CASSLGYEQYF,CASSLGNEQYF
1748,CSVPSGSSYNEQFF,CSVPGGSSYNEQFF
1749,CASSSGHYEQYF,CASSGGHYEQYF
1750,CASSLGGLEQYF,CASSLGGYEQYF
1751,CASSLGGVQPQHF,CASSLGGDQPQHF
1752,CASSYSMGGGNEQFF,CASSYSMGFGNEQFF
1753,CASSYGGDQPQHF,CASSSGGDQPQHF
1754,CATSDFGGTDTQYF,CATSDFGDTDTQYF
1755,CASRIAGGPSYEQYF,CASRIAGGPYEQYF
1756,CASSPGGNTEAFF,CASSNGGNTEAFF
1757,CASSPGGNTEAFF,CASSSGGNTEAFF
1758,CASSFPGNEQYF,CASSFVGNEQYF
1759,CASSLTGDTQYF,CASSLGGDTQYF
1760,CASSYAGGYEQYF,CASSYQGGYEQYF
1761,CASSLGGNQPQHF,CASSLGSNQPQHF
1762,CASSPTGGGTEAFF,CASSYTGGGTEAFF
1763,CASSLGSNQPQHF,CASSLNSNQPQHF
1764,CASSRDSNTEAFF,CASRRDSNTEAFF
1765,CASSLEGTDTQYF,CASSLEVGTDTQYF
1766,CASSLDGNEQFF,CASSLVGNEQFF
1767,CASSLGGYNEQFF,CASSLGPYNEQFF
1768,CASSYYNEQFF,CASSWYNEQFF
1769,CASSPGDTQYF,CASSPGPDTQYF
1770,CASSFYNEQFF,CASSWYNEQFF
1771,CASSYSGDSYEQYF,CASSYSGDSSYEQYF
1772,CASSLDGNEQFF,CASSLQGNEQFF
1773,CASRGGSYEQYF,CASRRGSYEQYF
1774,CASSLGGSYNEQFF,CASSLGPSYNEQFF
1775,CASSLGQGGSPLHF,CASSLGQAGSPLHF
1776,CASSLYSTDTQYF,CASSIYSTDTQYF
1777,CASSLYSTDTQYF,CASSLYNTDTQYF
1778,CASSSLNQPQHF,CASSSLPNQPQHF
1779,CASSSSYEQYF,CASSSIYEQYF
1780,CASSYPGLGYEQYF,CASSNYPGLGYEQYF
1781,CASSQSQSYEQYF,CASSQGQSYEQYF
1782,CASSLAGTNEQFF,CASSLAGGNEQFF
1783,CASSFGQPQHF,CASSPGQPQHF
1784,CASSLGGSYNEQFF,CASSLGGSSYNEQFF
1785,CSVLAGSYEQYF,CSVLAGGSYEQYF
1786,CASSPTGVSYNEQFF,CASSPSGVSYNEQFF
1787,CASSPGNTEAFF,CASSFPGNTEAFF
1788,CASSLLTDTQYF,CASSLDLTDTQYF
1789,CASSDLGNEQFF,CASSDAGNEQFF
1790,CASSPGDTQYF,CASSPGTDTQYF
1791,CASSYGTEAFF,CASSYEGTEAFF
1792,CASSFLNTEAFF,CASSFGLNTEAFF
1793,CASSLVSSYEQYF,CASSLGSSYEQYF
1794,CASSFGQPQHF,CASSFWGQPQHF
1795,CASSLYTDTQYF,CASSLYADTQYF
1796,CASSLGALNTEAFF,CASSLALNTEAFF
1797,CASSQGPGYEQYF,CASSQGSGYEQYF
1798,CSVAGLAGGYEQYF,CSVGGLAGGYEQYF
1799,CASSYAGGYEQYF,CASSYSGGYEQYF
1800,CASSSSGTSGDTQYF,CASSSTGTSGDTQYF
1801,CASSLFGDSYNEQFF,CASSLFGSSYNEQFF
1802,CASSLGGNQPQHF,CASSLGGDQPQHF
1803,CASSLGGYNEQFF,CASSLTGGYNEQFF
1804,CASSLGGYNEQFF,CASSLGGLNEQFF
1805,CSVGGGSTDTQYF,CSVGGPSTDTQYF
1806,CASSSQNTEAFF,CASSYSQNTEAFF
1807,CSVGGGSYNEQFF,CSVHGGSYNEQFF
1808,CASSYSSPYEQYF,CASSYSSGYEQYF
1809,CASSYSAPYEQYF,CASSYSAPGYEQYF
1810,CASSLSGPNNEQFF,CASSLSGPRNEQFF
1811,CASSLSSPANYGYTF,CASSLSSPNYGYTF
1812,CASSLSATDTQYF,CASSLSHTDTQYF
1813,CASSRDRDSSYEQYF,CASSQDRDSSYEQYF
1814,CASSPGEGTEAFF,CASSHGEGTEAFF
1815,CASSSGTEAFF,CASSRGTEAFF
1816,CASSQDRGYNEQFF,CASSQDRGYYNEQFF
1817,CASSQDRGYNEQFF,CASSQDRGTYNEQFF
1818,CASSLGNNQPQHF,CASSLANNQPQHF
1819,CASSLAGGPSYEQYF,CASSLAGGSYEQYF
1820,CSAPGGNYGYTF,CSARGGNYGYTF
1821,CASSSPGQGGYGYTF,CASSPGQGGYGYTF
1822,CASSELGTDTQYF,CASSELGHTDTQYF
1823,CASSLGLTGELFF,CASSLGNTGELFF
1824,CASSLGLTGELFF,CASSLGRTGELFF
1825,CASSLGITGELFF,CASSLGNTGELFF
1826,CASSLGITGELFF,CASSLGRTGELFF
1827,CASSYSGLALYEQYF,CASSSGLALYEQYF
1828,CASSPLGTEAFF,CASSPGTEAFF
1829,CASSPGTASTDTQYF,CASSPGTSTDTQYF
1830,CASSYSAQSSYEQYF,CASSYSAGSSYEQYF
1831,CASSYGGSSYNEQFF,CASSYSGSSYNEQFF
1832,CASSLGQGVNTEAFF,CASSLQGVNTEAFF
1833,CASSRVSYEQYF,CASSLVSYEQYF
1834,CASSYSSGRAYEQYF,CASSYSSGSAYEQYF
1835,CASSYQGGYEQYF,CASSYSGGYEQYF
1836,CASSLAGESTDTQYF,CASSLAGSTDTQYF
1837,CASSFGGGGNQPQHF,CASSFGGGGQPQHF
1838,CASSYGDPNYGYTF,CASSYGDNYGYTF
1839,CASSLGQGAYEQYF,CASSLGQGGAYEQYF
1840,CASSLSPYYEQYF,CASSLSPNYEQYF
1841,CASSYGSDQPQHF,CASSYGSNQPQHF
1842,CASSYGGSSYNEQFF,CASSYSGSSYNEQFF
1843,CASSLVLTGELFF,CASSLVLSGELFF
1844,CASSYGTGGTEAFF,CASSYGTGYTEAFF
1845,CASSYGTGGTEAFF,CASSYSGTGGTEAFF
1846,CASSSDTGELFF,CASSSYTGELFF
1847,CASSLSHAVDGYTF,CASSLSSAVDGYTF
1848,CASSFLGNEQFF,CASSPLGNEQFF
1849,CASSFWGGYEQYF,CASSFEGGYEQYF
1850,CASSLVGNEQFF,CASSLQGNEQFF
1851,CASSAGGYGYTF,CASSATGYGYTF
1852,CASSLVGNEQFF,CASSYVGNEQFF
1853,CASSLGGEKLFF,CASSLGGELFF
1854,CASSSLGSYEQYF,CASSSGSYEQYF
1855,CASSPGPDTQYF,CASSLGPDTQYF
1856,CASSPGPDTQYF,CASSPGTDTQYF
1857,CASSLGQGFEAFF,CASSLGQGTEAFF
1858,CASSLGQGFEAFF,CASSLGQGSEAFF
1859,CSVEAGGSYEQYF,CSVLAGGSYEQYF
1860,CSVELGNYEQYF,CSVDLGNYEQYF
1861,CASSLSTGSEAFF,CASSLSIGSEAFF
1862,CASSYEGNTEAFF,CASSYEGTEAFF
1863,CASSLSSTTDTQYF,CASSLSSVTDTQYF
1864,CASSLSPVNEQFF,CASSLSPGNEQFF
1865,CASSLSDSNQPQHF,CASSLADSNQPQHF
1866,CASSLFGELFF,CASSLGGELFF
1867,CASSLSYGGETQYF,CASSLSGGETQYF
1868,CASSLVVDEQFF,CASSLRVDEQFF
1869,CASSSLGSYEQYF,CASSLLGSYEQYF
1870,CASSLPSSDTQYF,CASSLPGSDTQYF
1871,CASSFSSYEQYF,CASSFSDSYEQYF
1872,CASSATSGGYNEQFF,CASSPTSGGYNEQFF
1873,CASSLAEPYEQYF,CASSLAAPYEQYF
1874,CASSDRQGGETQYF,CASSSRQGGETQYF
1875,CASSLGSSYEQYF,CASSLGYSSYEQYF
1876,CASSLGSYEQYF,CASSLGGSYEQYF
1877,CASSLQGGYGYTF,CASSLGQGGYGYTF
1878,CASSLGSSYNEQFF,CASSLSSYNEQFF
1879,CASSLEGGTEAFF,CASSLEIGTEAFF
1880,CASSLQGGELFF,CASSLGGELFF
1881,CASSLSIGTDTQYF,CASSLSIGDTQYF
1882,CASSLSEAYEQYF,CASSLSAYEQYF
1883,CASSPPEETQYF,CASSPPEHETQYF
1884,CASSFGTDTQYF,CASSPGTDTQYF
1885,CASSLQGGEQYF,CASSLGGEQYF
1886,CASSLGTDTQYF,CASSLGPDTQYF
1887,CASSLGTDTQYF,CASSPGTDTQYF
1888,CASSLGTGEQYF,CASSLGGEQYF
1889,CASSLGGSYEQYF,CASSFGGSYEQYF
1890,CASSLGSSYNEQFF,CASSLFGSSYNEQFF
1891,CASSRLAGPYNEQFF,CASSILAGPYNEQFF
1892,CASSLQGNEQYF,CASSLGNEQYF
1893,CASSGQGITEAFF,CASSGQGDTEAFF
1894,CASSLHRDHYEQYF,CASSLHRDYEQYF
1895,CASSLGSYEQYF,CASSLGGYEQYF
1896,CASSLGSYEQYF,CASSLNSYEQYF
1897,CASSFGTDTQYF,CASSLGTDTQYF
1898,CASSLGHTDTQYF,CASSLGTDTQYF
1899,CASSPATGELFF,CASSPPTGELFF
1900,CASSSPYNEQFF,CASSSQYNEQFF
1901,CASSPGAYEQYF,CASSPTAYEQYF
1902,CASSFGVGSSYEQYF,CASSFGGSSYEQYF
1903,CASSPGNTYEQYF,CASSPGGTYEQYF
1904,CASSVGNEQFF,CASSVYNEQFF
1905,CASSVGGSWQETQYF,CASSVGGSSQETQYF
1906,CASSFGAGSSYEQYF,CASSFGGSSYEQYF
1907,CASSLGNEQFF,CASSLEGNEQFF
1908,CASSLGNEQFF,CASSLDGNEQFF
1909,CASSASGGSSYEQYF,CASSAGGGSSYEQYF
1910,CASSQGYEQYF,CASSPQGYEQYF
1911,CASSVSTGELFF,CASSVVSTGELFF
1912,CASSVGGNEQFF,CASSVGWGNEQFF
1913,CASSLGLDEQYF,CASSLPGLDEQYF
1914,CASSVGWGSSYEQYF,CASSVGGGSSYEQYF
1915,CASSVGWGSSYEQYF,CASSVGSGSSYEQYF
1916,CASSVGWGSSYEQYF,CASSVGTGSSYEQYF
1917,CASSVSGGSSYEQYF,CASSVGGGSSYEQYF
1918,CASSQGYNSPLHF,CASSQGHYNSPLHF
1919,CASSVGQGAYEQYF,CASSVGQGSYEQYF
1920,CASSLGGSYEQYF,CASSLGGYEQYF
1921,CASSLWQGGTEAFF,CASSLEQGGTEAFF
1922,CASSLGGFYEQYF,CASSLGGYEQYF
1923,CASSYGGETQYF,CASSYGNGETQYF
1924,CASSLVNNEQFF,CASSRVNNEQFF
1925,CASSLSGNEQFF,CASSLKGNEQFF
1926,CASSEIGEQYF,CASSEIYEQYF
1927,CSAATGTGYEQYF,CSAQTGTGYEQYF
1928,CASSPSNEQFF,CASSRSNEQFF
1929,CASSWRGTDTQYF,CASSWGTDTQYF
1930,CASSLGQGTEAFF,CASSLGQETEAFF
1931,CASSLGGEQYF,CASSLGLEQYF
1932,CASSLGGEQYF,CASSLGNEQYF
1933,CASSSGQGADTQYF,CASSSGLGADTQYF
1934,CASSQAGTGNYGYTF,CASSQEGTGNYGYTF
1935,CASSLGPDTQYF,CASSLGTDTQYF
1936,CASSLTGGNEQFF,CASSLTGGYNEQFF
1937,CASSTGTGYTEAFF,CASSYGTGYTEAFF
1938,CASSLAGPGELFF,CASSYLAGPGELFF
1939,CASSPGTDTQYF,CASSLGTDTQYF
1940,CASSPSNEQFF,CASSPLSNEQFF
1941,CASSLDLRTQYF,CASSLDLRETQYF
1942,CASSATFSYEQYF,CASSMTFSYEQYF
1943,CASSQGSGYEQYF,CASSQGTSGYEQYF
1944,CASSFSGSSYNEQFF,CASSYSGSSYNEQFF
1945,CASSSGTGYEQYF,CASSEGTGYEQYF
1946,CASSHSGSSYNEQFF,CASSYSGSSYNEQFF
1947,CASSYSGSGYNEQFF,CASSYSGSSYNEQFF
1948,CASSQDGPGNQPQHF,CASSQDPGNQPQHF
1949,CASSYSTDGELFF,CASSYSTTGELFF
1950,CASRPGLQETQYF,CASRGLQETQYF
1951,CASSTSGSSYNEQFF,CASSYSGSSYNEQFF
1952,CASSLSGSSYNEQFF,CASSYSGSSYNEQFF
1953,CASSSSGSSYNEQFF,CASSYSGSSYNEQFF
1954,CASSQSGSSYNEQFF,CASSYSGSSYNEQFF
1955,CASSDSGSSYNEQFF,CASSYSGSSYNEQFF
1956,CASSPSGSSYNEQFF,CASSYSGSSYNEQFF
1957,CASSLYPPNTEAFF,CASSLAPPNTEAFF
1958,CASSYGYSYEQYF,CASSYGPSYEQYF
1959,CASSLSLAGYEQYF,CASSLSLAGVYEQYF
1960,CASSLVGGGYEQYF,CASSLGGGGYEQYF
1961,CASSVEGNSYNEQFF,CASSVEGSSYNEQFF
1962,CASSYGQGVGELFF,CASSYGGVGELFF
1963,CASSYGQSYEQYF,CASSYGPSYEQYF
1964,CASSLGGTGELFF,CASSLGGGELFF
