,Seq1,Seq2
0,CASSYGAYNEQFF,CASSYRGAYNEQFF
1,CASSRGPYNEQFF,CASRRGPYNEQFF
2,CASSLVGQNEKLFF,CASSLVGNNEKLFF
3,CSARDISYEQYF,CSARDIHSYEQYF
4,CSARDPGGSYEQYF,CSARDPGTGSYEQYF
5,CSARDRANYEQYF,CSARDRGANYEQYF
6,CASSSGLAGPYEQYF,CASSSGLADPYEQYF
7,CASSLGRGGNEQFF,CASSLGSGGNEQFF
8,CASSFDSSYEQYF,CASSFSSYEQYF
9,CASSLPGSYEQYF,CASSLSGSYEQYF
10,CASSLGGEETQYF,CASSLQGEETQYF
11,CASSSDRSSYEQYF,CASSHDRSSYEQYF
12,CASSGGAAGELFF,CASSIGAAGELFF
13,CASSYLYEQYF,CASSYGYEQYF
14,CASSLSGNNEQFF,CASSSSGNNEQFF
15,CSVTTGEHYGYTF,CSVWTGEHYGYTF
16,CASSLAGGTETQYF,CASSLAGGTDTQYF
17,CASSQDPGGNTEAFF,CASSQDPGLNTEAFF
18,CASSQDPGGNTEAFF,CASSQDPGMNTEAFF
19,CASSFIGETQYF,CASSFSGETQYF
20,CASSYPDTQYF,CASSYGDTQYF
21,CASSDGQGLGYGYTF,CASSFGQGLGYGYTF
22,CASSTGTSTDTQYF,CASSSTGTSTDTQYF
23,CASSPVAGPTYEQYF,CASSPVAGETYEQYF
24,CASSLGTTDTQYF,CASSLGSTDTQYF
25,CASSLPGSYEQYF,CASSLGGSYEQYF
26,CSARDQADSYEQYF,CSARDADSYEQYF
27,CSAQGGGDYGYTF,CSAGGGGDYGYTF
28,CSARDAGTSYEQYF,CSARDLGTSYEQYF
29,CASSLIGGADTQYF,CASSLIGGGDTQYF
30,CASSLVLASTDTQYF,CASSLLASTDTQYF
31,CASSRGGYEQYF,CASSFGGYEQYF
32,CASSLFAGAYNEQFF,CASSLAGAYNEQFF
33,CSARDQGSSYEQYF,CSARDQGSPYEQYF
34,CASSEGGRGDTQYF,CASSEGGRFDTQYF
35,CASSPPGGNEQFF,CASSQPGGNEQFF
36,CASSYGAYNEQFF,CASSSGAYNEQFF
37,CSASFGYEQYF,CSASYGYEQYF
38,CSARDPGGSYEQYF,CSARDPGGAYEQYF
39,CASSPDGYTEAFF,CASSPGYTEAFF
40,CASSQDWGSYNEQFF,CASSQDWGYNEQFF
41,CASSGTGGYEQYF,CASSDGTGGYEQYF
42,CASSPGTVSNQPQHF,CASSSGTVSNQPQHF
43,CASSEGQVSNQPQHF,CASSEGQWSNQPQHF
44,CASSLPGGTEAFF,CASSPGGTEAFF
45,CASSEGTVSNQPQHF,CASSSGTVSNQPQHF
46,CASSLSGNNEQFF,CASSLMGNNEQFF
47,CSVGQGPYEQYF,CSVEQGPYEQYF
48,CSAGTGPYEQYF,CSAGTGDYEQYF
49,CASSQAGVYEQYF,CASSQEGVYEQYF
50,CASSQDPGGNTEAFF,CASSQDPGLNTEAFF
51,CSVAAGGNTEAFF,CSVAAGNTEAFF
52,CASSLSGNNEQFF,CASSLSGNYNEQFF
53,CSVGQGPYEQYF,CSVDGQGPYEQYF
54,CASSFLGNEQFF,CASSFLNEQFF
55,CSAARAGGSYNEQFF,CSAAAGGSYNEQFF
56,CASSPDSSSYNEQFF,CASSPDSSYNEQFF
57,CASSYPDTQYF,CASSFPDTQYF
58,CASSYGAYNEQFF,CASSYGGYNEQFF
59,CASSLSGNTEAFF,CASSLTGNTEAFF
60,CASSRGPYNEQFF,CASSPGPYNEQFF
61,CASSPSGSYEQYF,CASSPSGGYEQYF
62,CSARDLTYEQYF,CSARDLAYEQYF
63,CSARDLTYEQYF,CSARDLSYEQYF
64,CSARDLTYEQYF,CSARDLEYEQYF
65,CSARDTLSYEQYF,CSARDLSYEQYF
66,CASSGPGDTEAFF,CASSSPGDTEAFF
67,CSARDISYEQYF,CSARDLSYEQYF
68,CASSSGTVNTGELFF,CASSLGTVNTGELFF
69,CASSLIGGADTQYF,CASSLTGGADTQYF
70,CASSLIGGADTQYF,CASSLGGGADTQYF
71,CASSLSGNNEQFF,CASSLSGPNNEQFF
72,CSVEEAGQGYEQYF,CSVEESGQGYEQYF
73,CASSPLGNEQFF,CASSFLGNEQFF
74,CASSTGTSTDTQYF,CASSSGTSTDTQYF
75,CASSPTTATNEKLFF,CASSPRTATNEKLFF
76,CASSAGQLTYEQYF,CASSAGQGTYEQYF
77,CASSYQSSYEQYF,CASSYDSSYEQYF
78,CASSRTDSYNEQFF,CASSWTDSYNEQFF
79,CASSDRGWDQPQHF,CASSDRGPDQPQHF
80,CASSFLGNEQFF,CASSPLGNEQFF
81,CSARDPGGSYEQYF,CSARDPTGSYEQYF
82,CSARDPGGSYEQYF,CSARDPSGSYEQYF
83,CASSLLGGDGYTF,CASSFLGGDGYTF
84,CASSYEREEAFF,CASSYERTEAFF
85,CASSVGNTYEQYF,CASSVGHTYEQYF
86,CASSLGTSSYEQYF,CASSLGRTSSYEQYF
87,CASSLLRADTQYF,CASSLLRGDTQYF
88,CSAPVTNYEQYF,CSAPVTSYEQYF
89,CASSPLGNEQFF,CASSRLGNEQFF
90,CSARGPTSSYEQYF,CSARGTSSYEQYF
91,CASSFLGNEQFF,CASSRLGNEQFF
92,CASSGLAGTDTQYF,CASSFLAGTDTQYF
93,CASSLAGGLETQYF,CASSLAGLETQYF
94,CASSYQSSYEQYF,CASSYGSSYEQYF
95,CASSLPGSYEQYF,CASSLLGSYEQYF
96,CASSQDRSYNEQFF,CASSQDRTYNEQFF
97,CASSLPHSYEQYF,CASSLPDHSYEQYF
98,CSAGSSYEQYF,CSAGASYEQYF
99,CASSQALGTEAFF,CASSQATGTEAFF
100,CASSYTSGSTDTQYF,CASSYTSGTTDTQYF
101,CASSYTSGSTDTQYF,CASSPTSGSTDTQYF
102,CASSYTSGSTDTQYF,CASSGTSGSTDTQYF
103,CASSYTSGSTDTQYF,CASSLTSGSTDTQYF
104,CASSYTSGSTDTQYF,CASSRTSGSTDTQYF
105,CASSSGDTQYF,CASSSGTDTQYF
106,CASSQGSEQFF,CASSQGIEQFF
107,CASSYSGGEQYF,CASSYVGGEQYF
108,CASSLGSGNEQFF,CASSLGSGGNEQFF
109,CASSVGTANTEAFF,CASSVGAANTEAFF
110,CASSYGQGQETQYF,CASSYGQGETQYF
111,CASSVPNEQFF,CASSVANEQFF
112,CASSVPNEQFF,CASSVGNEQFF
113,CASSVVYPGELFF,CASSVVPGELFF
114,CASSYGLEQYF,CASSRGLEQYF
115,CASSLGPDTQYF,CASSLAGPDTQYF
116,CASRDTGGYEQYF,CASRFTGGYEQYF
117,CASSLWGPDTQYF,CASSLDGPDTQYF
118,CSAGTTGNEQFF,CSAGTTYNEQFF
119,CASSYGQGQETQYF,CASSYGQGETQYF
120,CASSLQTGDQPQHF,CASSLGTGDQPQHF
121,CASSLVAGFTGELFF,CASSLVAGNTGELFF
122,CASSQGSYEQYF,CASSQGSYYEQYF
123,CASSLGQGNQPQHF,CASSLGVGNQPQHF
124,CASSLGSGNEQFF,CASSLGSGYNEQFF
125,CASSLGGYEQYF,CASSLGGGYEQYF
126,CSASGTSYEQYF,CSARSGTSYEQYF
127,CASSGAGGTDTQYF,CASSSGAGGTDTQYF
128,CASSLLAGGLNEQFF,CASSLLAGGNEQFF
129,CASSLLAGGLNEQFF,CASSLLAGGYNEQFF
130,CASSLRGDEQYF,CASSLGGDEQYF
131,CASSVPNEQFF,CASSVTPNEQFF
132,CASSLVGSEQYF,CASSLVGAEQYF
133,CASSLLAGASEQYF,CASSLLAGASHEQYF
134,CASSYEGNEQFF,CASSYGGNEQFF
135,CASSLGGYEQYF,CASSLTGYEQYF
136,CASSLLGYEQYF,CASSLTGYEQYF
137,CASSVGTANTEAFF,CASSVGSANTEAFF
138,CATSDPGQVDQPQHF,CATSDPGQVGQPQHF
139,CASSPTGDEQYF,CASSLTGDEQYF
140,CASSLVEGWTEAFF,CASSLVEGTEAFF
141,CASTPGGVTEAFF,CASSPGGVTEAFF
142,CASSLGTGVLYEQYF,CASSGTGVLYEQYF
143,CASSDRGLSYEQYF,CASSDRGHSYEQYF
144,CASSLNPNEQFF,CASSLNYNEQFF
145,CASSYEGNEQFF,CASSYFEGNEQFF
146,CASSLGSGELFF,CASSLGGGELFF
147,CASSLVGSEAFF,CASSLGSEAFF
148,CASSLGGVEQYF,CASSLGGAEQYF
149,CASSLGGVEQYF,CASSLGGYEQYF
150,CASSPHGNEQFF,CASSPTGNEQFF
151,CASSLGGYEQYF,CASSLGGAEQYF
152,CASSLLGYEQYF,CASSLGGYEQYF
153,CASSQSYNEQFF,CASSQSGNEQFF
154,CASSQVTGELFF,CASSQATGELFF
155,CASSLGGVEQYF,CASSLGGYEQYF
156,CASSRNQPQHF,CASSRGQPQHF
157,CASSLGGYEQYF,CASSLGSYEQYF
158,CASSLLGYEQYF,CASSLGGYEQYF
159,CASSLGSGELFF,CASSLGFGELFF
160,CASSQGYETQYF,CASSQGYEQYF
161,CASSPLTDTQYF,CASSPGTDTQYF
162,CASSLGNSGELFF,CASSLGSGELFF
163,CASSQGSYEQYF,CASSQGYEQYF
164,CASSQGSYEQYF,CASSQGNYEQYF
165,CASSPGTSYGNEQFF,CASSPGTSGGNEQFF
166,CASSLNPGATEAFF,CASSLNPGHTEAFF
167,CASSLGGYEQYF,CASSLGSYEQYF
168,CASSLAGQGSYEQYF,CASSLAGQGYEQYF
169,CASSPGQVETQYF,CASSPGQETQYF
170,CASSLWGPDTQYF,CASSLWGTDTQYF
171,CASSFGNTEAFF,CASSSGNTEAFF
172,CASSFGQYNSPLHF,CASSFGAYNSPLHF
173,CASSLGGYEQYF,CASSLEGGYEQYF
174,CASSPLADSYNEQFF,CASSPLAGSYNEQFF
175,CASSQSGNEQFF,CASSQGNEQFF
176,CSARLSYNEQFF,CSASLSYNEQFF
177,CASSLLGETQYF,CASSLAGETQYF
178,CASSLAGYEQFF,CASSLAGDYEQFF
179,CASSEGSYEQYF,CASSEGYEQYF
180,CASSQGLTYEQYF,CASSQGLGTYEQYF
181,CASSPHGNEQFF,CASSPHNEQFF
182,CASSPPGNIQYF,CASSPTGNIQYF
183,CASSPPGNIQYF,CASSPQGNIQYF
184,CASSPGHEQYF,CASSPGNEQYF
185,CASSPGHEQYF,CASSPGQEQYF
186,CASSPGAEQYF,CASSAGAEQYF
187,CASSRNQPQHF,CASSVNQPQHF
188,CASSRNQPQHF,CASSLNQPQHF
189,CASSLVGVEEYF,CASSLVGVEQYF
190,CASSLLAGGLNEQFF,CASSLLAGGLYEQFF
191,CASSYGQGQETQYF,CASSYGGGQETQYF
192,CASSLLAGGTGELFF,CASSLLAGVTGELFF
193,CSVDVNTEAFF,CSVDRNTEAFF
194,CASSLTDDGNTIYF,CASSLTGDGNTIYF
195,CASSYEGNEQFF,CASSPEGNEQFF
196,CASSLGQGNQPQHF,CASSLGGNQPQHF
197,CASSLTGGGGYTF,CASSLTGTGGYTF
198,CASSSTGGADTQYF,CASSLTGGADTQYF
199,CASSSTGGADTQYF,CASSRTGGADTQYF
200,CASSYSSGGYTF,CASSYSSGYGYTF
201,CASSYSSGGYTF,CASSYSISGGYTF
202,CASSEAPNTGELFF,CASSEALNTGELFF
203,CSASGIYNEQFF,CSAFSGIYNEQFF
204,CASSLGQGNQPQHF,CASSLGQPNQPQHF
205,CASSLSMSNNEQFF,CASSLSDSNNEQFF
206,CASSDIGQGFNEQFF,CASSDIGQGYNEQFF
207,CSARDFPTGSYEQYF,CSARDPTGSYEQYF
208,CASSFYSGTEAFF,CASSFYSNTEAFF
209,CSARDPGTGSYEQYF,CSARDPTGSYEQYF
210,CASSSGLNNEQFF,CASSVGLNNEQFF
211,CASSLQNTGELFF,CASSLGNTGELFF
212,CASSPLTDTQYF,CASSPGTDTQYF
213,CASSMTGSSYNEQFF,CASSPTGSSYNEQFF
214,CASSMTGSSYNEQFF,CASSSTGSSYNEQFF
215,CASSIFLNTEAFF,CASSIKLNTEAFF
216,CASSLLGTEAFF,CASSLGGTEAFF
217,CASSLGPDTQYF,CASSLAPDTQYF
218,CASSLGGVTEAFF,CASSLGGTEAFF
219,CASSQGYETQYF,CASSQGGETQYF
220,CASSYSGGEQYF,CASSYSGGNEQYF
221,CASSLDLTYEQYF,CASSLDSTYEQYF
222,CASSFTGTPYNEQFF,CASSFTGVPYNEQFF
223,CSASGMSSYNEQFF,CSASGQSSYNEQFF
224,CSVGLAGYEQYF,CSVGLAGNYEQYF
225,CASSLFAGSTEAFF,CASSFAGSTEAFF
226,CASSPEDYNEQFF,CASSPTDYNEQFF
227,CASSQDEGNIQYF,CASSQAEGNIQYF
228,CASSQELNNEQFF,CASSQELANNEQFF
229,CASSLTGGYTDTQYF,CASSLTGGHTDTQYF
230,CASSPRVLYEQYF,CASSPRVSYEQYF
231,CASSLGPYNEQFF,CASSLPYNEQFF
232,CASSWTGGEQFF,CASSWTGGDEQFF
233,CATSLSYNEQFF,CATSLGSYNEQFF
234,CASSFSSSGNTIYF,CASSFSSSPGNTIYF
235,CASSLGSGGNEQFF,CASSLGSGYNEQFF
236,CASSLTAGSTDTQYF,CASSLTASSTDTQYF
237,CASSLSGSYEQYF,CASSLGGSYEQYF
238,CASSPSGSEQFF,CASSPSGIEQFF
239,CASSFSSYEQYF,CASSFSSEQYF
240,CASSFSSYEQYF,CASSFTSYEQYF
241,CASSYVGGYGYTF,CASSYPGGYGYTF
242,CASSFMSYEQYF,CASSFTSYEQYF
243,CATSRGGQETQYF,CATSRGSQETQYF
244,CASSWSSYEQYF,CASSWASYEQYF
245,CSARVVNTGELFF,CSARTVNTGELFF
246,CASSLAGGAGETQYF,CASSLAGAGETQYF
247,CATSDLTEDTQYF,CATSDLEDTQYF
248,CASSLTGGYTDTQYF,CASSLTGGWTDTQYF
249,CASSITSGGFYEQYF,CASSITSGGSYEQYF
250,CASSLTGGSTDTQYF,CASSLTGWSTDTQYF
251,CASSFSSYEQYF,CASSFSGYEQYF
252,CASSQSSYEQYF,CASSQSYEQYF
253,CASSWSSYEQYF,CASSWGSYEQYF
254,CASSYGHPYEQYF,CASSYGPYEQYF
255,CASSPLIGYEQYF,CASSPLIGSYEQYF
256,CASSPMNTEAFF,CASSPGNTEAFF
257,CASSFNNYEQYF,CASSFGNYEQYF
258,CASSWDKSYEQYF,CASSWDRSYEQYF
259,CASSYSSGSNNEQFF,CASSYSSGSGNEQFF
260,CASSYVGGPEAFF,CASSYAGGPEAFF
261,CASSLSSYEQYF,CASSLRSSYEQYF
262,CASSRSSYEQYF,CASSLRSSYEQYF
263,CASSPAGGGTDTQYF,CASSWAGGGTDTQYF
264,CASSLSENSPLHF,CASSLSDNSPLHF
265,CASSPGTGSYEQYF,CASSGTGSYEQYF
266,CASSLVGGELFF,CASSLGGELFF
267,CASSLVGGELFF,CASSLGGELFF
268,CASSLVGGELFF,CASSLGGELFF
269,CASSFEGSYEQYF,CASSFGSYEQYF
270,CASSLGGSDEQFF,CASSLGGDEQFF
271,CASSLRGGNTEAFF,CASSLGGNTEAFF
272,CASSPGGTEAFF,CASSQGGTEAFF
273,CASSLGGGSTDTQYF,CASSLGGASTDTQYF
274,CASSLLVSNQPQHF,CASSLQVSNQPQHF
275,CASSLRGNTEAFF,CASSLGGNTEAFF
276,CASSLVSSYNEQFF,CASSLTSSYNEQFF
277,CASSLGTDTQYF,CASSLSTDTQYF
278,CASSLSTGNYGYTF,CASSLQTGNYGYTF
279,CASSRGSSYEQYF,CASSFGSSYEQYF
280,CASSLGNYEQYF,CASSQGNYEQYF
281,CASSQGGGGTDTQYF,CASSQAGGGTDTQYF
282,CASSLVGGYEQYF,CASSLEGGYEQYF
283,CASSQEGVLEQYF,CASSQEGVHEQYF
284,CASSVLMNTEAFF,CASSVMNTEAFF
285,CASSLPSYEQYF,CASSLDSYEQYF
286,CASSLIGGEQYF,CASSLIGDEQYF
287,CATSDLMTDTQYF,CATSDLVTDTQYF
288,CASSLVGGEQYF,CASSLAGGEQYF
289,CATSDLWTDTQYF,CATSDLVTDTQYF
290,CATSDLYRDEQYF,CATSDLTRDEQYF
291,CASSLIGGEQYF,CASSLAGGEQYF
292,CATSDLTGDEQFF,CATSDLTVDEQFF
293,CATSDLTGDEQFF,CATSDLTRDEQFF
294,CATSDLTGDEQFF,CATSDLTSDEQFF
295,CASSLDISYEQYF,CASSLDIYYEQYF
296,CASSAGSYEQYF,CASSLAGSYEQYF
297,CASSLVDSGNTIYF,CASSLGDSGNTIYF
298,CASSLVGYNEQFF,CASSLVGYGEQFF
299,CASSLGGTGELFF,CASSLTGTGELFF
300,CASSLIGTGNTIYF,CASSLGGTGNTIYF
301,CASSPAGWYEQYF,CASSPGWYEQYF
302,CASSQDGSYEQYF,CASSQDVGSYEQYF
303,CASSLVGTGNTIYF,CASSLGGTGNTIYF
304,CASSEVGSGNTIYF,CASSEAGSGNTIYF
305,CASSSGTDTQYF,CASSSSTDTQYF
306,CATSRDRGLNQPQHF,CATSRDRGSNQPQHF
307,CASSQDQGTEAFF,CASSQIQGTEAFF
308,CASSLTGGYTDTQYF,CASSLAGGYTDTQYF
309,CASSLSTGNYGYTF,CASSLSGGNYGYTF
310,CASSLVGGEQYF,CASSLVGVEQYF
311,CASSFSSYEQYF,CASSFSYEQYF
312,CASSFMSYEQYF,CASSFSYEQYF
313,CASSYGEDTQYF,CASSYGADTQYF
314,CASSLDISYEQYF,CASSLDGSYEQYF
315,CASSPTTGELFF,CASSPYTGELFF
316,CASSSGTDTQYF,CASSSAGTDTQYF
317,CASSPYYNEQFF,CASSLYYNEQFF
318,CASSSDYEQYF,CASSFDYEQYF
319,CASSLAGGSGETQYF,CASSLAGGRGETQYF
320,CASSPMNTEAFF,CASSPGNTEAFF
321,CASSVVGNTEAFF,CASSVVGGNTEAFF
322,CASSFGDYEQYF,CASSFDYEQYF
323,CASSQGQGHQPQHF,CASSQGQGGHQPQHF
324,CASSLTGGAADTQYF,CASSLTGGADTQYF
325,CASSLGGGEQFF,CASSLGGDEQFF
326,CASSRSSYEQYF,CASSRVSYEQYF
327,CASSYMNTEAFF,CASSDMNTEAFF
328,CASSPMNTEAFF,CASSDMNTEAFF
329,CASSPLDRGGYEQYF,CASSPLDRGYEQYF
330,CASSLTAGATDTQYF,CASSLRAGATDTQYF
331,CASSLSSGATDTQYF,CASSLSSGTTDTQYF
332,CASSLSSGATDTQYF,CASSLSSGTDTQYF
333,CASSLSTGSTDTQYF,CASSLSHGSTDTQYF
334,CASSLTSGSTDTQYF,CASSLTSPSTDTQYF
335,CASSLVGGELFF,CASSLVDGELFF
336,CASSIGGSPYNEQFF,CASSIGGSLYNEQFF
337,CASSIGGSPYNEQFF,CASSIGGSSYNEQFF
338,CASSVRDSSYEQYF,CASSVRDSYEQYF
339,CASSAGSYEQYF,CASSLGSYEQYF
340,CASSPSGSEQFF,CASSPTSGSEQFF
341,CASSLRTEAFF,CASSLVRTEAFF
342,CASSLSGSYEQYF,CASSSGSYEQYF
343,CASSVSGANVLTF,CASSVGANVLTF
344,CASSVLMNTEAFF,CASSVVMNTEAFF
345,CASSLSSYEQYF,CASSLVSYEQYF
346,CASSLMSYEQYF,CASSLVSYEQYF
347,CASSVVGNTEAFF,CASSVVMNTEAFF
348,CASSQDPGQVNGYTF,CASSQDPGQVYGYTF
349,CASSLSSYEQYF,CASSLESYEQYF
350,CASSLTGGGGETQYF,CASSLTGTGGETQYF
351,CASSLMSYEQYF,CASSLESYEQYF
352,CASSYMNTEAFF,CASSLMNTEAFF
353,CASSYMNTEAFF,CASSSYMNTEAFF
354,CASSPMNTEAFF,CASSLMNTEAFF
355,CASSLSGSYEQYF,CASSLLGSYEQYF
356,CASSVVGNTEAFF,CASSVWGNTEAFF
357,CASSQGGLETQYF,CASSQGGETQYF
358,CASSVSGNTEAFF,CASSVWGNTEAFF
359,CASSYSTSGYEQYF,CASSYSSGYEQYF
360,CASSLVGGELFF,CASSLGGGELFF
361,CASSLGGGEQFF,CASSLGGGELFF
362,CASSLLSGANVLTF,CASSLLASGANVLTF
363,CATSDFGTDTQYF,CATSDFGDTDTQYF
364,CASSLSLTGNEQFF,CASSLSLEGNEQFF
365,CASSLVGGELFF,CASSLVSGELFF
366,CASSQGQNTYEQYF,CASSQGQDTYEQYF
367,CASSVVGNTEAFF,CASSVVGKNTEAFF
368,CASSVGGNEQFF,CASSVAGNEQFF
369,CASSVGGNEQFF,CASSVGDNEQFF
370,CASSVGGNEQFF,CASSVGGIEQFF
371,CASSVGGDTQYF,CASSVGEDTQYF
372,CASSVGGDTQYF,CASSVAGDTQYF
373,CASSVADEQFF,CASSVADYEQFF
374,CASSDNQETQYF,CASSVNQETQYF
375,CASSVGIEQFF,CASSVGGIEQFF
376,CASSVADTQYF,CASSVAGDTQYF
377,CASSLGTEAFF,CASSPGTEAFF
378,CASSVGGAEQYF,CASSVGEAEQYF
379,CASSVGGEQFF,CASSVGGIEQFF
380,CASSVGHEQFF,CASSVGDHEQFF
381,CASSVANEQFF,CASSVAGNEQFF
382,CASSVGDEQFF,CASSVGDHEQFF
383,CASSVGDEQFF,CASSVGDNEQFF
384,CASSVGETQYF,CASSVGEDTQYF
385,CASSVTGDTQYF,CASSVAGDTQYF
386,CASSVAGGELFF,CASSVAGGEAFF
387,CASSVAGGELFF,CASSVAGSGELFF
388,CASSVGNEQFF,CASSVAGNEQFF
389,CASSVGNEQFF,CASSVGDNEQFF
390,CASSVGDTQYF,CASSVGEDTQYF
391,CASSVGDTQYF,CASSVAGDTQYF
392,CASSVGEAQYF,CASSVGEAEQYF
393,CASSTGETQYF,CASSPTGETQYF
394,CASSQEGTASYEQYF,CASSQEGSASYEQYF
395,CASSLYGIEQYF,CASSLYGPEQYF
396,CASSVGGEQFF,CASSVPGGEQFF
397,CASSPQGYEQYF,CASSPAGYEQYF
398,CASSPQGYEQYF,CASSPVGYEQYF
399,CASSPQGYEQYF,CASSPTGYEQYF
400,CASSPQGYEQYF,CASSFQGYEQYF
401,CASSPGGEQFF,CASSLGGEQFF
402,CAISESRGDTQYF,CAISESGDTQYF
403,CASSVGVEQFF,CASSVVGVEQFF
404,CSVVRLTEAFF,CSVVRDTEAFF
405,CASSLGGELFF,CASSLGGEQFF
406,CATSGTGRAYEQYF,CATSGQGRAYEQYF
407,CASSASGAYNEQFF,CASSASGTYNEQFF
408,CASSVGAANTEAFF,CASSVGSANTEAFF
409,CASSLGTEAFF,CASSLAGTEAFF
410,CASSVGGELFF,CASSVGTGELFF
411,CASSPYNNEQFF,CASSPHNNEQFF
412,CASSESGTGGHEQFF,CASSESGTGGNEQFF
413,CASSVGGNEQFF,CASSVGGYNEQFF
414,CASSQGYEQYF,CASSQGGEQYF
415,CASSVGGSTEAFF,CASSAGGSTEAFF
416,CASSVGGSTEAFF,CASSTGGSTEAFF
417,CASSVGGSTEAFF,CASSEGGSTEAFF
418,CASSVGGSTEAFF,CASSPGGSTEAFF
419,CASSVGGSTEAFF,CASSSGGSTEAFF
420,CASSLGAEQYF,CASSLGHEQYF
421,CASSVGGSEQYF,CASSVGGSYEQYF
422,CASSVGGSEQYF,CASSVGGSNEQYF
423,CASSGSAYNEQFF,CASSGSGYNEQFF
424,CASSLGGEAFF,CASSLGGELFF
425,CASSLGGEAFF,CASSLGGELFF
426,CASSLGGEAFF,CASSGGGEAFF
427,CASSLGGEAFF,CASSLGGEQFF
428,CASSLGGEAFF,CASSLGGAAFF
429,CASSLGGEAFF,CASSLGGELFF
430,CASSLGGEAFF,CASSLGSEAFF
431,CASTGTDYNEQFF,CASSGTDYNEQFF
432,CASSVGGGTYNEQFF,CASSVGGGYNEQFF
433,CASSLGQGWDEQYF,CASSLGQGNDEQYF
434,CASSEGGDTEAFF,CASSEGGSTEAFF
435,CASSLAGASGYTF,CASSLGASGYTF
436,CASSVGSGSYEQYF,CASSVGGSYEQYF
437,CASSVGSGSYEQYF,CASSVGSGRYEQYF
438,CASSGSSYNEQFF,CASSGSGYNEQFF
439,CASSAGYEQYF,CASSAGSYEQYF
440,CASSLHSNTGELFF,CASSLNSNTGELFF
441,CASSVGGELFF,CASSGGGELFF
442,CASSFSGNTGELFF,CASSFSPNTGELFF
443,CASSPGTEAFF,CASSHGTEAFF
444,CASSTGGELFF,CASSGGGELFF
445,CASSVGDEQFF,CASSVGLDEQFF
446,CASSLALEQYF,CASSLAYEQYF
447,CASSLAVYEQYF,CASSLGVYEQYF
448,CASSLAVYEQYF,CASSLAYEQYF
449,CASSPRDGPYEQYF,CASSPRDGSPYEQYF
450,CASSGLGDNEQFF,CASSPLGDNEQFF
451,CASSLAGTDTQYF,CASSLALTDTQYF
452,CASSLPGDPYEQYF,CASSLPAGDPYEQYF
453,CASSLAVYNEQFF,CASSLAGYNEQFF
454,CASSPGTEAFF,CASSPIGTEAFF
455,CASSQGYEQYF,CASSLGYEQYF
456,CASSRGYEQYF,CASSLGYEQYF
457,CASSPGTTYEQYF,CASSPGTAYEQYF
458,CASSPGTEAFF,CASSQGTEAFF
459,CASSVGGNEQFF,CASSVRGNEQFF
460,CASSLRQGAYEQYF,CASSLRQAYEQYF
461,CASSLRQGAYEQYF,CASSLRQGYEQYF
462,CASSVGNEQFF,CASSVRGNEQFF
463,CASSFISGYNEQFF,CASSFPSGYNEQFF
464,CASSEGSGYEQYF,CASSEGSYEQYF
465,CASSSPSSYNEQFF,CASSPSSYNEQFF
466,CASSQESGRTYEQYF,CASSQERGRTYEQYF
467,CASSLGTEAFF,CASSLGPEAFF
468,CASSVGGEQFF,CASSVGNGEQFF
469,CASSEGSGYEQYF,CASSEGQGYEQYF
470,CASSVGNEQFF,CASSVGNGEQFF
471,CASSETGLNSPLHF,CASSETGVNSPLHF
472,CASSLTNTEAFF,CASSLTATEAFF
473,CASSPLHNEQFF,CASSPHNEQFF
474,CASSPLHNEQFF,CASSLLHNEQFF
475,CASSLGTEAFF,CASSLGVEAFF
476,CASSQAPGSYEQYF,CASSQAPGAYEQYF
477,CASSLEVGQETQYF,CASSLEVGGETQYF
478,CASSLGTEAFF,CASSSGTEAFF
479,CASSTGYEQYF,CASSTDGYEQYF
480,CASSLEGQQNTEAFF,CASSLEGQVNTEAFF
481,CASSLGATYEQYF,CASSLGQTYEQYF
482,CASSVGYEQYF,CASSVDGYEQYF
483,CASSPGASPYEQYF,CASSPGAPYEQYF
484,CASSFRRTNEKLFF,CASSFRATNEKLFF
485,CASSTGETQYF,CASSQTGETQYF
486,CASSEGTGLYEQYF,CASSEGTGRLYEQYF
487,CASSPGTTYEQYF,CASSPGSTYEQYF
488,CASSVGAANTEAFF,CASGVGAANTEAFF
489,CASSLGETQYF,CASSVGETQYF
490,CASSVAEEQFF,CASSVAREQFF
491,CASSVAGELFF,CASSVGAGELFF
492,CASSVADEQFF,CASSVAREQFF
493,CASSLGGLSYEQYF,CASSLGGPSYEQYF
494,CASSVAQEQFF,CASSVAREQFF
495,CASRLTRGYNEQFF,CASSLTRGYNEQFF
496,CASSLGTEAFF,CASSRGTEAFF
497,CASSASGSSYNEQFF,CASSASGDSYNEQFF
498,CASSASGSSYNEQFF,CASSPSGSSYNEQFF
499,CASSVGGGADQPQHF,CASSVGGADQPQHF
500,CASSVGGEQFF,CASSVGGNEQFF
501,CASSVGGTQYF,CASSVGETQYF
502,CASSVSETQYF,CASSVGETQYF
503,CASSVANEQFF,CASSVAREQFF
504,CASSVGQTQYF,CASSVGETQYF
505,CASSVGEQQYF,CASSVGETQYF
506,CSARKISSYEQYF,CSARKRSSYEQYF
507,CASSVGNEQFF,CASSVGGNEQFF
508,CASSVGDTQYF,CASSVGETQYF
509,CASSVGEAQYF,CASSVGETQYF
510,CASSVGGELFF,CASSVGAGELFF
511,CASSESTGELFF,CASSVSTGELFF
512,CASSTGETQYF,CASSVGETQYF
513,CASSSPGTSTDTQYF,CASSSPGTSGDTQYF
514,CASSPRDGPYEQYF,CASSPRDLGPYEQYF
515,CASSPGAGELFF,CASSPAGELFF
516,CASSPSGSGYEQYF,CASSPSGSYEQYF
517,CASSYGQGETQYF,CASSYGGETQYF
518,CSVVNTGELFF,CSVGNTGELFF
519,CASWGIQETQYF,CASSGIQETQYF
520,CASSVGGNEQFF,CASSVGWGNEQFF
521,CASSLAGPDTQYF,CASSLAPDTQYF
522,CASSRGSGSYEQYF,CASSRGSGSSYEQYF
523,CASSYGQGETQYF,CASSYGNGETQYF
524,CASSEGGDTEAFF,CASSEGGGTEAFF
525,CASSVGSGSYEQYF,CASSVGSGSSYEQYF
526,CASSLTNTEAFF,CASSLTVNTEAFF
527,CASSGLAGRYNEQFF,CASSGLAGTYNEQFF
528,CASSEGTGLYEQYF,CASSEGTGWYEQYF
529,CASSLGGLNTEAFF,CASSLGELNTEAFF
530,CASSDGGGELFF,CASSYGGGELFF
531,CASSPAGTEAFF,CASSPPGTEAFF
532,CASSIGQGLINEQFF,CASSIGQGLNNEQFF
533,CASSIGQGLINEQFF,CASSIGQGLDNEQFF
534,CASSIGQGLINEQFF,CASSIGQGLANEQFF
535,CASSIGQGLINEQFF,CASSIGQGLHNEQFF
536,CASSIGQGLINEQFF,CASSIGQGLKNEQFF
537,CASSIGQGLINEQFF,CASSIGQGLLNEQFF
538,CASSFGTDTQYF,CASSGTDTQYF
539,CASSVVGLEQFF,CASSVVGVEQFF
540,CASSLGNQPQHF,CASSLGQPQHF
541,CASSLSGDEQFF,CASSLTGDEQFF
542,CASSLSGDEQFF,CASSLSGHEQFF
543,CASSYGPNEQFF,CASSYGGNEQFF
544,CASSYGYEQYF,CASSYGSYEQYF
545,CASSEGGSSYNEQFF,CASSVGGSSYNEQFF
546,CASSFGTDTQYF,CASSFTDTQYF
547,CASSFGTDTQYF,CASSFGLDTQYF
548,CASSFGTAEAFF,CASSFGTTEAFF
549,CASSYGPSEQYF,CASSYGPYEQYF
550,CASSLAGSEQYF,CASSLAGSYEQYF
551,CASSLEAGGDTQYF,CASSLEAGGTDTQYF
552,CASSLTGGHTDTQYF,CASSLIGGHTDTQYF
553,CASSLTGGHTDTQYF,CASSLTGGWTDTQYF
554,CASSLTGGHTDTQYF,CASSATGGHTDTQYF
555,CASSPGTEAFF,CASSPGNTEAFF
556,CASSVDRYNEQFF,CASSVDSYNEQFF
557,CASSPPRETQYF,CASSPPGETQYF
558,CASSYSGNTEAFF,CASSYSGGTEAFF
559,CASSYSGNTEAFF,CASSYPGNTEAFF
560,CASSDGGGELFF,CASSGGGELFF
561,CASSLAGQGSYEQYF,CASSLEGQGSYEQYF
562,CASSLGLEQFF,CASSLGGEQFF
563,CASSANSYEQYF,CASSAGSYEQYF
564,CASSLGLNTEAFF,CASSLGGNTEAFF
565,CASSQGGTEAFF,CASSRGGTEAFF
566,CASSQGGTEAFF,CASSHGGTEAFF
567,CASSSVSYEQYF,CASSQVSYEQYF
568,CASSLGTGYEQYF,CASSPGTGYEQYF
569,CASSFDSYEQYF,CASSFSYEQYF
570,CASSSVSYEQYF,CASSSESYEQYF
571,CASSPPGNEQFF,CASSPPSGNEQFF
572,CASSPPSNEQFF,CASSPPSGNEQFF
573,CSAIRDFRYNEQFF,CSAIRDRYNEQFF
574,CASSQGGTEAFF,CASSQGTEAFF
575,CASSVAGNEQFF,CASSVAGPNEQFF
576,CSAGPMNTEAFF,CSAGVMNTEAFF
577,CASSVAGNEQFF,CASSVRGNEQFF
578,CASSLAGNEQYF,CASSLAGSEQYF
579,CASSLAGNEQYF,CASSLAGNYEQYF
580,CASSLAGNEQYF,CASSLAGTEQYF
581,CASSLAGNEQYF,CASSLAGANEQYF
582,CASSLAGNEQYF,CASSLAGGEQYF
583,CASSLAGNEQYF,CASSLAGYEQYF
584,CASSLAGNEQYF,CASSLAGVEQYF
585,CASSLAGNEQYF,CASSLAGIEQYF
586,CASSLGNEQFF,CASSLGNEQYF
587,CASSQVGIQETQYF,CASSQVRGIQETQYF
588,CASSETRETQYF,CASSETRQETQYF
589,CASSLAGNEQYF,CASSLAGNEQFF
590,CASSLAGNEQYF,CASSLAGTEQYF
591,CASSYGPNEQFF,CASSYGPNNEQFF
592,CASSVADSYNSPLHF,CASSVGDSYNSPLHF
593,CASSIGNEQFF,CASSIEGNEQFF
594,CASSYGTGYNEQFF,CASSYGGYNEQFF
595,CASSYSGRQETQYF,CASSYSGQETQYF
596,CASSYGLNTEAFF,CASSYGLYTEAFF
597,CASSYGRDEAFF,CASSYGREEAFF
598,CASSVGLNTEAFF,CASSVEGLNTEAFF
599,CASSLPESYEQYF,CASSHPESYEQYF
600,CASSLPESYEQYF,CASSLPGSYEQYF
601,CASSYGQGSPLHF,CASSYQGSPLHF
602,CASSQERANTEAFF,CASSQEIANTEAFF
603,CASSYGPSEQYF,CASSYGPAEQYF
604,CASSYGGVQETQYF,CASSYGGGQETQYF
605,CASSPGTEAFF,CASSPGNTEAFF
606,CASSYSFGELFF,CASSYSIGELFF
607,CASSLSTGNTEAFF,CASSLGTGNTEAFF
608,CASSPGTEAFF,CASSSGTEAFF
609,CASSFGTAEAFF,CASSFGGAEAFF
610,CASSYSGNTEAFF,CASSYSGVNTEAFF
611,CASSYSGNTEAFF,CASSYEGNTEAFF
612,CASSPTGETQYF,CASSQTGETQYF
613,CSARGAGNTGELFF,CSARGAGMNTGELFF
614,CASSPPRETQYF,CASSPPEETQYF
615,CASSASGRGNEQFF,CASSASGRVGNEQFF
616,CSVTRGTEAFF,CSVARGTEAFF
617,CASSVAGNEQFF,CASSVGGNEQFF
618,CASSVGEDTQYF,CASSVGETQYF
619,CASSVGDNEQFF,CASSVGGNEQFF
620,CASSLGPTYEQYF,CASSLSPTYEQYF
621,CASSPGTEAFF,CASSRGTEAFF
622,CASSVGGIEQFF,CASSVGGNEQFF
623,CASSPVDRVYEQYF,CASSPPDRVYEQYF
624,CASSLGTSYNEQFF,CASSLGASYNEQFF
625,CASSLSVRTEQYF,CASSLSVGTEQYF
626,CASSPRDRVNEQYF,CASSPADRVNEQYF
627,CASSPPSNEQFF,CASSPSNEQFF
628,CASSSGGTEAFF,CASSSGQGTEAFF
629,CASSEARGEQFF,CASSEARGEQYF
630,CASSLARNEQFF,CASSLAGNEQFF
631,CASSYGLNTEAFF,CASSYQGLNTEAFF
632,CASSEWDREETQYF,CASSEWDRETQYF
633,CASSPPSNEQFF,CASSPLSNEQFF
634,CASSLQLNTEAFF,CASSLQGNTEAFF
635,CASSWSNTGELFF,CASSSNTGELFF
636,CASSIITGSNQPQHF,CASSIGTGSNQPQHF
637,CASSAEYNEQFF,CASSAGYNEQFF
638,CASSSNTGELFF,CASSFNTGELFF
639,CASSLGVMYNEQFF,CASSLGVTYNEQFF
640,CASSLGVGYNEQFF,CASSLGVTYNEQFF
641,CASSYEGGPETQYF,CASSYEGGMETQYF
642,CASSLGGYEQYF,CASSLGQGYEQYF
643,CASSFGYEQYF,CASSNGYEQYF
644,CASSQGYGFYEQYF,CASSQGQGFYEQYF
645,CASSDGTYNEQFF,CASSDETYNEQFF
646,CASSLAGSSYNEQFF,CASSLAGSYNEQFF
647,CASSLTAGNTEAFF,CASSLTVGNTEAFF
648,CASSLTAGNTEAFF,CASSLTPGNTEAFF
649,CASSLGGGYEQYF,CASSLGGYEQYF
650,CASSSTGGLYNEQFF,CASSSTGGAYNEQFF
651,CASSYGGGELFF,CASSGGGELFF
652,CASSLAQGNTGELFF,CASSLGQGNTGELFF
653,CASSLGGGYEQYF,CASSLGGYEQYF
654,CASSPGVGNQPQHF,CASSPGVYGNQPQHF
655,CASSLGVGTEAFF,CASSLGGTEAFF
656,CASSLGEYTDTQYF,CASSLGPYTDTQYF
657,CASSLGSGSYNEQFF,CASSLDSGSYNEQFF
658,CASSQGGQPQHF,CASSSGGQPQHF
659,CASSPGGQPQHF,CASSSGGQPQHF
660,CASGLAAYEQYF,CASGLLAYEQYF
661,CASSSGYEQYF,CASSPSGYEQYF
662,CASSLSGQPQHF,CASSLIGQPQHF
663,CASSLGGGYEQYF,CASSLEGGYEQYF
664,CASSYNYNEQFF,CASSPNYNEQFF
665,CASSLVSGELFF,CASSLVPGELFF
666,CASSLGGSYEQYF,CASSLGQSYEQYF
667,CASSLGHEQYF,CASSLGNEQYF
668,CASSYTNTGELFF,CASSYSNTGELFF
669,CASSWGQGVYNEQFF,CASSQGQGVYNEQFF
670,CASSFPGAEQYF,CASSFVGAEQYF
671,CASSWGQTYEQYF,CASSSGQTYEQYF
672,CASSQDSGLNTEAFF,CASSQDPGLNTEAFF
673,CASSLDSNQPQHF,CASSLGSNQPQHF
674,CASSLAEGLNTEAFF,CASSLAGGLNTEAFF
675,CASSQDPALNTEAFF,CASSQDPGLNTEAFF
676,CASSQDPGMNTEAFF,CASSQDPGLNTEAFF
677,CASSVGGGETQYF,CASSVLGGETQYF
678,CATSDRDSYEQYF,CATSDLDSYEQYF
679,CASSLAPGGDTEAFF,CASSLATGGDTEAFF
680,CASSGGSGYEQYF,CASSEGGSGYEQYF
681,CASSLSGWNTEAFF,CASSLGWNTEAFF
682,CASSLSLAGFNEQFF,CASSLSLAGYNEQFF
683,CASSLGLAGYNEQFF,CASSLSLAGYNEQFF
684,CATSDRDSYEQYF,CATSDRSSYEQYF
685,CASSWTGETEAFF,CASSWTGTEAFF
686,CASSLSGQPQHF,CASSLSGGQPQHF
687,CASSLGWATEAFF,CASSLGGATEAFF
688,CASSPDRANTEAFF,CASSPDRMNTEAFF
689,CASSIQGDNQPQHF,CASSLQGDNQPQHF
690,CASSLGTGVEYEQYF,CASSLGTGVSYEQYF
691,CASSLGTGVEYEQYF,CASSLGTGVVYEQYF
692,CASSLGLGYNEQFF,CASSLGGYNEQFF
693,CASSLGIGYNEQFF,CASSLGGYNEQFF
694,CASSLGLYNEQFF,CASSLGGYNEQFF
695,CASSLGLYNEQFF,CASSLGPYNEQFF
696,CASSLGSGYNEQFF,CASSLGGYNEQFF
697,CASSLDSNQPQHF,CASSLGSNQPQHF
698,CASSLTGEAYEQYF,CASSLTEAYEQYF
699,CASSLGVGNQPQHF,CASSLGGNQPQHF
700,CASSVVGGDTEAFF,CASSVVGGGTEAFF
701,CASSVVGGDTEAFF,CASSVVGGNTEAFF
702,CASSWTGETEAFF,CASSWTGGTEAFF
703,CASSLGVGYNEQFF,CASSLGGYNEQFF
704,CASSLTGETYEQYF,CASSTGETYEQYF
705,CASSLGTGYNEQFF,CASSLGGYNEQFF
706,CASSVGLSTDTQYF,CASSVGYSTDTQYF
707,CASSSNTGELFF,CASSASNTGELFF
708,CASSWGQTYEQYF,CASSLGQTYEQYF
709,CASSLDSNQPQHF,CASSLNSNQPQHF
710,CASSLDSNQPQHF,CASSLGSNQPQHF
711,CASSQVEVTGELFF,CASSQEEVTGELFF
712,CASSWTGETEAFF,CASSTGETEAFF
713,CASSVGISTDTQYF,CASSVGYSTDTQYF
714,CASSLTNTDTQYF,CASSATNTDTQYF
715,CASSSTGTSTDTQYF,CASSSGTSTDTQYF
716,CASSPLGGSYEQYF,CASSPLGGPYEQYF
717,CASSFPDTQYF,CASSIPDTQYF
718,CASSLGSGSYNEQFF,CASSLGSSYNEQFF
719,CASSSNTGELFF,CASSSYTGELFF
720,CASSLGLTDTQYF,CASSLGTDTQYF
721,CASSLGLTDTQYF,CASSLGHTDTQYF
722,CASSLGLTDTQYF,CASSLFLTDTQYF
723,CASSLSLRETQYF,CASSLSWRETQYF
724,CASSPGGQPQHF,CASSPEGGQPQHF
725,CASSLHRDSYEQYF,CASSLHRDHYEQYF
726,CASSLHRDSYEQYF,CASSLHRDVSYEQYF
727,CASSLHRDSYEQYF,CASSLSRDSYEQYF
728,CASSLGSGYNEQFF,CASSLGSSYNEQFF
729,CASSSGTMNTEAFF,CASSSGMNTEAFF
730,CASSQDWDSSYEQYF,CASSQDRDSSYEQYF
731,CASSLGGTDTQYF,CASSLGTDTQYF
732,CASSLGGTDTQYF,CASSLGHTDTQYF
733,CASSLGGSYEQYF,CASSLGSSYEQYF
734,CASSQENYSNQPQHF,CASSQERYSNQPQHF
735,CASSPGGTNTEQFF,CASSPGGTNEQFF
736,CASSLGGYEQYF,CASSLGGEQYF
737,CASSYGQGETQYF,CASSYGGETQYF
738,CASSLDSNQPQHF,CASSLADSNQPQHF
739,CASSLGGTEQYF,CASSLGGEQYF
740,CASSLTASSTDTQYF,CASSLLASSTDTQYF
741,CASSLGVGTEAFF,CASSLSVGTEAFF
742,CASSYGQGETQYF,CASSYGNGETQYF
743,CASSYSADATGELFF,CASSYSALATGELFF
744,CASSQDRDSSYEQYF,CASSQDPDSSYEQYF
745,CASSLGSTDTQYF,CASSLAGSTDTQYF
746,CASSLGGSYEQYF,CASSLGESYEQYF
747,CASSLGGSYEQYF,CASSLLGSYEQYF
748,CASSLGTGDQPQHF,CASSLGGDQPQHF
749,CASSLGSTDTQYF,CASSLGVSTDTQYF
750,CASSLTGTGNTEAFF,CASSLTGTGSTEAFF
751,CASSLTAGNTEAFF,CASSLTTGNTEAFF
752,CASSLVSGELFF,CASSLVLSGELFF
753,CASSLAEGLNTEAFF,CASSLEEGLNTEAFF
754,CASSVANNSPLHF,CASSVARNSPLHF
755,CASSLGGTDTQYF,CASSLGGSDTQYF
756,CASSLAFGTEAFF,CASSLAQGTEAFF
757,CASSLGGSYEQYF,CASSFGGSYEQYF
758,CASSGTDTQYF,CASSLTDTQYF
759,CASSGTDTQYF,CASSFTDTQYF
760,CASSGTDTQYF,CASSITDTQYF
761,CASSIGAGILNEQFF,CASSIGAGINEQFF
762,CASSITGNSYNEQFF,CASSITGPSYNEQFF
763,CASSPTSGGSYEQYF,CASSITSGGSYEQYF
764,CASSIVEGTGELFF,CASSIVSGTGELFF
765,CASSIVEGTGELFF,CASSIVGGTGELFF
766,CASSMGTGASYEQYF,CASSMGTGAPYEQYF
767,CASTLGRGLNTEAFF,CASTLGRRLNTEAFF
768,CASSIGTGVTYEQYF,CASSIATGVTYEQYF
769,CASSVEGYNEQFF,CASSVGGYNEQFF
770,CASSPSGDRSYEQYF,CASSPSGDLSYEQYF
771,CASSIGQGIMYEQYF,CASSIGQGITYEQYF
772,CASSLGQGASEQYF,CASSLGQGAYEQYF
773,CASSIGQGLTYEQYF,CASSIGQGITYEQYF
774,CASSIGQGNTYEQYF,CASSIGQGITYEQYF
775,CASSIGQGMTYEQYF,CASSIGQGITYEQYF
776,CASSAGQGTTYEQYF,CASSAGQGITYEQYF
777,CASSIGSGITYEQYF,CASSIGQGITYEQYF
778,CASSAGLGITYEQYF,CASSAGQGITYEQYF
779,CASSAGQGILYEQYF,CASSAGQGITYEQYF
780,CASSVGQGITYEQYF,CASSIGQGITYEQYF
781,CASSVGQGITYEQYF,CASSAGQGITYEQYF
782,CASSIGQGIEYEQYF,CASSIGQGITYEQYF
783,CASSIGQGETYEQYF,CASSIGQGITYEQYF
784,CASSIGQGVTYEQYF,CASSIGQGITYEQYF
785,CASSAGQGVTYEQYF,CASSAGQGITYEQYF
786,CASSFGNTEAFF,CASSFGSTEAFF
787,CASSIGQGKTYEQYF,CASSIGQGITYEQYF
788,CASSPRGSEQYF,CASSPRGNEQYF
789,CASSSGAGGTDTQYF,CASSSLAGGTDTQYF
790,CASSIGQYTGELFF,CASSKGQYTGELFF
791,CASSLQGNTEAFF,CASSLGQGNTEAFF
792,CASSGTDTQYF,CASSLTDTQYF
793,CASSLRSSYEQYF,CASSLFSSYEQYF
794,CASSLQGNTEAFF,CASSLWQGNTEAFF
795,CASSIGTGISYEQYF,CASSIGTGTSYEQYF
796,CASSIGTGAVYEQYF,CASSIGTGVVYEQYF
797,CASSIGTGVTYEQYF,CASSIGTGVVYEQYF
798,CASSIGTGYSYEQYF,CASSIGTGTSYEQYF
799,CASSIGEGTSYEQYF,CASSIGTGTSYEQYF
800,CASSIGTGVLYEQYF,CASSIGTGVVYEQYF
801,CASSPGTGTSYEQYF,CASSIGTGTSYEQYF
802,CASSIGSGTSYEQYF,CASSIGTGTSYEQYF
803,CASSIGTGDSYEQYF,CASSIGTGTSYEQYF
804,CASSIGTGVDYEQYF,CASSIGTGVVYEQYF
805,CASSIGTGLVYEQYF,CASSIGTGVVYEQYF
806,CASSIGAGVVYEQYF,CASSIGTGVVYEQYF
807,CASSIGLGTSYEQYF,CASSIGTGTSYEQYF
808,CASSTGTGTSYEQYF,CASSIGTGTSYEQYF
809,CASSIGTGTAYEQYF,CASSIGTGTSYEQYF
810,CASSIGTGWSYEQYF,CASSIGTGTSYEQYF
811,CASSVGTGVVYEQYF,CASSIGTGVVYEQYF
812,CASSPGQGVRYEQYF,CASSPGTGVRYEQYF
813,CASSSGTGVRYEQYF,CASSPGTGVRYEQYF
814,CASSPGTGLRYEQYF,CASSPGTGVRYEQYF
815,CASSIGAGITGELFF,CASSIGAGYTGELFF
816,CASSIGLGYTGELFF,CASSIGAGYTGELFF
817,CASSTGTGTSYEQYF,CASSTRTGTSYEQYF
818,CASSIGQGLNNEQFF,CASSIGAGLNNEQFF
819,CASSMGVGSSYEQYF,CASSMGVGSVYEQYF
820,CASSIGAGFGNEQFF,CASSIGAGVGNEQFF
821,CASSIGAGFGNEQFF,CASSIGAGLGNEQFF
822,CASSIGAGVSYEQYF,CASSIGAVSYEQYF
823,CASSIGAGVRNEQFF,CASSIGAGVFNEQFF
824,CASSIGAGVRNEQFF,CASSIGAGVGNEQFF
825,CASSIGAGVGTEAFF,CASSIEAGVGTEAFF
826,CASSLRSSYEQYF,CASSLGSSYEQYF
827,CASSEVGVDEQYF,CASSEGGVDEQYF
828,CASSPGTGNSYEQYF,CASSPGTGSSYEQYF
829,CASSPGTGQSYEQYF,CASSPGTGSSYEQYF
830,CASSPGTGTSYEQYF,CASSPGTGSSYEQYF
831,CASSTGTGSSYEQYF,CASSPGTGSSYEQYF
832,CASSPGQGSSYEQYF,CASSPGTGSSYEQYF
833,CASSPGTGYSYEQYF,CASSPGTGSSYEQYF
834,CASSPGTGLSYEQYF,CASSPGTGSSYEQYF
835,CASSIGVGQAYEQYF,CASSIGPGQAYEQYF
836,CASSLQGNTEAFF,CASSLGGNTEAFF
837,CASSIGTGKAYEQYF,CASSIGTGEAYEQYF
838,CASSIGQGEAYEQYF,CASSIGTGEAYEQYF
839,CASSTGTGVNYEQYF,CASSTGTGVYEQYF
840,CASSIGTGFAYEQYF,CASSIGTGEAYEQYF
841,CASSIGTGAAYEQYF,CASSIGTGEAYEQYF
842,CASSGTDTQYF,CASSITDTQYF
843,CASSTGTGVPYEQYF,CASSTGTGVYEQYF
844,CASSIGTGNAYEQYF,CASSIGTGEAYEQYF
845,CASSTGTGVSYEQYF,CASSTGTGVYEQYF
846,CASSTGTGIVYEQYF,CASSTGTGVYEQYF
847,CASSIGTGGAYEQYF,CASSIGTGEAYEQYF
848,CASSIGTGTAYEQYF,CASSIGTGEAYEQYF
849,CASSIGTGERYEQYF,CASSIGTGEAYEQYF
850,CASSIGAGVGTEAFF,CASSIGAGVTEAFF
851,CASSEGSYEQYF,CASSEGYEQYF
852,CASSFSGYEQFF,CASSFSGYEQYF
853,CASSFSGYEQFF,CASSFGYEQFF
854,CASSFGGTEAFF,CASSFGLTEAFF
855,CASSFGGTEAFF,CASSFGGVEAFF
856,CASSFGGTEAFF,CASSSGGTEAFF
857,CASSFGTTEAFF,CASSFGLTEAFF
858,CASSFVGYEQYF,CASSFSGYEQYF
859,CASSFSGPEAFF,CASSFSGFEAFF
860,CASSLSGALTDTQYF,CASSLSGASTDTQYF
861,CASSLSGALTDTQYF,CASSLSGAHTDTQYF
862,CASSYGSYEQYF,CASSYGPYEQYF
863,CASSYGSYEQYF,CASSYGNYEQYF
864,CASSFSGEQYF,CASSFSGYEQYF
865,CASSWASYEQYF,CASSWGSYEQYF
866,CASSFSGVEQYF,CASSFSGYEQYF
867,CASSSAYYGYTF,CASSSAYGYTF
868,CASSSAGGSTDTQYF,CASSSTGGSTDTQYF
869,CASSLLAGVNEQFF,CASSLLAGVYEQFF
870,CASSSTGGVTDTQYF,CASSSTGTVTDTQYF
871,CASSSTGGVTDTQYF,CASSSTGGSTDTQYF
872,CASSSSGSSTDTQYF,CASSSSGSSGDTQYF
873,CASSSSGSSTDTQYF,CASSSSGSVTDTQYF
874,CASSLSGASTDTQYF,CASSLSGAHTDTQYF
875,CASSLSGASTDTQYF,CASSTSGASTDTQYF
876,CASSFQGYEQYF,CASSFSGYEQYF
877,CASSFQGYEQYF,CASSFGQGYEQYF
878,CASSFGGEQFF,CASSFGGVEQFF
879,CASSFGGEQFF,CASSFGGNEQFF
880,CASSFGGEQFF,CASSFGYEQFF
881,CASSSTGAGTDTQYF,CASSSTGATTDTQYF
882,CASSSTGAGTDTQYF,CASSSTGAYTDTQYF
883,CASSLWAGGYNEQFF,CASSLLAGGYNEQFF
884,CASSFRGYEQYF,CASSRGYEQYF
885,CASSYGGTEAFF,CASSYSGGTEAFF
886,CASSLTGDTQYF,CASSLNGDTQYF
887,CASSITPGSYEQYF,CASSITPGVSYEQYF
888,CASSPTGHEQFF,CASSPTGNEQFF
889,CASSLDGYEQYF,CASSSDGYEQYF
890,CASSQTDTQYF,CASSQLTDTQYF
891,CASSLVPNEQFF,CASSLGPNEQFF
892,CASSLVPNEQFF,CASSLVLNEQFF
893,CASSLVPNEQFF,CASSLVYNEQFF
894,CASSLTGYEQYF,CASSLGGYEQYF
895,CASSPTGNEQYF,CASSPTGNEQFF
896,CASSLTGDTQYF,CASSLGGDTQYF
897,CASSLTGNEQFF,CASSPTGNEQFF
898,CASSLVGAEQYF,CASSLGGAEQYF
899,CASSQVGETQYF,CASSQTVGETQYF
900,CASSLGGEQFF,CASSLGGDEQFF
901,CASSLGGEQFF,CASSLGGELFF
902,CASSEGSYEQYF,CASSEGISYEQYF
903,CASSLGGDEQYF,CASSLGGHEQYF
904,CSALSGNTGELFF,CSAPSGNTGELFF
905,CASSLTGYEQYF,CASSLGGYEQYF
906,CASSLSRTDTQYF,CASSLSTDTQYF
907,CASSFGAYNEQFF,CASSFSAYNEQFF
908,CASSPPTGSYEQYF,CASSPPGGSYEQYF
909,CASSQVGETQYF,CASSQEGETQYF
910,CASSFLTGAGYTF,CASSFLTGEGYTF
911,CASSLVNEQFF,CASSLDNEQFF
912,CASSLSGASTDTQYF,CASSLTGASTDTQYF
913,CASSSTGAGTDTQYF,CASSRTGAGTDTQYF
914,CASSYSGNTIYF,CASSFSGNTIYF
915,CASSLQGSSYEQYF,CASSTQGSSYEQYF
916,CASSLGGGANGYTF,CASSLGGRANGYTF
917,CSVDRDTEAFF,CSVDPDTEAFF
918,CASSFSGELFF,CASSFSAGELFF
919,CASSYGGNEQFF,CASSYGGYNEQFF
920,CASSPSLGSGNTIYF,CASSPSPGSGNTIYF
921,CASSLSGTQYF,CASSPSGTQYF
922,CASSYGSYEQYF,CASSYGQSYEQYF
923,CASSITPGSYEQYF,CASSITPGSGEQYF
924,CASSFGGEQFF,CASSLGGEQFF
925,CASSLVAYEQYF,CASSLVLYEQYF
926,CASSYLGGQPQHF,CASSYLGQPQHF
927,CASSLTDTQYF,CASSLGDTQYF
928,CASSFTDTQYF,CASSLTDTQYF
929,CASSPFGGELFF,CASSFGGELFF
930,CASSPGPYEQYF,CASSTGPYEQYF
931,CASSFSSEQYF,CASSFGSEQYF
932,CASSFSSEQYF,CASSFSYEQYF
933,CASSWTGPYEQYF,CASSTGPYEQYF
934,CASMYGHEQFF,CASSYGHEQFF
935,CASSLTSYEQFF,CASSPTSYEQFF
936,CASSKGDGYTF,CASSYGDGYTF
937,CASSPTGNEQYF,CASSPGNEQYF
938,CASSFSGEQYF,CASSFSYEQYF
939,CASSLSGPEAFF,CASSLGPEAFF
940,CASSLYTGGTEAFF,CASSLTTGGTEAFF
941,CASSLSLGFYEQYF,CASSLSLGYEQYF
942,CASSFTSYEQYF,CASSFTSIEQYF
943,CASSFTSYEQYF,CASSFSYEQYF
944,CASSYLDTQYF,CASSYGDTQYF
945,CASSLVNEQFF,CASSLDNEQFF
946,CASSSAGGSTDTQYF,CASSSSGGSTDTQYF
947,CASSFAGELFF,CASSFGGELFF
948,CASSLSGHEQFF,CASSLGHEQFF
949,CASSFVGELFF,CASSFGGELFF
950,CASSWTGAYEQYF,CASSWTGAEQYF
951,CASSLTGAEQYF,CASSWTGAEQYF
952,CASSSSGSSTDTQYF,CASSSSGGSTDTQYF
953,CASSFSIEQYF,CASSFTSIEQYF
954,CASSFSIEQYF,CASSFSYEQYF
955,CASSITDTQYF,CASSLTDTQYF
956,CASSFGGEQFF,CASSFGGELFF
957,CASSFSAEQYF,CASSFSYEQYF
958,CASSLGGYQPQHF,CASSLEGYQPQHF
959,CASSFSGTQYF,CASSSSGTQYF
960,CASSLSGTQYF,CASSSSGTQYF
961,CSVDRDTEAFF,CSVDRNTEAFF
962,CSVETGLNTEAFF,CSVTGLNTEAFF
963,CASSQTDTQYF,CASSQADTQYF
964,CASSYGGTEAFF,CASSYGTEAFF
965,CASSGGTGAYEQYF,CASSAGTGAYEQYF
966,CASSLTGETQYF,CASSLTGDTQYF
967,CASSYAGTEAFF,CASSYGTEAFF
968,CSVEAGTGFEQYF,CSVEAGTGEQYF
969,CASSFVGEQYF,CASSFVGNEQYF
970,CASSPAGTTNYGYTF,CASSPGTTNYGYTF
971,CASSLGSNEQFF,CASSLDSNEQFF
972,CASSFGGTEAFF,CASSFGGAEAFF
973,CASSFGGTEAFF,CASSSGGTEAFF
974,CASSFVGYEQYF,CASSFVGNEQYF
975,CASSLVGEKLFF,CASSLGGEKLFF
976,CASSYSDEQFF,CASSYSFDEQFF
977,CASSSATEAFF,CASSSGTEAFF
978,CASSYGGTEAFF,CASSYRGGTEAFF
979,CASSLTGDTQYF,CASSLGGDTQYF
980,CASSSGGTEAFF,CASSSGGNTEAFF
981,CASSSGGTEAFF,CASSSGTEAFF
982,CASSLSLGFYEQYF,CASSLSAGFYEQYF
983,CASSQVGETQYF,CASSQGVGETQYF
984,CASSLSGEKLFF,CASSLGGEKLFF
985,CASSLGSYEQYF,CASSLSYEQYF
986,CASSFVGYEQYF,CASSFGYEQYF
987,CASSYGGTEAFF,CASSYEGTEAFF
988,CASSFQGYEQYF,CASSFGYEQYF
989,CASSLGSNEQFF,CASSLGNEQFF
990,CASSLYGPEQYF,CASSLGGPEQYF
991,CASSLTGNEQFF,CASSLGNEQFF
992,CASSLVNEQFF,CASSLGNEQFF
993,CASSLVGNEQFF,CASSVGNEQFF
994,CASSLVGNEQFF,CASSLGNEQFF
995,CASSFGGEQFF,CASSFLGEQFF
996,CASSYGSETQYF,CASSYGGETQYF
997,CSVETGLNTEAFF,CSVEEGLNTEAFF
998,CASSFSSEQYF,CASSFSHEQYF
999,CATSRDRAYEQYF,CATSSRDRAYEQYF
1000,CASSFSGEQYF,CASSFSHEQYF
1001,CASSYGGTEAFF,CASSYEGTEAFF
1002,CASSYGGTEAFF,CASSYGGTAFF
1003,CASSLTGNEQFF,CASSLDGNEQFF
1004,CASSLTGNEQFF,CASSLEGNEQFF
1005,CASSLTGNEQFF,CASSTTGNEQFF
1006,CASSLGTGELFF,CASSLGLTGELFF
1007,CASSQGGETQYF,CASSYGGETQYF
1008,CASSFGGETQYF,CASSYGGETQYF
1009,CASSLVGNEQFF,CASSLDGNEQFF
1010,CASSLVGNEQFF,CASSLEGNEQFF
1011,CASSFSIEQYF,CASSFSHEQYF
1012,CASSYAGTEAFF,CASSYEGTEAFF
1013,CASSFSAEQYF,CASSFSHEQYF
1014,CASSLVAYEQYF,CASSLVSYEQYF
1015,CASSLVREQFF,CASSLVRNEQFF
1016,CASSLGGEQFF,CASSLGGREQFF
1017,CASSLLAGGYNEQFF,CASSLLAGAYNEQFF
1018,CSVEVSGNEQFF,CSVEVVGNEQFF
1019,CASSLTDTQYF,CASSITDTQYF
1020,CASSFTDTQYF,CASSITDTQYF
1021,CSVVRGQGYEQYF,CSVDRGQGYEQYF
1022,CASSQLAGGTDTQYF,CASSQLAGGPDTQYF
1023,CATSRDRAYEQYF,CATSRDRGYEQYF
1024,CASSYGSYEQYF,CASSYGSSYEQYF
1025,CASSYGSYEQYF,CASSYGDSYEQYF
1026,CASSLTGNEQFF,CASSLAGNEQFF
1027,CSVEAGDGYEQYF,CSVEAGVGYEQYF
1028,CASSLGTGELFF,CASSLGSGELFF
1029,CASSLVGNEQFF,CASSLAGNEQFF
1030,CASSLGQPQHF,CASSLYGQPQHF
1031,CASSYGSYEQYF,CASSYGPSYEQYF
1032,CASSLSPGPYEQYF,CASSLSPGGYEQYF
1033,CASSLLAGSYNEQFF,CASSLLAGGYNEQFF
1034,CASSFQGGNEQFF,CASSFTGGNEQFF
1035,CATSDFGGNTGELFF,CATSDLGGNTGELFF
1036,CATSDGYEQYF,CATSDDYEQYF
1037,CASSLTGPSYEQYF,CASSLTGPSSYEQYF
1038,CASSPLAGGYNEQFF,CASSLLAGGYNEQFF
1039,CASSGSYEQYF,CASSTGSYEQYF
1040,CASSGSYEQYF,CASSGGSYEQYF
1041,CASSPDGYEQYF,CASSPGGYEQYF
1042,CASSVGTGELFF,CASSGTGELFF
1043,CASSVGTGELFF,CASSGGTGELFF
1044,CASSTGQGAEAFF,CASSLGQGAEAFF
1045,CASSFGQGSYEQYF,CASSFGQGAYEQYF
1046,CASSPGGYEQYF,CASSPTGGYEQYF
1047,CASSLEGDIQYF,CASSLEGDTQYF
1048,CASSFGGYEQFF,CASSFGGGEQFF
1049,CASSQAGGELFF,CASSQATGELFF
1050,CATSDGYEQYF,CATSDTYEQYF
1051,CASSFGGYEQYF,CASSFGGGEQYF
1052,CASSLMWGNNEQFF,CASSLMGNNEQFF
1053,CASSFGSYEQYF,CASSWGSYEQYF
1054,CASSFGSYEQYF,CASSFGVSYEQYF
1055,CASSPLTGYEQYF,CASSPTGYEQYF
1056,CASSFGTGYEQYF,CASSFGTTYEQYF
1057,CASSLSYEQFF,CASSLSYEQYF
1058,CASSLTGPSYEQYF,CASSPTGPSYEQYF
1059,CASSLTGPSYEQYF,CASSLLGPSYEQYF
1060,CASSLGTSGETQYF,CASSLGTSVETQYF
1061,CASSLYTYEQYF,CASSLTYEQYF
1062,CASSLTGAATDTQYF,CASSLTGASTDTQYF
1063,CASSLTGATTDTQYF,CASSLTGASTDTQYF
1064,CASSRTGAVTDTQYF,CASSRTGAGTDTQYF
1065,CASSTTGASTDTQYF,CASSLTGASTDTQYF
1066,CASSFWGEAFF,CASSLWGEAFF
1067,CASSLTGADTDTQYF,CASSLTGASTDTQYF
1068,CASSLTGSSTDTQYF,CASSLTGASTDTQYF
1069,CASSLTGDEQYF,CASSLIGDEQYF
1070,CASSPTGGITDTQYF,CASSPTGGTDTQYF
1071,CASSLGQGYEQYF,CASSLGQSYEQYF
1072,CASSLTGAETDTQYF,CASSLTGASTDTQYF
1073,CASSLSGASTDTQYF,CASSLTGASTDTQYF
1074,CASSATGASTDTQYF,CASSLTGASTDTQYF
1075,CASSRTGASTDTQYF,CASSRTGAGTDTQYF
1076,CASSRTGASTDTQYF,CASSLTGASTDTQYF
1077,CASSLTGAITDTQYF,CASSLTGASTDTQYF
1078,CASSQGGYEAFF,CASSQGGEAFF
1079,CASSLEGSTYEQYF,CASSLAGSTYEQYF
1080,CASSWDPGYEQYF,CASSQDPGYEQYF
1081,CASSQDPGFEQYF,CASSQDPGYEQYF
1082,CASSLGAGTEAFF,CASSLAGTEAFF
1083,CASSLGQGYEQYF,CASSLRQGYEQYF
1084,CASSFGQGYEQYF,CASSFMGQGYEQYF
1085,CASSLQGTSTDTQYF,CASSLQGGSTDTQYF
1086,CASSWGSYEQYF,CASSLWGSYEQYF
1087,CASSGSYEQYF,CASSEGSYEQYF
1088,CASSLETGGTDTQYF,CASSLFTGGTDTQYF
1089,CASSESYEQYF,CASSEGSYEQYF
1090,CASSEGYEQYF,CASSEGSYEQYF
1091,CASSPGTDSYEQYF,CASSPAGTDSYEQYF
1092,CASSLAGTEAFF,CASSLANTEAFF
1093,CASSWANTEAFF,CASSLANTEAFF
1094,CASSASGIYNEQFF,CASRASGIYNEQFF
1095,CASSLDGYEQYF,CASSLDGSYEQYF
1096,CASSQSYEQYF,CASSFSYEQYF
1097,CASSFGGVSYEQYF,CASSFGGPSYEQYF
1098,CASSPGDTGELFF,CASSSGDTGELFF
1099,CASSSTGGSTDTQYF,CASSSSGGSTDTQYF
1100,CASSFSSYEQYF,CASSFISSYEQYF
1101,CASSFSGYEQYF,CASSFSYEQYF
1102,CASSSSGGITDTQYF,CASSSSGGSTDTQYF
1103,CASSWGLEQYF,CASSFGLEQYF
1104,CASSFGGEGYEQYF,CASSFGREGYEQYF
1105,CASSFGQGYEQYF,CASSFGGGYEQYF
1106,CASSSSGSSGDTQYF,CASSSSGTSGDTQYF
1107,CASSGSYEQYF,CASSGSGEQYF
1108,CASSLLAGSYNEQFF,CASSLLADSYNEQFF
1109,CASSLLAGSYNEQFF,CASSLYAGSYNEQFF
1110,CASSLGGAEQFF,CASSLGGDEQFF
1111,CASSTGNTEAFF,CASSPGNTEAFF
1112,CASSYGPYEQYF,CASSYGPAEQYF
1113,CASSLMAGTDTQYF,CASSLIAGTDTQYF
1114,CASSFGYEQFF,CASSFNYEQFF
1115,CASSPGNTEAFF,CASSPGGNTEAFF
1116,CASSQGGYEQYF,CASSQGPGYEQYF
1117,CASSLTGAATDTQYF,CASSLTGAADTQYF
1118,CASSLTGAATDTQYF,CASSLTAATDTQYF
1119,CASSYESSYNSPLHF,CASSYGSSYNSPLHF
1120,CASSFGGVEAFF,CASSFGGAEAFF
1121,CASSSGGTEAFF,CASSSGGNTEAFF
1122,CASSSGGTEAFF,CASSSGTEAFF
1123,CASSTGNTEAFF,CASSWTGNTEAFF
1124,CASSLAGSSTDTQYF,CASSLAGESTDTQYF
1125,CASSLGQGYEQYF,CASSLGQTYEQYF
1126,CASSLAGGGTDTQYF,CASSLSGGGTDTQYF
1127,CSVEAGGSGYEQYF,CSVEAGGSYEQYF
1128,CASSLSGGQETQYF,CASSLSSGQETQYF
1129,CASSLSGGQETQYF,CASSLSWGGQETQYF
1130,CASSPRGPETQYF,CASSPRGPQETQYF
1131,CASSQAGGELFF,CASSQYGGELFF
1132,CASSFGGYEQYF,CASSFGGGYEQYF
1133,CASSLTGPSYEQYF,CASSLRGPSYEQYF
1134,CASSLTTSTDTQYF,CASSLTESTDTQYF
1135,CASSLTTSTDTQYF,CASSPTTSTDTQYF
1136,CASSLAGSYEQYF,CASSLGGSYEQYF
1137,CASSLIGDTQYF,CASSLQGDTQYF
1138,CASSLGSYYEQYF,CASSLGQYYEQYF
1139,CASSLGSYYEQYF,CASSLGSSYEQYF
1140,CASSFSGYEQYF,CASSFGYEQYF
1141,CASSLVQGGGYTF,CASSLQGGGYTF
1142,CASSFGTGYEQYF,CASSFGTGLYEQYF
1143,CASSLGQGYEQYF,CASSLGQYYEQYF
1144,CASSFGNYEQYF,CASSFGYEQYF
1145,CASSFGYEQFF,CASSFGYEQYF
1146,CASSPGTDSYEQYF,CASSLGTDSYEQYF
1147,CASSWGLEQYF,CASSTGLEQYF
1148,CASSWGLEQYF,CASSWGFEQYF
1149,CASSVGTGELFF,CASSVSTGELFF
1150,CASSVGTGELFF,CASSVGAGELFF
1151,CASSQDRTGYEQYF,CASSQDLTGYEQYF
1152,CASSLEDYNEQFF,CASSLEPYNEQFF
1153,CASSLLASTDTQYF,CASSLLASSTDTQYF
1154,CASSLSGGQETQYF,CASSLSGGETQYF
1155,CASSFGGVSYEQYF,CASSFGGSSYEQYF
1156,CASSLIGDTQYF,CASSLSIGDTQYF
1157,CASSLLSGANVLTF,CASSLVSGANVLTF
1158,CASSPQETQYF,CASSAPQETQYF
1159,CASSPGNTEAFF,CASSFPGNTEAFF
1160,CASSQGGYEQYF,CASSQGYEQYF
1161,CASSWGAGGETQYF,CASSWGAGGEQYF
1162,CASSQGSGEQYF,CASSQGSGYEQYF
1163,CASSPGGYEQYF,CASSPQGYEQYF
1164,CASSEWDSNNEQFF,CASSEWDINNEQFF
1165,CASSEAGTNTEAFF,CASSEAGNTEAFF
1166,CASSQGGYEQYF,CASSQGYEQYF
1167,CASSQGGYEQYF,CASSQGSGYEQYF
1168,CASSLEGYTYEQYF,CASSLEGYSYEQYF
1169,CASSQDQGYEQYF,CASSQDHGYEQYF
1170,CASSEGYEQYF,CASSEIYEQYF
1171,CASSFSGYEQYF,CASSTSGYEQYF
1172,CASSVEGGGTDTQYF,CASSVAGGGTDTQYF
1173,CASSLAGSSTDTQYF,CASSLAGSTDTQYF
1174,CASSLGGTGGETQYF,CASSLTGTGGETQYF
1175,CASSLTGVSADTQYF,CASSLTGTSADTQYF
1176,CASSITGEAYEQYF,CASSIGTGEAYEQYF
1177,CASSQLAGGTDTQYF,CASSQLAGGEDTQYF
1178,CASSYGTGFEAFF,CASSYGTGFTEAFF
1179,CASSLSPGPYEQYF,CASSLSGGPYEQYF
1180,CASSFGTGYEQYF,CASSFGTDYEQYF
1181,CASSLGGTGELFF,CASSLGTGELFF
1182,CASSPLAGGYNEQFF,CASSPAGGYNEQFF
1183,CASSQGGYEQYF,CASSQGGLEQYF
1184,CASSLGDGYTF,CASSLGGDGYTF
1185,CASSLGATEAFF,CASSLGANEAFF
1186,CASSLEGNEQYF,CASSLGGNEQYF
1187,CASSLNGDTQYF,CASSLGGDTQYF
1188,CASSLLNTEAFF,CASSLANTEAFF
1189,CASSLSAYNEQFF,CASSLASAYNEQFF
1190,CASSLGGSPYEQYF,CASSLGGAPYEQYF
1191,CASSLGGSPYEQYF,CASSLGGSAYEQYF
1192,CASSLGGSPYEQYF,CASSLGGSSYEQYF
1193,CASSLGGSPYEQYF,CASSLGGSHYEQYF
1194,CASSLEIGDTQYF,CASSLEGDTQYF
1195,CASSLYNEQFF,CASSLYSNEQFF
1196,CATSDDYEQYF,CATSDTYEQYF
1197,CASSLNQGAYEQYF,CASSLGQGAYEQYF
1198,CSARDSSGVGETQYF,CSARDSGGVGETQYF
1199,CASSLGFHEQYF,CASSLGGHEQYF
1200,CASSLLNTEAFF,CASSLRNTEAFF
1201,CASSFGSTYEQYF,CASSFGSSYEQYF
1202,CASSQGNHQPQHF,CASSQGNQPQHF
1203,CASSLAGSYNEQFF,CASSLATSYNEQFF
1204,CASSLEGYNEQFF,CASSLPGYNEQFF
1205,CASSLEIGDTQYF,CASSLIGDTQYF
1206,CASSVGAPYEQYF,CASSPGAPYEQYF
1207,CASSIAAGPTDTQYF,CASSIGAGPTDTQYF
1208,CSARDRDSAYEQYF,CSARDRTSAYEQYF
1209,CASSYSGAEAFF,CASSYSSGAEAFF
1210,CASSPTGANYGYTF,CASSPTGTANYGYTF
1211,CASSIGGANTEAFF,CASSIGGAVTEAFF
1212,CASSPGGEQYF,CASSPLGEQYF
1213,CASSPGGEQYF,CASSPGNEQYF
1214,CSAPWTRTDTQYF,CSAPDTRTDTQYF
1215,CASSLYNEQFF,CASSLSNEQFF
1216,CASSLYNEQFF,CASSLTNEQFF
1217,CASSLYNEQFF,CASSSYNEQFF
1218,CASSPSSYEQYF,CASSSSYEQYF
1219,CASSLLAGGYNEQFF,CASSLLAGGRNEQFF
1220,CASSDGETQYF,CASSDLGETQYF
1221,CASSLSPGGYEQYF,CASSSPGGYEQYF
1222,CASSSPSGNEQFF,CASSPSGNEQFF
1223,CASSPWDMSYEQYF,CASSPWDSSYEQYF
1224,CASSLNGDTQYF,CASSLTGDTQYF
1225,CASSHTGEQYF,CASSHTGIEQYF
1226,CASSFTGNTEAFF,CASSTGNTEAFF
1227,CASSQGSTGELFF,CASSQDSTGELFF
1228,CASSLGNQPQHF,CASSLGNNQPQHF
1229,CASSQTGGSTDTQYF,CASSQTGSTDTQYF
1230,CASSYSGGTEAFF,CASSYRGGTEAFF
1231,CASSSSYEQYF,CASSDSSYEQYF
1232,CASSYRGFTEAFF,CASSYRGGTEAFF
1233,CASSLNGDTQYF,CASSLGGDTQYF
1234,CASSLAGGLDEQFF,CASSLAGGQDEQFF
1235,CASSLSAGGYEQYF,CASSLSAGFYEQYF
1236,CASSLVTGELFF,CASSLGVTGELFF
1237,CASSFGASNQPQHF,CASSFGQSNQPQHF
1238,CASSYPGNTEAFF,CASSYEGNTEAFF
1239,CASSPPGETQYF,CASSPPEETQYF
1240,CSARDPGGAYEQYF,CSARDPTGAYEQYF
1241,CASSIAGGPGNEQFF,CASSIAGGLGNEQFF
1242,CASSSPSGNEQFF,CASSSASGNEQFF
1243,CASSIDQSSYNEQFF,CASSIDGSSYNEQFF
1244,CASSSDGSSYNEQFF,CASSIDGSSYNEQFF
1245,CSVERPNSYEQYF,CSVGRPNSYEQYF
1246,CASSPSSYEQYF,CASSPSGSYEQYF
1247,CSAREQNTGELFF,CSAREQTNTGELFF
1248,CSAREQGTNTGELFF,CSAREQTNTGELFF
1249,CSARGSSSYEQYF,CSARGTSSYEQYF
1250,CASSPDPTDTQYF,CASSPNPTDTQYF
1251,CASSISGSAYNEQFF,CASSISGAAYNEQFF
1252,CASSISGSAYNEQFF,CASSISGSGYNEQFF
1253,CASSLGQTYEQYF,CASSLGGTYEQYF
1254,CASSYSGSYNEQFF,CASSYSGSGYNEQFF
1255,CASSYSGSYNEQFF,CASSYSGSSYNEQFF
1256,CASSRGNNEQFF,CASSRVNNEQFF
1257,CASSLQGNTEAFF,CASSLLQGNTEAFF
1258,CASSISGGAYNEQFF,CASSISGAAYNEQFF
1259,CASSVDSYNEQFF,CASSVADSYNEQFF
1260,CASSPTSGGANEQFF,CASSPTSGGYNEQFF
1261,CASSLTVGNTEAFF,CASSLTTGNTEAFF
1262,CASSLTVGNTEAFF,CASSLTVNTEAFF
1263,CASSLTPGNTEAFF,CASSLTTGNTEAFF
1264,CSVMGGYEQYF,CSVEGGYEQYF
1265,CASSYSGSYNEQFF,CASSYSASYNEQFF
1266,CSVEGEGTYEQYF,CSVEGGTYEQYF
1267,CASSLGSNTEAFF,CASSLSNTEAFF
1268,CASSLGGYEQYF,CASSLGSGYEQYF
1269,CASSLGSEKLFF,CASSLGEKLFF
1270,CASSLGGAEQYF,CASSLGGYEQYF
1271,CASSHGTEAFF,CASSHGGTEAFF
1272,CASSLGSDTQYF,CASSLGGDTQYF
1273,CASSLGGYEQYF,CASSLGSYEQYF
1274,CASSLGGGYTF,CASSLGGGGYTF
1275,CASSQDLGTQYF,CASSQDYGTQYF
1276,CASSLGGYEQYF,CASSLGSYEQYF
1277,CASSQDWGGNEQFF,CASSQDWGGYNEQFF
1278,CASSLGGGELFF,CASSLGFGELFF
1279,CASSLDNTEAFF,CASSLMNTEAFF
1280,CASSVGGDRSYEQYF,CASSVGGRSYEQYF
1281,CASSLGGYEQYF,CASSLGGEQYF
1282,CASSLGGEQFF,CASSLGAEQFF
1283,CASSQGAEAFF,CASSQGTEAFF
1284,CASSVGGTGTGELFF,CASSVGGGTGELFF
1285,CASSVGGSYEQYF,CASSVGGRSYEQYF
1286,CASSLGGEAFF,CASSLWGEAFF
1287,CASSPGGSEQYF,CASSPGSEQYF
1288,CASSVGGASYEQYF,CASSVGGRSYEQYF
1289,CASSHGTEAFF,CASSQGTEAFF
1290,CASSLGGYEQYF,CASSLEGGYEQYF
1291,CASSLGAEQYF,CASSLGIEQYF
1292,CASSLGAEQYF,CASSLGYEQYF
1293,CASSLGAGAFF,CASSLAGAGAFF
1294,CASSYRTGGGGYTF,CASSYFTGGGGYTF
1295,CASSPLAGGTGELFF,CASSPLAGGSGELFF
1296,CASSAGGEQYF,CASSLAGGEQYF
1297,CASSPPSYNEQFF,CASSPSSYNEQFF
1298,CASSTGSYEQYF,CASSEGSYEQYF
1299,CASSGGSYEQYF,CASSEGSYEQYF
1300,CASSSGAANTGELFF,CASSSGANTGELFF
1301,CASSGGGELFF,CASSEGGELFF
1302,CASSLGGELFF,CASSEGGELFF
1303,CASTEGGELFF,CASSEGGELFF
1304,CASSLGGELFF,CASSEGGELFF
1305,CASSGEGLNTEAFF,CASSVEGLNTEAFF
1306,CASSLGGELFF,CASSEGGELFF
1307,CSVGQGFGNTIYF,CSVGGGFGNTIYF
1308,CASSPTGNEQFF,CASSPEGNEQFF
1309,CASSPTGNEQFF,CASSPSGNEQFF
1310,CASSLGGDTQYF,CASSLTGDTQYF
1311,CASSQDWGYNEQFF,CASSQDRGYNEQFF
1312,CASSQTVGETQYF,CASSQGVGETQYF
1313,CASWGDTEAFF,CASSGDTEAFF
1314,CASSRGDTEAFF,CASSGDTEAFF
1315,CASSLGGPEQFF,CASSLGGPEQYF
1316,CASSLVGDTQYF,CASSLEGDTQYF
1317,CASSGGSYEQYF,CASSGGNSYEQYF
1318,CASSQPSGTEAFF,CASSQPSLGTEAFF
1319,CASSLRDSSYEQYF,CASSFRDSSYEQYF
1320,CASSVGGYNEQFF,CASSVGGNEQFF
1321,CASSVGGSYNEQFF,CASSGGGSYNEQFF
1322,CASSAGWGNQPQHF,CASSAGWLGNQPQHF
1323,CASSLGGEQYF,CASSLGGPEQYF
1324,CASSLGDTQYF,CASSLEGDTQYF
1325,CASSVGTSGNNEQFF,CASSEGTSGNNEQFF
1326,CASSPTGNEQFF,CASSTTGNEQFF
1327,CASSTGSYEQYF,CASSTGTYEQYF
1328,CASSGGSYEQYF,CASSGGSEQYF
1329,CASSPGTSGTYEQYF,CASSPGTSVTYEQYF
1330,CASSVGGVSTGELFF,CASSVGGKSTGELFF
1331,CASSLGGPEAFF,CASSLGGTEAFF
1332,CASSLGGEAFF,CASSLGGTEAFF
1333,CASSEGGSTEAFF,CASSEGGGTEAFF
1334,CASSLGGDEQFF,CASSLGGREQFF
1335,CASSFGSSYEQYF,CASSLGSSYEQYF
1336,CASSVGGDSSYEQYF,CASSVGGGSSYEQYF
1337,CASSGGNEKLFF,CASSGQGNEKLFF
1338,CASSGAGLSYEQYF,CASSVGAGLSYEQYF
1339,CASSLGGEQFF,CASSLGQGEQFF
1340,CASSVQGSSYEQYF,CASSVEGSSYEQYF
1341,CASSLGVNTEAFF,CASSLGLNTEAFF
1342,CASSYSDRDYEQYF,CASSYDRDYEQYF
1343,CATSRGNMNTEAFF,CATSRGGMNTEAFF
1344,CASSLPQRETQYF,CASSLPDRETQYF
1345,CASSGGDAEAFF,CASSGGAEAFF
1346,CASSISYEQYF,CASSLSYEQYF
1347,CASSLANTEAFF,CASSLRNTEAFF
1348,CASSLRENYGYTF,CASSLVENYGYTF
1349,CASSLGGYEQYF,CASSLGSYEQYF
1350,CASSYEQGYEQYF,CASSYPQGYEQYF
1351,CASSLANTEAFF,CASSLVANTEAFF
1352,CASSSAYEQYF,CASSSPYEQYF
1353,CSVDTTNYNEQFF,CSVDTTYNEQFF
1354,CASSQGGTEAFF,CASSQGTEAFF
1355,CASSGTVYGYTF,CASSGQVYGYTF
1356,CASSLGGTEAFF,CASSLGTEAFF
1357,CASSLGGTEAFF,CASSLGTEAFF
1358,CASSLGGYEQYF,CASSLEGGYEQYF
1359,CASSLEGDTQYF,CASSLIGDTQYF
1360,CASSLGGYEQYF,CASSLGGEQYF
1361,CASSLQGNEQFF,CASSLGGNEQFF
1362,CASSWGSYEQYF,CASSLWGSYEQYF
1363,CASSQGPYTGELFF,CASSQRPYTGELFF
1364,CASSLGGTEAFF,CASSLAGGTEAFF
1365,CASSLSTDTQYF,CASSSSTDTQYF
1366,CASSFGGELFF,CASSFTGELFF
1367,CASSPGQPYEQYF,CASSPGQTYEQYF
1368,CASNRGLGNEQFF,CASNRGLYNEQFF
1369,CASSQSGNEQFF,CASSQGNEQFF
1370,CASSYLAGGTDTQYF,CASSSLAGGTDTQYF
1371,CASSYLAGGTDTQYF,CASSTLAGGTDTQYF
1372,CASSQGGNEQYF,CASSQVGNEQYF
1373,CASSRGQPQHF,CASSLGQPQHF
1374,CASSFGNTEAFF,CASSFTGNTEAFF
1375,CASSLGGTEAFF,CASSLGGATEAFF
1376,CASSLYSNEQFF,CASSLSNEQFF
1377,CATSDSSYEQYF,CATSDRSSYEQYF
1378,CASSFGVSYEQYF,CASSFTVSYEQYF
1379,CASSLGSGYEQYF,CASSLGGYEQYF
1380,CASSFSYEQYF,CASSSSYEQYF
1381,CASSLGVTQYF,CASSLGETQYF
1382,CASSRGQPQHF,CASSFGQPQHF
1383,CASSLFSYEQYF,CASSLTSYEQYF
1384,CASSPGGAEAFF,CASSPLGGAEAFF
1385,CASSHSYEQYF,CASSSSYEQYF
1386,CASSLEGDTQYF,CASSLEGTDTQYF
1387,CASSSAYEQYF,CASSSSYEQYF
1388,CASSFANTEAFF,CASSFLNTEAFF
1389,CASSYGQNTGELFF,CASSYGLNTGELFF
1390,CASSLQGITGELFF,CASSLGITGELFF
1391,CASSYGSPTEAFF,CASSYGSHTEAFF
1392,CASRAADTQYF,CASRASDTQYF
1393,CASSLDNTEAFF,CASSLENTEAFF
1394,CASSLANTEAFF,CASSLENTEAFF
1395,CASSLGSDTQYF,CASSLGSTDTQYF
1396,CASSLSNTEAFF,CASSLENTEAFF
1397,CASSLREVNEQYF,CASSLRVNEQYF
1398,CASSFGGGEQYF,CASSFGGGYEQYF
1399,CASSLGGTEAFF,CASSLRGTEAFF
1400,CASSLGGGIYGYTF,CASSLGGGGIYGYTF
1401,CASTPGPYSNQPQHF,CASTPGYSNQPQHF
1402,CASSINGYSNQPQHF,CASSIGYSNQPQHF
1403,CASSLQGNEQFF,CASSLGGNEQFF
1404,CASSLGPYTGELFF,CASSLGPSYTGELFF
1405,CASSLGGTEAFF,CASSLEGGTEAFF
1406,CASSSAYEQYF,CASSSIYEQYF
1407,CASSHGGTEAFF,CASSHGEGTEAFF
1408,CASSPGGTEAFF,CASSTGGTEAFF
1409,CASSSGRGEQFF,CASSLSGRGEQFF
1410,CASSRGQPQHF,CASSPGQPQHF
1411,CASSPGGAEAFF,CASSPTGAEAFF
1412,CASSSAYEQYF,CASSLSAYEQYF
1413,CASSLAYEQYF,CASSLTAYEQYF
1414,CASSLAYEQYF,CASSLSAYEQYF
1415,CASSQGGGEQFF,CASSQGGFEQFF
1416,CASSLGSDTQYF,CASSLGSTDTQYF
1417,CASSPTGGTGELFF,CASSPTGEGTGELFF
1418,CASSYLAGGTDTQYF,CASSWLAGGTDTQYF
1419,CSVSGGYNEQFF,CSVDGGYNEQFF
1420,CASSLGGTEAFF,CASSLGGNTEAFF
1421,CASSYLGGLTGELFF,CASSYTGGLTGELFF
1422,CASSLGGVPGTEAFF,CASSLGGVWGTEAFF
1423,CASSYEQGYEQYF,CASSYSQGYEQYF
1424,CASSLAGYNEQFF,CASSLPGYNEQFF
1425,CASSPTGPSYEQYF,CASSPTGASYEQYF
1426,CASSLSPGELFF,CASSLVPGELFF
1427,CASSFSYEQYF,CASSRSYEQYF
1428,CASSLAGYNEQFF,CASSLAGANEQFF
1429,CASSLAGYNEQFF,CASSLAGLNEQFF
1430,CASSLAGYTEAFF,CASSLSGYTEAFF
1431,CASSLAGYTEAFF,CASSLAGATEAFF
1432,CASSLAGYTEAFF,CASSLAGGTEAFF
1433,CASSLAGYTEAFF,CASSLAGTEAFF
1434,CASSLSGFTEAFF,CASSLSGYTEAFF
1435,CASSLSGFTEAFF,CASSLSGGFTEAFF
1436,CASSLAGTETQYF,CASSLAGTEQYF
1437,CASSLSYEQYF,CASSRSYEQYF
1438,CASSYSYEQYF,CASSRSYEQYF
1439,CASSPGTTYEQYF,CASSPGPTYEQYF
1440,CASSSGHTYEQYF,CASSSGQTYEQYF
1441,CASSSGPTYEQYF,CASSSGQTYEQYF
1442,CASSLAGYNEQFF,CASSLAGNEQFF
1443,CASSLAGTETQYF,CASSLAGTEQYF
1444,CASSLAGTETQYF,CASSLAGETQYF
1445,CASSPGTTYEQYF,CASSPGQTYEQYF
1446,CASSPGTTYEQYF,CASSPGTGTYEQYF
1447,CASSMAANTEAFF,CASSMAVNTEAFF
1448,CASSRGLDTEAFF,CASSRGLNTEAFF
1449,CASSLGTAYNEQFF,CASSSGTAYNEQFF
1450,CASSLPGYNEQFF,CASSLPSYNEQFF
1451,CASSHPGTTYEQYF,CASSHPGTGYEQYF
1452,CASSYLAGGPNEQFF,CASSYLAGGGNEQFF
1453,CASSSGGQPQHF,CASSLSGGQPQHF
1454,CASSEAVYEQYF,CASSEAVYYEQYF
1455,CASSPNGHEQYF,CASSPQGHEQYF
1456,CASSSPYEQYF,CASSSSYEQYF
1457,CASSLAGYPYNEQFF,CASSLAGGPYNEQFF
1458,CASSLAGYNEQFF,CASSLAGTNEQFF
1459,CASSILAVSNTEAFF,CASSILAGSNTEAFF
1460,CASSPGTDTQYF,CASSPGDTQYF
1461,CASSWDLNTEAFF,CASSQWDLNTEAFF
1462,CASSLSPGNEQFF,CASSLSRGNEQFF
1463,CASSQGNYEQYF,CASSEQGNYEQYF
1464,CASSLDNEQFF,CASSLDGNEQFF
1465,CASLGGSYEQYF,CASRGGSYEQYF
1466,CASSLGITGNTEAFF,CASSLGTGNTEAFF
1467,CASSWGPPNYGYTF,CASSWGPINYGYTF
1468,CASGLNSNQPQHF,CASSLNSNQPQHF
1469,CASSLGDRYGYTF,CASSLDRYGYTF
1470,CASSLALTDTQYF,CASSLALTPDTQYF
1471,CASSPTDSNQPQHF,CASSQTDSNQPQHF
1472,CASSPTDSNQPQHF,CASSRTDSNQPQHF
1473,CASSLGETQYF,CASSPGETQYF
1474,CASSLLGPSYEQYF,CASSLRGPSYEQYF
1475,CASSLRNTEAFF,CASSLRGTEAFF
1476,CASSSPYEQYF,CASSSIYEQYF
1477,CASSTGTGLYEQYF,CASSFGTGLYEQYF
1478,CASSPGTDTQYF,CASSLGTDTQYF
1479,CASSPGTDTQYF,CASSFGTDTQYF
1480,CASSLLTGEQYF,CASSLGTGEQYF
1481,CASSLDNEQFF,CASSLHDNEQFF
1482,CASSLLAGETDTQYF,CASSLLAGYTDTQYF
1483,CASSLLAGETDTQYF,CASSLLAGVTDTQYF
1484,CASSIGVSYEQYF,CASSIGAVSYEQYF
1485,CASSLFQGAGYGYTF,CASSLSQGAGYGYTF
1486,CASSQGDSYEQYF,CASSQGQSYEQYF
1487,CASSLGYEQYF,CASSQGYEQYF
1488,CASSPGTGSPYEQYF,CASSPGTGSFYEQYF
1489,CASSLGGPYEQYF,CASSLGGPSYEQYF
1490,CASSLAGYNEQFF,CASSLAGSYNEQFF
1491,CASSLGDFYGYTF,CASSLGDHYGYTF
1492,CASSQVGGTGELFF,CASSQVGSGTGELFF
1493,CASSLGDRYGYTF,CASSLGDHYGYTF
1494,CASSGGGEQYF,CASSLGGEQYF
1495,CASSLSPGNEQFF,CASSLSIGNEQFF
1496,CASSLLDSNQPQHF,CASSLTDSNQPQHF
1497,CASSPTVSSYNEQFF,CASSPTGSSYNEQFF
1498,CASSQGYEQYF,CASSPQGYEQYF
1499,CASSSDRGGYNEQFF,CASSSRGGYNEQFF
1500,CASSLGTVNTEAFF,CASSLTVNTEAFF
1501,CASSSGPTYEQYF,CASSSPPTYEQYF
1502,CASSYSSSSYNEQFF,CASSYSGSSYNEQFF
1503,CASSYSTGNEQYF,CASSYSGGNEQYF
1504,CASSQVGGTGELFF,CASSQVVGTGELFF
1505,CASSLLGPSYEQYF,CASSLLGSYEQYF
1506,CASSYPQGYEQYF,CASSYSQGYEQYF
1507,CASSLGSGELFF,CASSLGGGELFF
1508,CASSPTSGSPYEQYF,CASSPTSGKPYEQYF
1509,CASSLSSGVYEQYF,CASSLSSGVPYEQYF
1510,CASSFGTTYEQYF,CASSFGTDYEQYF
1511,CASSLGIEQYF,CASSLAGIEQYF
1512,CASSQVHSYEQYF,CASSQVPSYEQYF
1513,CASSLGYEQYF,CASSLAGYEQYF
1514,CASSQDRGGTEAFF,CASSQDRGYTEAFF
1515,CASSLIETQYF,CASSFIETQYF
1516,CSVETGSGYTF,CSVETGGGYTF
1517,CASSKTGLSYEQYF,CASSKTGGSYEQYF
1518,CASSIGNTEAFF,CASSIGVNTEAFF
1519,CASSIGNTEAFF,CASSSGNTEAFF
1520,CASSIGNTEAFF,CASSIGTNTEAFF
1521,CASSLGGEQYF,CASSLGGYEQYF
1522,CASTGANEQFF,CASSGANEQFF
1523,CASQDYNEQFF,CASRDYNEQFF
1524,CASSIGNTEAFF,CASSQGNTEAFF
1525,CASSIGNTEAFF,CASSIWGNTEAFF
1526,CASSLWGTDTQYF,CASSLEGTDTQYF
1527,CASSLGQGNNEQFF,CASSLGQGINEQFF
1528,CASSLAGGGTGELFF,CASSLARGGTGELFF
1529,CASSLGNQPQHF,CASSLAGNQPQHF
1530,CASSIGNTEAFF,CASSIGMNTEAFF
1531,CASSLGSNEQFF,CASSLGENEQFF
1532,CASSLDNEQFF,CASSLDSNEQFF
1533,CASSLGTEAFF,CASSPLGTEAFF
1534,CASSLGTEAFF,CASSPLGTEAFF
1535,CASSLGTTEAFF,CASSLDTTEAFF
1536,CASSLGQSYEQYF,CASSLGQTYEQYF
1537,CASSIGNTEAFF,CASSAGNTEAFF
1538,CASSIGNTEAFF,CASSTGNTEAFF
1539,CASSQGGTEAFF,CASSQGSTEAFF
1540,CASSQGSVNTEAFF,CASSQGYVNTEAFF
1541,CASSLTGELFF,CASSLFGELFF
1542,CASSFQGTEAFF,CASSFQGAEAFF
1543,CASSLGYEQYF,CASSLGSYEQYF
1544,CASSLGQSYEQYF,CASSLGQYYEQYF
1545,CASSLGQSYEQYF,CASSLGSSYEQYF
1546,CASSSGNTEAFF,CASSSGMNTEAFF
1547,CSADRGGNYGYTF,CSARGGNYGYTF
1548,CASSPGTYEQYF,CASSPGAYEQYF
1549,CASSLDNEQFF,CASSLGNEQFF
1550,CASSVMNTEAFF,CASSNMNTEAFF
1551,CASSPGTYEQYF,CASSTGTYEQYF
1552,CASSPGTYEQYF,CASSPGGTYEQYF
1553,CASSLDNEQFF,CASSLDGNEQFF
1554,CASSPMNTEAFF,CASSPHMNTEAFF
1555,CASSQEGGAGEKLFF,CASSQETGAGEKLFF
1556,CASSLGTEAFF,CASSPGTEAFF
1557,CASSLGTEAFF,CASSPGTEAFF
1558,CASSLTGELFF,CASSLGGELFF
1559,CASSVGGGTGELFF,CASSVGGKTGELFF
1560,CASSIGNTEAFF,CASSIKGNTEAFF
1561,CASSVMNTEAFF,CASSVVMNTEAFF
1562,CSVEEGGAYNEQFF,CSVEEGGGYNEQFF
1563,CASSLGQSYEQYF,CASSLGESYEQYF
1564,CASSPGTAYEQYF,CASSPYGTAYEQYF
1565,CSARETGSSYEQYF,CSATETGSSYEQYF
1566,CSVETGSGYTF,CSVETGNGYTF
1567,CASSIGNTEAFF,CASSIGMNTEAFF
1568,CASSLAGTGQYF,CASSLAGTEQYF
1569,CASSQEAAGSYEQYF,CASSQEASGSYEQYF
1570,CASSLAGGGEQFF,CASSLVGGGEQFF
1571,CASSLAGVEQFF,CASSLAGNEQFF
1572,CASSLAGSEQYF,CASSLAGTEQYF
1573,CASSISGASYEQYF,CASSISTASYEQYF
1574,CASSLAGANEQFF,CASSLAGNEQFF
1575,CASSLAGLNEQFF,CASSLAGNEQFF
1576,CASSPGPTYEQYF,CASSPGQTYEQYF
1577,CASSISSASYEQYF,CASSISTASYEQYF
1578,CASSLAGGEQYF,CASSLAGTEQYF
1579,CASSLTGGGEQFF,CASSLVGGGEQFF
1580,CASSPGQGSQYF,CASSPGQGRSQYF
1581,CASSLAGTYEQYF,CASSLAGTEQYF
1582,CASSLAGYEQYF,CASSLAGTEQYF
1583,CASSLAGSEQFF,CASSLAGNEQFF
1584,CASSLAGVEQYF,CASSLAGTEQYF
1585,CASSLAGIEQYF,CASSLAGTEQYF
1586,CASSLAGAEQFF,CASSLAGNEQFF
1587,CASSLAGSYEQYF,CASSLPGSYEQYF
1588,CASSLAGVEAFF,CASSLTGVEAFF
1589,CASSLAGVEQYF,CASSLVGVEQYF
1590,CASSLSGNYNEQFF,CASSLSGPYNEQFF
1591,CASSRQSSYNEQFF,CASSVQSSYNEQFF
1592,CASSLAGISYEQYF,CASSLMAGISYEQYF
1593,CASSLAGISYEQYF,CASSLVAGISYEQYF
1594,CASSLAGANEQFF,CASSLAGTNEQFF
1595,CASSLSRSNEQFF,CASSLSRGNEQFF
1596,CASSLTGALNTEAFF,CASSLGALNTEAFF
1597,CASSLAGLNEQFF,CASSLAGTNEQFF
1598,CASSLGSNQPQHF,CASSLGGNQPQHF
1599,CASSDPYEQYF,CASSDTYEQYF
1600,CASSSITGTAYEQYF,CASSLITGTAYEQYF
1601,CASSQAAGHYEQYF,CASSQTAGHYEQYF
1602,CASSYPGRFYEQYF,CASSYPGGFYEQYF
1603,CASSFVGAEQYF,CASSFVGSEQYF
1604,CASSLGSNQPQHF,CASSLNSNQPQHF
1605,CASSSGQTYEQYF,CASSLGQTYEQYF
1606,CASSLGGNEQFF,CASSLGYGNEQFF
1607,CASSKSQDSYEQYF,CASSKGQDSYEQYF
1608,CASSLAGTGELFF,CASSLANTGELFF
1609,CASSLAGSYEQYF,CASSLGSYEQYF
1610,CASSVRGNEQFF,CASSVGGNEQFF
1611,CASSFVGAEQYF,CASSFVGGEQYF
1612,CASSLAGSEQFF,CASSLAGSKEQFF
1613,CSVGDGNTGELFF,CSVDGNTGELFF
1614,CASSLAGTGELFF,CASSLAYGTGELFF
1615,CASSLAGQINEKLFF,CASSLAGQGNEKLFF
1616,CASSISSGYNEQFF,CASSISGSGYNEQFF
1617,CASSISGASYEQYF,CASSIAGASYEQYF
1618,CASSLRDGSNQPQHF,CASSLRQGSNQPQHF
1619,CASSLEGLSYEQYF,CASSLEGYSYEQYF
1620,CASSLEGLSYEQYF,CASSLNGLSYEQYF
1621,CASSLEGLSYEQYF,CASSLVGLSYEQYF
1622,CASSQDGGSAYEQYF,CASSQDGGSYEQYF
1623,CASSLAGAYEQYF,CASSLLAGAYEQYF
1624,CASSLAQGGTEAFF,CASSLEQGGTEAFF
1625,CASSLTGGYEQYF,CASSLDGGYEQYF
1626,CASSLAGGPLHEQYF,CASSLAGTPLHEQYF
1627,CASSLAGSYEQYF,CASSLAGGSYEQYF
1628,CASSLAGGYEQYF,CASSLAGGSYEQYF
1629,CASSLAGGYEQYF,CASSLATGYEQYF
1630,CASSLAGGYEQYF,CASSLASGYEQYF
1631,CASSLAGGYEQYF,CASSLAVGGYEQYF
1632,CASSLAGGYEQYF,CASSLDGGYEQYF
1633,CASSLVAGGTDTQYF,CASSLVAGNTDTQYF
1634,CASSLVAGGTDTQYF,CASSLVAGDTDTQYF
1635,CASSFQGGNQPQHF,CASSFQGAGNQPQHF
1636,CASSLAGTDYGYTF,CASSLALTDYGYTF
1637,CASSQDAGTGNTIYF,CASSQDAGSGNTIYF
1638,CASSLAGYEQYF,CASSLATGYEQYF
1639,CASSLAGYEQYF,CASSLASGYEQYF
1640,CASSLAGAEAFF,CASSLAPGAEAFF
1641,CASSLSNYEQYF,CASSLSNEQYF
1642,CASSPGSSYEQYF,CASSLGSSYEQYF
1643,CASSFSENTGELFF,CASSFSETGELFF
1644,CASSISMNTEAFF,CASSISFNTEAFF
1645,CASSLGGEQFF,CASSLGHEQFF
1646,CATGSGANVLTF,CATFSGANVLTF
1647,CASSSGQGTDTQYF,CASSTGQGTDTQYF
1648,CASSSGNTEAFF,CASSQGNTEAFF
1649,CASSGGQGTDTQYF,CASSTGQGTDTQYF
1650,CASSLGDEQYF,CASSLPGDEQYF
1651,CASSITLYNEQFF,CASSITAYNEQFF
1652,CASSLAGNEQFF,CASSLAGTNEQFF
1653,CASSIGVNTEAFF,CASSIGMNTEAFF
1654,CASSISMNTEAFF,CASSIGMNTEAFF
1655,CASSFLNEQFF,CASSFYNEQFF
1656,CASSLLKNTEAFF,CASSLSKNTEAFF
1657,CASSYGAEQYF,CASSYGPAEQYF
1658,CSAGTENTGELFF,CSAGGENTGELFF
1659,CASSIGTNTEAFF,CASSIGMNTEAFF
1660,CASSYTSTDTQYF,CASSYSTDTQYF
1661,CASSSGNTEAFF,CASSAGNTEAFF
1662,CASSSGNTEAFF,CASSTGNTEAFF
1663,CSVGGTYEQYF,CSVGATYEQYF
1664,CASSYSGGANYGYTF,CASSYSGGVNYGYTF
1665,CASSLSQTYEQYF,CASSLGQTYEQYF
1666,CASSYGVGGTEAFF,CASSYGTGGTEAFF
1667,CASSSPDGYEQYF,CASSPDGYEQYF
1668,CASSLSSYNEQFF,CASSLSDSYNEQFF
1669,CASSFLNEQFF,CASSFLGNEQFF
1670,CASSIGPYEQYF,CASSIGYEQYF
1671,CASSLGLNNQPQHF,CASSLGWNNQPQHF
1672,CASRLAGGAFNEQFF,CASRAGGAFNEQFF
1673,CASSFEGQGYEQYF,CASSFEGGYEQYF
1674,CASSLAGGTEAFF,CASSLEGGTEAFF
1675,CASFSSSYEQYF,CASSFSSSYEQYF
1676,CASSLSSYNEQFF,CASSLGSSYNEQFF
1677,CASSPLAASYNEQFF,CASSPLASYNEQFF
1678,CASSIVGSYNEQFF,CASSNVGSYNEQFF
1679,CASSKVGSYNEQFF,CASSNVGSYNEQFF
1680,CASSKVGSYNEQFF,CASSIVGSYNEQFF
1681,CASSLSQTYEQYF,CASSLSQVYEQYF
1682,CASSFEGGGYEQYF,CASSFEGGIYEQYF
1683,CASSFEGGGYEQYF,CASSFEGGYEQYF
1684,CASSFEGGGYEQYF,CASSFEGGSYEQYF
1685,CASSFEGGGYEQYF,CASSFEGGKYEQYF
1686,CASSFEGGGYEQYF,CASSFEGGLYEQYF
1687,CASSPGTGTYEQYF,CASSSPGTGTYEQYF
1688,CASSLQGLGSPLHF,CASSLQGALGSPLHF
1689,CSGFRENTGELFF,CSGRRENTGELFF
1690,CASSLGGEQFF,CASSLGNEQFF
1691,CASSQGGANEQYF,CASSQMGANEQYF
1692,CASSPSSYNEQFF,CASSLSSYNEQFF
1693,CASSFATLNEQFF,CASSFASLNEQFF
1694,CASSPSAYEQYF,CASSPAYEQYF
1695,CSVDSGNEQYF,CSVDSGYEQYF
1696,CASSKVGSYNEQFF,CASSKDGSYNEQFF
1697,CASSLSVSTEAFF,CASSLSVGTEAFF
1698,CASSYLAGGTDTQYF,CASSWLAGGTDTQYF
1699,CASSSLAGGTDTQYF,CASSWLAGGTDTQYF
1700,CASSALAGVETQYF,CASSLAGVETQYF
1701,CASSIGVNTEAFF,CASSIKVNTEAFF
1702,CASSTLAGGTDTQYF,CASSWLAGGTDTQYF
1703,CASSYSGQETQYF,CASSYSQETQYF
1704,CASSPGSSYEQYF,CASSLGSSYEQYF
1705,CATSRGGLNTEAFF,CATSRGGMNTEAFF
1706,CASSYSGVNQPQHF,CASSYSGNQPQHF
1707,CASSEGQGNQPQHF,CASSEGQGGNQPQHF
1708,CSVETGGGYTF,CSVETGNGYTF
1709,CASSYIYEQYF,CASSYHYEQYF
1710,CASATGYNEQFF,CASTGYNEQFF
1711,CASSIGVNTEAFF,CASSIGMNTEAFF
1712,CASSISMNTEAFF,CASSIGMNTEAFF
1713,CASSYSGWETQYF,CASSYSSWETQYF
1714,CASSIGPYEQYF,CASSIAGPYEQYF
1715,CASSGDRSSGNTIYF,CASSQDRSSGNTIYF
1716,CASSYGQSYEQYF,CASSYGPSYEQYF
1717,CSAEGGYEQYF,CSVEGGYEQYF
1718,CSVGGTYEQYF,CSVEGGTYEQYF
1719,CASSYSGVNQPQHF,CASSYSGGNQPQHF
1720,CASSLGLAGGYEQFF,CASSLGLAGVYEQFF
1721,CASSYGGYNEQFF,CASSYGGRYNEQFF
1722,CASSIGTNTEAFF,CASSIGMNTEAFF
1723,CASSLGQGNTEAFF,CASSLWQGNTEAFF
1724,CASSYSPPYEQYF,CASSYSSPYEQYF
1725,CASSYSPPYEQYF,CASSYSAPYEQYF
1726,CASSPSNEQFF,CASSPSGNEQFF
1727,CASSLYGNEQFF,CASSLDGNEQFF
1728,CASSLGQPQHF,CASSFGQPQHF
1729,CASSLSGPYNEQFF,CASSLGPYNEQFF
1730,CASSYGGNQPQHF,CASSLGGNQPQHF
1731,CASSLGPEAFF,CASSLGVEAFF
1732,CASSPGNEQYF,CASSFPGNEQYF
1733,CASSWTGTEAFF,CASSWTGGTEAFF
1734,CASSQGNTEAFF,CASSAGNTEAFF
1735,CASSQGNTEAFF,CASSTGNTEAFF
1736,CASSLGPPGELFF,CASSLPPGELFF
1737,CASSLGGATEAFF,CASSLSGGATEAFF
1738,CASSLSGPYNEQFF,CASSLSGPNNEQFF
1739,CASSLDNEQFF,CASSLDSNEQFF
1740,CASSLIYPNTGELFF,CASSLILPNTGELFF
1741,CASSLYTGPQETQYF,CASSLTGPQETQYF
1742,CASSFGGDTSYEQYF,CASSFGGDSSYEQYF
1743,CASSYFNTDTQYF,CASSYYNTDTQYF
1744,CASSLWGGEQYF,CASSLQGGEQYF
1745,CASSFGLEQYF,CASSFGYEQYF
1746,CASSFGSEQYF,CASSFGYEQYF
1747,CASSFSYEQYF,CASSFGYEQYF
1748,CASSLFSSYEQYF,CASSLGSSYEQYF
1749,CASSLYGNEQFF,CASSLQGNEQFF
1750,CASSLPGSYEQYF,CASSLGSYEQYF
1751,CASSGDTSYEQYF,CASSQDTSYEQYF
1752,CASSFGLEQYF,CASSTGLEQYF
1753,CASSLGQGNTEAFF,CASSLGQGVNTEAFF
1754,CASSLYGNEQFF,CASSLVGNEQFF
1755,CASSLDNEQFF,CASSLGNEQFF
1756,CASSLPGSYEQYF,CASSFPGSYEQYF
1757,CASSLGHEQFF,CASSLGNEQFF
1758,CASSSLGGELFF,CASSLGGELFF
1759,CASSLVLYEQYF,CASSLKLYEQYF
1760,CASSGVGTQYF,CASSGVGGTQYF
1761,CASSFGGPSYEQYF,CASSFGGSSYEQYF
1762,CASSLSNEQFF,CASSLSGNEQFF
1763,CASSLWGGEQYF,CASSLGGEQYF
1764,CASSKPGTEAFF,CASSPGTEAFF
1765,CASSYGDTQYF,CASSYGGTQYF
1766,CASSPPNTGELFF,CASSPPVTGELFF
1767,CASSFSYEQYF,CASSFSHEQYF
1768,CASSYGGPGYEQYF,CASSYGGFGYEQYF
1769,CASSLGQPQHF,CASSPGQPQHF
1770,CASSHGSYEQYF,CASSSGSYEQYF
1771,CASSLDNEQFF,CASSLDGNEQFF
1772,CASSLGTGELFF,CASSLGLTGELFF
1773,CASSLTRTGELFF,CASSLGRTGELFF
1774,CASSLVLYEQYF,CASSLVSYEQYF
1775,CASSQGNTEAFF,CASQSQGNTEAFF
1776,CASSLGWNTEAFF,CASSLGVNTEAFF
1777,CASSFGPEQYF,CASSFGTEQYF
1778,CASSIWGNTEAFF,CASSIKGNTEAFF
1779,CASSLGSADNEQFF,CASSLGSAGNEQFF
1780,CASSLANTEAFF,CASSLMNTEAFF
1781,CASSEGYEQYF,CASSEMYEQYF
1782,CASSLLGTYEQYF,CASSLLGSYEQYF
1783,CASSLGQGNTEAFF,CASSLGGNTEAFF
1784,CASSLGGATEAFF,CASSLGGNTEAFF
1785,CASSYGADTQYF,CASSYGLADTQYF
1786,CASSLTDTQYF,CASSITDTQYF
1787,CASSLGTGELFF,CASSLGSGELFF
1788,CASSEGGEQYF,CASSEIGEQYF
1789,CASSEGGEQYF,CASSEMGEQYF
1790,CASSEGGEQYF,CASSELGEQYF
1791,CASSEGGEQYF,CASSETGEQYF
1792,CASSLASGEQYF,CASSLGSGEQYF
1793,CATSDFGDNTDTQYF,CATSDFGDTDTQYF
1794,CASSSGHYEQYF,CASSGGHYEQYF
1795,CASSEGQGYEQYF,CASSEGQGAYEQYF
1796,CASSLTTGGTEAFF,CASSLTTGNTEAFF
1797,CASSLSGGNYGYTF,CASSLSGGGNYGYTF
1798,CASSFPGNEQYF,CASSFVGNEQYF
1799,CASSLGGNQPQHF,CASSLGSNQPQHF
1800,CASSLTGDTQYF,CASSLGGDTQYF
1801,CASSLEGTDTQYF,CASSLEVGTDTQYF
1802,CASSLGSNQPQHF,CASSLNSNQPQHF
1803,CASSPTGGGTEAFF,CASSYTGGGTEAFF
1804,CASSRDSNTEAFF,CASRRDSNTEAFF
1805,CASSPGGNTEAFF,CASSVGGNTEAFF
1806,CASSPGGNTEAFF,CASSSGGNTEAFF
1807,CASSPGGNTEAFF,CASSNGGNTEAFF
1808,CASSYYNEQFF,CASSWYNEQFF
1809,CASSLSKNTEAFF,CASSLSRNTEAFF
1810,CASSLAGGPYNEQFF,CASSPAGGPYNEQFF
1811,CASSFYNEQFF,CASSWYNEQFF
1812,CASSPTQETQYF,CASSQTQETQYF
1813,CASSPISGSYNEQFF,CASSPTSGSYNEQFF
1814,CASSLRSPSTDTQYF,CASSLTSPSTDTQYF
1815,CASSLRSPSTDTQYF,CASSLRGPSTDTQYF
1816,CASSYSGDSYEQYF,CASSYSGDSSYEQYF
1817,CASSLGGSYNEQFF,CASSLGPSYNEQFF
1818,CASSSLNQPQHF,CASSSLPNQPQHF
1819,CASSLGQGGSPLHF,CASSLGQAGSPLHF
1820,CASSLGETQYF,CASSLSETQYF
1821,CASSSSYEQYF,CASSSIYEQYF
1822,CASSLYSTDTQYF,CASSIYSTDTQYF
1823,CASRGGSYEQYF,CASRRGSYEQYF
1824,CASSLDGNEQFF,CASSLQGNEQFF
1825,CSAPGPSSYEQYF,CSASGPSSYEQYF
1826,CASSQSQSYEQYF,CASSQGQSYEQYF
1827,CASSYPGLGYEQYF,CASSNYPGLGYEQYF
1828,CASSLDGNEQFF,CASSLVGNEQFF
1829,CASSPTGVSYNEQFF,CASSPSGVSYNEQFF
1830,CASSLGGSYNEQFF,CASSLGGSSYNEQFF
1831,CASSLLTDTQYF,CASSLDLTDTQYF
1832,CASSLSRGNEQFF,CASSLSIGNEQFF
1833,CASSLSRGNEQFF,CASSLSPGNEQFF
1834,CASSPGNTEAFF,CASSFPGNTEAFF
1835,CASSDLGNEQFF,CASSDAGNEQFF
1836,CSVLAGSYEQYF,CSVLAGGSYEQYF
1837,CASSYGTEAFF,CASSYEGTEAFF
1838,CASSFGQPQHF,CASSPGQPQHF
1839,CASSPGDTQYF,CASSPGTDTQYF
1840,CASSLYTDTQYF,CASSLYADTQYF
1841,CASSLGALNTEAFF,CASSLALNTEAFF
1842,CASSLVSSYEQYF,CASSLGSSYEQYF
1843,CASSQGPGYEQYF,CASSQGSGYEQYF
1844,CASSFLNTEAFF,CASSFGLNTEAFF
1845,CSVAGLAGGYEQYF,CSVGGLAGGYEQYF
1846,CASSFGQPQHF,CASSFWGQPQHF
1847,CASSYSGDSYEQYF,CASSYGDSYEQYF
1848,CASSLGGNQPQHF,CASSLGGDQPQHF
1849,CASSYGGGQETQYF,CASSYSGGQETQYF
1850,CASSLGGYNEQFF,CASSLTGGYNEQFF
1851,CASSYSSPYEQYF,CASSYSSPGYEQYF
1852,CASSSATGELFF,CASSSGTGELFF
1853,CSVGGGSTDTQYF,CSVGGPSTDTQYF
1854,CASSYSAPYEQYF,CASSYSAPGYEQYF
1855,CASSVVGGNTEAFF,CASSVVGKNTEAFF
1856,CASSDSSYEQYF,CASSYDSSYEQYF
1857,CASSLSVPSQETQYF,CASSLSFPSQETQYF
1858,CASSLSATDTQYF,CASSLSHTDTQYF
1859,CSARDTGAYEQYF,CSARDPTGAYEQYF
1860,CASSLNSNQPQHF,CASSLNNNQPQHF
1861,CASSLGQTYEQYF,CASSLGQYYEQYF
1862,CASSPGEGTEAFF,CASSHGEGTEAFF
1863,CASSRDRDSSYEQYF,CASSQDRDSSYEQYF
1864,CASSFGGAEAFF,CASSFMGGAEAFF
1865,CASSQDRGYNEQFF,CASSQDRGYYNEQFF
1866,CASSQDRGYNEQFF,CASSQDRGTYNEQFF
1867,CASSQDRGYNEQFF,CASSQDRGLYNEQFF
1868,CASSFVGSEQYF,CASSFVGGEQYF
1869,CASSSGTEAFF,CASSRGTEAFF
1870,CSAPGGNYGYTF,CSARGGNYGYTF
1871,CASSSPGQGGYGYTF,CASSPGQGGYGYTF
1872,CASSLGLTGELFF,CASSLGNTGELFF
1873,CASSLGLTGELFF,CASSLGRTGELFF
1874,CASSYSGLALYEQYF,CASSSGLALYEQYF
1875,CASSELGTDTQYF,CASSELGHTDTQYF
1876,CASSPLGTEAFF,CASSPGTEAFF
1877,CASSLGITGELFF,CASSLGNTGELFF
1878,CASSLGITGELFF,CASSLGRTGELFF
1879,CASSLDSNEQFF,CASSLDGNEQFF
1880,CASSYSAQSSYEQYF,CASSYSAGSSYEQYF
1881,CASSLGQGVNTEAFF,CASSLQGVNTEAFF
1882,CASSPAGYNYGYTF,CASSPTGYNYGYTF
1883,CASSYSSGRAYEQYF,CASSYSSGSAYEQYF
1884,CASSPGTASTDTQYF,CASSPGTSTDTQYF
1885,CASSDGSTDTQYF,CASSLGSTDTQYF
1886,CASSYGGSSYNEQFF,CASSYSGSSYNEQFF
1887,CASSRVSYEQYF,CASSLVSYEQYF
1888,CASSLAGESTDTQYF,CASSLAGSTDTQYF
1889,CASSFDGTTEAFF,CASSFDGYTEAFF
1890,CASSDPGGNYEQYF,CASSYPGGNYEQYF
1891,CASSDMNTEAFF,CASSLMNTEAFF
1892,CASSYGDPNYGYTF,CASSYGDNYGYTF
1893,CASSSSVNTEAFF,CASSSSWNTEAFF
1894,CASSYQGLAYEQYF,CASSYQGRAYEQYF
1895,CASSLSPYYEQYF,CASSLSPNYEQYF
1896,CASSYGTGGTEAFF,CASSYGTGFTEAFF
1897,CASSYGTGGTEAFF,CASSYSGTGGTEAFF
1898,CASSYGTGGTEAFF,CASSYGTGYTEAFF
1899,CASSYVGGDTQYF,CASSYTGGDTQYF
1900,CASSFSHPSTDTQYF,CASSLSHPSTDTQYF
1901,CASSFLGNEQFF,CASSPLGNEQFF
1902,CASSLGYGNEQFF,CASSLGGNEQFF
1903,CASSLSGDEQYF,CASSLQGDEQYF
1904,CASSLGMGEQYF,CASSLGTGEQYF
1905,CASSLSHSTDTQYF,CASSLSHTDTQYF
1906,CASSLSHSTDTQYF,CASSLSHPSTDTQYF
1907,CASSLSHGSTDTQYF,CASSLSHPSTDTQYF
1908,CASSPDSPYEQYF,CASSPVDSPYEQYF
1909,CASSLSSGTDTQYF,CASSLSIGTDTQYF
1910,CASSLRQGTQETQYF,CASSLRQGMQETQYF
1911,CSVEGGSYEQYF,CSVSGGSYEQYF
1912,CASSLFGELFF,CASSLGGELFF
1913,CASSLSPDTQYF,CASSLGPDTQYF
1914,CASSLSDSYNEQFF,CASSLSSYNEQFF
1915,CASSFLGNEQFF,CASSRLGNEQFF
1916,CASSLGMGEQYF,CASSLGGEQYF
1917,CASSFLDTQYF,CASSFLGDTQYF
1918,CASSYEGNTEAFF,CASSYEGTEAFF
1919,CSVEAGGSYEQYF,CSVLAGGSYEQYF
1920,CASSLGQGFEAFF,CASSLGQGSEAFF
1921,CASSLSSGTDTQYF,CASSLSSVTDTQYF
1922,CASSIGYEQYF,CASSMIGYEQYF
1923,CASSLDGYTGELFF,CASSLTGYTGELFF
1924,CASSPRDGAYEQYF,CASSPRWGAYEQYF
1925,CASSPTSGSYNEQFF,CASSPTSGGYNEQFF
1926,CASSYDSSYEQYF,CASSYGSSYEQYF
1927,CASSYDSSYEQYF,CASSYTDSSYEQYF
1928,CASSSGAPQETQYF,CASSSLAPQETQYF
1929,CASSLSSPEYNEQFF,CASSLSSPFYNEQFF
1930,CASSPAGGPYNEQFF,CASSPAGGYNEQFF
1931,CASSLDGYYNEQFF,CASSLTGYYNEQFF
1932,CSVEGGSYEQYF,CSVEGGSSYEQYF
1933,CSVEGGSYEQYF,CSVEGGTYEQYF
1934,CSVEGGSYEQYF,CSVEGGYEQYF
1935,CASSFGGDQPQHF,CASSLGGDQPQHF
1936,CASSLVPDRETQYF,CASSLPDRETQYF
1937,CASSLQGNEQFF,CASSLVGNEQFF
1938,CASSLGSSYEQYF,CASSLGYSSYEQYF
1939,CASSQGGANVLTF,CASSFQGGANVLTF
1940,CASSPPEETQYF,CASSPPEHETQYF
1941,CASSLGTDTQYF,CASSLGPDTQYF
1942,CASSLGTDTQYF,CASSPGTDTQYF
1943,CASSLQGGEQYF,CASSLGGEQYF
1944,CASSLQGGELFF,CASSLGGELFF
1945,CSARLAGVEQYF,CSAPLAGVEQYF
1946,CASSLSIGTDTQYF,CASSLSIGDTQYF
1947,CASSLGSSYNEQFF,CASSLSSYNEQFF
1948,CASSPEGGNEQFF,CASSPGGGNEQFF
1949,CASSLGTGEQYF,CASSLGGEQYF
1950,CASSPLGNEQFF,CASSRLGNEQFF
1951,CASSLSEAYEQYF,CASSLSAYEQYF
1952,CASSLEGGTEAFF,CASSLEIGTEAFF
1953,CASSFGTDTQYF,CASSPGTDTQYF
1954,CASSLGGSYEQYF,CASSFGGSYEQYF
1955,CASSTGGTEAFF,CASSFTGGTEAFF
1956,CASSLGSSYEQYF,CASSLGESYEQYF
1957,CASSGQGITEAFF,CASSGQGDTEAFF
1958,CASSLQGDEQYF,CASSLQGDETQYF
1959,CASSIYSTDTQYF,CASSLYSTDTQYF
1960,CASSFEGGSYEQYF,CASSFGGSYEQYF
1961,CASSLQGDTQYF,CASSLQGDETQYF
1962,CASSYSGTYEQYF,CASSYSWGTYEQYF
1963,CASSYSGTYEQYF,CASSYSRTYEQYF
1964,CASSFGVGSSYEQYF,CASSFGGSSYEQYF
1965,CASSVGNEQFF,CASSVYNEQFF
1966,CASSFGAGSSYEQYF,CASSFGGSSYEQYF
1967,CASSVGGSWQETQYF,CASSVGGSSQETQYF
1968,CASSPGAYEQYF,CASSPTAYEQYF
1969,CASSLGNEQFF,CASSLDGNEQFF
1970,CASSLGNEQFF,CASSLEGNEQFF
1971,CASSVSTGELFF,CASSVVSTGELFF
1972,CASSVGGNEQFF,CASSVGWGNEQFF
1973,CASSLSQGAYNEQFF,CASSLQGAYNEQFF
1974,CASSVGWGSSYEQYF,CASSVGGGSSYEQYF
1975,CASSVGWGSSYEQYF,CASSVGTGSSYEQYF
1976,CASSVGWGSSYEQYF,CASSVGSGSSYEQYF
1977,CASSLASNTEAFF,CASSLALNTEAFF
1978,CASSVSGGSSYEQYF,CASSVGGGSSYEQYF
1979,CASSVGWGGSYEQYF,CASSVGAGGSYEQYF
1980,CASSQGYEQYF,CASSPQGYEQYF
1981,CASSASGGSSYEQYF,CASSAGGGSSYEQYF
1982,CASSPGTGSSYEQYF,CASSPTGSSYEQYF
1983,CASSQPTLNTEAFF,CASSQPGTLNTEAFF
1984,CASSQETTYGYTF,CASSQETGTYGYTF
1985,CASSLGNEQFF,CASSLAGNEQFF
1986,CASSLVNNEQFF,CASSRVNNEQFF
1987,CASSYGGETQYF,CASSYGNGETQYF
1988,CASSLSGNEQFF,CASSLKGNEQFF
1989,CATSDSVGELFF,CATSDFVGELFF
1990,CASSYAGVDEQYF,CASSYSAGVDEQYF
1991,CASSLDGNEQFF,CASSLAGNEQFF
1992,CSAATGTGYEQYF,CSAQTGTGYEQYF
1993,CASSLEGNEQFF,CASSLAGNEQFF
1994,CSVEVPGQGDNEQFF,CSVEVPGQGLNEQFF
1995,CASSEIGEQYF,CASSEIYEQYF
1996,CASSSGQGADTQYF,CASSSGLGADTQYF
1997,CSASGGLGYEQYF,CSASGGGGYEQYF
1998,CASSLTGGNEQFF,CASSLTGGYNEQFF
1999,CASSTGTGYTEAFF,CASSYGTGYTEAFF
2000,CASSGLAGSNEQFF,CASSGLAGSYNEQFF
2001,CASSLGGEQYF,CASSLGLEQYF
2002,CASSQAGTGNYGYTF,CASSQEGTGNYGYTF
2003,CSVDGNTGELFF,CSVDGTGELFF
2004,CASSPSNEQFF,CASSPLSNEQFF
2005,CASSTTTGELFF,CASSTTGGELFF
2006,CASSLVSYEQYF,CASSLESYEQYF
2007,CASRPGLQETQYF,CASRGLQETQYF
2008,CASSYSTDGELFF,CASSYSTTGELFF
2009,CASSQDGPGNQPQHF,CASSQDPGNQPQHF
2010,CASSSGTGYEQYF,CASSEGTGYEQYF
2011,CASSYQGSNTEAFF,CASSYQGLNTEAFF
2012,CASSSPGTGVNEQFF,CASSSPGTGDNEQFF
2013,CASSIQGNTGELFF,CASSIQGTNTGELFF
2014,CASSLGSGEQYF,CASSLMGSGEQYF
2015,CASSYSGNQPQHF,CASSYSGGNQPQHF
2016,CASSQQGLNTEAFF,CASSYQGLNTEAFF
2017,CASSLGGTGELFF,CASSLGGGELFF
2018,CSVEGLPTDTQYF,CSVEGLPSTDTQYF
2019,CASSLLGSYEQYF,CASKLLGSYEQYF
2020,CASSSDPGYEQYF,CASSSGPGYEQYF
2021,CASSLGGAGELFF,CASSLGGGELFF
2022,CASSYSWGVYEQYF,CASSYSWGTYEQYF
2023,CASSSTGTGELFF,CASSSGTGELFF
