,Seq1,Seq2
0,CSARDRISYEQYF,CSARDRESYEQYF
1,CSARGYQSSYEQYF,CSARGLQSSYEQYF
2,CSARDGASYEQYF,CSARGASYEQYF
3,CASSLGGEETQYF,CASSLLGEETQYF
4,CASSLGGEETQYF,CASSLQGEETQYF
5,CASSLDSYEQYF,CASSLMSYEQYF
6,CASSLDSYEQYF,CASSLSSYEQYF
7,CASSLGRGGNEQFF,CASSLGSGGNEQFF
8,CATSRVDNEQFF,CATSRVYNEQFF
9,CASSLPGSYEQYF,CASSLSGSYEQYF
10,CSVGRGPYEQYF,CSVGRGGYEQYF
11,CASSGRDSSYEQYF,CASSGRDSFYEQYF
12,CASSFDISYEQYF,CASSFDSYEQYF
13,CASSTGTSTDTQYF,CASSSTGTSTDTQYF
14,CASSQDPGGNTEAFF,CASSQDPGLNTEAFF
15,CASSQDPGGNTEAFF,CASSQDPGMNTEAFF
16,CASSQDPGGNTEAFF,CASSQDPGVNTEAFF
17,CASSDGQGLGYGYTF,CASSFGQGLGYGYTF
18,CSARDQADSYEQYF,CSARDADSYEQYF
19,CASSLGTTDTQYF,CASSLGSTDTQYF
20,CASSPGQGHNQPQHF,CASSPGQGINQPQHF
21,CASSPGQGHNQPQHF,CASSIGQGHNQPQHF
22,CASSLDSYEQYF,CASSPDSYEQYF
23,CASSYLYEQYF,CASSYIYEQYF
24,CASSAGLADYEQYF,CASSAGLAGDYEQYF
25,CASSQEGVGTEAFF,CASSQGVGTEAFF
26,CASSLVLASTDTQYF,CASSLLASTDTQYF
27,CASSLIGGADTQYF,CASSLIGGGDTQYF
28,CASSLDSYEQYF,CASSLSYEQYF
29,CASSLDSYEQYF,CASSLGSYEQYF
30,CASSRGGYEQYF,CASSFGGYEQYF
31,CASSEGGRGDTQYF,CASSEGGRFDTQYF
32,CSARDPGGSYEQYF,CSARDPGGAYEQYF
33,CASSIFGTANQPQHF,CASSISGTANQPQHF
34,CASSPPGGNEQFF,CASSQPGGNEQFF
35,CSASEGYEQYF,CSASYGYEQYF
36,CSASEGYEQYF,CSANEGYEQYF
37,CASSLSGNTEAFF,CASSLSGGTEAFF
38,CASSYSSYNEQFF,CASSYSGSYNEQFF
39,CSARDQGSSYEQYF,CSARDQGSPYEQYF
40,CASSLDSYEQYF,CASSLDFSYEQYF
41,CASSGTGGYEQYF,CASSDGTGGYEQYF
42,CASSQDWGSYNEQFF,CASSQDWGYNEQFF
43,CASSEGTVSNQPQHF,CASSSGTVSNQPQHF
44,CASSLPGGTEAFF,CASSPGGTEAFF
45,CASSPGTVSNQPQHF,CASSSGTVSNQPQHF
46,CSAGTGGTGELFF,CSAGIGGTGELFF
47,CSVGQGPYEQYF,CSVEQGPYEQYF
48,CSAGTGPYEQYF,CSAGTGDYEQYF
49,CASSQAGVYEQYF,CASSQEGVYEQYF
50,CASSEQFNEKLFF,CASSEQGNEKLFF
51,CSAGTGPYEQYF,CSAGTGTYEQYF
52,CASSPGQGYNEQFF,CASSVGQGYNEQFF
53,CASSQDPGGNTEAFF,CASSQDPGLNTEAFF
54,CSAARAGGSYNEQFF,CSAAAGGSYNEQFF
55,CSVGTAYEQYF,CSVGQAYEQYF
56,CASSRGPYNEQFF,CASSPGPYNEQFF
57,CAWSVLAGGEQYF,CAWSVLAGAGEQYF
58,CASSSGTVNTGELFF,CASSLGTVNTGELFF
59,CSARDISYEQYF,CSARDLSYEQYF
60,CASSGPGDTEAFF,CASSSPGDTEAFF
61,CSARDPSYEQYF,CSARDLSYEQYF
62,CSARDLTYEQYF,CSARDLAYEQYF
63,CSARDLTYEQYF,CSARDLEYEQYF
64,CSARDLTYEQYF,CSARDLSYEQYF
65,CSARDTLSYEQYF,CSARDLSYEQYF
66,CASSFRGLNEQFF,CASSFGGLNEQFF
67,CASSLIGGADTQYF,CASSLGGGADTQYF
68,CASSLIGGADTQYF,CASSLTGGADTQYF
69,CASSGRDSSYEQYF,CASSGRDDSSYEQYF
70,CASSTGTSTDTQYF,CASSPGTSTDTQYF
71,CASSPTTATNEKLFF,CASSPRTATNEKLFF
72,CSARDLTYEQYF,CSARDSTYEQYF
73,CSARDPGGSYEQYF,CSARDPTGSYEQYF
74,CSARDPGGSYEQYF,CSARDPSGSYEQYF
75,CASSLPLQETQYF,CASSLPEQETQYF
76,CASSFLGNEQFF,CASSPLGNEQFF
77,CASSKLNTEAFF,CASSMLNTEAFF
78,CASSYEREEAFF,CASSYERTEAFF
79,CASSLGTSSYEQYF,CASSLGRTSSYEQYF
80,CSARARSQPQHF,CSARDRSQPQHF
81,CASSVGNTYEQYF,CASSVGHTYEQYF
82,CSARDRNQPQHF,CSARDRSQPQHF
83,CASSLLRADTQYF,CASSLLRGDTQYF
84,CASSFLGNEQFF,CASSFGNEQFF
85,CSAPVTNYEQYF,CSAPVTSYEQYF
86,CSARPRNQPQHF,CSARPVNQPQHF
87,CASSLPISYEQYF,CASSLISYEQYF
88,CASSLDSYEQYF,CASSLVSYEQYF
89,CASSKLNTEAFF,CASSIKLNTEAFF
90,CASSKLNTEAFF,CASSDKLNTEAFF
91,CASSYQSSYEQYF,CASSYGSSYEQYF
92,CASSLDSYEQYF,CASSLESYEQYF
93,CASSLDSYEQYF,CASSLISYEQYF
94,CSVGPSGSSYEQYF,CSVGPTGSSYEQYF
95,CASSQDRSYNEQFF,CASSQDRTYNEQFF
96,CASSQDLGTDTQYF,CASSQDRGTDTQYF
97,CSAWGMNTEAFF,CSALGMNTEAFF
98,CSAGSSYEQYF,CSAGASYEQYF
99,CASSLSGNTEAFF,CASSLVGNTEAFF
100,CASSYSSYNEQFF,CASSYSASYNEQFF
101,CASSLAGGEQYF,CASSLIGGEQYF
102,CASSLAGGEQYF,CASSLVGGEQYF
103,CASSLSGSLEQYF,CASSLSGSYEQYF
104,CASSLGSGNEQFF,CASSLGSGGNEQFF
105,CASSLGQGADEQYF,CASSLGQGWDEQYF
106,CASSSQGYEQYF,CASSPQGYEQYF
107,CASSQGGNEQFF,CASSQGNEQFF
108,CASSQVEETQYF,CASSQVERETQYF
109,CASSFSGLSYEQYF,CASSFSGISYEQYF
110,CASSYGLEQYF,CASSRGLEQYF
111,CSARGLTNYGYTF,CSARGTNYGYTF
112,CASSLVDSSYEQYF,CASSLVDSSAYEQYF
113,CASSIGPNNEQFF,CASSIRGPNNEQFF
114,CASSQGGYEQYF,CASSQGGSEQYF
115,CASSLGVGYNEQFF,CASSLGVMYNEQFF
116,CASSLGVGYNEQFF,CASSLGVYNEQFF
117,CASSLGVGYNEQFF,CASSLGVGANEQFF
118,CASSLGVGYNEQFF,CASSLGSGYNEQFF
119,CASSLGVGYNEQFF,CASSLGIGYNEQFF
120,CASSQLAGGPNEQFF,CASSQAGGPNEQFF
121,CASSFAGYEQYF,CASSFGYEQYF
122,CASSYSDNEQFF,CASSYGDNEQFF
123,CASSYSDNEQFF,CASSYLDNEQFF
124,CASSLGSGNEQFF,CASSLGSGYNEQFF
125,CASSWGLTYEQYF,CASSWGQTYEQYF
126,CASSLQGGQPQHF,CASSQGGQPQHF
127,CSADGLAGSYEQYF,CSAEGLAGSYEQYF
128,CASSSQGYEQYF,CASSSQGSYEQYF
129,CASSIGQGMNTEAFF,CASSIGQGMRTEAFF
130,CASSIGQGMNTEAFF,CASSIGQGTNTEAFF
131,CASSIGQGMNTEAFF,CASSMGQGMNTEAFF
132,CASSIGQGMNTEAFF,CASSAGQGMNTEAFF
133,CSASRDQETQYF,CSASRDRETQYF
134,CASSYGSGTQYF,CASSYGSETQYF
135,CSASESPEAFF,CSASEGPEAFF
136,CASSSQGYEQYF,CASSPQGYEQYF
137,CASSLGANYGYTF,CASSLGNYGYTF
138,CSATSGKETQYF,CSATSGRETQYF
139,CASSLDDSGANVLTF,CASSLSDSGANVLTF
140,CASSQGGGTEAFF,CASSQGVGTEAFF
141,CASSLVIDEQFF,CASSLVGDEQFF
142,CASSPHGNEQFF,CASSPAGNEQFF
143,CASSYGSTDTQYF,CASSYGSGTDTQYF
144,CASSQEPDQPQHF,CASSQEPHQPQHF
145,CASSLSAGVNTEAFF,CASSLSAGMNTEAFF
146,CASSLVGNYEQYF,CASSLVGTYEQYF
147,CASSSNSYEQYF,CASSSSYEQYF
148,CASSLREYEQYF,CASSLRTYEQYF
149,CSARDWAGNSYEQYF,CSARDWAGASYEQYF
150,CASSYSDNEQFF,CASSYSGNEQFF
151,CASSLSSGGYNEQFF,CASSLVSGGYNEQFF
152,CASSLSSGGYNEQFF,CASSLSSGGINEQFF
153,CASSQGGYEQYF,CASSQGYEQYF
154,CASSQGGYEQYF,CASSYGGYEQYF
155,CASSQEQLYNEQFF,CASSQENLYNEQFF
156,CASSLWAGRTDTQYF,CASSLSAGRTDTQYF
157,CASSLDSMNTEAFF,CASSLDSSNTEAFF
158,CASSLAGGEQYF,CASSAGGEQYF
159,CASSLAGGEQYF,CASSLGGEQYF
160,CASSLGQGADEQYF,CASSLGQGNDEQYF
161,CASSSQGYEQYF,CASSSDGYEQYF
162,CASSLGGETQYF,CASSLGGDTQYF
163,CASSLQGYEQYF,CASSLGGYEQYF
164,CASSQGGNEQFF,CASSQGGGEQFF
165,CASSQGGNEQFF,CASSQGGNEQYF
166,CASSLQGYEQYF,CASSLGGYEQYF
167,CSASEEGAYNEQFF,CSASEGAYNEQFF
168,CASSQGGYEQYF,CASSQGGNEQYF
169,CASSDGNTEAFF,CASSDPNTEAFF
170,CASSFGSYEQYF,CASSLGSYEQYF
171,CASSQDDSYEQYF,CASSQGDSYEQYF
172,CSAGMNTEAFF,CSAGGNTEAFF
173,CASSPGTNYEQYF,CASSPGTTYEQYF
174,CASSQGGYEQYF,CASSQGYEQYF
175,CASSFGSYEQYF,CASSLGSYEQYF
176,CASSVGQGNQPQHF,CASSVGDGNQPQHF
177,CASSQGGGTEAFF,CASSQGGDGTEAFF
178,CASSPPDSYYEQYF,CASSPPDSLYEQYF
179,CASSFGSYEQYF,CASSFGFSYEQYF
180,CASSLGGAGYEQYF,CASSLGGAYEQYF
181,CASSLAGGEQYF,CASSLAGVEQYF
182,CASSLAGGEQYF,CASSLAGGYEQYF
183,CASSLAGGEQYF,CASSLAGIEQYF
184,CASSLAGGEQYF,CASSLAGYEQYF
185,CASSLAGGEQYF,CASSLAGTEQYF
186,CASSLGGEAYEQYF,CASSLGGAYEQYF
187,CASSSAGNEQFF,CASSLAGNEQFF
188,CASSLAGAGYTF,CASSLAGSGYTF
189,CASSLAGAGYTF,CASSLAGTGYTF
190,CASSLAGAGYTF,CASSLAGVGYTF
191,CASSLAGAGYTF,CASSLAGIGYTF
192,CASSLAGAGYTF,CASSLAGAQGYTF
193,CASSFAGAGELFF,CASSLAGAGELFF
194,CASSQESTGELFF,CASSQETGELFF
195,CASSFGNEQFF,CASSWGNEQFF
196,CASSQENTGELFF,CASSQETGELFF
197,CASSQVTGGYEQYF,CASSQVGTGGYEQYF
198,CASSPGTNYEQYF,CASSPGLNYEQYF
199,CASSSAGNEQFF,CASSLAGNEQFF
200,CASSLGVGYNEQFF,CASSLGTGYNEQFF
201,CASSPGGNEQFF,CASSPGTNEQFF
202,CASSFGHYEQYF,CASSFGPYEQYF
203,CASSLGGETQYF,CASSLIGETQYF
204,CASSYSNEQFF,CASSNSNEQFF
205,CSARDSGQGVYGYTF,CSARDAGQGVYGYTF
206,CASSEGSYEQYF,CASSESYEQYF
207,CASSFAGYEQYF,CASSFTGYEQYF
208,CASSRWMNTEAFF,CASSPWMNTEAFF
209,CASSPHGNEQFF,CASSPAGNEQFF
210,CASSYGSTDTQYF,CASSYYSTDTQYF
211,CSASDVDNEQFF,CSARDVDNEQFF
212,CASSYSGYEQYF,CASSYSGDEQYF
213,CASSLSVSNQPQHF,CASSLSVSQPQHF
214,CASSLGVGYNEQFF,CASSLGGYNEQFF
215,CASSLGGAGYEQYF,CASSLGGAPYEQYF
216,CASGLGGYNEQFF,CASSLGGYNEQFF
217,CASSSGSYEQYF,CASSSSSYEQYF
218,CSVTGNTEAFF,CSVTGLNTEAFF
219,CASSLKGGNEQFF,CASSLYGGNEQFF
220,CASSLGGETQYF,CASSLGGDTQYF
221,CASSHLQGVDTEAFF,CASSHLQGDTEAFF
222,CASSLGYNEQFF,CASRLGYNEQFF
223,CASSYGSTDTQYF,CASSYSTDTQYF
224,CASSQDRNEAFF,CASSQDRVEAFF
225,CASSQEEGFYEQYF,CASSQEEGTYEQYF
226,CASSPSVSYEQYF,CASSPSVSSYEQYF
227,CASSLDDSGANVLTF,CASSLDSGANVLTF
228,CASSLVIDEQFF,CASSLVLDEQFF
229,CSARRDSYEQYF,CSARYDSYEQYF
230,CASSFGHYEQYF,CASSFGYEQYF
231,CASSLLGTGELFF,CASSLGTGELFF
232,CASSLGGSTEAFF,CASSLVGSTEAFF
233,CASSRDSYEQYF,CASSLRDSYEQYF
234,CASSYGSGTQYF,CASSYGGTQYF
235,CASSLAYSNQPQHF,CASSLADSNQPQHF
236,CASSSNSYEQYF,CASSSGSYEQYF
237,CASSLGSPDTQYF,CASSLGASPDTQYF
238,CASSLGSPDTQYF,CASSLGPDTQYF
239,CASSATGGDGYTF,CASSFTGGDGYTF
240,CASSQGGNEQFF,CASSQGGFEQFF
241,CASSLEAYEQYF,CASSPEAYEQYF
242,CSVPGTGGGYTF,CSVPGTGEGYTF
243,CSVVGGDYGYTF,CSVVGDYGYTF
244,CSARRDSYEQYF,CSARPRDSYEQYF
245,CASSQGGNEQFF,CASSQTGGNEQFF
246,CASSDGNTEAFF,CASSDGGNTEAFF
247,CASSLDLNTEAFF,CASSLALNTEAFF
248,CSAQTESSYNEQFF,CSAQTVSSYNEQFF
249,CASSYGGGSYEQYF,CASSYGGSSYEQYF
250,CASSLVDSSYEQYF,CASSLVDDSYEQYF
251,CASSLEAYEQYF,CASSLESYEQYF
252,CASSLAYSNQPQHF,CASSLYSNQPQHF
253,CASSYTGGDIQYF,CASSYTGGDTQYF
254,CASSLGGAGYEQYF,CASSLGGGGYEQYF
255,CASSLGGVGYEQYF,CASSLGGGGYEQYF
256,CASSLQGYEQYF,CASSLQAGYEQYF
257,CSAPGTSSYNEQFF,CSAPGTRSYNEQFF
258,CASSYSGYEQYF,CASSYSGSYEQYF
259,CASSYSGYEQYF,CASSYSTGYEQYF
260,CASSQDEGNIQYF,CASSQAEGNIQYF
261,CASSPEDYNEQFF,CASSPTDYNEQFF
262,CASSFIGNTEAFF,CASSFGNTEAFF
263,CASSFMTGTYEQYF,CASSFRTGTYEQYF
264,CASSEGTSGTDTQYF,CASSEGVSGTDTQYF
265,CASSFSSSGNTIYF,CASSFSSSPGNTIYF
266,CATSDFGTDTQYF,CATSDPGTDTQYF
267,CASSVNTEAFF,CASSWNTEAFF
268,CASSLTAGSTDTQYF,CASSLTASSTDTQYF
269,CASSLGSGGNEQFF,CASSLGSGYNEQFF
270,CASSLTGGYTDTQYF,CASSLTGGSTDTQYF
271,CASSAGGYGYTF,CASSPGGYGYTF
272,CASSLGGGSTDTQYF,CASSLTGGSTDTQYF
273,CASSLGGGSTDTQYF,CASSLAGGSTDTQYF
274,CASSLGGGSTDTQYF,CASSLSGGSTDTQYF
275,CASSFMSYEQYF,CASSFSYEQYF
276,CASSLVGSYEQYF,CASSLVGSNYEQYF
277,CSARVVNTGELFF,CSARTVNTGELFF
278,CASSYVGGYGYTF,CASSYGGYGYTF
279,CASSFMNTEAFF,CASSFGNTEAFF
280,CASSLQGQETQYF,CASSLSGQETQYF
281,CASSITSGGFYEQYF,CASSITSGGSYEQYF
282,CATSRVYNEQFF,CATSRVGYNEQFF
283,CASSLGGGSTDTQYF,CASSLAGGSTDTQYF
284,CASSLGGGSTDTQYF,CASSLSGGSTDTQYF
285,CASSLMSYEQYF,CASSLSYEQYF
286,CASSLMSYEQYF,CASSLGSYEQYF
287,CASSLSSYEQYF,CASSLSYEQYF
288,CASSLSSYEQYF,CASSLGSYEQYF
289,CAISQSYEQYF,CAISESYEQYF
290,CASSPLIGYEQYF,CASSPLRGYEQYF
291,CASSPTGRTEAFF,CASSPTGPTEAFF
292,CASSPAGGGTDTQYF,CASSWAGGGTDTQYF
293,CASSYVGGPEAFF,CASSYAGGPEAFF
294,CASSYSSGSNNEQFF,CASSYSSGSGNEQFF
295,CASSRSSYEQYF,CASSLRSSYEQYF
296,CATSDLTGDEQFF,CATSDLLGDEQFF
297,CASSLSSYEQYF,CASSLRSSYEQYF
298,CASSLSENSPLHF,CASSLSDNSPLHF
299,CASSFEGSYEQYF,CASSFGSYEQYF
300,CASSLIGGEQYF,CASSLGGEQYF
301,CASSLVGGELFF,CASSLGGELFF
302,CASSLVGGELFF,CASSLGGELFF
303,CASSLVGGELFF,CASSLGGELFF
304,CASSLGGSDEQFF,CASSLGGDEQFF
305,CASSLVGGEQYF,CASSLGGEQYF
306,CASSGFSYEQYF,CASSGGSYEQYF
307,CASSPGTGSYEQYF,CASSGTGSYEQYF
308,CASSPGGTEAFF,CASSQGGTEAFF
309,CASSLRGGNTEAFF,CASSLGGNTEAFF
310,CASSLLVSNQPQHF,CASSLQVSNQPQHF
311,CASSLGGGSTDTQYF,CASSLGGASTDTQYF
312,CASSLGTDTQYF,CASSLSTDTQYF
313,CSVETTNTGELFF,CSVCETTNTGELFF
314,CASSVNTEAFF,CASSWNTEAFF
315,CASSLSGSYEQYF,CASSLSGTYEQYF
316,CASSRGSSYEQYF,CASSFGSSYEQYF
317,CASSQGWEQYF,CASSQGYEQYF
318,CASSLGNYEQYF,CASSQGNYEQYF
319,CASSLSTGNYGYTF,CASSLQTGNYGYTF
320,CASSQGGGGTDTQYF,CASSQAGGGTDTQYF
321,CASSLGGTYEQYF,CASSPGGTYEQYF
322,CASSLDPGAYNEQFF,CASSLDPDAYNEQFF
323,CASSPEDYNEQFF,CASSPDYNEQFF
324,CASSLIGGEQYF,CASSLIGDEQYF
325,CASSVLMNTEAFF,CASSVMNTEAFF
326,CASGGQPYNEQFF,CASGGPYNEQFF
327,CASSLVGGEQYF,CASSLVGDEQYF
328,CASSQEGVLEQYF,CASSQEGVHEQYF
329,CASSVVMNTEAFF,CASSVMNTEAFF
330,CASSLDISYEQYF,CASSLDIYYEQYF
331,CATSDLTADTQYF,CATSDLTRDTQYF
332,CATSDLTEDTQYF,CATSDLTRDTQYF
333,CASSAGSYEQYF,CASSLAGSYEQYF
334,CASSLIGGEQYF,CASSLAGGEQYF
335,CASSLVGGEQYF,CASSLAGGEQYF
336,CATSDLTGDEQFF,CATSDLTRDEQFF
337,CATSDLTGDEQFF,CATSDLTVDEQFF
338,CATSDLTGDEQFF,CATSDLTSDEQFF
339,CASSLGGTYEQYF,CASSLGGAYEQYF
340,CASSLGGTYEQYF,CASSLAGTYEQYF
341,CASSLGGTYEQYF,CASSLGGQTYEQYF
342,CATSDLMTDTQYF,CATSDLATDTQYF
343,CATSDLWTDTQYF,CATSDLATDTQYF
344,CASSPAGWYEQYF,CASSPGWYEQYF
345,CASSQDGSYEQYF,CASSQDVGSYEQYF
346,CASSLVDSGNTIYF,CASSLGDSGNTIYF
347,CASSLVLGEQYF,CASSLVGEQYF
348,CASSYVGGNTEAFF,CASSYSGGNTEAFF
349,CASSLGGTGELFF,CASSLTGTGELFF
350,CASSLVGYNEQFF,CASSLVGYGEQFF
351,CAISQSYEQYF,CAISESYEQYF
352,CASSFTGDYEQYF,CASSFTGYEQYF
353,CASSFPGSGNTIYF,CASSFQGSGNTIYF
354,CSVEVLNTGELFF,CSVEVGNTGELFF
355,CASSLVGGEQYF,CASSLVGVEQYF
356,CASSLRGSEQYF,CASSLRGSREQYF
357,CASSLLAGEQYF,CASSLLGEQYF
358,CASSPGTGSYEQYF,CASSPGTGLYEQYF
359,CASSSDYEQYF,CASSFDYEQYF
360,CASSFGDYEQYF,CASSFDYEQYF
361,CASSVVGNTEAFF,CASSVVGGNTEAFF
362,CASSPYYNEQFF,CASSLYYNEQFF
363,CASSLAGGSGETQYF,CASSLAGGRGETQYF
364,CASSLDPGAYNEQFF,CASSLDPGGYNEQFF
365,CASSPMNTEAFF,CASSPGNTEAFF
366,CASSLTGGAADTQYF,CASSLTGGADTQYF
367,CASSLGGGEQFF,CASSLGGDEQFF
368,CASSRSSYEQYF,CASSRVSYEQYF
369,CASSDTGNYGYTF,CASSDTDNYGYTF
370,CASSLSTGSTDTQYF,CASSLSQGSTDTQYF
371,CASSLVSSYNEQFF,CASSLVASSYNEQFF
372,CASSLIQGPTDTQYF,CASSLQGPTDTQYF
373,CASSYGGPYEQYF,CASSYEGPYEQYF
374,CASSLDLNSYNEQFF,CASSLLNSYNEQFF
375,CASSAGSYEQYF,CASSLGSYEQYF
376,CASSLVGGELFF,CASSLVDGELFF
377,CASSESAEGNQPQHF,CASSESAGNQPQHF
378,CASSLGGTYEQYF,CASSLGGSYEQYF
379,CASSPSGSEQFF,CASSPTSGSEQFF
380,CASSLRTEAFF,CASSLVRTEAFF
381,CATSRVYNEQFF,CATSRDYNEQFF
382,CASSVSGANVLTF,CASSVGANVLTF
383,CASSLSGSYEQYF,CASSSGSYEQYF
384,CASSYMNTEAFF,CASSYTNTEAFF
385,CASSVVGNTEAFF,CASSVVMNTEAFF
386,CASSVLMNTEAFF,CASSVVMNTEAFF
387,CASSLMSYEQYF,CASSLVSYEQYF
388,CASSLSSYEQYF,CASSLVSYEQYF
389,CASSYMNTEAFF,CASSSYMNTEAFF
390,CASSVSGNTEAFF,CASSVWGNTEAFF
391,CSADGLAGDYNEQFF,CSADGLAGDNEQFF
392,CASSQGGLETQYF,CASSQGGETQYF
393,CASSVVGNTEAFF,CASSVWGNTEAFF
394,CASSPGQGAYEQYF,CASSPGQGSYEQYF
395,CASSPGQGAYEQYF,CASSQGQGAYEQYF
396,CASSLSTGNYGYTF,CASSLTGNYGYTF
397,CASSLMSYEQYF,CASSLESYEQYF
398,CASSLMSYEQYF,CASSLISYEQYF
399,CASSLSSYEQYF,CASSLESYEQYF
400,CASSLSSYEQYF,CASSLISYEQYF
401,CASSLSGSYEQYF,CASSLTSGSYEQYF
402,CASSPTTGELFF,CASSPYTGELFF
403,CASSLSLTGNEQFF,CASSLSLEGNEQFF
404,CASSLVGGELFF,CASSLVSGELFF
405,CASSVVGNTEAFF,CASSVVGKNTEAFF
406,CASSLVGGELFF,CASSLGGGELFF
407,CASSLGGGEQFF,CASSLGGGELFF
408,CATSDFGTDTQYF,CATSDFGDTDTQYF
409,CASSQDLNNEQFF,CASSQDLANEQFF
410,CASSYSTSGYEQYF,CASSYSSGYEQYF
411,CASSLGGTYEQYF,CASSLGGYEQYF
412,CASSLSGSYEQYF,CASSLSGDSYEQYF
413,CASSDNQETQYF,CASSVNQETQYF
414,CASSLGNEQFF,CASSALGNEQFF
415,CASSVAGGELFF,CASSVAGGEAFF
416,CASSVSDTQYF,CASSVGSDTQYF
417,CASSVGNEQFF,CASSVAGNEQFF
418,CASSVGNEQFF,CASSVGGNEQFF
419,CASSLTNTEAFF,CASSLGNTEAFF
420,CASSVANEQFF,CASSVAGNEQFF
421,CASSVANEQFF,CASSVADNEQFF
422,CASSQAPGSYEQYF,CASSQAPGQSYEQYF
423,CASSVGGDTQYF,CASSVGEDTQYF
424,CASSVGGDTQYF,CASSVGSDTQYF
425,CASSQVTGQPQHF,CASSQVGQPQHF
426,CASSVGGNEQFF,CASSVAGNEQFF
427,CASSVGGNEQFF,CASSVGGKNEQFF
428,CASSVGDTQYF,CASSVGEDTQYF
429,CASSVGDTQYF,CASSVGSDTQYF
430,CASSVADEQFF,CASSVADNEQFF
431,CASSVGGEQFF,CASSVGGNEQFF
432,CASSVGETQYF,CASSVGEDTQYF
433,CASSQEGTASYEQYF,CASSQEGSASYEQYF
434,CASSVGDEQFF,CASSVGFDEQFF
435,CASSLGTEAFF,CASSWGTEAFF
436,CASSYGQGETQYF,CASSYGGETQYF
437,CASSRGYEQYF,CASSRDGYEQYF
438,CASSSSGTSYNEQFF,CASSSSGSYNEQFF
439,CASSPQGYEQYF,CASSPVGYEQYF
440,CASSVGETQYF,CASSVAGETQYF
441,CASSVGNTIYF,CASSVSGNTIYF
442,CASSFGGVEQFF,CASSFGGVEAFF
443,CASSVGGAEQYF,CASSVGGYEQYF
444,CASSVGGGEQYF,CASSVGGYEQYF
445,CASSVGGNEQFF,CASSVGGYNEQFF
446,CASSVGGSEQYF,CASSVGGYEQYF
447,CASSVGGEQYF,CASSVGGYEQYF
448,CASSVTDTQYF,CASSDTDTQYF
449,CASSTTDTQYF,CASSDTDTQYF
450,CASSVGYEQYF,CASSVGGYEQYF
451,CASSESGTGGHEQFF,CASSESGTGGNEQFF
452,CASSPYNNEQFF,CASSPHNNEQFF
453,CASSLGAEQYF,CASSLGHEQYF
454,CASSGSSYNEQFF,CASSGSGYNEQFF
455,CASSVGGGTYNEQFF,CASSVGGGYNEQFF
456,CASSLGQGWDEQYF,CASSLGQGNDEQYF
457,CASSTGGELFF,CASSGGGELFF
458,CASSAGYEQYF,CASSAGSYEQYF
459,CASTGTDYNEQFF,CASSGTDYNEQFF
460,CASSVGGELFF,CASSGGGELFF
461,CASSPGTEAFF,CASSHGTEAFF
462,CASSLGGEAFF,CASSLGGELFF
463,CASSLGGEAFF,CASSLGGAAFF
464,CASSLGGEAFF,CASSLGGELFF
465,CASSLGGEAFF,CASSLGGELFF
466,CASSLGGEAFF,CASSLGSEAFF
467,CASSGSAYNEQFF,CASSGSGYNEQFF
468,CASSVGGNEQFF,CASSVGGYNEQFF
469,CASSEGGDTEAFF,CASSEGGSTEAFF
470,CASSLAGASGYTF,CASSLGASGYTF
471,CASSVGGSTEAFF,CASSPGGSTEAFF
472,CASSVGGSTEAFF,CASSSGGSTEAFF
473,CASSVGGSTEAFF,CASSEGGSTEAFF
474,CASSVGGSTEAFF,CASSAGGSTEAFF
475,CASSVGGSTEAFF,CASSTGGSTEAFF
476,CASSVGSGSYEQYF,CASSVGGSYEQYF
477,CASSVGSGSYEQYF,CASSVGSGRYEQYF
478,CASSVGSGSYEQYF,CASSVGSSYEQYF
479,CASSVGGSEQYF,CASSVGGSNEQYF
480,CASSVGGSEQYF,CASSVGGSYEQYF
481,CASSLHSNTGELFF,CASSLNSNTGELFF
482,CASSVASSYEQYF,CASSVGSSYEQYF
483,CASSVGDEQFF,CASSVGLDEQFF
484,CASSLAVYEQYF,CASSLAYEQYF
485,CASSLAVYEQYF,CASSLGVYEQYF
486,CASSLALEQYF,CASSLAYEQYF
487,CASSLAVYNEQFF,CASSLAGYNEQFF
488,CASSPGTEAFF,CASSPIGTEAFF
489,CASSPRDGPYEQYF,CASSPRDGSPYEQYF
490,CASSLAGTDTQYF,CASSLALTDTQYF
491,CASSGLGDNEQFF,CASSPLGDNEQFF
492,CASSLPGDPYEQYF,CASSLPAGDPYEQYF
493,CASSEGLRPYEQYF,CASSEGLGPYEQYF
494,CASSPTDYNEQFF,CASSPDYNEQFF
495,CASSPGTEAFF,CASSQGTEAFF
496,CASSQGYEQYF,CASSLGYEQYF
497,CASSRGYEQYF,CASSLGYEQYF
498,CASSVGNEQFF,CASSVRGNEQFF
499,CASSLRQGAYEQYF,CASSLRQGYEQYF
500,CASSLRQGAYEQYF,CASSLRQAYEQYF
501,CASSVGGNEQFF,CASSVRGNEQFF
502,CSVAETGELFF,CSVQETGELFF
503,CASSEGSGYEQYF,CASSEGSYEQYF
504,CASSFISGYNEQFF,CASSFPSGYNEQFF
505,CASSPLHNEQFF,CASSLLHNEQFF
506,CASSPTLVPYEQYF,CASSPTGVPYEQYF
507,CASSQTENTEAFF,CASSQLENTEAFF
508,CASSLGTEAFF,CASSLGVEAFF
509,CASSPAYEQYF,CASSPASYEQYF
510,CASSLEVGQETQYF,CASSLEVGGETQYF
511,CASSLEGQQNTEAFF,CASSLEGQVNTEAFF
512,CASSLGTEAFF,CASSSGTEAFF
513,CASSLGATYEQYF,CASSLGQTYEQYF
514,CASSTGYEQYF,CASSTDGYEQYF
515,CASSVGYEQYF,CASSVDGYEQYF
516,CASSEGTGLYEQYF,CASSEGTGRLYEQYF
517,CASSPGTTYEQYF,CASSPGSTYEQYF
518,CASSAGSSYNEQFF,CASSASGSSYNEQFF
519,CASSVAQEQFF,CASSVAREQFF
520,CASSVGEAQYF,CASSVGETQYF
521,CASSVGGAEQYF,CASSVGGAYEQYF
522,CASSLGTEAFF,CASSRGTEAFF
523,CASSVGGTQYF,CASSVGETQYF
524,CASSVGGELFF,CASSVGAGELFF
525,CASSVGGGEQYF,CASSVGGGYEQYF
526,CASSVGNEQFF,CASSVGGNEQFF
527,CASSVANEQFF,CASSVAREQFF
528,CASSTGETQYF,CASSVGETQYF
529,CASSASGSSYNEQFF,CASSPSGSSYNEQFF
530,CASSVAGELFF,CASSVGAGELFF
531,CASSLGETQYF,CASSVGETQYF
532,CASSVSETQYF,CASSVGETQYF
533,CSARKISSYEQYF,CSARKRSSYEQYF
534,CASRLTRGYNEQFF,CASSLTRGYNEQFF
535,CASSVGDTQYF,CASSVGETQYF
536,CASSVGGGADQPQHF,CASSVGGADQPQHF
537,CASSVGEQQYF,CASSVGETQYF
538,CASSVADEQFF,CASSVAREQFF
539,CASSESTGELFF,CASSVSTGELFF
540,CASSVGSGSYEQYF,CASSVGSGHYEQYF
541,CASSLGGLSYEQYF,CASSLGGPSYEQYF
542,CASSVGAANTEAFF,CASGVGAANTEAFF
543,CASSVGGEQFF,CASSVGGNEQFF
544,CASSVAEEQFF,CASSVAREQFF
545,CASSVGQTQYF,CASSVGETQYF
546,CASWGIQETQYF,CASSGIQETQYF
547,CASSYGQGETQYF,CASSYGGETQYF
548,CASSPSGSGYEQYF,CASSPSGSYEQYF
549,CSVVNTGELFF,CSVGNTGELFF
550,CASSPRDGPYEQYF,CASSPRDLGPYEQYF
551,CASSPGAGELFF,CASSPAGELFF
552,CASSRGSGSYEQYF,CASSRGSGSSYEQYF
553,CASSLAGPDTQYF,CASSLAPDTQYF
554,CASSYGQGETQYF,CASSYGNGETQYF
555,CASSLTNTEAFF,CASSLTVNTEAFF
556,CASSVGGNEQFF,CASSVGWGNEQFF
557,CASSEGGDTEAFF,CASSEGGGTEAFF
558,CASSGLAGAGELFF,CASSGLAGTGELFF
559,CASSVGSGSYEQYF,CASSVGSGSSYEQYF
560,CASSLAGGPYEQYF,CASSLAGPYEQYF
561,CASSVGSGSYEQYF,CASSVGQGSYEQYF
562,CASSVVGRSTDTQYF,CASSVVGHSTDTQYF
563,CASSLGGLNTEAFF,CASSLGELNTEAFF
564,CASSLVGTGNTIYF,CASSLVGAGNTIYF
565,CASSPAGTEAFF,CASSPPGTEAFF
566,CASSLNSNQPQHF,CASSLDSNQPQHF
567,CASSIVAGGNTEAFF,CASSIAAGGNTEAFF
568,CASSLAGSSYEQYF,CASSLQGSSYEQYF
569,CASSVAEETQYF,CASSVAGETQYF
570,CASSEGLNEQFF,CASSEGLHNEQFF
571,CASSVGGKNEQFF,CASSVGGYNEQFF
572,CASSLRGNQETQYF,CASSLRDGNQETQYF
573,CASSLGGYEQYF,CASSLLGGYEQYF
574,CASSLGGYEQYF,CASSLQGGYEQYF
575,CASSMDRWTEAFF,CASSMDRGTEAFF
576,CASSLGGTEAFF,CASSLWGTEAFF
577,CASSVGGNEQFF,CASSVGGYNEQFF
578,CASSVDRYNEQFF,CASSVDSYNEQFF
579,CASSLGGNTEAFF,CASSLQGNTEAFF
580,CASSPPRETQYF,CASSPPGETQYF
581,CASSLAVGETQYF,CASSLAGGETQYF
582,CASSGGLDGELFF,CASSGGLGELFF
583,CASSGGASYEQYF,CASSVGGASYEQYF
584,CASSGGASYEQYF,CASSGGSYEQYF
585,CASSVVGSGELFF,CASSVGGSGELFF
586,CASSVGGKNEQFF,CASSVGGYNEQFF
587,CASSVSGTGELFF,CASSVPGTGELFF
588,CASSVDGTGELFF,CASSVPGTGELFF
589,CASSVGGNEQFF,CASSVGGYNEQFF
590,CSARDLRGYGYTF,CSARDLRVYGYTF
591,CASSFGNTEAFF,CASSRGNTEAFF
592,CASSQGGSEQYF,CASSLGGSEQYF
593,CASSQGGSEQYF,CASSQGGNEQYF
594,CASSYPSYEQYF,CASSYSYEQYF
595,CASSIRSAYEQYF,CASSIRSSYEQYF
596,CASSFDSYEQYF,CASSFSYEQYF
597,CASSLNSNQPQHF,CASGLNSNQPQHF
598,CASSGPTYEQYF,CASSPTYEQYF
599,CASSVAGNEQFF,CASSVAGPNEQFF
600,CSAGPMNTEAFF,CSAGVMNTEAFF
601,CASSVAGNEQFF,CASSVRGNEQFF
602,CASSLGNTEAFF,CASSFGNTEAFF
603,CASSFGTEAFF,CASSFGNTEAFF
604,CASSLAGPEAFF,CASSLAGIEAFF
605,CASSLAGPEAFF,CASSLAGVEAFF
606,CASSLAGPEAFF,CASSLAGSEAFF
607,CASSLAGPEAFF,CASSLAGAEAFF
608,CASSLAGPEAFF,CASSLAGTEAFF
609,CASSVGGNEQFF,CASSVRGNEQFF
610,CASSLAGVEAFF,CASSLAGIEAFF
611,CASSLAGVEAFF,CASSLAGVELFF
612,CASSLAGVEAFF,CASSIAGVEAFF
613,CASSLAGVEAFF,CASSLAGSEAFF
614,CASSLAGVEAFF,CASSLAGAEAFF
615,CASSLAGVEAFF,CASSLAGVGAFF
616,CASSLAGVEAFF,CASSLAGVGEAFF
617,CASSLAGVEAFF,CASSLAGVELFF
618,CASSLAGVEAFF,CASSLAGVEQFF
619,CASSLAGVEAFF,CASSLAGTEAFF
620,CASSLNSNQPQHF,CASSLGSNQPQHF
621,CASSYSRGNEQFF,CASSYSRGDEQFF
622,CASSYSRGEQFF,CASSYSRGDEQFF
623,CASSSTASYEQYF,CASSSTDSYEQYF
624,CASSLVLNTGELFF,CASSLRLNTGELFF
625,CASSLAGPEAFF,CASSLAGTEAFF
626,CASSPGQAQETQYF,CASSPGQWQETQYF
627,CASSETRETQYF,CASSETRQETQYF
628,CASSLAGVEAFF,CASSLAGTEAFF
629,CASSLGNTEAFF,CASSLWGNTEAFF
630,CASSLPGQPYEQYF,CASSQPGQPYEQYF
631,CASSLARNEQFF,CASSLANEQFF
632,CASSQDLSAYEQYF,CASSQDLTAYEQYF
633,CASSYGPSEQYF,CASSYGPAEQYF
634,CASSGGNTEAFF,CASSGPNTEAFF
635,CASSYSSSYEQYF,CASSSSSYEQYF
636,CASSYSSSYEQYF,CASSYSSPYEQYF
637,CASSLNSNQPQHF,CASSLGSNQPQHF
638,CASSLGGLNTEAFF,CASSLGTGLNTEAFF
639,CASSLNSNQPQHF,CASSLGSNQPQHF
640,CASSLAVGETQYF,CASSLAQGETQYF
641,CASSMMLNTEAFF,CASSMLNTEAFF
642,CASSLNSNQPQHF,CASSLNNNQPQHF
643,CASSPPRETQYF,CASSPPEETQYF
644,CASSVAGNEQFF,CASSVGGNEQFF
645,CASSLGNTEAFF,CASSRGNTEAFF
646,CASSGGASYEQYF,CASSGGNSYEQYF
647,CASSVGGKNEQFF,CASSVGGNEQFF
648,CASSVSGTGELFF,CASSVSTGELFF
649,CASSVGEDTQYF,CASSVGETQYF
650,CASSLGPTYEQYF,CASSLSPTYEQYF
651,CASSPRDRVNEQYF,CASSPADRVNEQYF
652,CASSPVDRVYEQYF,CASSPPDRVYEQYF
653,CASSLRRDEQFF,CASSLRVDEQFF
654,CASSLGNTEAFF,CASSLGNNEAFF
655,CASSLGNTEAFF,CASSLGGTEAFF
656,CASSYSRGNEQFF,CASSYVRGNEQFF
657,CASSVGGKNEQFF,CASSVGGKGEQFF
658,CASSVGGKNEQFF,CASSVGGKVNEQFF
659,CASSLGGNTEAFF,CASSLGVNTEAFF
660,CASSVGGNEQFF,CASSVGWGNEQFF
661,CASSLAGSEQYF,CASSLDGSEQYF
662,CASSPEASYEQYF,CASSPESSYEQYF
663,CASSYSSSYEQYF,CASSYSISYEQYF
664,CASSPPGNEQFF,CASSLPGNEQFF
665,CASSYGLNTEAFF,CASSYQGLNTEAFF
666,CASSLNSNQPQHF,CASSLYSNQPQHF
667,CASSMGQGTYEQYF,CASSMGQGTVYEQYF
668,CASSMGQGTYEQYF,CASSMGQGQTYEQYF
669,CASSMGQGTYEQYF,CASSMGQGVTYEQYF
670,CASSLQLNTEAFF,CASSLQGNTEAFF
671,CASSVVADTDTQYF,CASSVVASTDTQYF
672,CASSYGQGETQYF,CASSYGGETQYF
673,CASSLQLNTEAFF,CASSLQGNTEAFF
674,CASSLSTGNTIYF,CASSLSGNTIYF
675,CASSFGYEQYF,CASSQGYEQYF
676,CASSFGYEQYF,CASSNGYEQYF
677,CASSLGGYEQYF,CASSLGQGYEQYF
678,CASSLGGYEQYF,CASGLGGYEQYF
679,CASSLGGYEQYF,CASSLGIGYEQYF
680,CASGLGTYEQYF,CASGLGGYEQYF
681,CASSPSSYEQYF,CASSSSYEQYF
682,CASSLDSNQPQHF,CASSLLDSNQPQHF
683,CASSLAGSSYNEQFF,CASSLAGSYNEQFF
684,CASSLTAGNTEAFF,CASSLTPGNTEAFF
685,CASSLTAGNTEAFF,CASSLTVGNTEAFF
686,CASSYGGGELFF,CASSGGGELFF
687,CASSSTGGLYNEQFF,CASSSTGGAYNEQFF
688,CAIGGTGGTGELFF,CAGGTGGTGELFF
689,CASSLAQGNTGELFF,CASSLGQGNTGELFF
690,CASSPGVGNQPQHF,CASSPGVYGNQPQHF
691,CASSLGEYTDTQYF,CASSLGPYTDTQYF
692,CASSQGGQPQHF,CASSSGGQPQHF
693,CASSQVAGGETQYF,CASSQVAGGQETQYF
694,CASSPGGQPQHF,CASSSGGQPQHF
695,CASGLAAYEQYF,CASGLLAYEQYF
696,CASSSGYEQYF,CASSPSGYEQYF
697,CASSLVSGELFF,CASSLVPGELFF
698,CASSQAGAEAFF,CASSQAGAAEAFF
699,CASSLGGTDTQYF,CASSLGTGTDTQYF
700,CASSQDPGMNTEAFF,CASSQDPGLNTEAFF
701,CASSLGHEQYF,CASSLGNEQYF
702,CASSLYTGSNTEAFF,CASSLTGSNTEAFF
703,CASSFPGAEQYF,CASSFVGAEQYF
704,CASSQDPGVNTEAFF,CASSQDPGLNTEAFF
705,CASSQDPALNTEAFF,CASSQDPGLNTEAFF
706,CASSYTNTGELFF,CASSYSNTGELFF
707,CASSLDSNQPQHF,CASSLGSNQPQHF
708,CASSLARDTSYEQYF,CASSLARDSYEQYF
709,CATSDRDSYEQYF,CATSDLDSYEQYF
710,CASSLGLAGGNEQFF,CASSLGLAGGYEQFF
711,CASSFGYEQYF,CASSFTGYEQYF
712,CASSLGTGINEQFF,CASSLGTGYNEQFF
713,CASSPAGAYEQYF,CASSPGGAYEQYF
714,CASSYSAGDTGELFF,CASSYSLGDTGELFF
715,CASSYLDNEQFF,CASSLDNEQFF
716,CASSPPGSEQFF,CASSPPGQEQFF
717,CASSLGVGYNEQFF,CASSLGTGYNEQFF
718,CASSSTGGLYNEQFF,CASSSTGGGYNEQFF
719,CASSLGSGYNEQFF,CASSLGTGYNEQFF
720,CASSLGIGYNEQFF,CASSLGTGYNEQFF
721,CATSDRDSYEQYF,CATSDRSSYEQYF
722,CASSLGTGYNEQYF,CASSLGTGYNEQFF
723,CASSIQGDNQPQHF,CASSLQGDNQPQHF
724,CASSLTGEAYEQYF,CASSLTEAYEQYF
725,CASSPDRANTEAFF,CASSPDRMNTEAFF
726,CASSLGVGNQPQHF,CASSLGGNQPQHF
727,CASSLGLYNEQFF,CASSLGGYNEQFF
728,CASSLGLYNEQFF,CASSLGPYNEQFF
729,CASSLGVGYNEQFF,CASSLGGYNEQFF
730,CASSLGVYNEQFF,CASSLGGYNEQFF
731,CASSLGVYNEQFF,CASSLGPYNEQFF
732,CASSLGSGYNEQFF,CASSLGGYNEQFF
733,CASSIGGNQPQHF,CASSLGGNQPQHF
734,CASSLGIGYNEQFF,CASSLGGYNEQFF
735,CASSLGTGVEYEQYF,CASSLGTGVVYEQYF
736,CASSLGTGVEYEQYF,CASSLGTGVSYEQYF
737,CASSLDSNQPQHF,CASSLGSNQPQHF
738,CASSRTSGNTDTQYF,CASSRTSGGTDTQYF
739,CASSSNTGELFF,CASSASNTGELFF
740,CASSVGISTDTQYF,CASSVGYSTDTQYF
741,CASSQVEVTGELFF,CASSQEEVTGELFF
742,CASSWGQTYEQYF,CASSLGQTYEQYF
743,CASSLDSNQPQHF,CASSLNSNQPQHF
744,CASSLDSNQPQHF,CASSLGSNQPQHF
745,CASSLGGTDTQYF,CASSLTGGTDTQYF
746,CASSLGGTDTQYF,CASSLGGPTDTQYF
747,CASSLGLNEQFF,CASSLGENEQFF
748,CASSSNTGELFF,CASSGNTGELFF
749,CASSLTSGIYNEQFF,CASSLTSGYNEQFF
750,CASSLTSGIYNEQFF,CASSLTSGSYNEQFF
751,CASSLSPGSEQYF,CASSLSPGEQYF
752,CASSLGLYNEQFF,CASSLTGLYNEQFF
753,CASSPLGGSYEQYF,CASSPLGGPYEQYF
754,CASSLGSGYNEQFF,CASSLTSGYNEQFF
755,CASSLDSNQPQHF,CASSLTDSNQPQHF
756,CASSLDSNQPQHF,CASSLDHSNQPQHF
757,CASSLGGTDTQYF,CASSLGTDTQYF
758,CASSLGGTDTQYF,CASSLGHTDTQYF
759,CASSLGLTDTQYF,CASSLFLTDTQYF
760,CASSLGLTDTQYF,CASSLGTDTQYF
761,CASSLGLTDTQYF,CASSLGHTDTQYF
762,CASSLSLRETQYF,CASSLSWRETQYF
763,CASSLGSGYNEQFF,CASSLGSSYNEQFF
764,CASSPGGQPQHF,CASSPEGGQPQHF
765,CASSSGTMNTEAFF,CASSSGMNTEAFF
766,CASSQVRYQETQYF,CASSQSRYQETQYF
767,CASSVGWTGTYEQYF,CASSVGWGGTYEQYF
768,CASSPGGTNTEQFF,CASSPGGTNEQFF
769,CASSLGQGIGYTF,CASSLGQGSGYTF
770,CASSLTASSTDTQYF,CASSLLASSTDTQYF
771,CASSLGVGTEAFF,CASSLSVGTEAFF
772,CASSLGVGTEAFF,CASSLGQGTEAFF
773,CASSYGQGETQYF,CASSYGGETQYF
774,CASSLDSNQPQHF,CASSLADSNQPQHF
775,CASSLYTGSNTEAFF,CASSLYTGANTEAFF
776,CASSLYTGSNTEAFF,CASSLYTGVNTEAFF
777,CASSYGQGETQYF,CASSYGNGETQYF
778,CASSLGLAAYNEQFF,CASSLGQAAYNEQFF
779,CSVDKQGSGNTIYF,CSVDGQGSGNTIYF
780,CASSLGGTDTQYF,CASSLGTDTQYF
781,CASSLGLNEQFF,CASSLGGLNEQFF
782,CASSLGLTDTQYF,CASSLGTDTQYF
783,CASSLGTGDQPQHF,CASSLGGDQPQHF
784,CASSLTAGNTEAFF,CASSLTTGNTEAFF
785,CASSLGSTDTQYF,CASSLGVSTDTQYF
786,CASSLDSNQPQHF,CASSLYSNQPQHF
787,CASSLLAATDTQYF,CASSLSLAATDTQYF
788,CASSPDSYEQYF,CASSPTSYEQYF
789,CASSLLAATDTQYF,CASSLLASTDTQYF
790,CASSPTSGGSYEQYF,CASSITSGGSYEQYF
791,CASSPGQEYEQYF,CASSPGQGYEQYF
792,CASSIGTGVTYEQYF,CASSIATGVTYEQYF
793,CASSIGQGNTYEQYF,CASSIGQGITYEQYF
794,CASSIGQGYTYEQYF,CASSIGQGITYEQYF
795,CASSAGQGITYEQYF,CASSIGQGITYEQYF
796,CASSKGQGITYEQYF,CASSIGQGITYEQYF
797,CASSKGQGITYEQYF,CASSAGQGITYEQYF
798,CASSAGQGTTYEQYF,CASSAGQGITYEQYF
799,CASSVGQGITYEQYF,CASSIGQGITYEQYF
800,CASSVGQGITYEQYF,CASSAGQGITYEQYF
801,CASSIGQGSTYEQYF,CASSIGQGITYEQYF
802,CASSIGQGITYEQYF,CASSAGQGITYEQYF
803,CASSIGQGMTYEQYF,CASSIGQGITYEQYF
804,CASSIGQGTTYEQYF,CASSIGQGITYEQYF
805,CASSIRDSYEQYF,CASSIRSSYEQYF
806,CASSLQGNTEAFF,CASSLSGNTEAFF
807,CASSIGVGTSYEQYF,CASSIVGTSYEQYF
808,CASSLQGNTEAFF,CASSLGQGNTEAFF
809,CASSMGAGGLYEQYF,CASSIGAGGLYEQYF
810,CASSIGRGTSYEQYF,CASSIGRGTYEQYF
811,CASSIGAGTLYEQYF,CASSIGAGGLYEQYF
812,CASSIGAGVVYEQYF,CASSIGTGVVYEQYF
813,CASSIGTGAVYEQYF,CASSIGTGVVYEQYF
814,CASSLQGNTEAFF,CASSLWQGNTEAFF
815,CASSTGTGTSYEQYF,CASSIGTGTSYEQYF
816,CASSIGTGDSYEQYF,CASSIGTGTSYEQYF
817,CASSVGTGTSYEQYF,CASSIGTGTSYEQYF
818,CASSIGEGTSYEQYF,CASSIGTGTSYEQYF
819,CASSIGTGVTYEQYF,CASSIGTGVVYEQYF
820,CASSIGTGVAYEQYF,CASSIGTGVVYEQYF
821,CASSIGTGKSYEQYF,CASSIGTGTSYEQYF
822,CASSIGQGVVYEQYF,CASSIGTGVVYEQYF
823,CASSIGTGVLYEQYF,CASSIGTGVVYEQYF
824,CASSIGRGTSYEQYF,CASSIGTGTSYEQYF
825,CASSIGTGLVYEQYF,CASSIGTGVVYEQYF
826,CASSPGTGTSYEQYF,CASSIGTGTSYEQYF
827,CASSRGTGTSYEQYF,CASSIGTGTSYEQYF
828,CASSIGVGTSYEQYF,CASSIGTGTSYEQYF
829,CASSIGTGESYEQYF,CASSIGTGTSYEQYF
830,CASSIGTGMSYEQYF,CASSIGTGTSYEQYF
831,CASSPGTGRRYEQYF,CASSPGTGVRYEQYF
832,CASSTGTGTSYEQYF,CASSTRTGTSYEQYF
833,CASSPDSYEQYF,CASSPDYEQYF
834,CASSMGLAGTDTQYF,CASSAGLAGTDTQYF
835,CASSIGAGVGTEAFF,CASSIEAGVGTEAFF
836,CASSIGAGFGNEQFF,CASSIGAGLGNEQFF
837,CASSIGAGAGNEQFF,CASSIGAGLGNEQFF
838,CASSIGAGTSTEQFF,CASSIGAGTSNEQFF
839,CASSIGAGTRNEQFF,CASSIGAGTSNEQFF
840,CASSIGVGSYNEQFF,CASSIVGSYNEQFF
841,CASSIGKSSYNEQFF,CASSIGGSSYNEQFF
842,CASSIGAGVRNEQFF,CASSIGAGVFNEQFF
843,CASSMGVGSSYEQYF,CASSMGVGSVYEQYF
844,CASSIGVSSYNEQFF,CASSIGGSSYNEQFF
845,CASSPGTGLSYEQYF,CASSPGTGSSYEQYF
846,CASSPGTGYSYEQYF,CASSPGTGSSYEQYF
847,CASSPGTGFSYEQYF,CASSPGTGSSYEQYF
848,CASSLGTGSSYEQYF,CASSPGTGSSYEQYF
849,CASSPGTGISYEQYF,CASSPGTGSSYEQYF
850,CASSPGTGTSYEQYF,CASSPGTGSSYEQYF
851,CASSPGTGESYEQYF,CASSPGTGSSYEQYF
852,CASSIGVGQAYEQYF,CASSIGPGQAYEQYF
853,CASSIGQGQAYEQYF,CASSIGPGQAYEQYF
854,CASSPTSGSYEQYF,CASSPGTSGSYEQYF
855,CASSIGQGGSYEQYF,CASSIGQGGSEQYF
856,CASSASGGSTDTQYF,CASSLSGGSTDTQYF
857,CASSLTGGSTDTQYF,CASSLAGGSTDTQYF
858,CASSLTGGSTDTQYF,CASSLSGGSTDTQYF
859,CASSLTGGSTDTQYF,CASSGTGGSTDTQYF
860,CASSLTGGSTDTQYF,CASSLTGGSADTQYF
861,CASSLTGGSTDTQYF,CASSQTGGSTDTQYF
862,CASSLAGGSTDTQYF,CASSLSGGSTDTQYF
863,CASSFTGREQYF,CASSFTGNEQYF
864,CASSFTGNIQYF,CASSFTGNEQYF
865,CASSSGGTEAFF,CASSFGGTEAFF
866,CASSFSETQYF,CASSFLSETQYF
867,CASSFSGNEQFF,CASSFSGTEQFF
868,CASSQERGGETQYF,CASSQEAGGETQYF
869,CASSFSYEQYF,CASSLSYEQYF
870,CASSFSYEQYF,CASSASYEQYF
871,CASSLLAGVNEQFF,CASSLLAGVYEQFF
872,CASSFGGTEAFF,CASSFGGAEAFF
873,CASSFGGTEAFF,CASSFGNTEAFF
874,CASSFGGTEAFF,CASSFGGGEAFF
875,CASSFGGTEAFF,CASSFGLTEAFF
876,CASSFGGTEAFF,CASSFGGGTEAFF
877,CASSFGGTEAFF,CASSFGATEAFF
878,CASSFGGTEAFF,CASSFGGVEAFF
879,CASSPTGASGDTQYF,CASSPTGASTDTQYF
880,CASSQRKYEQYF,CASSQRGYEQYF
881,CASSFTGASTDTQYF,CASSPTGASTDTQYF
882,CASSFTGASTDTQYF,CASSFSGASTDTQYF
883,CASSLSGGSTDTQYF,CASSLAGGSTDTQYF
884,CASSFAGLYEQYF,CASSFAGAYEQYF
885,CASSFAGLYEQYF,CASSLAGLYEQYF
886,CASSYGSYGYTF,CASSYGGYGYTF
887,CASSLTGNEQYF,CASSFTGNEQYF
888,CASSLTGNEQYF,CASSLTGPNEQYF
889,CASSSSGSSTDTQYF,CASSSSGHSTDTQYF
890,CASSSSGSSTDTQYF,CASSSSGSSSDTQYF
891,CASSSTGGSTDTQYF,CASSSTGWSTDTQYF
892,CASSSTGGSTDTQYF,CASSGTGGSTDTQYF
893,CASSSTGGSTDTQYF,CASSSTGGITDTQYF
894,CASSSTGGSTDTQYF,CASSQTGGSTDTQYF
895,CASSSTGGVTDTQYF,CASSSTGGITDTQYF
896,CASSFTGNEQFF,CASSFTGNEQYF
897,CASSFKGTEAFF,CASSFPGTEAFF
898,CSAMTGYGYTF,CSAWTGYGYTF
899,CASSPSGEQYF,CASSPGGEQYF
900,CASSPGGIQYF,CASSPGGEQYF
901,CASSFAGLYEQYF,CASSFAGIYEQYF
902,CASSPGGETQYF,CASSPGGEQYF
903,CASSLGSEQFF,CASSLGGEQFF
904,CASSLGNYGYTF,CASSLGNGYTF
905,CASSFTGSSYEQYF,CASSFGSSYEQYF
906,CSAIGGGSSYNEQFF,CSATGGGSSYNEQFF
907,CASSLVATGELFF,CASSLVAAGELFF
908,CASSQGGFEAFF,CASSQGGTEAFF
909,CASSYSHEQYF,CASSYTHEQYF
910,CASSLVGEKLFF,CASSLGEKLFF
911,CASSFSGDGYTF,CASSFGGDGYTF
912,CASSGGEKLFF,CASSLGEKLFF
913,CASSFGAYNEQFF,CASSFGTYNEQFF
914,CASSEGSYEQYF,CASSEGISYEQYF
915,CASSVGFDEQFF,CASSVGLDEQFF
916,CASSFGAYNEQFF,CASSFSAYNEQFF
917,CASSPQGYEQYF,CASSPQGDEQYF
918,CASSPQGYEQYF,CASSPSGYEQYF
919,CSVEQGTYEQYF,CSVEQGPYEQYF
920,CSVEGGGNEQFF,CSVEGGHNEQFF
921,CASSQAGETQYF,CASSQEGETQYF
922,CASSLSGPSYNEQFF,CASSLSGSYNEQFF
923,CASSLTGGSTDTQYF,CASSLTGASTDTQYF
924,CASSLQGNTEAFF,CASSLSGNTEAFF
925,CASSPGGEAFF,CASSMGGEAFF
926,CASSPGGEAFF,CASSQGGEAFF
927,CASSFTGASTDTQYF,CASSLTGASTDTQYF
928,CASSYDNEQFF,CASSLDNEQFF
929,CASSPGYEQYF,CASSPGTYEQYF
930,CASSPSGNTIYF,CASSFSGNTIYF
931,CASSLQGSSYEQYF,CASSTQGSSYEQYF
932,CASSLAGGSYNEQFF,CASSLAGGPYNEQFF
933,CASSLAGGSYNEQFF,CASSLAGGYYNEQFF
934,CASSLSGNTIYF,CASSFSGNTIYF
935,CASSLYTGGETQYF,CASSLMTGGETQYF
936,CASSFGPEQYF,CASSFGMPEQYF
937,CASSLSGEQFF,CASSLGGEQFF
938,CASSLGSEQFF,CASSLGGEQFF
939,CASSYGGETQYF,CASSYGRETQYF
940,CSVDRDTEAFF,CSVDPDTEAFF
941,CASSYGSETQYF,CASSYGRETQYF
942,CASSQVRDEQYF,CASSQVRDEQFF
943,CASSLTGELFF,CASSLGGELFF
944,CASSLQGNTEAFF,CASSLGQGNTEAFF
945,CASSPAGGEQFF,CASSPAGNEQFF
946,CASSLADTQYF,CASSLTDTQYF
947,CASSPAGDEQFF,CASSPAGNEQFF
948,CASSLAGELFF,CASSLGGELFF
949,CASSLYLGYEQYF,CASSLSLGYEQYF
950,CASSFANEQFF,CASSLANEQFF
951,CASSFSPGELFF,CASSFSPGEQFF
952,CASSFSPGELFF,CASSFLPGELFF
953,CASSLVDTQYF,CASSLTDTQYF
954,CASSLGETQYF,CASLLGETQYF
955,CASSFGGDTQYF,CASSFGTDTQYF
956,CASSITDTQYF,CASSLTDTQYF
957,CASSTTGAEQYF,CASSWTGAEQYF
958,CASSLGSEQFF,CASSLGHEQFF
959,CASSLSVEQFF,CASSLSVAEQFF
960,CASSLTGNEQYF,CASSLTGEQYF
961,CASSFSGELFF,CASSFGGELFF
962,CASSYPGYEQYF,CASSYLGYEQYF
963,CASSYDNEQFF,CASSGDNEQFF
964,CASSYDNEQFF,CASSSDNEQFF
965,CASSYDNEQFF,CASSLDNEQFF
966,CASSQAGETQYF,CASSQAGMETQYF
967,CASSQAGETQYF,CASSPAGETQYF
968,CASSFGLDTQYF,CASSFGGDTQYF
969,CASSLQGNTEAFF,CASSLWQGNTEAFF
970,CASSFVYEQFF,CASSFNYEQFF
971,CASSPSGNTIYF,CASSPGSGNTIYF
972,CASSQGLPGADTQYF,CASSQGLLGADTQYF
973,CASSVEGGGTEAFF,CASSVVGGGTEAFF
974,CASSPTGETQYF,CASSPTQETQYF
975,CSVDRDTEAFF,CSVDRNTEAFF
976,CASSFSGELFF,CASSFSPGELFF
977,CSVEAGTGFEQYF,CSVEAGTGEQYF
978,CASSYGSAEQYF,CASSYGPAEQYF
979,CASSQGGETQYF,CASSLQGGETQYF
980,CASSLTGGSTDTQYF,CASSLTGGSDTQYF
981,CASSLTGAAPDTQYF,CASSLTGAADTQYF
982,CASSSFDEQFF,CASSYSFDEQFF
983,CASSLAGGSTDTQYF,CASSLAGESTDTQYF
984,CASSAVNTGELFF,CASSASNTGELFF
985,CASSYSDEQFF,CASSYSFDEQFF
986,CASSLSGEKLFF,CASSLGGEKLFF
987,CASSSGGTEAFF,CASSSGTEAFF
988,CASSLEGEKLFF,CASSLGGEKLFF
989,CASSFGGTEAFF,CASSFGGAEAFF
990,CASSLAGEKLFF,CASSLGGEKLFF
991,CASSLTGEKLFF,CASSLGGEKLFF
992,CASSPGGYGYTF,CASSPGEGYGYTF
993,CASSPAGTTNYGYTF,CASSPGTTNYGYTF
994,CASSWGTEAFF,CASSSGTEAFF
995,CASSLSDSGANVLTF,CASSLDSGANVLTF
996,CASSPDEDTQYF,CASSPDREDTQYF
997,CASSLVGDEQFF,CASSLVLDEQFF
998,CASSLYSTDTQYF,CASSIYSTDTQYF
999,CASSLYSTDTQYF,CASSLYNTDTQYF
1000,CASSILAGNYNEQFF,CASSILAGPYNEQFF
1001,CASSFSYEQYF,CASSFGYEQYF
1002,CASSIGGGNEQFF,CASSTGGGNEQFF
1003,CASSFVGEQFF,CASSFLGEQFF
1004,CSVARDTEAFF,CSVARGTEAFF
1005,CASSVAGETQYF,CASSVGETQYF
1006,CASSLGSEQFF,CASSLGNEQFF
1007,CASSALAGGLNEQFF,CASSGLAGGLNEQFF
1008,CASSVGGGTYEQYF,CASSVGGGYEQYF
1009,CASSVGGGTYEQYF,CASSVGWGGTYEQYF
1010,CASSWGTEAFF,CASSRGTEAFF
1011,CASSFSSEQYF,CASSFSHEQYF
1012,CASSYSHEQYF,CASSFSHEQYF
1013,CASSLAGGSYNEQFF,CASSLAGSYNEQFF
1014,CASSYSGETQYF,CASSYGGETQYF
1015,CASSLGTLEQYF,CASSLSTLEQYF
1016,CASSQGYEQFF,CASSQGYEQYF
1017,CASSFSYEQYF,CASSFSHEQYF
1018,CASSFSVEQYF,CASSFSHEQYF
1019,CASSQGPEQYF,CASSQGYEQYF
1020,CASSPGGGEQFF,CASSPGGGEQYF
1021,CASSYGGETQYF,CASSYGGTQYF
1022,CASSYGGTEQYF,CASSYGGTQYF
1023,CASSYGSETQYF,CASSYGGETQYF
1024,CASSFTGNEQFF,CASSTTGNEQFF
1025,CASSLAGAEQYF,CASSLAGAGEQYF
1026,CASSSTGNEQFF,CASSTTGNEQFF
1027,CASSYSETQYF,CASSYSQETQYF
1028,CASSLGTGGYEQYF,CASSLAGTGGYEQYF
1029,CASSQGYEQFF,CASSQGYEQYF
1030,CASSYGGSSYNEQFF,CASSYSGSSYNEQFF
1031,CASSVEGGGTEAFF,CASSEGGGTEAFF
1032,CASSQGPEQYF,CASSQGYEQYF
1033,CASSYGGETQYF,CASSYGNGETQYF
1034,CASSLTGELFF,CASSLVGELFF
1035,CASSQVGETQYF,CASSQGGETQYF
1036,CASSQDLQGHEQYF,CASSQDLQGFEQYF
1037,CASSYSEGVTEAFF,CASSYSAGVTEAFF
1038,CASSLAGELFF,CASSLVGELFF
1039,CASSQLAGGTDTQYF,CASSQLAGGPDTQYF
1040,CASSFYGAAAFF,CASSFYGAAEAFF
1041,CASSLASEQYF,CASSLANEQYF
1042,CASSLAGGGADTQYF,CASSLAGGADTQYF
1043,CASSLYSTDTQYF,CASSLYVTDTQYF
1044,CASSYSGETQYF,CASSYSMGETQYF
1045,CASSYGGSSYNEQFF,CASSYSGSSYNEQFF
1046,CSVEQGTYEQYF,CSVEGGTYEQYF
1047,CASSPGYEQYF,CASSVGYEQYF
1048,CASSDTYEQYF,CASSDNYEQYF
1049,CATSDFGGNTGELFF,CATSDLGGNTGELFF
1050,CASSFAGAYEQYF,CASSFAGIYEQYF
1051,CASSRLAGGYNEQFF,CASSLLAGGYNEQFF
1052,CATSDLTGNTGELFF,CATSDLGGNTGELFF
1053,CASSWPGTGELFF,CASSFPGTGELFF
1054,CASSLLAGIYNEQFF,CASSLLAGGYNEQFF
1055,CASSQDGGLEAFF,CASSQAGGLEAFF
1056,CASSLSAGGYGEQYF,CASSLSAGGYEQYF
1057,CASSLTGPSYEQYF,CASSLTGPSSYEQYF
1058,CASSVGGYNEQFF,CASSVGGGYNEQFF
1059,CASSVGGYNEQFF,CASSVGGSYNEQFF
1060,CASSVGGYEQYF,CASSVGGDYEQYF
1061,CASSVGGYEQYF,CASSVGGSYEQYF
1062,CASSLDSGGTGELFF,CASSLDTGGTGELFF
1063,CASSTGQGAEAFF,CASSLGQGAEAFF
1064,CASSPDGYEQYF,CASSPGGYEQYF
1065,CASSLSYEQYF,CASSLFSYEQYF
1066,CASSFGGYEQYF,CASSFGGGEQYF
1067,CASSLEGGYGYTF,CASSLGGYGYTF
1068,CASSFGGHGYTF,CASSFGGDGYTF
1069,CASSLMWGNNEQFF,CASSLMGNNEQFF
1070,CATSDGYEQYF,CATSDTYEQYF
1071,CASSLSYEQFF,CASSLSYEQYF
1072,CASSQGYEQYF,CASSLGYEQYF
1073,CASSLYTYEQYF,CASSLTYEQYF
1074,CASSQTGGGTEAFF,CASSQTGGWTEAFF
1075,CASSLGTSGETQYF,CASSLGTSVETQYF
1076,CASSLTGPSYEQYF,CASSLLGPSYEQYF
1077,CASSLTGPSYEQYF,CASSPTGPSYEQYF
1078,CASSPTGASTDTQYF,CASSLTGASTDTQYF
1079,CASSLGQGYEQYF,CASSLGQSYEQYF
1080,CASSQGYEQYF,CASSQDYEQYF
1081,CASSVDSYEQYF,CASSRDSYEQYF
1082,CASSVDSYEQYF,CASSLDSYEQYF
1083,CASSATGAGTDTQYF,CASSRTGAGTDTQYF
1084,CASGLGGYEQYF,CASGLGRGYEQYF
1085,CASSRTGAVTDTQYF,CASSRTGAGTDTQYF
1086,CASSLGQGYEQYF,CASSLRQGYEQYF
1087,CASSLYTDTQYF,CASSLYRTDTQYF
1088,CASSFGNNEQFF,CASSFGINEQFF
1089,CASSLSYEQYF,CASSLSNYEQYF
1090,CASSLSYEQYF,CASSLSRYEQYF
1091,CASSLSYEQYF,CASSLNYEQYF
1092,CSVDPGGYGYTF,CSVDPGNYGYTF
1093,CASSIVGTNTEAFF,CASSIGTNTEAFF
1094,CAISEGYEQYF,CAISESYEQYF
1095,CASSSSYEQYF,CASYSSSYEQYF
1096,CASSSSYEQYF,CASFSSSYEQYF
1097,CASSLETGGTDTQYF,CASSLFTGGTDTQYF
1098,CASSDTYEQYF,CASSDTDYEQYF
1099,CASSTSYEQYF,CASSTSNEQYF
1100,CASSFSGSTDTQYF,CASSFEGSTDTQYF
1101,CASSHGTYEQYF,CASSQGTYEQYF
1102,CAISESSGGQETQYF,CAISESGGQETQYF
1103,CASSILAGHTDTQYF,CASSILAGATDTQYF
1104,CASSLTYEQYF,CASSLTGEQYF
1105,CASSLTYEQYF,CASSLTNYEQYF
1106,CASSSSYEQYF,CASSSLYEQYF
1107,CASSLSWETQYF,CASSLSVETQYF
1108,CASSDSYEQYF,CASSESYEQYF
1109,CASSPQYNEQFF,CASSPQNEQFF
1110,CASSQGGYEQYF,CASSQGTYEQYF
1111,CASSDTDSYEQYF,CASSDTDYEQYF
1112,CASSFGQGYEQYF,CASSFGGGYEQYF
1113,CASSTSYEQYF,CASSLTSYEQYF
1114,CASSTGNTEAFF,CASSPGNTEAFF
1115,CASSLLAGGYNEQFF,CASSLLAGTYNEQFF
1116,CASSLLAGGYNEQFF,CASSLLAGGRNEQFF
1117,CASSFGNTEAFF,CASSPGNTEAFF
1118,CASSLSYEQYF,CASSLTSYEQYF
1119,CASSLAGVDGYTF,CASSLAGEDGYTF
1120,CASSLAGGIHNEQFF,CASSLAGGIYNEQFF
1121,CASSFTGNEQYF,CASSFPGNEQYF
1122,CASSLGSYEQYF,CASSLTGSYEQYF
1123,CASSLLAGIYNEQFF,CASSLLAGTYNEQFF
1124,CASSQGGYEQYF,CASSQGPGYEQYF
1125,CASSLAGGGTDTQYF,CASSLSGGGTDTQYF
1126,CASSLAGGSTDTQYF,CASSLAGESTDTQYF
1127,CASSTGNTEAFF,CASSWTGNTEAFF
1128,CASSLRGGGTDTQYF,CASSLSGGGTDTQYF
1129,CASSLGQGYEQYF,CASSLGQTYEQYF
1130,CASSVGGYEQYF,CASSVDGYEQYF
1131,CASSFGGGEAFF,CASSFGGAEAFF
1132,CASSFTGNEQYF,CASSFVGNEQYF
1133,CASSYSSREQFF,CASSYSSGEQFF
1134,CASSLTGGSADTQYF,CASSLTGGSDTQYF
1135,CASSLTGGSADTQYF,CASSLTGGADTQYF
1136,CASSFGGTEAFF,CASSFGGAEAFF
1137,CASSLTGADTQYF,CASSLTGAADTQYF
1138,CASSLTGADTQYF,CASSLTGGADTQYF
1139,CASSLSSIYEQYF,CASSLSAIYEQYF
1140,CASSLSSGGTDTQYF,CASSLSGGGTDTQYF
1141,CASSLTGGGGEQYF,CASSLTGGGNEQYF
1142,CASSFGGVEAFF,CASSFGGAEAFF
1143,CASSLGTGGQETQYF,CASSLGTGQETQYF
1144,CASSPLGGSYEQYF,CASSPLGGPYEQYF
1145,CASSPRGPETQYF,CASSPRGPQETQYF
1146,CASSSSYEQYF,CASSSLYEQYF
1147,CATSDLTGNTGELFF,CATSDLTNTGELFF
1148,CASSLETGGTDTQYF,CASSLTGGTDTQYF
1149,CASSLLDSNQPQHF,CASSLTDSNQPQHF
1150,CASSLGQGYEQYF,CASSLGQYYEQYF
1151,CASSLSLAGRETQYF,CASSLSLAGGETQYF
1152,CASSFGYHEQYF,CASSFGYEQYF
1153,CASSFGTGYEQYF,CASSFGTGEYEQYF
1154,CASSLGSYYEQYF,CASSLGSSYEQYF
1155,CASSLGSYYEQYF,CASSLGQYYEQYF
1156,CASSLEGGYGYTF,CASSLQGGYGYTF
1157,CASSLIGDTQYF,CASSLQGDTQYF
1158,CASSFGGAEAFF,CASSFMGGAEAFF
1159,CASSVGGYNEQFF,CASSVGGNEQFF
1160,CASSVGGYEQYF,CASSVGGAYEQYF
1161,CASSVGGYEQYF,CASSVGGGYEQYF
1162,CASSFGATEAFF,CASSFGRATEAFF
1163,CASSQDRTGYEQYF,CASSQDLTGYEQYF
1164,CASSFGGTSYEQYF,CASSFGGSSYEQYF
1165,CASSWGAGGETQYF,CASSWGAGGEQYF
1166,CASSFGNTEAFF,CASSFPGNTEAFF
1167,CASSQRGYEQYF,CASSQGYEQYF
1168,CASSLLASTDTQYF,CASSLLASSTDTQYF
1169,CASSSSYEQYF,CASSSGSYEQYF
1170,CASSLIGDTQYF,CASSLSIGDTQYF
1171,CASSLLDSNQPQHF,CASSLADSNQPQHF
1172,CASSLSAGGYGEQYF,CASSLSAGGQGEQYF
1173,CASSQGGYEQYF,CASSQGYEQYF
1174,CASSFAGAQETQYF,CASSFAGGAQETQYF
1175,CASSQGYEQYF,CASSPQGYEQYF
1176,CASSLSYEQYF,CASSLVSYEQYF
1177,CASSQRGYEQYF,CASSQGYEQYF
1178,CASSLGSYEQYF,CASSLVSYEQYF
1179,CASSEWDSNNEQFF,CASSEWDINNEQFF
1180,CASSQGGYEQYF,CASSQGSGYEQYF
1181,CASSQGGYEQYF,CASSQGYEQYF
1182,CASSFGGTSYEQYF,CASSFGGTVYEQYF
1183,CASSQEGRLNTEAFF,CASSQERLNTEAFF
1184,CASSLSYEQYF,CASSLESYEQYF
1185,CASSLSYEQYF,CASSLISYEQYF
1186,CASSSTGTHTDTQYF,CASSSTGLHTDTQYF
1187,CASSLGSYEQYF,CASSLESYEQYF
1188,CASSLGSYEQYF,CASSLISYEQYF
1189,CASSQDAGGYGYTF,CASSQDQGGYGYTF
1190,CASSRETGVNTEAFF,CASSQETGVNTEAFF
1191,CAISESYEQYF,CAISESDEQYF
1192,CASSQLAGGTDTQYF,CASSQLAGGEDTQYF
1193,CASSYGTGFEAFF,CASSYGTGFTEAFF
1194,CASSQGGYEQYF,CASSQGGLEQYF
1195,CASSLEGNEQYF,CASSLGGNEQYF
1196,CASSLNGDTQYF,CASSLGGDTQYF
1197,CASSLGATEAFF,CASSLGANEAFF
1198,CASSLGDGYTF,CASSLGGDGYTF
1199,CASSLSAYNEQFF,CASSLASAYNEQFF
1200,CASSLGFHEQYF,CASSLGGHEQYF
1201,CASSLYNEQFF,CASSLYSNEQFF
1202,CASSFGGGETQYF,CASSFGGGEQYF
1203,CASSLEIGDTQYF,CASSLEGDTQYF
1204,CASSLNQGAYEQYF,CASSLGQGAYEQYF
1205,CSARDSSGVGETQYF,CSARDSGGVGETQYF
1206,CASSLGGSPYEQYF,CASSLGGSSYEQYF
1207,CASSLGGSPYEQYF,CASSLGGSAYEQYF
1208,CASSLGGSPYEQYF,CASSLGGAPYEQYF
1209,CASSLGGSPYEQYF,CASSLGGSHYEQYF
1210,CASSLSGGTEAFF,CASSLGGTEAFF
1211,CASSFGSTYEQYF,CASSFGSSYEQYF
1212,CASSQGNHQPQHF,CASSQGNQPQHF
1213,CASSLEGYNEQFF,CASSLPGYNEQFF
1214,CASSLAGSYNEQFF,CASSLATSYNEQFF
1215,CASSVGAPYEQYF,CASSPGAPYEQYF
1216,CASSPSSYEQYF,CASSPSAYEQYF
1217,CASSDNYEQYF,CASSLNYEQYF
1218,CSARDRDSAYEQYF,CSARDRTSAYEQYF
1219,CASSLSAGGYEQYF,CASSLSASGYEQYF
1220,CASSYSGGTEAFF,CASSYSGGNTEAFF
1221,CASSPTGANYGYTF,CASSPTGTANYGYTF
1222,CASSYSGAEAFF,CASSYSSGAEAFF
1223,CASSISAGGLYEQYF,CASSIGAGGLYEQYF
1224,CASSPGGEQYF,CASSPGNEQYF
1225,CSVEVGGTGELFF,CSVEVGNTGELFF
1226,CASSSTGWDTEAFF,CASSSTGDTEAFF
1227,CASSLEGYNEQFF,CASSLEAGYNEQFF
1228,CASSLYNEQFF,CASSLVNEQFF
1229,CASSYSGAEAFF,CASSYGSGAEAFF
1230,CASSLNSNQPQHF,CASSLYSNQPQHF
1231,CASSLGENTEAFF,CASSLGPNTEAFF
1232,CASSHTGEQYF,CASSHTGIEQYF
1233,CASSLNGDTQYF,CASSLTGDTQYF
1234,CASSPWDMSYEQYF,CASSPWDSSYEQYF
1235,CASSPGGGAEAFF,CASSPLGGAEAFF
1236,CASSLLAGGYNEQFF,CASSLLAGTYNEQFF
1237,CASSLLAGGYNEQFF,CASSLLAGGRNEQFF
1238,CASSSPSGNEQFF,CASSPSGNEQFF
1239,CASSPSSYEQYF,CASSSSYEQYF
1240,CASSDSYEQYF,CASSDTYEQYF
1241,CASSLAGGLDEQFF,CASSLAGGQDEQFF
1242,CASSLGNQPQHF,CASSLGNNQPQHF
1243,CASSYSGGTEAFF,CASSYRGGTEAFF
1244,CASSLNGDTQYF,CASSLGGDTQYF
1245,CASSQGSTGELFF,CASSQDSTGELFF
1246,CASSQTGGSTDTQYF,CASSQTGSTDTQYF
1247,CASSLVTGELFF,CASSLGVTGELFF
1248,CASSYPGQEAFF,CASSYTGQEAFF
1249,CASSFTGNTEAFF,CASSTGNTEAFF
1250,CASSYRGFTEAFF,CASSYRGGTEAFF
1251,CASSLNYNEQFF,CASSLNNNEQFF
1252,CASSLAGGETQYF,CASSLAQGETQYF
1253,CASRLQGATEAFF,CASRLQGAGTEAFF
1254,CASSSDGSSYNEQFF,CASSIDGSSYNEQFF
1255,CSARDPGGAYEQYF,CSARDPTGAYEQYF
1256,CASSSPSGNEQFF,CASSSASGNEQFF
1257,CASSIAGGPGNEQFF,CASSIAGGLGNEQFF
1258,CASSPPGETQYF,CASSPPEETQYF
1259,CASSIDQSSYNEQFF,CASSIDGSSYNEQFF
1260,CASSGRDSYEQYF,CASSGLDSYEQYF
1261,CASSYSGGTEAFF,CASSYSGGTSEAFF
1262,CASSPSSYEQYF,CASSPSGSYEQYF
1263,CSAREQGTNTGELFF,CSAREQTNTGELFF
1264,CASSRGNNEQFF,CASSRVNNEQFF
1265,CASSISGGAYNEQFF,CASSISGAAYNEQFF
1266,CASSLGQTYEQYF,CASSLGGTYEQYF
1267,CASSYSGSYNEQFF,CASSYSGSSYNEQFF
1268,CASSYSGSYNEQFF,CASSYSGSGYNEQFF
1269,CASSISGSAYNEQFF,CASSISGAAYNEQFF
1270,CASSISGSAYNEQFF,CASSISGSGYNEQFF
1271,CASSLQGNTEAFF,CASSLLQGNTEAFF
1272,CASSLQGNTEAFF,CASSLQGMNTEAFF
1273,CASSLQGNTEAFF,CASSLQGLNTEAFF
1274,CASSIGGANTEAFF,CASSIQGANTEAFF
1275,CASSLTPGNTEAFF,CASSLTTGNTEAFF
1276,CASSSTTDTQYF,CASSSTSDTQYF
1277,CASSQGQGNQPQHF,CASSQGQGNYQPQHF
1278,CASSYSGSYNEQFF,CASSYSASYNEQFF
1279,CASSYSGSYNEQFF,CASSYSGSSYNEQFF
1280,CASSDSYEQYF,CASSGDSYEQYF
1281,CASSDSYEQYF,CASSIDSYEQYF
1282,CASSLTVGNTEAFF,CASSLTTGNTEAFF
1283,CSVAESNYGYTF,CSVASNYGYTF
1284,CSVMGGYEQYF,CSVEGGYEQYF
1285,CASSLGGYEQYF,CASSLGSYEQYF
1286,CASSLGSEKLFF,CASSLGEKLFF
1287,CASSLGGAEQYF,CASSLGGYEQYF
1288,CASSLGSDTQYF,CASSLGGDTQYF
1289,CASSLGSNTEAFF,CASSLSNTEAFF
1290,CSARDIANYGYTF,CSARDSANYGYTF
1291,CASSLGGYEQYF,CASSLGSGYEQYF
1292,CASSQDLGTQYF,CASSQDYGTQYF
1293,CASSLGGYEQYF,CASSLGSYEQYF
1294,CASSLGGGELFF,CASSLGFGELFF
1295,CASSQDWGGNEQFF,CASSQDWGGYNEQFF
1296,CASSQLGQPQHF,CASSQDGQPQHF
1297,CASSPGGSEQYF,CASSPGSEQYF
1298,CASSLGEGYTF,CASSLGDGYTF
1299,CASSLGGEQYF,CASSLGYEQYF
1300,CASSLGGEQYF,CASSLGIEQYF
1301,CASSQGAEAFF,CASSQGKEAFF
1302,CASSQGAEAFF,CASSQGTEAFF
1303,CASSVGGTGTGELFF,CASSVGGGTGELFF
1304,CASSHGTEAFF,CASSQGTEAFF
1305,CASSLGAEQYF,CASSLGYEQYF
1306,CASSLGAEQYF,CASSLGIEQYF
1307,CASSLGGELFF,CASSLGGVELFF
1308,CASSLGGELFF,CASSLGGVELFF
1309,CASSAGGEQYF,CASSLAGGEQYF
1310,CASSLGGELFF,CASSLGGVELFF
1311,CASSLGSEAFF,CASSLAGSEAFF
1312,CASSLGGEQYF,CASSLAGGEQYF
1313,CASSPLAGGTGELFF,CASSPLAGGSGELFF
1314,CASSLGGGELFF,CASSLGVGELFF
1315,CASSGGSYEQYF,CASSEGSYEQYF
1316,CASSTGSYEQYF,CASSEGSYEQYF
1317,CASSSGAANTGELFF,CASSSGANTGELFF
1318,CASSQDWGYNEQFF,CASSQDLGYNEQFF
1319,CASSSTGGAYNEQFF,CASSSTGGGYNEQFF
1320,CASSLGGDEQFF,CASSLGDEQFF
1321,CASSSSGANVLTF,CASSSPGANVLTF
1322,CASSLGGEQYF,CASSLLGEQYF
1323,CASSFLYNEQFF,CASSFLVNEQFF
1324,CASSLGPDEQFF,CASSLGDEQFF
1325,CASSLGGDTQYF,CASSLTGDTQYF
1326,CSVGQGFGNTIYF,CSVGGGFGNTIYF
1327,CASSPTGNEQFF,CASSPSGNEQFF
1328,CASSPTGNEQFF,CASSPEGNEQFF
1329,CASSQDWGYNEQFF,CASSQDTGYNEQFF
1330,CASSQDWGYNEQFF,CASSQDRGYNEQFF
1331,CASSLGSDTQYF,CASSLGGDTQYF
1332,CASSQTVGETQYF,CASSQGVGETQYF
1333,CASSRGDTEAFF,CASSGDTEAFF
1334,CASWGDTEAFF,CASSGDTEAFF
1335,CASSLGGSEQYF,CASSLGGPEQYF
1336,CASSVGGDYEQYF,CASSVGGAYEQYF
1337,CASSVGGDYEQYF,CASSVGGGYEQYF
1338,CASSAGWGNQPQHF,CASSAGWLGNQPQHF
1339,CASSLVGDTQYF,CASSLEGDTQYF
1340,CASSVGGASYEQYF,CASSVGGAYEQYF
1341,CASSVPGTGELFF,CASSVPVTGELFF
1342,CASSQPSGTEAFF,CASSQPSLGTEAFF
1343,CASSLGGEQYF,CASSLGGPEQYF
1344,CASSVGGSYEQYF,CASSVGGAYEQYF
1345,CASSVGGSYEQYF,CASSVGGGYEQYF
1346,CASSVGSGRYEQYF,CASSVGSGHYEQYF
1347,CASSVGGSYNEQFF,CASSGGGSYNEQFF
1348,CASSVGGYNEQFF,CASSVGGNEQFF
1349,CASSLGDTQYF,CASSLEGDTQYF
1350,CASSRGDTEAFF,CASSRGNTEAFF
1351,CASSGGSYEQYF,CASSGGNSYEQYF
1352,CASSLGGPEQFF,CASSLGGPEQYF
1353,CASSGGSYEQYF,CASSGGSEQYF
1354,CASSSGGVYEQYF,CASSYGGVYEQYF
1355,CASSTGSYEQYF,CASSTGTYEQYF
1356,CASSLGGPEQFF,CASSLMGPEQFF
1357,CASSLGGDEQFF,CASSLGGREQFF
1358,CASSPGTSGTYEQYF,CASSPGTSVTYEQYF
1359,CASSFGSSYEQYF,CASSLGSSYEQYF
1360,CASSLGTGYEQYF,CASSSGTGYEQYF
1361,CASSLGGPEAFF,CASSLGGTEAFF
1362,CASSEGGSTEAFF,CASSEGGGTEAFF
1363,CASSLGGEAFF,CASSLGGTEAFF
1364,CASSGGNEKLFF,CASSGQGNEKLFF
1365,CASSGAGLSYEQYF,CASSVGAGLSYEQYF
1366,CASSGAGLSYEQYF,CASSEGAGLSYEQYF
1367,CASSVGGVSTGELFF,CASSVGGKSTGELFF
1368,CASSVGGDSSYEQYF,CASSVGGGSSYEQYF
1369,CASSLGGEQFF,CASSLGQGEQFF
1370,CASSLQGQYNEQFF,CASSLQGTYNEQFF
1371,CASSYSDRDYEQYF,CASSYDRDYEQYF
1372,CASSVGGSYEQYF,CASSVGQGSYEQYF
1373,CASSVQGSSYEQYF,CASSVEGSSYEQYF
1374,CASSVDGGSNEQFF,CASSVHGGSNEQFF
1375,CASSVGSSYEQYF,CASSVEGSSYEQYF
1376,CASSGGDAEAFF,CASSGGAEAFF
1377,CASSSTGDQPQHF,CASSSGGDQPQHF
1378,CASSLPQRETQYF,CASSLPDRETQYF
1379,CASSLGTGYEQYF,CASSEGTGYEQYF
1380,CASSLGGEQYF,CASSLGGYEQYF
1381,CASSVSGGHNEQFF,CASSVSGHNEQFF
1382,CASSLGLAGGNEQFF,CASSLGLAGNNEQFF
1383,CASSLGGYEQYF,CASSLGQGYEQYF
1384,CASSISYEQYF,CASSLSYEQYF
1385,CASSLANTEAFF,CASSLVANTEAFF
1386,CASSLRENYGYTF,CASSLVENYGYTF
1387,CASSLDWSSYNEQFF,CASSLDRSSYNEQFF
1388,CASSLDWSSYNEQFF,CASSLDGSSYNEQFF
1389,CASSLGGYEQYF,CASSLGSYEQYF
1390,CASSLANTEAFF,CASSLRNTEAFF
1391,CASSSAYEQYF,CASSSPYEQYF
1392,CASSYEQGYEQYF,CASSYPQGYEQYF
1393,CASSGTVYGYTF,CASSGQVYGYTF
1394,CASSLSGTYEQYF,CASSLSGHTYEQYF
1395,CASSQGGTEAFF,CASSQGTEAFF
1396,CASSSAYEQYF,CASSPSAYEQYF
1397,CSVDTTNYNEQFF,CSVDTTYNEQFF
1398,CASSQGTGELFF,CASSQRGTGELFF
1399,CASSQGTGELFF,CASSQETGELFF
1400,CASSLSGTYEQYF,CASSLSQTYEQYF
1401,CASSLEGDTQYF,CASSLAGDTQYF
1402,CASSWTGYSNQPQHF,CASSWTGGSNQPQHF
1403,CASNRGLGNEQFF,CASNRGLYNEQFF
1404,CASSPGQPYEQYF,CASSPGQTYEQYF
1405,CASSQGPYTGELFF,CASSQRPYTGELFF
1406,CASSRGQPQHF,CASSPGQPQHF
1407,CASSRGQPQHF,CASSLGQPQHF
1408,CASSGNQPQHF,CASSQNQPQHF
1409,CASSGNQPQHF,CASSLNQPQHF
1410,CASSSQGDTQYF,CASSSLGDTQYF
1411,CASSRGQPQHF,CASSFGQPQHF
1412,CASSLGVTQYF,CASSLGETQYF
1413,CASSFANTEAFF,CASSFLNTEAFF
1414,CASSLFSYEQYF,CASSLTSYEQYF
1415,CASSFGNTEAFF,CASSFLNTEAFF
1416,CASSFSYEQYF,CASSSSYEQYF
1417,CASSLEGDTQYF,CASSLEGTDTQYF
1418,CASSYGQNTGELFF,CASSYGLNTGELFF
1419,CASSSAYEQYF,CASSSSYEQYF
1420,CASSLGPYSYEQYF,CASSLGPYSVEQYF
1421,CASSLANTEAFF,CASSLENTEAFF
1422,CASSLGSDTQYF,CASSLGSTDTQYF
1423,CASSLDNTEAFF,CASSLENTEAFF
1424,CASSLTGGNTGELFF,CASSLTGGITGELFF
1425,CASRAADTQYF,CASRASDTQYF
1426,CASSLSNTEAFF,CASSLENTEAFF
1427,CASSLQGITGELFF,CASSLGITGELFF
1428,CASSYGSPTEAFF,CASSYGSHTEAFF
1429,CASSLREVNEQYF,CASSLRVNEQYF
1430,CASSQGGTEAFF,CASSQGQTEAFF
1431,CASSLTGTYEQYF,CASSLDGTYEQYF
1432,CASSLSGTYEQYF,CASSLDGTYEQYF
1433,CASSLGGDEQYF,CASSLGGYEQYF
1434,CASSFGGGTEAFF,CASSLFGGGTEAFF
1435,CASSLQGGEQYF,CASSLAQGGEQYF
1436,CASSLGGYGYTF,CASSLQGGYGYTF
1437,CASSPGGTEAFF,CASSTGGTEAFF
1438,CASSLGPYTGELFF,CASSLGPSYTGELFF
1439,CASSSAYEQYF,CASSSIYEQYF
1440,CASSSQGGNEQFF,CASSSGQGGNEQFF
1441,CASSSGRGEQFF,CASSLSGRGEQFF
1442,CASSLAYEQYF,CASSLVAYEQYF
1443,CASSLAYEQYF,CASSLSAYEQYF
1444,CASSQGGGEQFF,CASSQGGFEQFF
1445,CASSRGQPQHF,CASSPGQPQHF
1446,CASSSAYEQYF,CASSLSAYEQYF
1447,CASSLGSDTQYF,CASSLGSTDTQYF
1448,CASSFGNTEAFF,CASSFGLNTEAFF
1449,CASSPTGGTGELFF,CASSPTGEGTGELFF
1450,CSVSGGYNEQFF,CSVDGGYNEQFF
1451,CASSYLGGLTGELFF,CASSYTGGLTGELFF
1452,CASSLTSGFYEQYF,CASSLTSGSYEQYF
1453,CASSFGGGTEAFF,CASSFQGGTEAFF
1454,CASSLGQALYEQYF,CASSLGQAYYEQYF
1455,CASSLGSGYEQYF,CASSLGQGYEQYF
1456,CASSLGGYEQYF,CASSLGQGYEQYF
1457,CASSLGWGYEQYF,CASSLGGYEQYF
1458,CASSLGGVPGTEAFF,CASSLGGVWGTEAFF
1459,CASSYEQGYEQYF,CASSYSQGYEQYF
1460,CASSLGQAAYEQYF,CASSLGQAYYEQYF
1461,CASSLSPGELFF,CASSLVPGELFF
1462,CASSLSGPNTEAFF,CASSLSGNTEAFF
1463,CSAGTGDYEQYF,CSAGTGTYEQYF
1464,CASSSGHTYEQYF,CASSLSGHTYEQYF
1465,CASSQGYEQYF,CASSQDYEQYF
1466,CASSPTGPSYEQYF,CASSPTGASYEQYF
1467,CASSLAGTETQYF,CASSLAGTEQYF
1468,CASSFSYEQYF,CASSRSYEQYF
1469,CASSPGTTYEQYF,CASSPGPTYEQYF
1470,CASSLSYEQYF,CASSRSYEQYF
1471,CASSLAGYNEQFF,CASSLAGANEQFF
1472,CASSLAGYNEQFF,CASSLAGLNEQFF
1473,CASSLAGYNEQFF,CASSLAGNEQFF
1474,CASSLAGYTEAFF,CASSLAGTEAFF
1475,CASSLSPGNEQFF,CASSLSPRNEQFF
1476,CASSYSYEQYF,CASSRSYEQYF
1477,CASSLGFGELFF,CASSLGVGELFF
1478,CASSLAGTETQYF,CASSLAGETQYF
1479,CASSLDRGAYNEQFF,CASSDRGAYNEQFF
1480,CASSPGTTYEQYF,CASSPGQTYEQYF
1481,CASSLAGYNEQFF,CASSLAGNEQFF
1482,CASSLAGYTEAFF,CASSLAGTEAFF
1483,CASSRGLDTEAFF,CASSRGLNTEAFF
1484,CASSQAAGGYTF,CASSQGAGGYTF
1485,CASSLGSGELFF,CASSLSGELFF
1486,CASSPTGYEQYF,CASSFTGYEQYF
1487,CASSMAANTEAFF,CASSMAPNTEAFF
1488,CASSPGQQETQYF,CASSPGQLQETQYF
1489,CASSLGWGNTEAFF,CASSLWGNTEAFF
1490,CASSLGIGSSYEQYF,CASSLGQGSSYEQYF
1491,CASSLAGYTEAFF,CASSLTGYTEAFF
1492,CASSIAPNTEAFF,CASSMAPNTEAFF
1493,CASSILAVSNTEAFF,CASSILAGSNTEAFF
1494,CASSPGTDTQYF,CASSPGDTQYF
1495,CASSSPYEQYF,CASSSSYEQYF
1496,CASSLAGYPYNEQFF,CASSLAGGPYNEQFF
1497,CASSWDLNTEAFF,CASSQWDLNTEAFF
1498,CASLGGSYEQYF,CASRGGSYEQYF
1499,CASSPNGHEQYF,CASSPQGHEQYF
1500,CASSLAGYNEQFF,CASSLAGTNEQFF
1501,CASSLSPGNEQFF,CASSLSRGNEQFF
1502,CASSQGNYEQYF,CASSEQGNYEQYF
1503,CASSLDNEQFF,CASSLDGNEQFF
1504,CASSLALTDTQYF,CASSLALTPDTQYF
1505,CASGLNSNQPQHF,CASSLNSNQPQHF
1506,CASSLGDRYGYTF,CASSLDRYGYTF
1507,CASSTGTGLYEQYF,CASSTGTGIYEQYF
1508,CASSLGITGNTEAFF,CASSLGTGNTEAFF
1509,CASSPTDSNQPQHF,CASSLTDSNQPQHF
1510,CASSPTDSNQPQHF,CASSETDSNQPQHF
1511,CASSPTDSNQPQHF,CASSSTDSNQPQHF
1512,CASSPTDSNQPQHF,CASSPTHSNQPQHF
1513,CASSRDSSSYNEQFF,CASSRDSVSYNEQFF
1514,CASSPGTDTQYF,CASSPGPDTQYF
1515,CASSLDSGSYNEQFF,CASSLTSGSYNEQFF
1516,CASSLGWQGETQYF,CASSLGWGGETQYF
1517,CASSSTDANQPQHF,CASSSTDSNQPQHF
1518,CASSPIDSNQPQHF,CASSPTDSNQPQHF
1519,CASSLLTGEQYF,CASSLGTGEQYF
1520,CASSPGTDTQYF,CASSLGTDTQYF
1521,CASSPGTDTQYF,CASSFGTDTQYF
1522,CASSSPYEQYF,CASSSIYEQYF
1523,CASSTGTGLYEQYF,CASSFGTGLYEQYF
1524,CASSLLAGETDTQYF,CASSLLAGYTDTQYF
1525,CASSLLAGETDTQYF,CASSLLAGVTDTQYF
1526,CASSLDNEQFF,CASSLHDNEQFF
1527,CASSPGTGSPYEQYF,CASSPGTGSFYEQYF
1528,CASSLDSNEQFF,CASSLLSNEQFF
1529,CASSLFQGAGYGYTF,CASSLSQGAGYGYTF
1530,CASSLGGPYEQYF,CASSLGGPSYEQYF
1531,CASSLAGYNEQFF,CASSLAGGNEQFF
1532,CASSQGDSYEQYF,CASSQGQSYEQYF
1533,CASSLGDRYGYTF,CASSLGDHYGYTF
1534,CASSLLDSNQPQHF,CASSLTDSNQPQHF
1535,CASSQVGGTGELFF,CASSQVGSGTGELFF
1536,CASSFGVEQFF,CASSFGNEQFF
1537,CASSLAGYNEQFF,CASSLAGSYNEQFF
1538,CASSLGDFYGYTF,CASSLGDHYGYTF
1539,CASSLSPGNEQFF,CASSLSIGNEQFF
1540,CASSPTVSSYNEQFF,CASSPTGSSYNEQFF
1541,CASSLGTVNTEAFF,CASSLTVNTEAFF
1542,CASSSGPTYEQYF,CASSSPPTYEQYF
1543,CASSQGYEQYF,CASSPQGYEQYF
1544,CASSSDRGGYNEQFF,CASSSRGGYNEQFF
1545,CASSYSSSSYNEQFF,CASSYSGSSYNEQFF
1546,CASSLQTGNYGYTF,CASSLTGNYGYTF
1547,CASSLGANEQYF,CASSLANEQYF
1548,CASSPGTDTQYF,CASSLGTDTQYF
1549,CASSLGSGELFF,CASSLGGGELFF
1550,CASSLSSGVYEQYF,CASSLSSGVPYEQYF
1551,CASSYPQGYEQYF,CASSYSQGYEQYF
1552,CASSYSSSSYNEQFF,CASSYSGSSYNEQFF
1553,CASSPTSGSPYEQYF,CASSPTSGKPYEQYF
1554,CASSQEAGVGNTIYF,CASSQEAGTGNTIYF
1555,CASSLGYEQYF,CASSLAGYEQYF
1556,CASSLGIEQYF,CASSLAGIEQYF
1557,CSVETGSGYTF,CSVETGGGYTF
1558,CASSIGNTEAFF,CASSSGNTEAFF
1559,CASSIGNTEAFF,CASSIGTNTEAFF
1560,CASSLSGNTEAFF,CASSLLSGNTEAFF
1561,CASSLVGDEQYF,CASSLVGVEQYF
1562,CASSLDNEQFF,CASSLANEQFF
1563,CASSLDNEQFF,CASSGDNEQFF
1564,CASSLDNEQFF,CASSSDNEQFF
1565,CASSLSGNTEAFF,CASSLSKNTEAFF
1566,CASSLGNQPQHF,CASSLAGNQPQHF
1567,CASSLAGGGTGELFF,CASSLARGGTGELFF
1568,CASSLGQGNNEQFF,CASSLGQGINEQFF
1569,CASSIGNTEAFF,CASSIGMNTEAFF
1570,CASSLGTTEAFF,CASSLDTTEAFF
1571,CASSEGRVNEQFF,CASSEGLVNEQFF
1572,CASSLGTEAFF,CASSPLGTEAFF
1573,CASSLDNEQFF,CASSLDSNEQFF
1574,CASSQEGGDQETQYF,CASSQEWGDQETQYF
1575,CASSLGQSYEQYF,CASSLGQTYEQYF
1576,CASSQGGTEAFF,CASSQGSTEAFF
1577,CASSIGNTEAFF,CASSTGNTEAFF
1578,CASSLSGNTEAFF,CASSLSRNTEAFF
1579,CASSSRDRAYEQYF,CASSSRDTAYEQYF
1580,CASSWMNTEAFF,CASSQWMNTEAFF
1581,CASSSGNTEAFF,CASSSGMNTEAFF
1582,CASSLGYEQYF,CASSLGSYEQYF
1583,CASSLGQSYEQYF,CASSLGSSYEQYF
1584,CASSLGQSYEQYF,CASSLGQYYEQYF
1585,CASSAAGSYEQYF,CASYSAAGSYEQYF
1586,CASSVMNTEAFF,CASSNMNTEAFF
1587,CASSPGTYEQYF,CASSPGNTYEQYF
1588,CASSLDNEQFF,CASSLGNEQFF
1589,CASRSYAGELFF,CASRSMAGELFF
1590,CASSLGAGGEAFF,CASSLSAGGEAFF
1591,CASSPSAYEQYF,CASSPTAYEQYF
1592,CASSPSAYEQYF,CASSLSAYEQYF
1593,CASSLGTEAFF,CASSPGTEAFF
1594,CASSPGTYEQYF,CASSTGTYEQYF
1595,CASSPGTYEQYF,CASSPGGTYEQYF
1596,CASSLTGELFF,CASSLGGELFF
1597,CASSLDNEQFF,CASSLDGNEQFF
1598,CASSQGGTEAFF,CASSQGGNTEAFF
1599,CASSVMNTEAFF,CASSVVMNTEAFF
1600,CASSPGLAAPYEQYF,CASSPGLAAYEQYF
1601,CASSVGGGTGELFF,CASSVGGKTGELFF
1602,CASSIGNTEAFF,CASSIKGNTEAFF
1603,CASSPTGGTDTQYF,CASSPTGPTDTQYF
1604,CASSYRNEQFF,CASSYWNEQFF
1605,CASSPTSGRTYEQYF,CASSPTSGTTYEQYF
1606,CASSLGQSYEQYF,CASSLGESYEQYF
1607,CSASSSGNTGELFF,CSASSSGTGELFF
1608,CASSLSGNTEAFF,CASSLSSNTEAFF
1609,CASSLVGDEQYF,CASSLVPGDEQYF
1610,CASSLGYEQYF,CASSLGGYEQYF
1611,CSVETGSGYTF,CSVETGNGYTF
1612,CASSIGNTEAFF,CASSIGMNTEAFF
1613,CASSISGASYEQYF,CASSISTASYEQYF
1614,CASSLAGANEQFF,CASSLAGNEQFF
1615,CASSISSASYEQYF,CASSISTASYEQYF
1616,CASSLAGIEAFF,CASSLAGTEAFF
1617,CASSLTGGGEQFF,CASSLVGGGEQFF
1618,CASSLAGLNEQFF,CASSLAGNEQFF
1619,CASSIHLGTEAFF,CASSISLGTEAFF
1620,CASSLAGTGMYF,CASSLAGTGMLF
1621,CASSLAGVEAFF,CASSLAGTEAFF
1622,CATSDLISNQPQHF,CATSDLGSNQPQHF
1623,CASSLAGSEAFF,CASSLAGTEAFF
1624,CASSLAGAEQFF,CASSLAGNEQFF
1625,CASSLAGAEAFF,CASSLAGTEAFF
1626,CASSLAGSEQFF,CASSLAGNEQFF
1627,CASSLAGGGEQFF,CASSLVGGGEQFF
1628,CASSPGPTYEQYF,CASSPGQTYEQYF
1629,CASSLAGVEQFF,CASSLAGNEQFF
1630,CASSLAGVEQYF,CASSLVGVEQYF
1631,CASSLAGSYEQYF,CASSLPGSYEQYF
1632,CASSLSRSNEQFF,CASSLSRGNEQFF
1633,CASSLAGANEQFF,CASSLAGTNEQFF
1634,CASSLAGLNEQFF,CASSLAGTNEQFF
1635,CASSLGSNQPQHF,CASSLGGNQPQHF
1636,CASSRQSSYNEQFF,CASSVQSSYNEQFF
1637,CASSLGGAYEQYF,CASSLGGAPYEQYF
1638,CASSLAGNEQFF,CASSLAGTNEQFF
1639,CASSSITGTAYEQYF,CASSLITGTAYEQYF
1640,CASSYPGRFYEQYF,CASSYPGGFYEQYF
1641,CASSQAAGHYEQYF,CASSQTAGHYEQYF
1642,CASSLGSNQPQHF,CASSLNSNQPQHF
1643,CASSFVGAEQYF,CASSFVGSEQYF
1644,CASSLLAGSGTEAFF,CASSLLGSGTEAFF
1645,CASSLGGNEQFF,CASSLGYGNEQFF
1646,CASSFGTGAYEQYF,CASSFGTGLYEQYF
1647,CASSLAGTGELFF,CASSLANTGELFF
1648,CASSLGKGEQFF,CASSLGVGEQFF
1649,CASSLGGAYEQYF,CASSLEGGAYEQYF
1650,CASSLAGSYEQYF,CASSLGSYEQYF
1651,CASSLAQGGTEAFF,CASSLWQGGTEAFF
1652,CASSLAGANEQFF,CASSLAGGNEQFF
1653,CASTLAGGNEQFF,CASSLAGGNEQFF
1654,CASSLAGLNEQFF,CASSLAGGNEQFF
1655,CASSVRGNEQFF,CASSVGGNEQFF
1656,CASSFVGAEQYF,CASSFVGGEQYF
1657,CASSLAGGWNEQFF,CASSLAGGNEQFF
1658,CASSLGGAYEQYF,CASSLGGSYEQYF
1659,CASSLAGSEQFF,CASSLAGSKEQFF
1660,CASSLAGNEQFF,CASSLAGGNEQFF
1661,CASSLAGGGEQFF,CASSLAGGNEQFF
1662,CASSLAGSYEQYF,CASSLGGSYEQYF
1663,CASSFGNTEAFF,CASSRGNTEAFF
1664,CASSLSPRNEQFF,CASSLSPRAEQFF
1665,CASSLSPRNEQFF,CASSLSPGNEQFF
1666,CASSLAGTGELFF,CASSLAYGTGELFF
1667,CASSLEGLSYEQYF,CASSLEGYSYEQYF
1668,CASSLEGLSYEQYF,CASSLNGLSYEQYF
1669,CASSLEGLSYEQYF,CASSLVGLSYEQYF
1670,CASSLRDGSNQPQHF,CASSLRQGSNQPQHF
1671,CASSLAGQINEKLFF,CASSLAGQGNEKLFF
1672,CASSISSGYNEQFF,CASSISGSGYNEQFF
1673,CASSLAQGGTEAFF,CASSLEQGGTEAFF
1674,CASSYPGRFYEQYF,CASSYPGRYEQYF
1675,CASSLAGGLLNEQFF,CASSLAGGLSNEQFF
1676,CASSLGSNQPQHF,CASSLYSNQPQHF
1677,CASSQDAGTGNTIYF,CASSQDAGPGNTIYF
1678,CASSLTGGYEQYF,CASSLDGGYEQYF
1679,CASSLTGGYEQYF,CASSLGGYEQYF
1680,CASSLAGGYEQYF,CASSLAGGSYEQYF
1681,CASSLAGGYEQYF,CASSLAVGGYEQYF
1682,CASSLAGGYEQYF,CASSLASGYEQYF
1683,CASSLAGGYEQYF,CASSLATGYEQYF
1684,CASSLAGGYEQYF,CASSLDGGYEQYF
1685,CASSLAGGYEQYF,CASSLGGYEQYF
1686,CASSLAGGPLHEQYF,CASSLAGTPLHEQYF
1687,CASSLGGAYEQYF,CASSLGGYEQYF
1688,CASSLAGAEAFF,CASSLAPGAEAFF
1689,CASSLAGYEQYF,CASSLASGYEQYF
1690,CASSLAGYEQYF,CASSLATGYEQYF
1691,CASSLAGYEQYF,CASSLGGYEQYF
1692,CASSLAGSYEQYF,CASSLAGGSYEQYF
1693,CASSLGDEQYF,CASSLPGDEQYF
1694,CASSLSSYNEQFF,CASSPLSSYNEQFF
1695,CASSLGGYNEQFF,CASSLSGYNEQFF
1696,CASSYSSGAEAFF,CASSYGSGAEAFF
1697,CASSLGVGEQFF,CASSLGGEQFF
1698,CAISESWTDTQYF,CAISEWTDTQYF
1699,CASSLTGTGELFF,CASSLTGPGELFF
1700,CASSLGGEQFF,CASSLGHEQFF
1701,CASSLGGEQFF,CASSLGGELFF
1702,CSVVGTSGSNEQFF,CSVVGTSGYNEQFF
1703,CASSIGPYEQYF,CASSIGYEQYF
1704,CASSLAGNEQFF,CASSLAGTNEQFF
1705,CASSLPMNTEAFF,CASSLMNTEAFF
1706,CASSQDSRTSYEQYF,CASSQDSMTSYEQYF
1707,CASSISMNTEAFF,CASSIGMNTEAFF
1708,CASSLLKNTEAFF,CASSLSKNTEAFF
1709,CASSYLGDSYEQYF,CASSYSGDSYEQYF
1710,CASSIGTNTEAFF,CASSIGMNTEAFF
1711,CASSLEPSYEQYF,CASSLESYEQYF
1712,CSAGTENTGELFF,CSAGGENTGELFF
1713,CASSIGGHTEAFF,CASSIGGSTEAFF
1714,CASSIGTGSTEAFF,CASSIGGSTEAFF
1715,CASSSGNTEAFF,CASSTGNTEAFF
1716,CSVGGTYEQYF,CSVGATYEQYF
1717,CASSLSQTYEQYF,CASSLGQTYEQYF
1718,CASSYGVGGTEAFF,CASSYGTGGTEAFF
1719,CASSLFTGGTDTQYF,CASSLTGGTDTQYF
1720,CASSLLSSYEQYF,CASSLLGSYEQYF
1721,CASSLEGYSNQPQHF,CASSLEGWSNQPQHF
1722,CASSLWGSYEQYF,CASSLLGSYEQYF
1723,CASSLSSYNEQFF,CASSLGSSYNEQFF
1724,CASSLDRETQYF,CASSLLDRETQYF
1725,CASSFEGQGYEQYF,CASSFEGGYEQYF
1726,CASSLAGGTEAFF,CASSLEGGTEAFF
1727,CASSFEGGGYEQYF,CASSFEGGYEQYF
1728,CASSFEGGGYEQYF,CASSFEGGLYEQYF
1729,CASSFEGGGYEQYF,CASSFEGGKYEQYF
1730,CASSFEGGGYEQYF,CASSFEGGSYEQYF
1731,CASSFEGGGYEQYF,CASSFEGGGEQYF
1732,CASSLSQTYEQYF,CASSLSQVYEQYF
1733,CASFSSSYEQYF,CASSFSSSYEQYF
1734,CASSLTGALYEQYF,CASSLEGALYEQYF
1735,CASSKVGSYNEQFF,CASSNVGSYNEQFF
1736,CASSKVGSYNEQFF,CASSIVGSYNEQFF
1737,CASSLAGNEQFF,CASSLAGGNEQFF
1738,CASSTGLAGLYEQYF,CASSGGLAGLYEQYF
1739,CASSLIQGNTGELFF,CASSLRQGNTGELFF
1740,CSGFRENTGELFF,CSGRRENTGELFF
1741,CASSLGGEQFF,CASSLGNEQFF
1742,CASSLGGEQFF,CASSLGGHQFF
1743,CASSPSAYEQYF,CASSPAYEQYF
1744,CASSYGRETQYF,CASSYGGETQYF
1745,CSVDSGNEQYF,CSVDSGYEQYF
1746,CASSQGGANEQYF,CASSQMGANEQYF
1747,CASSKVGSYNEQFF,CASSKDGSYNEQFF
1748,CASSLLVNTEAFF,CASSLLQNTEAFF
1749,CASSLLVNTEAFF,CASSLGVNTEAFF
1750,CASSSGRETQYF,CASSSGVETQYF
1751,CASSTLAGGTDTQYF,CASSWLAGGTDTQYF
1752,CASSALAGVETQYF,CASSLAGVETQYF
1753,CASRDTGASYNEQFF,CASRDSGASYNEQFF
1754,CASSYSGVNQPQHF,CASSYSGNQPQHF
1755,CASSYGNSYEQYF,CASSYGSSYEQYF
1756,CASSLSSYNEQFF,CASSLSSSYNEQFF
1757,CSVETGGGYTF,CSVETGNGYTF
1758,CASSISMNTEAFF,CASSIGMNTEAFF
1759,CASSLGDSLNTEAFF,CASSLGDSNTEAFF
1760,CASSQESSGSYEQYF,CASSQESSGDYEQYF
1761,CASSYGQSYEQYF,CASSYGPSYEQYF
1762,CAISESYEQYF,CAISESDEQYF
1763,CASSYSGVNQPQHF,CASSYSGGNQPQHF
1764,CASSIGTNTEAFF,CASSIGMNTEAFF
1765,CASSLGLAGGYEQFF,CASSLGLAGVYEQFF
1766,CSVGGTYEQYF,CSVEGGTYEQYF
1767,CASSIGPYEQYF,CASSIAGPYEQYF
1768,CASSLTSEQYF,CASSLTSYEQYF
1769,CASSYGLTNTGELFF,CASSYGLNTGELFF
1770,CASSPGNEQYF,CASSFPGNEQYF
1771,CASSLGQGNTEAFF,CASSLWQGNTEAFF
1772,CASSLGTGYNEQFF,CASSLGGYNEQFF
1773,CASSPGQPQHF,CASSFGQPQHF
1774,CASSLGQPQHF,CASSFGQPQHF
1775,CASSFGYNEQFF,CASSFYNEQFF
1776,CASSPASGEQYF,CASSPASYEQYF
1777,CASSFSPGEQFF,CASSFSPGELFF
1778,CASSSLGGNQPQHF,CASSLGGNQPQHF
1779,CASSFLGQPQHF,CASSFGQPQHF
1780,CASSFLPGELFF,CASSFSPGELFF
1781,CASSRGQPQHF,CASSFGQPQHF
1782,CASSPWDQSSYEQYF,CASSPWDSSYEQYF
1783,CAISESGGQETQYF,CAISESGGKETQYF
1784,CASSYYSTDTQYF,CASSYSTDTQYF
1785,CASSFGTDTQYF,CASSFTDTQYF
1786,CASSQDLGYNEQFF,CASSQDTGYNEQFF
1787,CASSQDLGYNEQFF,CASSQDRGYNEQFF
1788,CASSLGGELFF,CASSLGGEKLFF
1789,CASSPGPYNEQFF,CASRPGPYNEQFF
1790,CASSLGGATEAFF,CASSLSGGATEAFF
1791,CASSLGPPGELFF,CASSLPPGELFF
1792,CASSLDNEQFF,CASSLDSNEQFF
1793,CASSLGAGNQPQHF,CASSLGTGNQPQHF
1794,CASSLGAGNQPQHF,CASSLGALGNQPQHF
1795,CASSSSYEQYF,CASSSVSYEQYF
1796,CASSFGYNEQFF,CASSFGANEQFF
1797,CASSLYTGPQETQYF,CASSLTGPQETQYF
1798,CASSLQGSGTEAFF,CASSLLGSGTEAFF
1799,CASSLPGSYEQYF,CASSLGSYEQYF
1800,CSARDMTGSYEQYF,CSARDPTGSYEQYF
1801,CASSFGPYEQYF,CASSFGYEQYF
1802,CASSLGGTGEQYF,CASSLGGTYEQYF
1803,CASSLGQGSSYEQYF,CASSLGQESSYEQYF
1804,CASSLFSSYEQYF,CASSLGSSYEQYF
1805,CASSPESTYEQYF,CASSPGSTYEQYF
1806,CASSLPGSYEQYF,CASSLGGSYEQYF
1807,CASSPTGVPYEQYF,CASSPTGPYEQYF
1808,CASSLGHEQFF,CASSLGNEQFF
1809,CASSLANEQFF,CASSLGNEQFF
1810,CASSLGQGNTEAFF,CASSLGQGVNTEAFF
1811,CASSLDNEQFF,CASSLGNEQFF
1812,CASSPGLSSYNEQFF,CASSPGPSSYNEQFF
1813,CASSLGQGNTEAFF,CASSLGQGGTEAFF
1814,CASSLGQGNTEAFF,CASSLGQGTEAFF
1815,CASSPPNTGELFF,CASSPPVTGELFF
1816,CASSQGTYEQYF,CASSQGYEQYF
1817,CASSLGQPQHF,CASSPGQPQHF
1818,CASSFGYNEQFF,CASSFGNEQFF
1819,CASSPDQPQHF,CASSPGQPQHF
1820,CASSLFGSQETQYF,CASSFGSQETQYF
1821,CASSSLGGELFF,CASSLGGELFF
1822,CASSYGGPGYEQYF,CASSYGGFGYEQYF
1823,CASSPLGQPQHF,CASSPGQPQHF
1824,CASSRGQPQHF,CASSPGQPQHF
1825,CASSPLSSYNEQFF,CASSLSSYNEQFF
1826,CASSLDNEQFF,CASSLDGNEQFF
1827,CASSLVYYEQYF,CASSLVSYEQYF
1828,CASSLVIYEQYF,CASSLVSYEQYF
1829,CASSQGTYEQYF,CASSQGYEQYF
1830,CASSLWGSSYNEQFF,CASSLGGSSYNEQFF
1831,CASSFLGQPQHF,CASSFWGQPQHF
1832,CASSIGYEQYF,CASSMIGYEQYF
1833,CASSLANEQFF,CASSLANEQYF
1834,CASSESYEQYF,CASSEMYEQYF
1835,CASSLGGELFF,CASSLVGELFF
1836,CASSYSLGYEQYF,CASSYSRGYEQYF
1837,CASSYSLGYEQYF,CASSYSGGYEQYF
1838,CASSLLAESYNEQFF,CASSLLAEHYNEQFF
1839,CASRIAGGPSYEQYF,CASRIAGGPYEQYF
1840,CATSDFGDNTDTQYF,CATSDFGDTDTQYF
1841,CAISESRDEQYF,CAISESDEQYF
1842,CASSYSLGYEQYF,CASSYSSGYEQYF
1843,CASSLSNGPYEQYF,CASSLSGGPYEQYF
1844,CASSLGSNQPQHF,CASSLNSNQPQHF
1845,CASSPTGGGTEAFF,CASSYTGGGTEAFF
1846,CASSLGGNQPQHF,CASSLGSNQPQHF
1847,CASSPGGNTEAFF,CASSNGGNTEAFF
1848,CASSPGGNTEAFF,CASSVGGNTEAFF
1849,CASSLTGDTQYF,CASSLGGDTQYF
1850,CASSFPGNEQYF,CASSFVGNEQYF
1851,CASSLEGTDTQYF,CASSLEVGTDTQYF
1852,CASSRDSNTEAFF,CASRRDSNTEAFF
1853,CASSLSGGNTGELFF,CASSLGGGNTGELFF
1854,CASSLSGGNTGELFF,CASSLSGGPTGELFF
1855,CSVEDLASGSYEQYF,CSVEDAASGSYEQYF
1856,CASSLVTGISYEQYF,CASSLVTGSSYEQYF
1857,CASSPGDTQYF,CASSPGPDTQYF
1858,CASSLSKNTEAFF,CASSLSRNTEAFF
1859,CASSLRSPSTDTQYF,CASSLRHPSTDTQYF
1860,CASRGGSYEQYF,CASRRGSYEQYF
1861,CASSYSGDSYEQYF,CASSYSGDSSYEQYF
1862,CASSSLNQPQHF,CASSSLPNQPQHF
1863,CASSLGETQYF,CASSLSETQYF
1864,CSAPGPSSYEQYF,CSASGPSSYEQYF
1865,CASSLGQGGSPLHF,CASSLGQAGSPLHF
1866,CASSLGGSYNEQFF,CASSLGPSYNEQFF
1867,CASSSSYEQYF,CASSSIYEQYF
1868,CASSLDGNEQFF,CASSLQGNEQFF
1869,CASSLYSTDTQYF,CASSIYSTDTQYF
1870,CASSLYSTDTQYF,CASSLYNTDTQYF
1871,CASSQSQSYEQYF,CASSQGQSYEQYF
1872,CASSLAGTNEQFF,CASSLAGGNEQFF
1873,CASSYPGLGYEQYF,CASSNYPGLGYEQYF
1874,CASSLDGNEQFF,CASSLVGNEQFF
1875,CASSYGTEAFF,CASSYEGTEAFF
1876,CSVLAGSYEQYF,CSVLAGGSYEQYF
1877,CASSFYNEQFF,CASSFGNEQFF
1878,CASSLLTDTQYF,CASSLDLTDTQYF
1879,CASSLSRGNEQFF,CASSLSIGNEQFF
1880,CASSLSRGNEQFF,CASSLSPGNEQFF
1881,CASSDLGNEQFF,CASSDAGNEQFF
1882,CASSFGQPQHF,CASSPGQPQHF
1883,CASSPGNTEAFF,CASSFPGNTEAFF
1884,CASSLGGSYNEQFF,CASSLGGSSYNEQFF
1885,CASSPGDTQYF,CASSPGTDTQYF
1886,CASSLVSSYEQYF,CASSLGSSYEQYF
1887,CASSLGALNTEAFF,CASSLALNTEAFF
1888,CASSFGQPQHF,CASSFWGQPQHF
1889,CASSFLNTEAFF,CASSFGLNTEAFF
1890,CASSLYTDTQYF,CASSLYADTQYF
1891,CSVAGLAGGYEQYF,CSVGGLAGGYEQYF
1892,CASSQGPGYEQYF,CASSQGSGYEQYF
1893,CASSSSGTSGDTQYF,CASSSTGTSGDTQYF
1894,CASSSATGELFF,CASSSVTGELFF
1895,CASSLLAGVTGELFF,CASSLLAGLTGELFF
1896,CASSLTGTSGDEQYF,CASSLTGTGDEQYF
1897,CASSLGETQYF,CASSLYGETQYF
1898,CASSYAGGYEQYF,CASSYSGGYEQYF
1899,CSVLGSSYEQYF,CSVLGISSYEQYF
1900,CASSLGGYNEQFF,CASSLGGLNEQFF
1901,CASSYSAPYEQYF,CASSYSAPGYEQYF
1902,CASSLGSNQPQHF,CASSLYSNQPQHF
1903,CASSSQNTEAFF,CASSYSQNTEAFF
1904,CSVTGLNTEAFF,CSVGLNTEAFF
1905,CSVGGGSTDTQYF,CSVGGPSTDTQYF
1906,CASSLGGNQPQHF,CASSLGGDQPQHF
1907,CASSVVGGNTEAFF,CASSVVGKNTEAFF
1908,CASSLSKNTEAFF,CASSLSSNTEAFF
1909,CASSLYSTDTQYF,CASSLYVTDTQYF
1910,CASSPRAGPTYEQYF,CASSPRAPTYEQYF
1911,CASSPDGTYEQYF,CASSPDGPYEQYF
1912,CASSDSSYEQYF,CASSLDSSYEQYF
1913,CASSLNSNQPQHF,CASSLNNNQPQHF
1914,CASSLSSPANYGYTF,CASSLSSPNYGYTF
1915,CSARDTGAYEQYF,CSARDPTGAYEQYF
1916,CASSRDRDSSYEQYF,CASSQDRDSSYEQYF
1917,CASSLGQTYEQYF,CASSLGQYYEQYF
1918,CASSLSATDTQYF,CASSLSHTDTQYF
1919,CASSPGEGTEAFF,CASSHGEGTEAFF
1920,CASSFGGAEAFF,CASSFMGGAEAFF
1921,CASSFVGSEQYF,CASSFVGGEQYF
1922,CASSQDRGYNEQFF,CASSQDRGTYNEQFF
1923,CASSQDRGYNEQFF,CASSQDRGYYNEQFF
1924,CASSQDRGYNEQFF,CASSQDRGLYNEQFF
1925,CASSSGTEAFF,CASSRGTEAFF
1926,CASSLGNNQPQHF,CASSLANNQPQHF
1927,CASSSPGQGGYGYTF,CASSPGQGGYGYTF
1928,CASSELGTDTQYF,CASSELGHTDTQYF
1929,CASSLGLTGELFF,CASSLGNTGELFF
1930,CASSLGLTGELFF,CASSLGRTGELFF
1931,CASSLGITGELFF,CASSLGNTGELFF
1932,CASSLGITGELFF,CASSLGRTGELFF
1933,CASSLDSNEQFF,CASSLDGNEQFF
1934,CASSPLGTEAFF,CASSPGTEAFF
1935,CASSYSAQSSYEQYF,CASSYSAGSSYEQYF
1936,CASSYGGSSYNEQFF,CASSYSGSSYNEQFF
1937,CASSRVSYEQYF,CASSLVSYEQYF
1938,CASSPAGYNYGYTF,CASSPTGYNYGYTF
1939,CASSLGQGVNTEAFF,CASSLQGVNTEAFF
1940,CASSYSSGRAYEQYF,CASSYSSGSAYEQYF
1941,CASSYGDPNYGYTF,CASSYGDNYGYTF
1942,CASSFGGGGNQPQHF,CASSFGGGGQPQHF
1943,CASSQDSQGGYGYTF,CASSQDQGGYGYTF
1944,CASSLNSNQPQHF,CASSLYSNQPQHF
1945,CASSYGTGGTEAFF,CASSYSGTGGTEAFF
1946,CASSYGTGGTEAFF,CASSYGTGFTEAFF
1947,CASSYGTGGTEAFF,CASSYGTGYTEAFF
1948,CASSSSVNTEAFF,CASSSSWNTEAFF
1949,CASSYGGSSYNEQFF,CASSYSGSSYNEQFF
1950,CASSLGLDSNTEAFF,CASSLGDSNTEAFF
1951,CASSLGSNQPQHF,CASSLYSNQPQHF
1952,CASSLSPYYEQYF,CASSLSPNYEQYF
1953,CASSYQGLAYEQYF,CASSYQGRAYEQYF
1954,CASSYVGGDTQYF,CASSYTGGDTQYF
1955,CASSLAGDSSYEQYF,CASSLSGDSSYEQYF
1956,CASSLGGYEQYF,CASSLGGTYEQYF
1957,CASSLGGYEQYF,CASSLGGSYEQYF
1958,CASSLRHPSTDTQYF,CASSLSHPSTDTQYF
1959,CSVEGGSYEQYF,CSVSGGSYEQYF
1960,CASSLTDSNQPQHF,CASSLADSNQPQHF
1961,CASSPGPDTQYF,CASSPGTDTQYF
1962,CASSPGPDTQYF,CASSLGPDTQYF
1963,CSVELGNYEQYF,CSVDLGNYEQYF
1964,CASSFGANEQFF,CASSFGNEQFF
1965,CASSPGGYEQYF,CASSPGGGEQYF
1966,CASSLGQGFEAFF,CASSLGQGSEAFF
1967,CASSLGQGFEAFF,CASSLGQGTEAFF
1968,CASSEGGTEAFF,CASSDGGTEAFF
1969,CSVEGGSYEQYF,CSVEGLSYEQYF
1970,CASSSGAPQETQYF,CASSSLAPQETQYF
1971,CASSYEGPYEQYF,CASSYEGSYEQYF
1972,CASGQGPMNTEAFF,CASGQGFMNTEAFF
1973,CSVEGGSYEQYF,CSVEGGTYEQYF
1974,CSVEGGSYEQYF,CSVEGGSSYEQYF
1975,CSVEGGSYEQYF,CSVEGGYEQYF
1976,CASSLTGLYNEQFF,CASSLTGYYNEQFF
1977,CASSLSGPQETQYF,CASSLSMPQETQYF
1978,CASSLSRNTEAFF,CASSLSSNTEAFF
1979,CASSAGQASYEQYF,CASSAGQAYYEQYF
1980,CASSLSSSLYNEQFF,CASSLSSSYNEQFF
1981,CSVEGYGTYEQYF,CSVEGGTYEQYF
1982,CASSLMGDQPQHF,CASSLGGDQPQHF
1983,CASSLDGGPYEQYF,CASSLSGGPYEQYF
1984,CASSLSSPIYNEQFF,CASSLSSPFYNEQFF
1985,CASSFSDSYNEQFF,CASSFSSSYNEQFF
1986,CASSLSSPEYNEQFF,CASSLSSPFYNEQFF
1987,CASSLQGNEQFF,CASSLVGNEQFF
1988,CASSLGSYEQYF,CASSLGGSYEQYF
1989,CASSLGSSYEQYF,CASSLGYSSYEQYF
1990,CASSPEGGNEQFF,CASSPGGGNEQFF
1991,CASSLQGGELFF,CASSLGGELFF
1992,CASSPPEETQYF,CASSPPEHETQYF
1993,CASSLGTDTQYF,CASSPGTDTQYF
1994,CASSLGTDTQYF,CASSLGPDTQYF
1995,CASSLSIGTDTQYF,CASSLSIGDTQYF
1996,CASSFGTDTQYF,CASSPGTDTQYF
1997,CASSLEGGTEAFF,CASSLEIGTEAFF
1998,CSARLAGVEQYF,CSAPLAGVEQYF
1999,CASSLGSSYNEQFF,CASSLSSYNEQFF
2000,CASSLGGSYEQYF,CASSFGGSYEQYF
2001,CASSLYGWETQYF,CASSLYGETQYF
2002,CASSLGSSYEQYF,CASSLGESYEQYF
2003,CASSYGAFTGELFF,CASSYGAYTGELFF
2004,CASSLHRDHYEQYF,CASSLHRDYEQYF
2005,CASSLQGDTQYF,CASSLQGDETQYF
2006,CASSIYSTDTQYF,CASSLYSTDTQYF
2007,CASSLTGTAGNTIYF,CASSLTGTPGNTIYF
2008,CASSLGHTDTQYF,CASSLGTDTQYF
2009,CASSLYNTDTQYF,CASSLYVTDTQYF
2010,CASSLYNTDTQYF,CASSLYSTDTQYF
2011,CASSLSVDSYEQYF,CASSLSGDSYEQYF
2012,CASSLGSYEQYF,CASSLNSYEQYF
2013,CASSLGSYEQYF,CASSLGGYEQYF
2014,CASSLSGDSSYEQYF,CASSLSGDSYEQYF
2015,CASSFEGGSYEQYF,CASSFGGSYEQYF
2016,CASSFGTDTQYF,CASSLGTDTQYF
2017,CASSQGPGAPYEQYF,CASSQGPGGPYEQYF
2018,CASSLQGDEQYF,CASSLQGDETQYF
2019,CASSLGSSYNEQFF,CASSLSSSYNEQFF
2020,CASSLSADSYEQYF,CASSLSGDSYEQYF
2021,CASSVGGSWQETQYF,CASSVGGSSQETQYF
2022,CASSFGVGSSYEQYF,CASSFGGSSYEQYF
2023,CASSPATGELFF,CASSPITGELFF
2024,CASSPGNTYEQYF,CASSPGGTYEQYF
2025,CASSSPYNEQFF,CASSSQYNEQFF
2026,CASSLGNEQFF,CASSLDGNEQFF
2027,CASSLGNEQFF,CASSLEGNEQFF
2028,CASSEVRELFF,CASSEIRELFF
2029,CASSFGAGSSYEQYF,CASSFGGSSYEQYF
2030,CASSVGNEQFF,CASSVYNEQFF
2031,CASSPGTGSSYEQYF,CASSPTGSSYEQYF
2032,CASSLASNTEAFF,CASSLALNTEAFF
2033,CASSVGWGGSYEQYF,CASSVGAGGSYEQYF
2034,CASSVSTGELFF,CASSVVSTGELFF
2035,CASSVSGGSSYEQYF,CASSVGGGSSYEQYF
2036,CASSVGGNEQFF,CASSVGWGNEQFF
2037,CASSLSQGAYNEQFF,CASSLQGAYNEQFF
2038,CASSLGLDEQYF,CASSLPGLDEQYF
2039,CASSASGGSSYEQYF,CASSAGGGSSYEQYF
2040,CASSVGQGAYEQYF,CASSVGQGSYEQYF
2041,CASSQGYNSPLHF,CASSQGHYNSPLHF
2042,CASSLGGSYEQYF,CASSLAGGSYEQYF
2043,CASSLGGSYEQYF,CASSLGGYEQYF
2044,CASSLWQGGTEAFF,CASSLEQGGTEAFF
2045,CASSLWQGGTEAFF,CASSLWGGGTEAFF
2046,CASSYGGETQYF,CASSYGNGETQYF
2047,CASSLVNNEQFF,CASSRVNNEQFF
2048,CASSLSGNEQFF,CASSLKGNEQFF
2049,CSAATGTGYEQYF,CSAQTGTGYEQYF
2050,CASSLVGTSLDTQYF,CASSLVGTSADTQYF
2051,CSVEVPGQGDNEQFF,CSVEVPGQGLNEQFF
2052,CSVDSGYEQYF,CSVDFGYEQYF
2053,CASSPSNEQFF,CASSRSNEQFF
2054,CASSYAGVDEQYF,CASSYSAGVDEQYF
2055,CASSSGQGADTQYF,CASSSGLGADTQYF
2056,CASSLSSYNEQFF,CASSLSSSYNEQFF
2057,CASSPGTDTQYF,CASSLGTDTQYF
2058,CASSLGQGTEAFF,CASSLGQETEAFF
2059,CASSLGPDTQYF,CASSLGTDTQYF
2060,CASSPSNEQFF,CASSPLSNEQFF
2061,CASSTGTGYTEAFF,CASSYGTGYTEAFF
2062,CASSWRGTDTQYF,CASSWGTDTQYF
2063,CASSLAGPGELFF,CASSYLAGPGELFF
2064,CASSTTTGELFF,CASSTTGGELFF
2065,CASSQGSGYEQYF,CASSQGTSGYEQYF
2066,CASSLVSYEQYF,CASSLESYEQYF
2067,CASSLVSYEQYF,CASSLISYEQYF
2068,CASSATFSYEQYF,CASSMTFSYEQYF
2069,CASSTSGSSYNEQFF,CASSYSGSSYNEQFF
2070,CASRPGLQETQYF,CASRGLQETQYF
2071,CASSQDGPGNQPQHF,CASSQDPGNQPQHF
2072,CASSASGSSYNEQFF,CASSYSGSSYNEQFF
2073,CASSFSGSSYNEQFF,CASSYSGSSYNEQFF
2074,CASSHSGSSYNEQFF,CASSYSGSSYNEQFF
2075,CASSPSGSSYNEQFF,CASSYSGSSYNEQFF
2076,CASSLYPPNTEAFF,CASSLAPPNTEAFF
2077,CASSDSGSSYNEQFF,CASSYSGSSYNEQFF
2078,CASSQSGSSYNEQFF,CASSYSGSSYNEQFF
2079,CASSSSGSSYNEQFF,CASSYSGSSYNEQFF
2080,CASSQWGNEQFF,CASSQGNEQFF
2081,CASSLSGSSYNEQFF,CASSYSGSSYNEQFF
2082,CASSYQGSNTEAFF,CASSYQGLNTEAFF
2083,CASSYSTDGELFF,CASSYSTTGELFF
2084,CASSYSGSGYNEQFF,CASSYSGSSYNEQFF
2085,CASSSGTGYEQYF,CASSEGTGYEQYF
2086,CASSYSGNQPQHF,CASSYSGGNQPQHF
2087,CASSYSRGYEQYF,CASSYSSGYEQYF
2088,CASSEALGSEQYF,CASSEAEGSEQYF
2089,CASSYSGGYEQYF,CASSYSSGYEQYF
2090,CSVGDGSSYEQYF,CSVGRGSSYEQYF
2091,CASSIQGNTGELFF,CASSIQGTNTGELFF
2092,CASSQQGLNTEAFF,CASSYQGLNTEAFF
