,Seq1,Seq2
0,CASSLSGNNEQFF,CASSLSRNNEQFF
1,CASSYGAYNEQFF,CASSYQGAYNEQFF
2,CASSFDSSYEQYF,CASSFSSYEQYF
3,CATSRVDNEQFF,CATSRVYNEQFF
4,CASSLPGSYEQYF,CASSLSGSYEQYF
5,CASSLGGEETQYF,CASSLQGEETQYF
6,CASSLDSYEQYF,CASSLMSYEQYF
7,CASSLDSYEQYF,CASSLSSYEQYF
8,CASSLESGELFF,CASSLGSGELFF
9,CASSSDRSSYEQYF,CASSHDRSSYEQYF
10,CASSEGGRGDTQYF,CASSEGGRADTQYF
11,CASSGRDSSYEQYF,CASSGRDSFYEQYF
12,CASSYLYEQYF,CASSYGYEQYF
13,CASSYLYEQYF,CASSYTYEQYF
14,CSARDQADSYEQYF,CSARDADSYEQYF
15,CASSLPGSYEQYF,CASSLGGSYEQYF
16,CASSFIGETQYF,CASSFSGETQYF
17,CASSYPDTQYF,CASSYGDTQYF
18,CASSPVAGPTYEQYF,CASSPVAGETYEQYF
19,CASSLGTTDTQYF,CASSLGSTDTQYF
20,CASSDGQGLGYGYTF,CASSFGQGLGYGYTF
21,CSARDTLSYEQYF,CSARDNLSYEQYF
22,CASSPPGGNEQFF,CASSPTGGNEQFF
23,CSARPGLNTEAFF,CSAIPGLNTEAFF
24,CASSLDSYEQYF,CASSLDAYEQYF
25,CASSLDSYEQYF,CASSLDGYEQYF
26,CSVGETGNSGNTIYF,CSVETGNSGNTIYF
27,CASSPPGNTEAFF,CASSPTGNTEAFF
28,CSARDGQTYEQYF,CSARDGTTYEQYF
29,CASSYSSYNEQFF,CASSYSYNEQFF
30,CATSDLGGYEQYF,CATSDGGYEQYF
31,CASSLGDSSYEQYF,CASSLGDSHSYEQYF
32,CASSLPGSYEQYF,CASSLLPGSYEQYF
33,CASSFLAGGKDTQYF,CASSFLAGGTDTQYF
34,CASSLIGGADTQYF,CASSLIGGGDTQYF
35,CASSYLGNEQFF,CASSYSGNEQFF
36,CSASFGYEQYF,CSASYGYEQYF
37,CASSPPGGNEQFF,CASSQPGGNEQFF
38,CASSEGGRGDTQYF,CASSEGGRFDTQYF
39,CASSYGAYNEQFF,CASSSGAYNEQFF
40,CASSIFGTANQPQHF,CASSISGTANQPQHF
41,CSASEGYEQYF,CSASYGYEQYF
42,CSASEGYEQYF,CSANEGYEQYF
43,CASSLFAGAYNEQFF,CASSLAGAYNEQFF
44,CSARDQGSSYEQYF,CSARDQGSPYEQYF
45,CASSYSSYNEQFF,CASSYSGSYNEQFF
46,CASSGTGGYEQYF,CASSDGTGGYEQYF
47,CASSPDGYTEAFF,CASSPGYTEAFF
48,CASSLDSYEQYF,CASSLDFSYEQYF
49,CASSLGDSSYEQYF,CASTLGDSSYEQYF
50,CASSLSGNNEQFF,CASSLMGNNEQFF
51,CASSEGQVSNQPQHF,CASSEGQYSNQPQHF
52,CASSEGQVSNQPQHF,CASSEGQWSNQPQHF
53,CASSPGTVSNQPQHF,CASSSGTVSNQPQHF
54,CSVGQGPYEQYF,CSVEQGPYEQYF
55,CSAGTGPYEQYF,CSAGTGDYEQYF
56,CSAGTGGTGELFF,CSAGIGGTGELFF
57,CASSQAGVYEQYF,CASSQEGVYEQYF
58,CSVEWVYNEQFF,CSVEAVYNEQFF
59,CSAGTGPYEQYF,CSAGTGTYEQYF
60,CASSEQFNEKLFF,CASSEQGNEKLFF
61,CASSEGYSGNTIYF,CASSEGPYSGNTIYF
62,CSVAAGGNTEAFF,CSVAAGNTEAFF
63,CSVGQGPYEQYF,CSVDGQGPYEQYF
64,CASSFLGNEQFF,CASSFLNEQFF
65,CASSYPDTQYF,CASSFPDTQYF
66,CSAARAGGSYNEQFF,CSAAAGGSYNEQFF
67,CASSYGAYNEQFF,CASSYGGYNEQFF
68,CASSFDSSYEQYF,CASSFDSYEQYF
69,CSARDLQGPYEQYF,CSARDLQGNYEQYF
70,CASSLDSYEQYF,CASSFDSYEQYF
71,CASSLSGNTEAFF,CASSLTGNTEAFF
72,CSARDTLSYEQYF,CSARDLSYEQYF
73,CSARDPSYEQYF,CSARDLSYEQYF
74,CSARDLTYEQYF,CSARDLSYEQYF
75,CSARDLTYEQYF,CSARDLEYEQYF
76,CSARDLTYEQYF,CSARDLAYEQYF
77,CASSFRGLNEQFF,CASSFGGLNEQFF
78,CASSLIGGADTQYF,CASSLTGGADTQYF
79,CASSLIGGADTQYF,CASSLGGGADTQYF
80,CASSLSGNNEQFF,CASSLSGPNNEQFF
81,CASSLGPTDTQYF,CASSLGSTDTQYF
82,CASSRTDSYNEQFF,CASSFTDSYNEQFF
83,CASSRTDSYNEQFF,CASSWTDSYNEQFF
84,CASSLSGNNEQFF,CASSLSDGNNEQFF
85,CASSPLGNEQFF,CASSFLGNEQFF
86,CASSLTWYNEQFF,CASSLTFYNEQFF
87,CASSTGTSTDTQYF,CASSSGTSTDTQYF
88,CSARDLTYEQYF,CSARDSTYEQYF
89,CASSFLGNEQFF,CASSPLGNEQFF
90,CASSLLGGDGYTF,CASSFLGGDGYTF
91,CASSLPLQETQYF,CASSLPEQETQYF
92,CSARGEGNYGYTF,CSARGGNYGYTF
93,CASSLGTSSYEQYF,CASSLGRTSSYEQYF
94,CSARDRNQPQHF,CSARDRSQPQHF
95,CASSFLGNEQFF,CASSFGNEQFF
96,CASSGLAGTDTQYF,CASSFLAGTDTQYF
97,CSARPRNQPQHF,CSARPVNQPQHF
98,CASSLPISYEQYF,CASSLISYEQYF
99,CASSLDSYEQYF,CASSLVSYEQYF
100,CASSLGPTDTQYF,CASSLGSTDTQYF
101,CASSLAGGLETQYF,CASSLAGLETQYF
102,CASSLPGSYEQYF,CASSLLGSYEQYF
103,CSVETGSYNEQFF,CSVETGWYNEQFF
104,CASSLDSYEQYF,CASSLISYEQYF
105,CSVSETSTDTQYF,CSVSETTTDTQYF
106,CASSMAGNYEQYF,CASSMAGAYEQYF
107,CASSQDRSYNEQFF,CASSQDRTYNEQFF
108,CSAWGMNTEAFF,CSALGMNTEAFF
109,CASSLSGNTEAFF,CASSLVGNTEAFF
110,CASSETNTGELFF,CASSETGTGELFF
111,CASSSRTGEETQYF,CASSSGTGEETQYF
112,CSASGTAQETQYF,CSADGTAQETQYF
113,CASSGRSSYNEQFF,CASSGRESSYNEQFF
114,CASSGRSSYNEQFF,CASSGSSYNEQFF
115,CASSGRSSYNEQFF,CASSGRDSSYNEQFF
116,CASSVGTDTQYF,CASSVTDTQYF
117,CASSVGTDTQYF,CASSVGDTQYF
118,CASSVGTDTQYF,CASSVGGDTQYF
119,CASSAGTEQYF,CASSVGTEQYF
120,CASSAGTEQYF,CASSAGGEQYF
121,CASSAGTEQYF,CASSAGYEQYF
122,CASSFQGTGELFF,CASSFQNTGELFF
123,CASSVGTDTQYF,CASSVGSDTQYF
124,CASSIDLGNEQFF,CASSIGLGNEQFF
125,CASSLAGNEQYF,CASSLAENEQYF
126,CASSYDRGYEQYF,CASSYTRGYEQYF
127,CASSQGGDTQYF,CASSQGRDTQYF
128,CASSLGSGELFF,CASSLPGSGELFF
129,CASSLGQGANEQYF,CASSLGQGLNEQYF
130,CASSGGNQPQHF,CASSIGGNQPQHF
131,CASSLEAYEQYF,CASSLAYEQYF
132,CASSLEAYEQYF,CASSLDAYEQYF
133,CASSASVTYNEQFF,CASSASGTYNEQFF
134,CASSLLGYEQYF,CASSLTGYEQYF
135,CASSYSGGETQYF,CASSYGGETQYF
136,CASSYIGNEQFF,CASSYVGNEQFF
137,CASSYIGNEQFF,CASSYGGNEQFF
138,CASSQEAGWETQYF,CASSQEAGGETQYF
139,CASSLEAYEQYF,CASSLQAYEQYF
140,CASSLEDRGYEQYF,CASSLEDRAYEQYF
141,CASSLYRGYEQYF,CASSLRGYEQYF
142,CASSPYGGGYEQYF,CASSYGGGYEQYF
143,CASSLVAGGYNEQFF,CASSLVADGYNEQFF
144,CASSLVGNTEAFF,CASSLTVGNTEAFF
145,CASSLYRGYEQYF,CASSLYRVGYEQYF
146,CASSLGAPEQFF,CASSLGGPEQFF
147,CASSLAGYNEQFF,CASSLAGSYNEQFF
148,CSASDRGNEQFF,CSADRGNEQFF
149,CASSLLGYEQYF,CASSLGGYEQYF
150,CASSLGSGELFF,CASSLGGGELFF
151,CASSGPSYEQYF,CASSGGSYEQYF
152,CASSLGGEKLFF,CASSLGGELFF
153,CASSLGGEKLFF,CASSLGGELFF
154,CASSLGGEKLFF,CASSLGGELFF
155,CSASRDYNEQFF,CSARDYNEQFF
156,CASSTTGGDGYTF,CASSWTGGDGYTF
157,CASSLGGRTEAFF,CASSLGGTEAFF
158,CSAIRGYTEAFF,CSAVRGYTEAFF
159,CASSLLGYEQYF,CASSLGGYEQYF
160,CASSLGNSYEQYF,CASSLGRNSYEQYF
161,CASSLGNSYEQYF,CASSLGENSYEQYF
162,CASSLTVGANQPQHF,CASSLTSGANQPQHF
163,CASSPTDSFNQPQHF,CASSPTDSNQPQHF
164,CASRGQGPYEQYF,CASGQGPYEQYF
165,CASSQDYEQYF,CASSQGYEQYF
166,CASSSGTGYEQYF,CASSSGVGYEQYF
167,CASSLSSGGTEAFF,CASSLSGSGGTEAFF
168,CASSLGSGELFF,CASSLGFGELFF
169,CASSLQDSNQPQHF,CASSLLDSNQPQHF
170,CASSQDDSYEQYF,CASSQGDSYEQYF
171,CASSLPGGEQFF,CASSPGGEQFF
172,CASSLVGNTEAFF,CASSLSGNTEAFF
173,CASSQLAPGELFF,CASSQAAPGELFF
174,CATSSRTDSYEQYF,CATSRTDSYEQYF
175,CASSTLTGELFF,CASSLTGELFF
176,CASSPGAYEQYF,CASSPGTAYEQYF
177,CSATGTGVYEQYF,CSATGTGFYEQYF
178,CASSYGLYNSPLHF,CASSYGGYNSPLHF
179,CASSSGSYEQYF,CASSEGSYEQYF
180,CASSRGTDTQYF,CASSGTDTQYF
181,CSASGSSYEQYF,CSAFSGSSYEQYF
182,CASSYSYGGNTEAFF,CASSYSYRGNTEAFF
183,CASSLSRNNEQFF,CASSLSRSNEQFF
184,CASSYSGQETQYF,CASSYSGWETQYF
185,CASSHGGYNEQFF,CASSYGGYNEQFF
186,CASSHGGYNEQFF,CASSLGGYNEQFF
187,CASSFQGTGELFF,CASSFGTGELFF
188,CASSYSYGGNTEAFF,CASSYSGGNTEAFF
189,CASSYSGGETQYF,CASSYSGWETQYF
190,CASSLGSGELFF,CASSLGVGELFF
191,CASSLGPYNEQFF,CASSLTGPYNEQFF
192,CASSYGGSGELFF,CASSYAGGSGELFF
193,CASSPLTDTQYF,CASSLTDTQYF
194,CASSLTTGGSTEAFF,CASSLTTGGTEAFF
195,CASSFRNEQFF,CASSFVNEQFF
196,CASSSLGGYEQYF,CASSSPGGYEQYF
197,CASSSGSYEQYF,CASSSSSYEQYF
198,CASSLGPYNEQFF,CASSLGGYNEQFF
199,CSVTGNTEAFF,CSVTGLNTEAFF
200,CASSLSRNNEQFF,CASSLSRGNEQFF
201,CASSGGNQPQHF,CASSLGGNQPQHF
202,CASSLSVSNQPQHF,CASSLSVSQPQHF
203,CASSPTGSEQYF,CASSPTGNEQYF
204,CASSQEEGFYEQYF,CASSQEEGTYEQYF
205,CASSQEQVTGELFF,CASSQEEVTGELFF
206,CASSTPGQSYEQYF,CASSIPGQSYEQYF
207,CASSYSSNNEKLFF,CASSYSSPNEKLFF
208,CASRGQGGQETQYF,CASRGGGQETQYF
209,CASSSLGGYEQYF,CASSSLGSYEQYF
210,CASSPGLSNEQFF,CASSPGLNEQFF
211,CASSEGDSNQPQHF,CASSEGESNQPQHF
212,CSASGVPSSYEQYF,CSASGPSSYEQYF
213,CSASGSSYEQYF,CSASGPSSYEQYF
214,CASSMAGSSYNEQFF,CASMAGSSYNEQFF
215,CASSTLTGELFF,CASSTYTGELFF
216,CASALGTDTQYF,CASSLGTDTQYF
217,CASSLGTDEQYF,CASSLGLDEQYF
218,CASSQDYEQYF,CASSQGYEQYF
219,CASSPLTDTQYF,CASSPRTDTQYF
220,CASSPLTDTQYF,CASSPSTDTQYF
221,CASSPGGSYEQYF,CASSPGNSYEQYF
222,CSARAGTSSYEQYF,CSARGTSSYEQYF
223,CSASGQGVHEQYF,CSASGTGVHEQYF
224,CASSLGSPDTQYF,CASSLGASPDTQYF
225,CASSLGSPDTQYF,CASSLGPDTQYF
226,CSAQGSYEQYF,CSASGSYEQYF
227,CASSLEAYEQYF,CASSPEAYEQYF
228,CASSLVAGGYNEQFF,CASSLVAGGWNEQFF
229,CASSLWAAYNEQFF,CASSLWVAYNEQFF
230,CASSVTGITEAFF,CASSVTGTTEAFF
231,CASSPGGSYEQYF,CASSPSGSYEQYF
232,CASSPGGSYEQYF,CASSPGGTYEQYF
233,CASSLQDSNQPQHF,CASSLTDSNQPQHF
234,CSVVGGDYGYTF,CSVVGDYGYTF
235,CASSIFLNTEAFF,CASSIKLNTEAFF
236,CSADPQGYEQYF,CSADGQGYEQYF
237,CASSLVGNTEAFF,CASSLGGNTEAFF
238,CASSLGGRTEAFF,CASSLGGNTEAFF
239,CSVGTSGYEQYF,CSVPGTSGYEQYF
240,CSVGTSGYEQYF,CSVDGTSGYEQYF
241,CSASGGEETQYF,CSALGGEETQYF
242,CASSYSGQETQYF,CASSYSGGQETQYF
243,CASSYSGQETQYF,CASSYSGSQETQYF
244,CASSLPGGEQFF,CASSLPGAGEQFF
245,CASSFYSNQPQHF,CASSLYSNQPQHF
246,CASSQDLGLGYEQYF,CASSQDLGQGYEQYF
247,CASSTTGGDGYTF,CASSTTGGADGYTF
248,CASSPTVNTEAFF,CASSLTVNTEAFF
249,CASSPTVNTEAFF,CASSFTVNTEAFF
250,CSVGGQGYEQYF,CSVGGQGGYEQYF
251,CASSYGGSGELFF,CASSYGGVGELFF
252,CASSYSGGETQYF,CASSYSMGETQYF
253,CASSYSGGETQYF,CASSYSGGQETQYF
254,CASSSGTVSYNEQFF,CASSSGTVTYNEQFF
255,CASSLSGTGVYEQYF,CASSLSGTGPYEQYF
256,CASSYSSNNEKLFF,CASSYSSANNEKLFF
257,CASSQDEGNIQYF,CASSQAEGNIQYF
258,CASSQGDYEQYF,CASSQGYEQYF
259,CASSVGTTGETQYF,CASSVGTGGETQYF
260,CASSFMNTEAFF,CASSFINTEAFF
261,CASSLGPYNEQFF,CASSLPYNEQFF
262,CASSVVGNTEAFF,CASSVEGNTEAFF
263,CASSLGGGEQFF,CASSLRGGEQFF
264,CASSLTAGSTDTQYF,CASSLTASSTDTQYF
265,CASSFSSSGNTIYF,CASSFSSSPGNTIYF
266,CATSDFGTDTQYF,CATSDPGTDTQYF
267,CASSLSGSYEQYF,CASSLGGSYEQYF
268,CASSLIGQPQHF,CASSLEGQPQHF
269,CASSQGGLETQYF,CASSQGGETQYF
270,CASSFMGLYEQYF,CASSFAGLYEQYF
271,CASSVVGNTEAFF,CASSVYGNTEAFF
272,CASSLGGGEAFF,CASSLGQGEAFF
273,CASSLVGSYEQYF,CASSLVGSNYEQYF
274,CASSLGGGEQFF,CASSLGGPGEQFF
275,CASSYVGSEQFF,CASSYVGNEQFF
276,CASSFSSYEQYF,CASSFSGYEQYF
277,CASSFSSYEQYF,CASSFGSYEQYF
278,CASSFMNTEAFF,CASSFANTEAFF
279,CASSYTSGSTDTQYF,CASSYISGSTDTQYF
280,CASSGFSYEQYF,CASSGSYEQYF
281,CASSLGGGSTDTQYF,CASSLAGGSTDTQYF
282,CASSWDKSYEQYF,CASSWDSYEQYF
283,CASSITSGGFYEQYF,CASSITSGGSYEQYF
284,CASSLTGGSTDTQYF,CASSLTGWSTDTQYF
285,CATSRDRGLNQPQHF,CATSRDRGYNQPQHF
286,CASSPAGGGTDTQYF,CASSWAGGGTDTQYF
287,CASSYVGGPEAFF,CASSYAGGPEAFF
288,CATQDLFTDTQYF,CATSDLFTDTQYF
289,CASSYSSGSNNEQFF,CASSYSSGSGNEQFF
290,CATSDLMTDTQYF,CATSDLFTDTQYF
291,CATSDLWTDTQYF,CATSDLFTDTQYF
292,CASSRSSYEQYF,CASSLRSSYEQYF
293,CASSLSSYEQYF,CASSLRSSYEQYF
294,CATSDLTGDEQFF,CATSDLLGDEQFF
295,CASSLVGGEQYF,CASSLGGEQYF
296,CASSLVGGELFF,CASSLGGELFF
297,CASSLVGGELFF,CASSLGGELFF
298,CASSLVGGELFF,CASSLGGELFF
299,CASSGFSYEQYF,CASSGGSYEQYF
300,CASSLGGSDEQFF,CASSLGGDEQFF
301,CASSLIGGEQYF,CASSLGGEQYF
302,CASSPGTGSYEQYF,CASSGTGSYEQYF
303,CASSLRGNTEAFF,CASSLGGNTEAFF
304,CASSLRGNTEAFF,CASSRGNTEAFF
305,CASSLGGGSTDTQYF,CASSLGGASTDTQYF
306,CSVETTNTGELFF,CSVCETTNTGELFF
307,CASSLLVSNQPQHF,CASSLQVSNQPQHF
308,CASSPGGTEAFF,CASSQGGTEAFF
309,CASSLVSSYNEQFF,CASSLTSSYNEQFF
310,CASSLRGGNTEAFF,CASSLGGNTEAFF
311,CASSLSGSYEQYF,CASSLSGTYEQYF
312,CASSQGWEQYF,CASSQGYEQYF
313,CASSLGGTYEQYF,CASSPGGTYEQYF
314,CASSFSHEQYF,CASSFSYEQYF
315,CASSLGNYEQYF,CASSQGNYEQYF
316,CASSQGGGGTDTQYF,CASSQAGGGTDTQYF
317,CASSRGSSYEQYF,CASSFGSSYEQYF
318,CASSVLMNTEAFF,CASSVMNTEAFF
319,CASSQEGVLEQYF,CASSQEGVHEQYF
320,CASSVVMNTEAFF,CASSVMNTEAFF
321,CASSLIGGEQYF,CASSLIGDEQYF
322,CASSLGGTYEQYF,CASSLGGAYEQYF
323,CASSLGGTYEQYF,CASSLAGTYEQYF
324,CASSLGGTYEQYF,CASSLGGQTYEQYF
325,CATSDLMTDTQYF,CATSDLATDTQYF
326,CATSDLMTDTQYF,CATSDLVTDTQYF
327,CATSDLTEDTQYF,CATSDLTRDTQYF
328,CATSDLYRDEQYF,CATSDLTRDEQYF
329,CATSDLTADTQYF,CATSDLTRDTQYF
330,CATSDLWTDTQYF,CATSDLATDTQYF
331,CATSDLWTDTQYF,CATSDLVTDTQYF
332,CATSDLTGDEQFF,CATSDLTSDEQFF
333,CASSEVGSGNTIYF,CASSEAGSGNTIYF
334,CASSLGGTGELFF,CASSLTGTGELFF
335,CASSLVGYNEQFF,CASSLVGYGEQFF
336,CASSQDGSYEQYF,CASSQDVGSYEQYF
337,CASSLVLGEQYF,CASSLVGEQYF
338,CASSLSGATEAFF,CASSLVSGATEAFF
339,CASSSGTDTQYF,CASSSSTDTQYF
340,CASSYVGGNTEAFF,CASSYSGGNTEAFF
341,CASSFSSYEQYF,CASSFDSYEQYF
342,CASSLVGGEQYF,CASSLVGVEQYF
343,CASSLLGYEQYF,CASSLVGYEQYF
344,CASSLGPYNEQFF,CASSSGPYNEQFF
345,CASSYLSSGNTIYF,CASSYLGSGNTIYF
346,CASSLTGGYTDTQYF,CASSLAGGYTDTQYF
347,CATSDFGTDTQYF,CATSDFGGTDTQYF
348,CASSLVGGYEQYF,CASSLVGYEQYF
349,CASSLVGSYEQYF,CASSLVGYEQYF
350,CASSYGEDTQYF,CASSYGADTQYF
351,CASSSDYEQYF,CASSFDYEQYF
352,CASSPYYNEQFF,CASSLYYNEQFF
353,CASSFGDYEQYF,CASSFDYEQYF
354,CASSLAGGSGETQYF,CASSLAGGRGETQYF
355,CASSLAGGAGETQYF,CASSLAGGRGETQYF
356,CASSVVGNTEAFF,CASSVVGGNTEAFF
357,CASSPMNTEAFF,CASSPGNTEAFF
358,CASSQGQGHQPQHF,CASSQGQGGHQPQHF
359,CASSRSSYEQYF,CASSRVSYEQYF
360,CASSLGGGEQFF,CASSLGGDEQFF
361,CASSLTSGSTDTQYF,CASSLTSPSTDTQYF
362,CASSLSSGATDTQYF,CASSLSSGTDTQYF
363,CASSYSTSGYEQYF,CASSYSTGYEQYF
364,CASSAPSTDTQYF,CASSAASTDTQYF
365,CASSWTVSYEQYF,CASSSTVSYEQYF
366,CASSLIQGPTDTQYF,CASSLQGPTDTQYF
367,CASSLDLNSYNEQFF,CASSLLNSYNEQFF
368,CASSIGGSPYNEQFF,CASSIGGSSYNEQFF
369,CASSIGGSPYNEQFF,CASSIGGSLYNEQFF
370,CASSLVGGELFF,CASSLVDGELFF
371,CASSESAEGNQPQHF,CASSESAGNQPQHF
372,CASSLGGTYEQYF,CASSLYGGTYEQYF
373,CASSLGGTYEQYF,CASSLGGSYEQYF
374,CASSVSGANVLTF,CASSVGANVLTF
375,CASSLRTEAFF,CASSLVRTEAFF
376,CASSLSGSYEQYF,CASSSGSYEQYF
377,CASSYMNTEAFF,CASSYTNTEAFF
378,CASSVLMNTEAFF,CASSVVMNTEAFF
379,CASSLMSYEQYF,CASSLVSYEQYF
380,CASSLAGVYEQYF,CASSLAGVPYEQYF
381,CASSQFTDTQYF,CASSQFADTQYF
382,CASSVVGNTEAFF,CASSVVMNTEAFF
383,CASSLSSYEQYF,CASSLVSYEQYF
384,CASSPGQGAYEQYF,CASSPGQGSYEQYF
385,CASSFMNTEAFF,CASSLMNTEAFF
386,CASSYMNTEAFF,CASSLMNTEAFF
387,CASSQGGLETQYF,CASSQGGETQYF
388,CASSLMSYEQYF,CASSLISYEQYF
389,CASSVVGNTEAFF,CASSVWGNTEAFF
390,CASSLSSYEQYF,CASSLISYEQYF
391,CASSPMNTEAFF,CASSLMNTEAFF
392,CASSLSGSYEQYF,CASSLTSGSYEQYF
393,CASSLSGSYEQYF,CASSLLGSYEQYF
394,CASSQDLNNEQFF,CASSQDLANEQFF
395,CASSLDPYNEQFF,CASSLEPYNEQFF
396,CASSLGGTYEQYF,CASSLGGYEQYF
397,CASSVVGNTEAFF,CASSVVGKNTEAFF
398,CASSPTTGELFF,CASSPYTGELFF
399,CASSQGQNTYEQYF,CASSQGQDTYEQYF
400,CASSLSTYEQYF,CASSLASTYEQYF
401,CATSDFGTDTQYF,CATSDFGDTDTQYF
402,CASSLSGSYEQYF,CASSLSGDSYEQYF
403,CASSVSDTQYF,CASSVGSDTQYF
404,CASSVGGNEQFF,CASSVGGKNEQFF
405,CASSVGGNEQFF,CASSVGGIEQFF
406,CASSVGIEQFF,CASSVGGIEQFF
407,CASSVGDEQYF,CASSVGDYEQYF
408,CASSGLGDNEQFF,CASSGAGDNEQFF
409,CASSVGHEQFF,CASSVGDHEQFF
410,CASSVGYEQYF,CASSVGDYEQYF
411,CASSVGNEQFF,CASSVGGNEQFF
412,CASSVGDTQYF,CASSVGSDTQYF
413,CASSVAGGELFF,CASSVAGSGELFF
414,CASSVANEQFF,CASSVASNEQFF
415,CASSVGGDTQYF,CASSVGSDTQYF
416,CASSVGDEQFF,CASSVGDHEQFF
417,CASSVGNTIYF,CASSVLGNTIYF
418,CASSVGGEQFF,CASSVGGNEQFF
419,CASSVGGEQFF,CASSVGGIEQFF
420,CASSQAPNEQFF,CASSQADNEQFF
421,CASSQEGTASYEQYF,CASSQEGSASYEQYF
422,CASSESTGELFF,CASSETGELFF
423,CASSASGAYNEQFF,CASSASGTYNEQFF
424,CASSVGVEQFF,CASSVVGVEQFF
425,CATSGTGRAYEQYF,CATSGQGRAYEQYF
426,CASSYGQGETQYF,CASSYGGETQYF
427,CASSVANEQFF,CASSVAYNEQFF
428,CASSVGDEQFF,CASSVGFDEQFF
429,CASSPQGYEQYF,CASSPVGYEQYF
430,CASSPGDEQFF,CASSPRGDEQFF
431,CASSVGGEQFF,CASSVPGGEQFF
432,CASSLGATYEQYF,CASSLGAGYEQYF
433,CASSVGGEQYF,CASSVGGYEQYF
434,CASSLGTEAFF,CASSLAGTEAFF
435,CASSVGYEQYF,CASSVGGYEQYF
436,CASSVGGAEQYF,CASSVGGYEQYF
437,CASSLAGPDTQYF,CASSLEGPDTQYF
438,CASSVGGSTEAFF,CASSVGGTEAFF
439,CASSVGGSEQYF,CASSVGGYEQYF
440,CASSVGGGEQYF,CASSVGGYEQYF
441,CASSVGYEQFF,CASSVGDYEQFF
442,CASSVGDEQFF,CASSVGDYEQFF
443,CASSPYNNEQFF,CASSPHNNEQFF
444,CASSESGTGGHEQFF,CASSESGTGGNEQFF
445,CASSVGGNEQFF,CASSVGGYNEQFF
446,CASSFSGNTGELFF,CASSFSPNTGELFF
447,CASSTGGELFF,CASSGGGELFF
448,CASSQGYEQYF,CASSQGGEQYF
449,CASSVGGELFF,CASSGGGELFF
450,CASSLAGASGYTF,CASSLGASGYTF
451,CASTGTDYNEQFF,CASSGTDYNEQFF
452,CASSEGGDTEAFF,CASSEGGSTEAFF
453,CASSVGGSTEAFF,CASSPGGSTEAFF
454,CASSVGGSTEAFF,CASSEGGSTEAFF
455,CASSVGGSTEAFF,CASSAGGSTEAFF
456,CASSVGGSTEAFF,CASSSGGSTEAFF
457,CASSVGGSTEAFF,CASSTGGSTEAFF
458,CASSLGGEAFF,CASSLGSEAFF
459,CASSLGGEAFF,CASSLGGAAFF
460,CASSLGGEAFF,CASSLGGELFF
461,CASSLGGEAFF,CASSLGGELFF
462,CASSLGGEAFF,CASSGGGEAFF
463,CASSLGGEAFF,CASSLGGELFF
464,CASSVGGGTYNEQFF,CASSVGGGYNEQFF
465,CASSPGTEAFF,CASSHGTEAFF
466,CASSVGGSEQYF,CASSVGGSNEQYF
467,CASSLGQGWDEQYF,CASSLGQGNDEQYF
468,CASSLHSNTGELFF,CASSLNSNTGELFF
469,CASSVGSGSYEQYF,CASSVGSGRYEQYF
470,CASSVGSGSYEQYF,CASSVGSSYEQYF
471,CASSAGYEQYF,CASSAGSYEQYF
472,CASSVASSYEQYF,CASSVGSSYEQYF
473,CASSLGAEQYF,CASSLGHEQYF
474,CASSLAVYEQYF,CASSLAYEQYF
475,CASSLAVYEQYF,CASSLGVYEQYF
476,CASSLALEQYF,CASSLAYEQYF
477,CASSVGDEQFF,CASSVGLDEQFF
478,CASSGLGDNEQFF,CASSPLGDNEQFF
479,CASSLAGTDTQYF,CASSLALTDTQYF
480,CASSLPGDPYEQYF,CASSLPAGDPYEQYF
481,CASSPGTEAFF,CASSPIGTEAFF
482,CASSPRDGPYEQYF,CASSPRDGSPYEQYF
483,CASSLAVYNEQFF,CASSLAGYNEQFF
484,CASSEGLRPYEQYF,CASSEGLGPYEQYF
485,CASSPGTTYEQYF,CASSPGTAYEQYF
486,CASSQGYEQYF,CASSLGYEQYF
487,CASSRGYEQYF,CASSLGYEQYF
488,CASSPGTEAFF,CASSQGTEAFF
489,CASSQYMNTEAFF,CASSQNMNTEAFF
490,CASSLRQGAYEQYF,CASSLRQGYEQYF
491,CASSLRQGAYEQYF,CASSLRQAYEQYF
492,CSVAETGELFF,CSVQETGELFF
493,CASSSPSSYNEQFF,CASSPSSYNEQFF
494,CASSPTLVPYEQYF,CASSPTGVPYEQYF
495,CASSVGNEQFF,CASSVGNGEQFF
496,CASSETGLNSPLHF,CASSETGVNSPLHF
497,CASSVGGEQFF,CASSVGNGEQFF
498,CASSLGTEAFF,CASSLGVEAFF
499,CASSQAPGSYEQYF,CASSQAPGAYEQYF
500,CASSPAYEQYF,CASSPASYEQYF
501,CASSLGATYEQYF,CASSLGQTYEQYF
502,CASSLGTEAFF,CASSSGTEAFF
503,CASSVGYEQYF,CASSVDGYEQYF
504,CASSLEGQQNTEAFF,CASSLEGQVNTEAFF
505,CASSTGYEQYF,CASSTDGYEQYF
506,CASSTGETQYF,CASSQTGETQYF
507,CASSFRRTNEKLFF,CASSFRATNEKLFF
508,CASSPGTTYEQYF,CASSPGSTYEQYF
509,CASSEGTGLYEQYF,CASSEGTGRLYEQYF
510,CASSLGTEAFF,CASSRGTEAFF
511,CASSVAQEQFF,CASSVAREQFF
512,CASSASGSSYNEQFF,CASSPSGSSYNEQFF
513,CASSASGSSYNEQFF,CASSASGDSYNEQFF
514,CASSVGAANTEAFF,CASGVGAANTEAFF
515,CASRLTRGYNEQFF,CASSLTRGYNEQFF
516,CASSVGGAEQYF,CASSVGGAYEQYF
517,CSARKISSYEQYF,CSARKRSSYEQYF
518,CASSVGGELFF,CASSVGAGELFF
519,CASSVGNEQFF,CASSVGGNEQFF
520,CASSVAGELFF,CASSVGAGELFF
521,CASSVGDTQYF,CASSVGETQYF
522,CASSVADEQFF,CASSVAREQFF
523,CASSTGETQYF,CASSVGETQYF
524,CASSLGETQYF,CASSVGETQYF
525,CASSVGGTQYF,CASSVGETQYF
526,CASSVGQTQYF,CASSVGETQYF
527,CASSVGEQQYF,CASSVGETQYF
528,CASSVGGGEQYF,CASSVGGGYEQYF
529,CASSVANEQFF,CASSVAREQFF
530,CASSVAEEQFF,CASSVAREQFF
531,CASSVGSGSYEQYF,CASSVGSGHYEQYF
532,CASSAGSSYNEQFF,CASSASGSSYNEQFF
533,CASSVSETQYF,CASSVGETQYF
534,CASSVGGEQFF,CASSVGGNEQFF
535,CASSVGEAQYF,CASSVGETQYF
536,CASSSPGTSTDTQYF,CASSSPGTSGDTQYF
537,CASWGIQETQYF,CASSGIQETQYF
538,CASSPSGSGYEQYF,CASSPSGSYEQYF
539,CASSPRDGPYEQYF,CASSPRDLGPYEQYF
540,CASSPGAGELFF,CASSPAGELFF
541,CASSVGGNEQFF,CASSVGWGNEQFF
542,CASSRGSGSYEQYF,CASSRGSGSSYEQYF
543,CASSLAGPDTQYF,CASSLAPDTQYF
544,CASSEGGDTEAFF,CASSEGGGTEAFF
545,CASSYGQGETQYF,CASSYGNGETQYF
546,CASSVGSGSYEQYF,CASSVGSGSSYEQYF
547,CASSGLAGAGELFF,CASSGLAGTGELFF
548,CASSLTNTEAFF,CASSLTVNTEAFF
549,CASSVGSGSYEQYF,CASSVGQGSYEQYF
550,CASSAGYEQYF,CASSAQGYEQYF
551,CASSYGGEQYF,CASSLGGEQYF
552,CASSVGTGTYEQYF,CASSVGWTGTYEQYF
553,CASSYGRDTQYF,CASSYGDTQYF
554,CASSYGGELFF,CASSYLGGELFF
555,CASSVVETAYNEQFF,CASSVVETDYNEQFF
556,CASSIGQGLINEQFF,CASSIGQGLKNEQFF
557,CASSIGQGLINEQFF,CASSIGQGLLNEQFF
558,CASSIGQGLINEQFF,CASSIGQGLDNEQFF
559,CASSIGQGLINEQFF,CASSIGQGLNNEQFF
560,CASSIGQGLINEQFF,CASSLGQGLINEQFF
561,CASSIGQGLINEQFF,CASSIGQGLANEQFF
562,CASSVGTGTYEQYF,CASSVGGGTYEQYF
563,CASSVASNEQFF,CASSVAYNEQFF
564,CASSVEGNTEAFF,CASSVYGNTEAFF
565,CASSYGASEAFF,CASSYGATEAFF
566,CASSYGTTEAFF,CASSFGTTEAFF
567,CASSLGNQPQHF,CASSPGNQPQHF
568,CASSLARNEQFF,CASSLAGNEQFF
569,CASSLSGDEQFF,CASSLSGHEQFF
570,CASSFQNTGELFF,CASSFNTGELFF
571,CASSLAVGETQYF,CASSLVGETQYF
572,CASSFINTEAFF,CASSFANTEAFF
573,CASSLQYEQYF,CASSLGYEQYF
574,CASSVGDHEQFF,CASSVGDYEQFF
575,CASSEEGYNEQFF,CASSLEGYNEQFF
576,CASSLEAGGDTQYF,CASSLEAGGTDTQYF
577,CASSVGDYEQYF,CASSVGDYEQFF
578,CASSVGDYEQYF,CASSVGGYEQYF
579,CASSYTYEQYF,CASSATYEQYF
580,CASSVGDTEAFF,CASSVGGTEAFF
581,CASSVVGGYEQYF,CASSVGGYEQYF
582,CASSEGGRADTQYF,CASSEGGRFDTQYF
583,CASSLAVGETQYF,CASSLAGGETQYF
584,CASSANSYEQYF,CASSAGSYEQYF
585,CASSVGGKNEQFF,CASSVGGYNEQFF
586,CASSVDGTGELFF,CASSVPGTGELFF
587,CASSGGSSYEQYF,CASSGGSYEQYF
588,CASSGGSSYEQYF,CASSVGSSYEQYF
589,CASSGGLDGELFF,CASSGGLGELFF
590,CASSLEGGQPQHF,CASSLEGNQPQHF
591,CASSVGDYEQYF,CASSVGGDYEQYF
592,CASSVGGNEQFF,CASSVGGYNEQFF
593,CASSVAGSGELFF,CASSVGGSGELFF
594,CASSGGASYEQYF,CASSVGGASYEQYF
595,CASSGGASYEQYF,CASSGGSYEQYF
596,CASSVGASYEQYF,CASSVGGASYEQYF
597,CASSVGASYEQYF,CASSVGSSYEQYF
598,CASSLGTGYEQYF,CASSPGTGYEQYF
599,CASSEGGSYEQYF,CASSEGISYEQYF
600,CASSPPSNEQFF,CASSPPSGNEQFF
601,CASSFDSYEQYF,CASSFSYEQYF
602,CASSLPGTYNEQFF,CASSLEGTYNEQFF
603,CASTTGPNTEAFF,CASTTGQNTEAFF
604,CASSQVGIQETQYF,CASSQVRGIQETQYF
605,CASSLAGLGQFF,CASSLAGLGAFF
606,CASSLAGLGQFF,CASSLAGSGQFF
607,CASSLAGLGQFF,CASSLAGLGQYF
608,CASSLAGLGQFF,CASSLAGVGQFF
609,CASSLAGLGQFF,CASSLAGLEQFF
610,CASSPGQAQETQYF,CASSPGQWQETQYF
611,CAISESWETQYF,CAISESSETQYF
612,CASSVGLNTEAFF,CASSVEGLNTEAFF
613,CASSVEGNTEAFF,CASSVEGLNTEAFF
614,CASSQVRGWNEQFF,CASSQVGWNEQFF
615,CASSLARNEQFF,CASSLANEQFF
616,CASSLPYNEQFF,CASSLIYNEQFF
617,CASSVADPNYGYTF,CASSVADSNYGYTF
618,CASSVVGGNSEAFF,CASSVVGGNTEAFF
619,CASSQGGTEAFF,CASSQGNTEAFF
620,CASSFGGLSYNEQFF,CASSLGGLSYNEQFF
621,CASSARNTEAFF,CASSAGNTEAFF
622,CASSVGDYEQYF,CASSVDDYEQYF
623,CASSYSSVPYEQYF,CASSYSGVPYEQYF
624,CASSYGGEQYF,CASSYPGEQYF
625,CASSYGPGEQYF,CASSYPGEQYF
626,CASSFGVGGEQYF,CASSFGVGEQYF
627,CASSYTRGYEQYF,CASSYTRDGYEQYF
628,CASSVGGKNEQFF,CASSVGGNEQFF
629,CASSGGSSYEQYF,CASSGGNSYEQYF
630,CASSLEGGQPQHF,CASSLEGSGQPQHF
631,CASSRGVHEQYF,CASRGVHEQYF
632,CASSFGVGGEQYF,CASSFVGGEQYF
633,CASSVGGIEQFF,CASSVGGNEQFF
634,CSAREGRTEAFF,CSARPGRTEAFF
635,CASSGGASYEQYF,CASSGGNSYEQYF
636,CASSVVGGYEQYF,CASSVGGGYEQYF
637,CASSPPSNEQFF,CASSPSNEQFF
638,CASSLIGGAYEQYF,CASSLIGGSYEQYF
639,CASSLGTSYNEQFF,CASSLGASYNEQFF
640,CASSSGGTEAFF,CASSSGQGTEAFF
641,CASSVGGKNEQFF,CASSVGGKGEQFF
642,CASSVGGKNEQFF,CASSVGGKVNEQFF
643,CASSLAPQDTQYF,CASSLAPDTQYF
644,CASSYSRGNEQFF,CASSYVRGNEQFF
645,CASSLGRGTYEQYF,CASSLGGTYEQYF
646,CASSVGGNEQFF,CASSVGWGNEQFF
647,CASSVEGNTEAFF,CASSVWGNTEAFF
648,CASSSTSGTYEQYF,CASSSLTSGTYEQYF
649,CASSLGSRAYEQYF,CASSLGRAYEQYF
650,CASSLARNEQFF,CASSLAGNEQFF
651,CASSPPSNEQFF,CASSPLSNEQFF
652,CASSLGTSYNEQFF,CASSLGASYNEQFF
653,CASSMGQGTYEQYF,CASSMGQGETYEQYF
654,CASSMGQGTYEQYF,CASSMGQGTVYEQYF
655,CASSWSNTGELFF,CASSSNTGELFF
656,CASSLSTGNTIYF,CASSLSGNTIYF
657,CASSLSTGNTIYF,CASSLTGNTIYF
658,CASSYSGPGELFF,CASSYVGPGELFF
659,CASSSNTGELFF,CASSFNTGELFF
660,CASSPSSYEQYF,CASSSSYEQYF
661,CASSFGYEQYF,CASSNGYEQYF
662,CASSFGYEQYF,CASSLGYEQYF
663,CASSLGGSYEQYF,CASSPLGGSYEQYF
664,CASSPAGAYEQYF,CASSPVGAYEQYF
665,CASSQTSGYTDTQYF,CASSQTSGGTDTQYF
666,CASSWNTEAFF,CASSWGTEAFF
667,CASSLTAGNTEAFF,CASSLTPGNTEAFF
668,CASSLTAGNTEAFF,CASSLTVGNTEAFF
669,CASSLAGSSYNEQFF,CASSLAGSYNEQFF
670,CASSLTSGIYNEQFF,CASSLTSGPYNEQFF
671,CASSLAQGNTGELFF,CASSLGQGNTGELFF
672,CASSSTGGLYNEQFF,CASSSTGGAYNEQFF
673,CAIGGTGGTGELFF,CAGGTGGTGELFF
674,CASSLGGGYEQYF,CASSLGGYEQYF
675,CASSETGELFF,CASSGTGELFF
676,CASSYGGGELFF,CASSGGGELFF
677,CASSLGEYTDTQYF,CASSLGPYTDTQYF
678,CASSLTGETYEQYF,CASSLTGTYEQYF
679,CASSLGGGYEQYF,CASSLGGYEQYF
680,CASSLGVGTEAFF,CASSLGGTEAFF
681,CASSPGVGNQPQHF,CASSPGVYGNQPQHF
682,CASSLSGQPQHF,CASSLIGQPQHF
683,CASSQGGQPQHF,CASSSGGQPQHF
684,CASSPGGQPQHF,CASSSGGQPQHF
685,CASSSGYEQYF,CASSPSGYEQYF
686,CASSQVAGGETQYF,CASSQVAGGQETQYF
687,CASSLGSGSYNEQFF,CASSLDSGSYNEQFF
688,CASGLAAYEQYF,CASGLLAYEQYF
689,CASSLGGTDTQYF,CASSLGTGTDTQYF
690,CASSLVSGELFF,CASSLVPGELFF
691,CASSQDPGVNTEAFF,CASSQDPGLNTEAFF
692,CASSQDPALNTEAFF,CASSQDPGLNTEAFF
693,CASSLGHEQYF,CASSLGNEQYF
694,CASSQDPGMNTEAFF,CASSQDPGLNTEAFF
695,CASSLYTGSNTEAFF,CASSLTGSNTEAFF
696,CASSQDSGLNTEAFF,CASSQDPGLNTEAFF
697,CASSLDSNQPQHF,CASSLGSNQPQHF
698,CASSLAEGLNTEAFF,CASSLAGGLNTEAFF
699,CASSPSSYEQYF,CASSTSSYEQYF
700,CASSPSSYEQYF,CASSPNSYEQYF
701,CASSVGGGETQYF,CASSVLGGETQYF
702,CASSLARDTSYEQYF,CASSLARDSYEQYF
703,CATSDRDSYEQYF,CATSDLDSYEQYF
704,CASSLSGQPQHF,CASSLSGGQPQHF
705,CASSFPDTQYF,CASSFGDTQYF
706,CASSLQLNTEAFF,CASSLKLNTEAFF
707,CASSPAGAYEQYF,CASSPGGAYEQYF
708,CASSLGSGYNEQFF,CASSLGGYNEQFF
709,CASSWTGETEAFF,CASSWTGGTEAFF
710,CASSLGLGYNEQFF,CASSLGGYNEQFF
711,CASSIQGDNQPQHF,CASSLQGDNQPQHF
712,CASSLTGETYEQYF,CASSTGETYEQYF
713,CASSLGTGYNEQFF,CASSLGGYNEQFF
714,CASSLDSNQPQHF,CASSLGSNQPQHF
715,CASSPDRANTEAFF,CASSPDRMNTEAFF
716,CASSIGGNQPQHF,CASSLGGNQPQHF
717,CASSLGTGVEYEQYF,CASSLGTGVSYEQYF
718,CASSVVGGDTEAFF,CASSVVGGNTEAFF
719,CASSVVGGDTEAFF,CASSVVGGGTEAFF
720,CASSWTGETEAFF,CASSTGETEAFF
721,CASSRTSGNTDTQYF,CASSRTSGGTDTQYF
722,CASSLDSNQPQHF,CASSLNSNQPQHF
723,CASSLDSNQPQHF,CASSLGSNQPQHF
724,CASSQVEVTGELFF,CASSQEEVTGELFF
725,CASSSNTGELFF,CASSASNTGELFF
726,CASSSGGTDTQYF,CASSSRGGTDTQYF
727,CASSLSPYTGELFF,CASSLSPSTGELFF
728,CASSQGLNEQFF,CASSPGLNEQFF
729,CASSLSPGSEQYF,CASSLSPGEQYF
730,CASSLTGSSTDTQYF,CASSLGSSTDTQYF
731,CASSLDSNQPQHF,CASSLDHSNQPQHF
732,CATSDLQGETDTQYF,CATSDLQGVTDTQYF
733,CASSLGSGYNEQFF,CASSLGSSYNEQFF
734,CASSLGGTDTQYF,CASSLGHTDTQYF
735,CASSLGGTDTQYF,CASSLGTDTQYF
736,CASSSGTMNTEAFF,CASSSGMNTEAFF
737,CASSPGGQPQHF,CASSPEGGQPQHF
738,CASSFGFGEQFF,CASSFGTGEQFF
739,CASSLGSGSYNEQFF,CASSLGSSYNEQFF
740,CASSSNTGELFF,CASSSYTGELFF
741,CASSPGGTNTEQFF,CASSPGGTNEQFF
742,CASSVGWTGTYEQYF,CASSVGWGGTYEQYF
743,CASSLGQGIGYTF,CASSLGQGSGYTF
744,CASSQENYSNQPQHF,CASSQERYSNQPQHF
745,CASSLDSNQPQHF,CASSLADSNQPQHF
746,CASSLGVGTEAFF,CASSLGQGTEAFF
747,CASSLGVGTEAFF,CASSLSVGTEAFF
748,CASSLTASSTDTQYF,CASSLLASSTDTQYF
749,CASSLGGSYEQYF,CASSLIGGSYEQYF
750,CASSLSQGAYNEQFF,CASSLQGAYNEQFF
751,CASSLYTGSNTEAFF,CASSLYTGVNTEAFF
752,CASSLYTGSNTEAFF,CASSLYTGANTEAFF
753,CASSLGLAAYNEQFF,CASSLGQAAYNEQFF
754,CASSLGGSYEQYF,CASSLLGSYEQYF
755,CASSLGTGDQPQHF,CASSLGGDQPQHF
756,CASSLGSTDTQYF,CASSLGVSTDTQYF
757,CASSLDSNQPQHF,CASSLYSNQPQHF
758,CASSLGGSYEQYF,CASSFGGSYEQYF
759,CASSLGLNNEQFF,CASSLTLNNEQFF
760,CASSLVSGELFF,CASSLVLSGELFF
761,CASSGTDTQYF,CASSFTDTQYF
762,CASSSTGFEQFF,CASSSTGAEQFF
763,CASSPPGQGSYEQYF,CASRPPGQGSYEQYF
764,CASSLAGGDTDTQYF,CASSLAGGSTDTQYF
765,CASSPTSGGSYEQYF,CASSITSGGSYEQYF
766,CASSLDGYNEQFF,CASSLEGYNEQFF
767,CASSIGVGLAGELFF,CASSIVGLAGELFF
768,CASSIGTGEAYEQYF,CASSITGEAYEQYF
769,CASSIGTGTLYEQYF,CASSIATGTLYEQYF
770,CASTLGRGLNTEAFF,CASTLGRRLNTEAFF
771,CASSPSGDRSYEQYF,CASSPSGDLSYEQYF
772,CASSIGQGLTYEQYF,CASSIGQGITYEQYF
773,CASSIGSGITYEQYF,CASSIGQGITYEQYF
774,CASSLGQGITYEQYF,CASSIGQGITYEQYF
775,CASSIGQGIVYEQYF,CASSIGQGITYEQYF
776,CASSAGQGITYEQYF,CASSIGQGITYEQYF
777,CASSIGTGITYEQYF,CASSIGQGITYEQYF
778,CASSIGQGRTYEQYF,CASSIGQGITYEQYF
779,CASSIGQGISYEQYF,CASSIGQGITYEQYF
780,CASSIGQGATYEQYF,CASSIGQGITYEQYF
781,CASSIGQGSTYEQYF,CASSIGQGITYEQYF
782,CASSIGQGIAYEQYF,CASSIGQGITYEQYF
783,CASSLDGYNEQFF,CASSLAGYNEQFF
784,CASSLDGYNEQFF,CASSLPGYNEQFF
785,CASSIGVGTSYEQYF,CASSIVGTSYEQYF
786,CASSIGSGASYEQYF,CASSISGASYEQYF
787,CASSPRGSEQYF,CASSPRGNEQYF
788,CASSLYSGANVLTF,CASSLYISGANVLTF
789,CASSMQETQYF,CASSLQETQYF
790,CASSLRSSYEQYF,CASSLFSSYEQYF
791,CASSGTDTQYF,CASSLTDTQYF
792,CASSPTGGGTYEQYF,CASSPTGGVTYEQYF
793,CASSIGLAVYNEQFF,CASSMGLAVYNEQFF
794,CASSIGLAVYNEQFF,CASSIGLAAYNEQFF
795,CASSLAGGDTDTQYF,CASSLAGGYTDTQYF
796,CASSTGLGLYNEQFF,CASSTGLGGYNEQFF
797,CASSTGTGTSYEQYF,CASSIGTGTSYEQYF
798,CASSMGTGTSYEQYF,CASSIGTGTSYEQYF
799,CSARDNLSYEQYF,CSARDLSYEQYF
800,CASSIGTGESYEQYF,CASSIGTGTSYEQYF
801,CASSLGTGVVYEQYF,CASSIGTGVVYEQYF
802,CASSIGTGVLYEQYF,CASSIGTGVVYEQYF
803,CASSIGTGVIYEQYF,CASSIGTGVVYEQYF
804,CASSIGTGVGYEQYF,CASSIGTGVVYEQYF
805,CASSIGTGMSYEQYF,CASSIGTGTSYEQYF
806,CASSIGEGTSYEQYF,CASSIGTGTSYEQYF
807,CASSIGAGTSYEQYF,CASSIGTGTSYEQYF
808,CASSIGTGTLYEQYF,CASSIGTGTSYEQYF
809,CASSIGTGHSYEQYF,CASSIGTGTSYEQYF
810,CASSIGVGTSYEQYF,CASSIGTGTSYEQYF
811,CASSIGTGISYEQYF,CASSIGTGTSYEQYF
812,CASSPGTGTSYEQYF,CASSIGTGTSYEQYF
813,CASSIGTGVDYEQYF,CASSIGTGVVYEQYF
814,CASSTGTGTSYEQYF,CASSTRTGTSYEQYF
815,CASSMGTGTSYEQYF,CASSMRTGTSYEQYF
816,CASSIGLGYTGELFF,CASSIGAGYTGELFF
817,CASSAGQGTSYEQYF,CASSARQGTSYEQYF
818,CASSLTAGVYEQYF,CASSLTAGVTYEQYF
819,CASSIGVGLGNEQFF,CASSIGAGLGNEQFF
820,CASSQVRSYEQYF,CASSQVGRSYEQYF
821,CASSIGQGLNNEQFF,CASSIGAGLNNEQFF
822,CASSEVGVDEQYF,CASSEGGVDEQYF
823,CASSIGAGAGNEQFF,CASSIGAGVGNEQFF
824,CASSIGAGAGNEQFF,CASSIGAGLGNEQFF
825,CASSTGAGVGNEQFF,CASSTAAGVGNEQFF
826,CASSTGAGVGNEQFF,CASSIGAGVGNEQFF
827,CASSIGKSSYNEQFF,CASSIGGSSYNEQFF
828,CASSIGTGLNNEQFF,CASSIGAGLNNEQFF
829,CASSPGLGSSYEQYF,CASSPGTGSSYEQYF
830,CASSPGTGISYEQYF,CASSPGTGSSYEQYF
831,CASSPGTGVSYEQYF,CASSPGTGSSYEQYF
832,CASSPGTGFSYEQYF,CASSPGTGSSYEQYF
833,CASSPGTGTSYEQYF,CASSPGTGSSYEQYF
834,CASSPGTGKSYEQYF,CASSPGTGSSYEQYF
835,CASSIGLGQAYEQYF,CASSIGPGQAYEQYF
836,CASSIGQGQAYEQYF,CASSIGPGQAYEQYF
837,CASSLLANTEAFF,CASSLLQNTEAFF
838,CASSTGTGVNYEQYF,CASSTGTGVYEQYF
839,CASSTGTGLVYEQYF,CASSTGTGVYEQYF
840,CASSIGQGGSYEQYF,CASSIGQGGSEQYF
841,CASSFLGYEQYF,CASSFLGNYEQYF
842,CASSFLGYEQYF,CASSFSGYEQYF
843,CASSFLGYEQYF,CASSFGYEQYF
844,CASSLSGASTDTQYF,CASSLSGTSTDTQYF
845,CASSLSGASTDTQYF,CASSLTGASTDTQYF
846,CASSLSGASTDTQYF,CASSLSGVSTDTQYF
847,CASSLSGAGTDTQYF,CASSLSGASTDTQYF
848,CASSYSAYEQYF,CASSYSYEQYF
849,CASSFDGNEQFF,CASSFGGNEQFF
850,CASSSAGGSTDTQYF,CASSSTGGSTDTQYF
851,CASSSAGGSTDTQYF,CASSLAGGSTDTQYF
852,CASSFTGYEQYF,CASSFSGYEQYF
853,CASSFTGYEQYF,CASSFGYEQYF
854,CASSVDGTEAFF,CASSVGGTEAFF
855,CASSSTGAGTDTQYF,CASSSTGATTDTQYF
856,CASSPGPYEQYF,CASSPTGPYEQYF
857,CASSLAYEQYF,CASSLQAYEQYF
858,CASSFSGDGYTF,CASSPSGDGYTF
859,CASSSTGGVTDTQYF,CASSSTGGSTDTQYF
860,CASSFAGNEQFF,CASSFGGNEQFF
861,CASSLSNEQFF,CASSLSFEQFF
862,CASSFAGLYEQYF,CASSFAGAYEQYF
863,CASSFSGTDTQYF,CASSFSGDTQYF
864,CASSFSGVEQYF,CASSFSGYEQYF
865,CASSTSGYEQYF,CASSFSGYEQYF
866,CASGQGGYEQYF,CASGGGYEQYF
867,CASSSTGGSTDTQYF,CASSSTGWSTDTQYF
868,CASSLDGAEAFF,CASSLGGAEAFF
869,CASSFSGNEQFF,CASSFGGNEQFF
870,CASSLGYYEQYF,CASSLGLYEQYF
871,CASSLYSTDTQYF,CASSLLYSTDTQYF
872,CASSPTGTEAFF,CASSPTGPTEAFF
873,CASSPSGASTDTQYF,CASSLSGASTDTQYF
874,CASSLTGAVTDTQYF,CASSLTGADTDTQYF
875,CASSLTGAVTDTQYF,CASSLTGAETDTQYF
876,CASSLTGAVTDTQYF,CASSLTGVVTDTQYF
877,CASSLTGAVTDTQYF,CASSLTGASTDTQYF
878,CASSWAGAYEQYF,CASSFAGAYEQYF
879,CASSLDAYEQYF,CASSLQAYEQYF
880,CASSSGGTEAFF,CASSQGGTEAFF
881,CASSSGGTEAFF,CASSAGGTEAFF
882,CASSLAGVEAFF,CASSLAGTEAFF
883,CASSPTGDGYTF,CASSPSGDGYTF
884,CASSFSFEQFF,CASSLSFEQFF
885,CASSFAGLYEQYF,CASSFAGIYEQYF
886,CASSLTGDTQYF,CASSLNGDTQYF
887,CASSLGYNEQFF,CASSLEGYNEQFF
888,CASSDGYGYTF,CASSDGTYGYTF
889,CASSPTGVEQFF,CASSPTGNEQFF
890,CASSPTGAEQFF,CASSPTGNEQFF
891,CASSLTGDTQYF,CASSLGGDTQYF
892,CASSLTGYEQYF,CASSLGGYEQYF
893,CASSLDGYEQYF,CASSSDGYEQYF
894,CASSFTGGDGYTF,CASSFGGDGYTF
895,CASSFLGDGYTF,CASSFGGDGYTF
896,CASSVGFDEQFF,CASSVGLDEQFF
897,CASSFSGDGYTF,CASSFGGDGYTF
898,CSAPDYNEQFF,CSARDYNEQFF
899,CASSLVGPTEAFF,CASSLVGNTEAFF
900,CASSLTGYEQYF,CASSLGGYEQYF
901,CASSQAGETQYF,CASSQEGETQYF
902,CASSLGYNEQFF,CASSLPGYNEQFF
903,CSVEQGTYEQYF,CSVEQGPYEQYF
904,CASSLSGASTDTQYF,CASSLTGASTDTQYF
905,CASSLGETQYF,CASSLIETQYF
906,CASSYDNEQFF,CASSLDNEQFF
907,CASSSTGAGTDTQYF,CASSRTGAGTDTQYF
908,CASSLSNEQFF,CASSLDNEQFF
909,CASSPGYEQYF,CASSPGTYEQYF
910,CASSQESGQGEQYF,CASSQEGQGEQYF
911,CSAPSGGAAETQYF,CSAPSGGAQETQYF
912,CASSLTGAVTDTQYF,CASSLTGASTDTQYF
913,CASSLSGNTIYF,CASSFSGNTIYF
914,CASSFTGNTIYF,CASSFSGNTIYF
915,CASSYQGNSPLHF,CASSVQGNSPLHF
916,CASSYSGNTIYF,CASSFSGNTIYF
917,CASSTSGNTIYF,CASSFSGNTIYF
918,CASSLGETQYF,CASSLGDTQYF
919,CASSLESNYGYTF,CASSLEANYGYTF
920,CASSLPTDTQYF,CASSLGTDTQYF
921,CASSFSGELFF,CASSFSAGELFF
922,CASSYGGETQYF,CASSYGRETQYF
923,CASSYGGNEQFF,CASSYGGYNEQFF
924,CASSFNTGELFF,CASSFGTGELFF
925,CASSLTGDTQYF,CASSLGDTQYF
926,CASSLGGGANGYTF,CASSLGGRANGYTF
927,CASSYGGDTQYF,CASSYGDTQYF
928,CASSFTGGDGYTF,CASSFGGDGYTF
929,CASSFLGDGYTF,CASSFGGDGYTF
930,CASSSSPEQYF,CASSSSNEQYF
931,CASSLRYGYTF,CASSLGYGYTF
932,CASSLGETQYF,CASSLIGETQYF
933,CASSYDNEQFF,CASSLDNEQFF
934,CASSSAGGSTDTQYF,CASSSSGGSTDTQYF
935,CASSLVGYGYTF,CASSLGYGYTF
936,CASSEGGDTQYF,CASSFGGDTQYF
937,CASSLQDTQYF,CASSLTDTQYF
938,CASSLQDTQYF,CASSLGDTQYF
939,CSVVRENTGELFF,CSVPRENTGELFF
940,CASSFSGDGYTF,CASSFGGDGYTF
941,CASSLTGETQYF,CASSLIGETQYF
942,CASSLSNEQFF,CASSLANEQFF
943,CASSLSNEQFF,CASSLDNEQFF
944,CASSLISEQFF,CASSLIHEQFF
945,CASSQAGETQYF,CASSPAGETQYF
946,CASSQAGETQYF,CASSQAGMETQYF
947,CASSLSLGFYEQYF,CASSLSLGYEQYF
948,CASSSTGGSTDTQYF,CASSSSGGSTDTQYF
949,CASSLSSGSEQFF,CASSLSVGSEQFF
950,CASSLAGNEQFF,CASSLANEQFF
951,CASSLGTGYTF,CASSLGYGYTF
952,CASSFSGNEQFF,CASSFSPNEQFF
953,CASSLVGETQYF,CASSLIGETQYF
954,CASSLGYYEQYF,CASSLLYYEQYF
955,CASSFTDTQYF,CASSLTDTQYF
956,CASSYGSYGYTF,CASSYGGSYGYTF
957,CASSLTGETQYF,CASSLTGDTQYF
958,CSVETGLNTEAFF,CSVTGLNTEAFF
959,CASSQGLPGADTQYF,CASSQGLLGADTQYF
960,CASSSSGETQYF,CASSSSGTQYF
961,CASSLAGVEAFF,CASSLGVEAFF
962,CSVEAGTGFEQYF,CSVEAGTGEQYF
963,CASSYGGDTQYF,CASSYVGGDTQYF
964,CASSASGELFF,CASSYASGELFF
965,CASSSTGELFF,CASSQSTGELFF
966,CASSQGGETQYF,CASSLQGGETQYF
967,CASSLGSNEQFF,CASSLDSNEQFF
968,CASSLSNEQFF,CASSLDSNEQFF
969,CASSLSLGFYEQYF,CASSLSAGFYEQYF
970,CASSQGGYEQYF,CASSYQGGYEQYF
971,CASSSGGTEAFF,CASSSGGNTEAFF
972,CASSSGGTEAFF,CASSSGTEAFF
973,CASSLGLGNEQYF,CASSLGAGNEQYF
974,CASSPDHYEQYF,CASSHDHYEQYF
975,CASSFLGYEQYF,CASSFGYEQYF
976,CSASGPDSYEQYF,CSASGPSSYEQYF
977,CASSFTGYEQYF,CASSFGYEQYF
978,CASSLYSTDTQYF,CASSIYSTDTQYF
979,CASSLYSTDTQYF,CASSLYNTDTQYF
980,CASSLGSNEQFF,CASSLGNEQFF
981,CASSLSNEQFF,CASSLGNEQFF
982,CASSPGYEQYF,CASSPGAYEQYF
983,CASSVGGGTYEQYF,CASSVGWGGTYEQYF
984,CASSVGGGTYEQYF,CASSVGGGYEQYF
985,CASSVGGGTYEQYF,CASSVGFGGTYEQYF
986,CASSLAGNEQFF,CASSLGNEQFF
987,CASNQGSYEQYF,CASNDGSYEQYF
988,CASSFLGELFF,CASSFLGEQFF
989,CASSYGGDTQYF,CASSYGGTQYF
990,CASSFDGNEQFF,CASSLDGNEQFF
991,CASSLGVEETQYF,CASSLGGEETQYF
992,CASSTTGNEQYF,CASSTTGNEQFF
993,CASSYGGETQYF,CASSYGGTQYF
994,CSVETGLNTEAFF,CSVEEGLNTEAFF
995,CASSLAGNEQFF,CASSLDGNEQFF
996,CASSLAGNEQFF,CASSLEGNEQFF
997,CASSLGETQYF,CASSLGVETQYF
998,CSATQGTGELFF,CSATPGTGELFF
999,CASSYVGNEQFF,CASSYVRGNEQFF
1000,CSATVGTGELFF,CSATPGTGELFF
1001,CASSYGGETQYF,CASSYGNGETQYF
1002,CASSPGQGGEKLFF,CASSSPGQGGEKLFF
1003,CASSYSETQYF,CASSYSQETQYF
1004,CSVEAGDGYEQYF,CSVEAGVGYEQYF
1005,CASSLVGYGYTF,CASSLVNYGYTF
1006,CASSYSEGVTEAFF,CASSYSAGVTEAFF
1007,CASSPQGETQYF,CASSPQGWETQYF
1008,CASSFAGNEQFF,CASSLAGNEQFF
1009,CASSVYGNTEAFF,CASSVWGNTEAFF
1010,CATSNTGELFF,CASTSNTGELFF
1011,CASSPSGASTDTQYF,CASSPSASTDTQYF
1012,CSVEVGVGYEQYF,CSVEAGVGYEQYF
1013,CASSPGYEQYF,CASSVGYEQYF
1014,CSVESGTYEQYF,CSVEGGTYEQYF
1015,CASSWGAYEQYF,CASSWGYEQYF
1016,CASSLYSTDTQYF,CASSLYVTDTQYF
1017,CSVEQGTYEQYF,CSVEQGYEQYF
1018,CSVEQGTYEQYF,CSVEGGTYEQYF
1019,CASSWPGTGELFF,CASSFPGTGELFF
1020,CATSDGYEQYF,CATSDDYEQYF
1021,CASSLTGPSYEQYF,CASSLTGPSSYEQYF
1022,CASSFAGAYEQYF,CASSFAGIYEQYF
1023,CASSDTYEQYF,CASSDNYEQYF
1024,CASSLDSGGTGELFF,CASSLDTGGTGELFF
1025,CASGGSYEQYF,CASSGGSYEQYF
1026,CASSGSYEQYF,CASSTGSYEQYF
1027,CASSGSYEQYF,CASSGGSYEQYF
1028,CASSVGDYEQFF,CASSVGDYYEQFF
1029,CASSVGGTEAFF,CASSVGGSTEAFF
1030,CASSVGGYEQYF,CASSVGGDYEQYF
1031,CASSPTGPNEQFF,CASSPTGNEQFF
1032,CASSFGSYEQYF,CASSWGSYEQYF
1033,CASSFGSYEQYF,CASSFGVSYEQYF
1034,CASSLTGNYEQYF,CASSLTGTYEQYF
1035,CATSDGYEQYF,CATSDTYEQYF
1036,CASSQGGYEQYF,CASSQGGNEQYF
1037,CASSPGGYEQYF,CASSPTGGYEQYF
1038,CASSLTGPYEQYF,CASSLVGPYEQYF
1039,CASSLEGYNEQFF,CASSLAGYNEQFF
1040,CASSQTGGGTEAFF,CASSQTGGWTEAFF
1041,CASSLTGPSYEQYF,CASSPTGPSYEQYF
1042,CASSLTGPSYEQYF,CASSLLGPSYEQYF
1043,CASSQGGYEQYF,CASSQGYEQYF
1044,CASSLYTYEQYF,CASSLTYEQYF
1045,CASSFGTGYEQYF,CASSFGTTYEQYF
1046,CASSLTGADTDTQYF,CASSLTGASTDTQYF
1047,CASSLEGYNEQFF,CASSLPGYNEQFF
1048,CASSLTGAETDTQYF,CASSLTGASTDTQYF
1049,CATSDRGYEQYF,CATSDRHYEQYF
1050,CASSLSGASTDTQYF,CASSLTGASTDTQYF
1051,CASSLTGAVTDTQYF,CASSLTGASTDTQYF
1052,CASSRTGASTDTQYF,CASSRTGAGTDTQYF
1053,CASSRTGASTDTQYF,CASSLTGASTDTQYF
1054,CASSLTGWSTDTQYF,CASSLTGASTDTQYF
1055,CASSQDSYEQYF,CASSRDSYEQYF
1056,CASSLTGASPDTQYF,CASSLTGASTDTQYF
1057,CASSSTGAGTDTQYF,CASSRTGAGTDTQYF
1058,CASSLTGTSTDTQYF,CASSLTGASTDTQYF
1059,CASSQDPGDYEQYF,CASSQDPGYEQYF
1060,CASSPDPGYEQYF,CASSQDPGYEQYF
1061,CASSFGGNEQFF,CASSFGINEQFF
1062,CASSFGTGYEQYF,CASSFGTGAYEQYF
1063,CASSYGQGYEQYF,CASSYTGQGYEQYF
1064,CASSSSYEQYF,CASFSSSYEQYF
1065,CASSSSYEQYF,CASSTSSYEQYF
1066,CASSSSYEQYF,CASYSSSYEQYF
1067,CASSLGGAEAFF,CASSLGGATEAFF
1068,CASSLETGGTDTQYF,CASSLFTGGTDTQYF
1069,CASSSSGGHTDTQYF,CASSSSGGSTDTQYF
1070,CASSLTGNYEQYF,CASSLTGMNYEQYF
1071,CASSLTGNYEQYF,CASSLTGNAEQYF
1072,CASSSSYEQYF,CASSSLYEQYF
1073,CASSSSYEQYF,CASSSAYEQYF
1074,CASSSSGISTDTQYF,CASSSSGGSTDTQYF
1075,CASSFSGDTQYF,CASSFGGDTQYF
1076,CASSPVGAYEQYF,CASSPGGAYEQYF
1077,CASSLYGQGNTEAFF,CASSLGQGNTEAFF
1078,CASSSGYNEQFF,CASSGYNEQFF
1079,CASSSTGGSTDTQYF,CASSSSGGSTDTQYF
1080,CASSLAGGSTDTQYF,CASSLAGGYTDTQYF
1081,CAISESSGGQETQYF,CAISESGGQETQYF
1082,CASSRSGGSTDTQYF,CASSSSGGSTDTQYF
1083,CASSFGSYEQYF,CASSFDSYEQYF
1084,CASSSSGNSGDTQYF,CASSSSGTSGDTQYF
1085,CASSSSYEQYF,CASSRSSYEQYF
1086,CASSYGGGYEQYF,CASSYAGGYEQYF
1087,CASSLVGSYEQYF,CASSHVGSYEQYF
1088,CASSGSYEQYF,CASSGSGEQYF
1089,CASSESSYEQYF,CASSRSSYEQYF
1090,CASSILAGGRNEQFF,CASSLLAGGRNEQFF
1091,CASSLTGPYEQYF,CASSLTGSYEQYF
1092,CASSLLAGIYNEQFF,CASSLLAGTYNEQFF
1093,CASSLLYSTDTQYF,CASSLYSTDTQYF
1094,CASSYGQGYEQYF,CASSYQGQGYEQYF
1095,CASSQGGTEAFF,CASSSGGTEAFF
1096,CASSLGGAEAFF,CASSFGGAEAFF
1097,CASSAGGTEAFF,CASSSGGTEAFF
1098,CASSLTGADTQYF,CASSLTGGADTQYF
1099,CASSLTGADTQYF,CASSLTGAADTQYF
1100,CASSLAGGSTDTQYF,CASSLAGESTDTQYF
1101,CASSYESSYNSPLHF,CASSYGSSYNSPLHF
1102,CASSLAGVSTDTQYF,CASSLAGESTDTQYF
1103,CASSYGGGYEQYF,CASSYQGGYEQYF
1104,CASSPGQGGTDTQYF,CASSHGQGGTDTQYF
1105,CASSLRGGGTDTQYF,CASSLSGGGTDTQYF
1106,CASSLAGAADTQYF,CASSLTGAADTQYF
1107,CASSSGGTEAFF,CASSSGGNTEAFF
1108,CASSSGGTEAFF,CASSSGTEAFF
1109,CASSVGGYEQYF,CASSVDGYEQYF
1110,CASSLTGGGGEQYF,CASSLTGGGNEQYF
1111,CASSFSNYGYTF,CASSLSNYGYTF
1112,CASSSSYEQYF,CASSSSHEQYF
1113,CASSLTTSTDTQYF,CASSLTESTDTQYF
1114,CASSLTTSTDTQYF,CASSLTDSTDTQYF
1115,CASSLTTSTDTQYF,CASSLTISTDTQYF
1116,CASSMLSGSYNEQFF,CASSMTSGSYNEQFF
1117,CASSLSLAGRETQYF,CASSLSLAGGETQYF
1118,CASSLAGSYEQYF,CASSLGGSYEQYF
1119,CASSFSGYEQYF,CASSFGYEQYF
1120,CASSLVGSYEQYF,CASSLGGSYEQYF
1121,CASSFGTGYEQYF,CASSFGTGEYEQYF
1122,CASSFGTGDYEQYF,CASSFGTGEYEQYF
1123,CASSFTGGLTEAFF,CASSFEGGLTEAFF
1124,CASSFGTGYEQYF,CASSFGTGLYEQYF
1125,CASSFGSYEQYF,CASSFGYEQYF
1126,CASSHGGGYEQYF,CASSVGGGYEQYF
1127,CASSQGGYEQYF,CASSQGYEQYF
1128,CASSLGYEQYF,CASSDLGYEQYF
1129,CASSVGGYEQYF,CASSVGGAYEQYF
1130,CASSVGGYEQYF,CASSVGGGYEQYF
1131,CASSLEGYNEQFF,CASSLEPYNEQFF
1132,CASSSSYEQYF,CASSSGSYEQYF
1133,CASSQGAYEQYF,CASSQGYEQYF
1134,CATSDLQETQYF,CATSDLPQETQYF
1135,CASSLGLYEQYF,CASSLKLYEQYF
1136,CASSWGAGGETQYF,CASSWGAGGEQYF
1137,CASSLGYEQYF,CASSLGGEQYF
1138,CASSLLSGANVLTF,CASSLVSGANVLTF
1139,CASSFAGAQETQYF,CASSFAGGAQETQYF
1140,CASSQGAYEQYF,CASSQGYEQYF
1141,CASSPGGYEQYF,CASSPQGYEQYF
1142,CASSLRGSSYEQYF,CASSLGSSYEQYF
1143,CASSQDWGYEQYF,CASSQDWGFEQYF
1144,CASSFDGTVYEQYF,CASSFGGTVYEQYF
1145,CASSQETGMNTEAFF,CASSQEAGMNTEAFF
1146,CASSLLPGSYEQYF,CASSLLGSYEQYF
1147,CASSYSGNEQFF,CASSYSQNEQFF
1148,CASSFGGTVDEQYF,CASSFGGTVYEQYF
1149,CSAREGSMNTEAFF,CSAREGLMNTEAFF
1150,CASSLRGYEQYF,CASSLSGYEQYF
1151,CASSEGYEQYF,CASSEIYEQYF
1152,CASSFGQGYEQYF,CASSFGQSYEQYF
1153,CASSVEGGGTDTQYF,CASSVAGGGTDTQYF
1154,CASSLLGQSFYGYTF,CASSLLGQSNYGYTF
1155,CASSFGQGYEQYF,CASKFGQGYEQYF
1156,CASSFGTGYEQYF,CASSFGTDYEQYF
1157,CASSLGYEQYF,CASSLGLEQYF
1158,CASSLAGTYEQYF,CASSLAVTYEQYF
1159,CASSLNGDTQYF,CASSLGGDTQYF
1160,CASSLGDGYTF,CASSLGGDGYTF
1161,CASSLEGNEQYF,CASSLGGNEQYF
1162,CASSLGATEAFF,CASSLGANEAFF
1163,CASSFGGGETQYF,CASSFGGGEQYF
1164,CASSPGGGAEAFF,CASSPGGAEAFF
1165,CASSLLNTEAFF,CASSLANTEAFF
1166,CASSFGRGGYEQYF,CASSFGGGYEQYF
1167,CASSLNQGAYEQYF,CASSLGQGAYEQYF
1168,CASSLYNEQFF,CASSLYSNEQFF
1169,CATSDDYEQYF,CATSDTYEQYF
1170,CASSLGGSPYEQYF,CASSLGGAPYEQYF
1171,CASSLGGSPYEQYF,CASSLGGSHYEQYF
1172,CASSLGGSPYEQYF,CASSLGGSAYEQYF
1173,CASSLGGSPYEQYF,CASSLGGSSYEQYF
1174,CSARDSSGVGETQYF,CSARDSGGVGETQYF
1175,CASSLEGYNEQFF,CASSLPGYNEQFF
1176,CASSLLNTEAFF,CASSLRNTEAFF
1177,CASSFGSTYEQYF,CASSFGSSYEQYF
1178,CASSLAGSYNEQFF,CASSLATSYNEQFF
1179,CASSQGNHQPQHF,CASSQGNQPQHF
1180,CASSLEIGDTQYF,CASSLIGDTQYF
1181,CASSVGAPYEQYF,CASSPGAPYEQYF
1182,CASSPSSYEQYF,CASSPSAYEQYF
1183,CASSIAAGPTDTQYF,CASSIGAGPTDTQYF
1184,CASSDSYEQYF,CASSDPYEQYF
1185,CSARDRDSAYEQYF,CSARDRTSAYEQYF
1186,CASSLSAGGYEQYF,CASSLSASGYEQYF
1187,CATSDLFTDTQYF,CATSDLATDTQYF
1188,CATSDLFTDTQYF,CATSDLVTDTQYF
1189,CASSGGGSGNTIYF,CASSPGGSGNTIYF
1190,CASSLNGDTQYF,CASSLGDTQYF
1191,CASSYSGAEAFF,CASSYSSGAEAFF
1192,CASSYAVAGANVLTF,CASSYAAGANVLTF
1193,CASSLTSGPYNEQFF,CASSLTGPYNEQFF
1194,CASSWAGMNTEAFF,CASSWTGMNTEAFF
1195,CASSEAVSSGNTIYF,CASSESVSSGNTIYF
1196,CASSIAPTSNQPQHF,CASSIAPLSNQPQHF
1197,CASSLYNEQFF,CASSLTNEQFF
1198,CASSLYNEQFF,CASSGYNEQFF
1199,CASSSTGWDTEAFF,CASSSTGDTEAFF
1200,CSVEGAYTGELFF,CSVEGGYTGELFF
1201,CASSLNGDTQYF,CASSLTGDTQYF
1202,CASSHTGEQYF,CASSHTGIEQYF
1203,CASSPWDMSYEQYF,CASSPWDSSYEQYF
1204,CASSDSYEQYF,CASSDTYEQYF
1205,CASSSPSGNEQFF,CASSPSGNEQFF
1206,CASSPSSYEQYF,CASSSSYEQYF
1207,CASSLSPGGYEQYF,CASSSPGGYEQYF
1208,CASSFTGNTEAFF,CASSTGNTEAFF
1209,CASSTGQAVETQYF,CASSTGQGVETQYF
1210,CASSLVTGELFF,CASSLGVTGELFF
1211,CASSYRGFTEAFF,CASSYRGGTEAFF
1212,CASSLSAGGYEQYF,CASSLSAGFYEQYF
1213,CSARDPGGAYEQYF,CSARDPTGAYEQYF
1214,CASSIAGGPGNEQFF,CASSIAGGLGNEQFF
1215,CASSIAGGPGNEQFF,CASSIAGGVGNEQFF
1216,CASSGRDSYEQYF,CASSGLDSYEQYF
1217,CASSMAGSSYNEQFF,CASMAGSSYNEQFF
1218,CASSSPSGNEQFF,CASSSASGNEQFF
1219,CASSPPGETQYF,CASSPPEETQYF
1220,CSVERPNSYEQYF,CSVGRPNSYEQYF
1221,CASSPDPTDTQYF,CASSPNPTDTQYF
1222,CASSYPGGPYNEQFF,CASSYGGGPYNEQFF
1223,CSARGSSSYEQYF,CSARGTSSYEQYF
1224,CSAREQGTNTGELFF,CSAREQTNTGELFF
1225,CASSPSSYEQYF,CASSPSGSYEQYF
1226,CASSRGNNEQFF,CASSRVNNEQFF
1227,CASSLQGNTEAFF,CASSLLQGNTEAFF
1228,CASSISGSAYNEQFF,CASSISGAAYNEQFF
1229,CASSISGSAYNEQFF,CASSISGSGYNEQFF
1230,CASSLGQTYEQYF,CASSLGGTYEQYF
1231,CASSISGGAYNEQFF,CASSISGAAYNEQFF
1232,CASSYSGSYNEQFF,CASSYSGSSYNEQFF
1233,CASSLQGNTEAFF,CASSLQGMNTEAFF
1234,CASSLQGNTEAFF,CASSLQGLNTEAFF
1235,CASSPTSGGANEQFF,CASSPTSGGYNEQFF
1236,CSVMGGYEQYF,CSVEGGYEQYF
1237,CSVEGEGTYEQYF,CSVEGGTYEQYF
1238,CASSLTVGNTEAFF,CASSLTVNTEAFF
1239,CASSDSYEQYF,CASSIDSYEQYF
1240,CASSYSGSYNEQFF,CASSYSGSSYNEQFF
1241,CASSHGTEAFF,CASSHGGTEAFF
1242,CASSLGSEKLFF,CASSLGEKLFF
1243,CASSLGSDTQYF,CASSLGGDTQYF
1244,CSARDIANYGYTF,CSARDSANYGYTF
1245,CASSLGGAEQYF,CASSLGGYEQYF
1246,CASSLGGGYTF,CASSLGGGGYTF
1247,CASSLGGYEQYF,CASSLGSYEQYF
1248,CASSQDLGTQYF,CASSQDYGTQYF
1249,CASSLGGYEQYF,CASSLGSGYEQYF
1250,CASSLGSNTEAFF,CASSLSNTEAFF
1251,CASSQDWGGNEQFF,CASSQDWGGYNEQFF
1252,CASSLGGYEQYF,CASSLGSYEQYF
1253,CASSLGGGELFF,CASSLGFGELFF
1254,CASSHGTEAFF,CASSQGTEAFF
1255,CASSVGGASYEQYF,CASSVGGRSYEQYF
1256,CASSLGAEQYF,CASSLGYEQYF
1257,CASSLGGEAFF,CASSLWGEAFF
1258,CASSQLGQPQHF,CASSQDGQPQHF
1259,CASSVGGDRSYEQYF,CASSVGGRSYEQYF
1260,CASSLGGEQYF,CASSLGYEQYF
1261,CASSLDNTEAFF,CASSLMNTEAFF
1262,CASSEGDGYTF,CASSLGDGYTF
1263,CASSPGGSEQYF,CASSPGSEQYF
1264,CASSLGEGYTF,CASSLGDGYTF
1265,CASSQGAEAFF,CASSQGTEAFF
1266,CASSPLAGGTGELFF,CASSPLAGGSGELFF
1267,CASSLGSEAFF,CASSLAGSEAFF
1268,CASSLGAGAFF,CASSLAGAGAFF
1269,CASSPPSYNEQFF,CASSPSSYNEQFF
1270,CASSLGSDTQYF,CASSLGDTQYF
1271,CASSLGSDTQYF,CASSLGTDTQYF
1272,CASSLGGDTQYF,CASSLGDTQYF
1273,CASSLGGDTQYF,CASSLGTDTQYF
1274,CASSLGGGELFF,CASSLGVGELFF
1275,CASSSSGANVLTF,CASSSPGANVLTF
1276,CASSGEGLNTEAFF,CASSVEGLNTEAFF
1277,CASSPTGNEQFF,CASSPEGNEQFF
1278,CASSPTGNEQFF,CASSPSGNEQFF
1279,CASSLGGDTQYF,CASSLTGDTQYF
1280,CSVGQGFGNTIYF,CSVGGGFGNTIYF
1281,CASSQDWGYNEQFF,CASSQDRGYNEQFF
1282,CASSQDWGYNEQFF,CASSQDTGYNEQFF
1283,CASWGDTEAFF,CASAGDTEAFF
1284,CASSLGGSEQYF,CASSLGGPEQYF
1285,CASSLASGVGNEQFF,CASSLASGVGREQFF
1286,CASSLGGEQYF,CASSLGGPEQYF
1287,CASSVGGASYEQYF,CASSVGGAYEQYF
1288,CASSVGGDYEQYF,CASSVGGAYEQYF
1289,CASSVGGDYEQYF,CASSVGGGYEQYF
1290,CASSVSSGANVLTF,CASSVGSSGANVLTF
1291,CASSVGTSGNNEQFF,CASSEGTSGNNEQFF
1292,CASSLRDSSYEQYF,CASSFRDSSYEQYF
1293,CASSVPGTGELFF,CASSVPVTGELFF
1294,CASSVGSGRYEQYF,CASSVGSGHYEQYF
1295,CASSGGSYEQYF,CASSGGNSYEQYF
1296,CASSVGGYNEQFF,CASSVGGNEQFF
1297,CASSLGGPEQFF,CASSLGGPEQYF
1298,CASSSGGVYEQYF,CASSYGGVYEQYF
1299,CASSTGSYEQYF,CASSTGTYEQYF
1300,CASSPTGNEQFF,CASSTTGNEQFF
1301,CASSLGGPEQFF,CASSLMGPEQFF
1302,CASSVGGVSTGELFF,CASSVGGKSTGELFF
1303,CASSPGTSGTYEQYF,CASSPGTSVTYEQYF
1304,CASSVGGDSSYEQYF,CASSVGGGSSYEQYF
1305,CASSLGGEAFF,CASSLGGTEAFF
1306,CASSEGGSTEAFF,CASSEGGGTEAFF
1307,CASSLGGPEAFF,CASSLGGTEAFF
1308,CASSLGTGYEQYF,CASSSGTGYEQYF
1309,CASSGAGLSYEQYF,CASSEGAGLSYEQYF
1310,CASSGGNEKLFF,CASSGQGNEKLFF
1311,CASSLGGDEQFF,CASSLGGREQFF
1312,CASSVQGSSYEQYF,CASSVEGSSYEQYF
1313,CASSLGGEQFF,CASSLGQGEQFF
1314,CASSVGSSYEQYF,CASSVEGSSYEQYF
1315,CASSLPQRETQYF,CASSLPDRETQYF
1316,CASSLGGEQYF,CASSLGGYEQYF
1317,CASSLGTGYEQYF,CASSEGTGYEQYF
1318,CASSLGLAGGNEQFF,CASSLGLAGNNEQFF
1319,CASSGGDAEAFF,CASSGGAEAFF
1320,CASSLGGYEQYF,CASSLGQGYEQYF
1321,CASSLANTEAFF,CASSLVANTEAFF
1322,CASSISYEQYF,CASSLSYEQYF
1323,CASSLRENYGYTF,CASSLVENYGYTF
1324,CASSLANTEAFF,CASSLRNTEAFF
1325,CASSLGGYEQYF,CASSLGSYEQYF
1326,CASSYEQGYEQYF,CASSYPQGYEQYF
1327,CASSSAYEQYF,CASSSPYEQYF
1328,CASSLSGTYEQYF,CASSLSGHTYEQYF
1329,CASSQGGTEAFF,CASSQGTEAFF
1330,CASSSAYEQYF,CASSPSAYEQYF
1331,CASSLQGNEQFF,CASSLGGNEQFF
1332,CASSQGTGELFF,CASSQRGTGELFF
1333,CASSLSGTYEQYF,CASSLSQTYEQYF
1334,CASSLGSYEQYF,CASSVGSYEQYF
1335,CASSYLAGGTDTQYF,CASSTLAGGTDTQYF
1336,CASSWGSYEQYF,CASSLWGSYEQYF
1337,CASSFGGELFF,CASSFTGELFF
1338,CASSLGGTEAFF,CASSLAGGTEAFF
1339,CASSQSGNEQFF,CASSQGNEQFF
1340,CASSLSGTYEQYF,CASSLLGTYEQYF
1341,CASSLGGTEAFF,CASSLSGGTEAFF
1342,CASSGNQPQHF,CASSRNQPQHF
1343,CASSGNQPQHF,CASAGNQPQHF
1344,CATSDSSYEQYF,CATSDSSFEQYF
1345,CASSLTGTYEQYF,CASSLLGTYEQYF
1346,CASSLGSGYEQYF,CASSLGGYEQYF
1347,CASSLGPYSYEQYF,CASSLGPYSVEQYF
1348,CASSLFSYEQYF,CASSLTSYEQYF
1349,CASSFANTEAFF,CASSFLNTEAFF
1350,CASSFGNTEAFF,CASSFLNTEAFF
1351,CASSLGVTQYF,CASSLGETQYF
1352,CASSFSYEQYF,CASSSSYEQYF
1353,CASSYGQNTGELFF,CASSYGLNTGELFF
1354,CASSSAYEQYF,CASSSSYEQYF
1355,CASSLANTEAFF,CASSLENTEAFF
1356,CASSLSNTEAFF,CASSLENTEAFF
1357,CASSLTGGNTGELFF,CASSLTGGITGELFF
1358,CASSYGSPTEAFF,CASSYGSHTEAFF
1359,CASSLDNTEAFF,CASSLENTEAFF
1360,CASSLGSDTQYF,CASSLGSTDTQYF
1361,CASSLREVNEQYF,CASSLRVNEQYF
1362,CASSLQGITGELFF,CASSLGITGELFF
1363,CASRAADTQYF,CASRASDTQYF
1364,CASSLTGGNTGELFF,CASSLRGGNTGELFF
1365,CASSLGSSATDTQYF,CASSLGSSTDTQYF
1366,CASSLGGDEQYF,CASSLGGYEQYF
1367,CASSFGGGEQYF,CASSFGGGYEQYF
1368,CASSETDHSNQPQHF,CASSETDSNQPQHF
1369,CASSLQGNEQFF,CASSLGGNEQFF
1370,CASSLGPYTGELFF,CASSLGPSYTGELFF
1371,CASSLGGTEAFF,CASSLEGGTEAFF
1372,CASSSQGGNEQFF,CASSSGQGGNEQFF
1373,CASSSAYEQYF,CASSSIYEQYF
1374,CASSSGRGEQFF,CASSLSGRGEQFF
1375,CASSLAYEQYF,CASSLVAYEQYF
1376,CASSLAYEQYF,CASSLSAYEQYF
1377,CASSLAYEQYF,CASSLTAYEQYF
1378,CASSPGGAEAFF,CASSPTGAEAFF
1379,CASSLGGTEAFF,CASSLGQGTEAFF
1380,CASSQGGGEQFF,CASSQGGFEQFF
1381,CASSSAYEQYF,CASSLSAYEQYF
1382,CASSFGNTEAFF,CASSFGLNTEAFF
1383,CASSYLAGGTDTQYF,CASSWLAGGTDTQYF
1384,CASSPTGGTGELFF,CASSPTGEGTGELFF
1385,CASSLGSDTQYF,CASSLGSTDTQYF
1386,CASSLTSGFYEQYF,CASSLTSGSYEQYF
1387,CSVEGGTNTGELFF,CSVESGTNTGELFF
1388,CASSLRGYSNQPQHF,CASSLGYSNQPQHF
1389,CASSYLGGLTGELFF,CASSYTGGLTGELFF
1390,CASSLYGYSNQPQHF,CASSLGYSNQPQHF
1391,CASSLGGTEAFF,CASSLGGNTEAFF
1392,CASSLGGVPGTEAFF,CASSLGGVWGTEAFF
1393,CASSLGQALYEQYF,CASSLGQAYYEQYF
1394,CASSLGGYEQYF,CASSLGQGYEQYF
1395,CASSYEQGYEQYF,CASSYSQGYEQYF
1396,CASSLGQAAYEQYF,CASSLGQAYYEQYF
1397,CASSLGSGYEQYF,CASSLGQGYEQYF
1398,CASSLAGYNEQFF,CASSLPGYNEQFF
1399,CASSQGYEQYF,CASSQDYEQYF
1400,CASSLSGPNTEAFF,CASSLSGNTEAFF
1401,CSAGTGDYEQYF,CSAGTGTYEQYF
1402,CASSPTGPSYEQYF,CASSPTGASYEQYF
1403,CASSLSPGELFF,CASSLVPGELFF
1404,CASSSGHTYEQYF,CASSLSGHTYEQYF
1405,CASSLAGYNEQFF,CASSLAGLNEQFF
1406,CASSLAGYNEQFF,CASSLAGANEQFF
1407,CASSLAGTETQYF,CASSLAGTEQYF
1408,CASSLAGYTEAFF,CASSLAGTEAFF
1409,CASSLAGYTEAFF,CASSLAGATEAFF
1410,CASSLAGYTEAFF,CASSLAGGTEAFF
1411,CASSLAGYTEAFF,CASSLSGYTEAFF
1412,CASSPGTTYEQYF,CASSPGPTYEQYF
1413,CASSLSPGNEQFF,CASSLSPRNEQFF
1414,CASSLSGFTEAFF,CASSLSGYTEAFF
1415,CASSSGHTYEQYF,CASSSGQTYEQYF
1416,CASSSGPTYEQYF,CASSSGQTYEQYF
1417,CASSLGFGELFF,CASSLGVGELFF
1418,CASSLAGYNEQFF,CASSLAGNEQFF
1419,CASSLAGTETQYF,CASSLAGTEQYF
1420,CASSLAGTETQYF,CASSLAGETQYF
1421,CASSMAANTEAFF,CASSMAVNTEAFF
1422,CASSLAGYTEAFF,CASSLAGTEAFF
1423,CASSLGSYEQYF,CASSVGSYEQYF
1424,CASSPGTTYEQYF,CASSPGTGTYEQYF
1425,CASSLDRGAYNEQFF,CASSDRGAYNEQFF
1426,CASSYLAGGPNEQFF,CASSYLAGGGNEQFF
1427,CASSLDNEQFF,CASSLYNEQFF
1428,CASSLGTAYNEQFF,CASSLGTGYNEQFF
1429,CASSSGGQPQHF,CASSLSGGQPQHF
1430,CASSLSGFTEAFF,CASSLLGFTEAFF
1431,CASSSGGFNQPQHF,CASSSPGFNQPQHF
1432,CASSPNGHEQYF,CASSPQGHEQYF
1433,CASSLAGYNEQFF,CASSLAGTNEQFF
1434,CASLGGSYEQYF,CASRGGSYEQYF
1435,CASSLDNEQFF,CASSLDGNEQFF
1436,CASSLSPGNEQFF,CASSLSRGNEQFF
1437,CASSILAVSNTEAFF,CASSILAGSNTEAFF
1438,CASSSPYEQYF,CASSSSYEQYF
1439,CASSQGNYEQYF,CASSEQGNYEQYF
1440,CASSLAGYPYNEQFF,CASSLAGGPYNEQFF
1441,CASSPGTDTQYF,CASSPGDTQYF
1442,CASSWDLNTEAFF,CASSQWDLNTEAFF
1443,CASSLALTDTQYF,CASSLALTPDTQYF
1444,CASSLGDRYGYTF,CASSLDRYGYTF
1445,CASSLGITGNTEAFF,CASSLGTGNTEAFF
1446,CASSWGPPNYGYTF,CASSWGPINYGYTF
1447,CASGLNSNQPQHF,CASSLNSNQPQHF
1448,CASSTGTGLYEQYF,CASSTGTGIYEQYF
1449,CASSPTDSNQPQHF,CASSETDSNQPQHF
1450,CASSYSTGNEQYF,CASSYSTGYEQYF
1451,CASSPTGYEQYF,CASSPRGYEQYF
1452,CASSLDNEQFF,CASSLHDNEQFF
1453,CASSLLTGEQYF,CASSLGTGEQYF
1454,CASSLLAGETDTQYF,CASSLLAGYTDTQYF
1455,CASSLLAGETDTQYF,CASSLLAGVTDTQYF
1456,CASSSPYEQYF,CASSSIYEQYF
1457,CASSPGTDTQYF,CASSFGTDTQYF
1458,CASSPGTDTQYF,CASSLGTDTQYF
1459,CASSIGVSYEQYF,CASSIGAVSYEQYF
1460,CASSTGTGLYEQYF,CASSFGTGLYEQYF
1461,CASSLAGYNEQFF,CASSLAGGNEQFF
1462,CASSQGDSYEQYF,CASSQGQSYEQYF
1463,CASSLDSNEQFF,CASSLLSNEQFF
1464,CASSLGYEQYF,CASSQGYEQYF
1465,CASSLFQGAGYGYTF,CASSLSQGAGYGYTF
1466,CASSLLDSNQPQHF,CASSLTDSNQPQHF
1467,CASSLAGYNEQFF,CASSLAGSYNEQFF
1468,CASSFGVEQFF,CASSFGNEQFF
1469,CASSLGDRYGYTF,CASSLGDHYGYTF
1470,CASSLSPGNEQFF,CASSLSIGNEQFF
1471,CASSQVGGTGELFF,CASSQVGSGTGELFF
1472,CASSGGGEQYF,CASSLGGEQYF
1473,CASSLGDFYGYTF,CASSLGDHYGYTF
1474,CASSQGYEQYF,CASSPQGYEQYF
1475,CASSLGTVNTEAFF,CASSLTVNTEAFF
1476,CASSSDRGGYNEQFF,CASSSRGGYNEQFF
1477,CASSYSSSSYNEQFF,CASSYSGSSYNEQFF
1478,CASSPTVSSYNEQFF,CASSPTGSSYNEQFF
1479,CASSSGPTYEQYF,CASSSPPTYEQYF
1480,CASSPGQSYEQYF,CASSFGQSYEQYF
1481,CASSQVGGTGELFF,CASSQVVGTGELFF
1482,CASSYSTGNEQYF,CASSYSGGNEQYF
1483,CASSLLGPSYEQYF,CASSLLGSYEQYF
1484,CASSFGTTYEQYF,CASSFGTDYEQYF
1485,CASSYSSSSYNEQFF,CASSYSGSSYNEQFF
1486,CASSLSSGVYEQYF,CASSLSSGVPYEQYF
1487,CSVEQGPYEQYF,CSVEQGYEQYF
1488,CASSYPQGYEQYF,CASSYSQGYEQYF
1489,CASSLGYEQYF,CASSLAGYEQYF
1490,CASSQDRGGTEAFF,CASSQDRGYTEAFF
1491,CASSQVHSYEQYF,CASSQVPSYEQYF
1492,CASSQEAGVGNTIYF,CASSQEAGTGNTIYF
1493,CASSRGTEAFF,CASSRGSEAFF
1494,CATSRTDSYEQYF,CATSRQDSYEQYF
1495,CASSLIGDTQYF,CASSLAGDTQYF
1496,CASSKTGLSYEQYF,CASSKTGGSYEQYF
1497,CASSLSGNTEAFF,CASSLSGGTEAFF
1498,CASSLDNEQFF,CASSLANEQFF
1499,CASSLIETQYF,CASSLIGETQYF
1500,CASRLYNEQFF,CASSLYNEQFF
1501,CASSLGQGNNEQFF,CASSLGQGINEQFF
1502,CASSLWGTDTQYF,CASSLEGTDTQYF
1503,CASSLGSNEQFF,CASSLGENEQFF
1504,CASSLGNQPQHF,CASSLAGNQPQHF
1505,CASSLDNEQFF,CASSLDSNEQFF
1506,CASSEGRVNEQFF,CASSEGLVNEQFF
1507,CASSQGGTEAFF,CASSQGSTEAFF
1508,CASSSRDRAYEQYF,CASSSRDTAYEQYF
1509,CASSLTGELFF,CASSLFGELFF
1510,CASSQMNTEAFF,CASSQWMNTEAFF
1511,CASSQGSVNTEAFF,CASSQGYVNTEAFF
1512,CASSLGYEQYF,CASSLGSYEQYF
1513,CASSAAGSYEQYF,CASYSAAGSYEQYF
1514,CASSSGNTEAFF,CASSSGMNTEAFF
1515,CASSLDNEQFF,CASSLGNEQFF
1516,CASSQDYEQYF,CASSQGYEQYF
1517,CASSPSAYEQYF,CASSPGAYEQYF
1518,CASSPGTYEQYF,CASSPGNTYEQYF
1519,CASSPGTYEQYF,CASSPGAYEQYF
1520,CASSVMNTEAFF,CASSNMNTEAFF
1521,CASSVGTGGNQPQHF,CASSVGAGGNQPQHF
1522,CASSLDNEQFF,CASSLDGNEQFF
1523,CASSLTGELFF,CASSLGGELFF
1524,CASSQEGGAGEKLFF,CASSQETGAGEKLFF
1525,CASSLGAGGEAFF,CASSLSAGGEAFF
1526,CASSPSAYEQYF,CASSLSAYEQYF
1527,CASSPGTYEQYF,CASSPGGTYEQYF
1528,CASSPGTYEQYF,CASSTGTYEQYF
1529,CASSPMNTEAFF,CASSPHMNTEAFF
1530,CASSQGGTEAFF,CASSQGGNTEAFF
1531,CSVDLTGETQYF,CSVDLPGETQYF
1532,CASSVMNTEAFF,CASSVVMNTEAFF
1533,CASSPGLAAPYEQYF,CASSPGLAAYEQYF
1534,CASSYRNEQFF,CASSYWNEQFF
1535,CASSLSGNTEAFF,CASSLGGNTEAFF
1536,CSASSSGNTGELFF,CSASSSGTGELFF
1537,CASSPGTAYEQYF,CASSPYGTAYEQYF
1538,CASSLSGNTEAFF,CASSLSSNTEAFF
1539,CASSLGYEQYF,CASSLGGYEQYF
1540,CATSDLISNQPQHF,CATSDLGSNQPQHF
1541,CASSLAGYEQYF,CASSLAGTEQYF
1542,CASSLAGSEAFF,CASSLAGTEAFF
1543,CASSLAGTGMYF,CASSLAGTGMLF
1544,CASSPGQGSQYF,CASSPGQGRSQYF
1545,CASSLAGIEQYF,CASSLAGTEQYF
1546,CASSLAGTGQYF,CASSLAGTEQYF
1547,CASSLAGAEQFF,CASSLAGNEQFF
1548,CASSLAGAEAFF,CASSLAGTEAFF
1549,CASSLAGLNEQFF,CASSLAGNEQFF
1550,CASSLAGVEAFF,CASSLAGTEAFF
1551,CASSLAGATEAFF,CASSLAGTEAFF
1552,CASSLAGGTEAFF,CASSLAGTEAFF
1553,CASSLAGANEQFF,CASSLAGNEQFF
1554,CASSLAGIEQYF,CASSLAGTEQYF
1555,CASSLAGVEQYF,CASSLAGTEQYF
1556,CASSIHLGTEAFF,CASSISLGTEAFF
1557,CASSPLDTGELFF,CASSYLDTGELFF
1558,CASSLTGGGEQFF,CASSLVGGGEQFF
1559,CASSLAGTYEQYF,CASSLAGTEQYF
1560,CASSLAGVEQFF,CASSLAGNEQFF
1561,CASSLAGSEQFF,CASSLAGNEQFF
1562,CASSLAGLEQYF,CASSLAGTEQYF
1563,CASSLAGSEQYF,CASSLAGTEQYF
1564,CASSLAGGGEQFF,CASSLVGGGEQFF
1565,CASSLAGIEAFF,CASSLAGTEAFF
1566,CASSLAGLEQFF,CASSLAGNEQFF
1567,CASSLAGLEAFF,CASSLAGTEAFF
1568,CASSLAGVEQYF,CASSLVGVEQYF
1569,CASSLAGSYEQYF,CASSLPGSYEQYF
1570,CASSRQSSYNEQFF,CASSVQSSYNEQFF
1571,CASSLAGLNEQFF,CASSLAGTNEQFF
1572,CASSDPYEQYF,CASSDTYEQYF
1573,CASSLGSNQPQHF,CASSLGGNQPQHF
1574,CASSLAGISYEQYF,CASSLVAGISYEQYF
1575,CASSLAGISYEQYF,CASSLMAGISYEQYF
1576,CASSLTGALNTEAFF,CASSLGALNTEAFF
1577,CASSLGGAYEQYF,CASSLGGAPYEQYF
1578,CASSLAGANEQFF,CASSLAGTNEQFF
1579,CASSSITGTAYEQYF,CASSLITGTAYEQYF
1580,CASSLSRSNEQFF,CASSLSRGNEQFF
1581,CASSLGSNQPQHF,CASSLNSNQPQHF
1582,CASSFVGAEQYF,CASSFVGSEQYF
1583,CASSYPGRFYEQYF,CASSYPGGFYEQYF
1584,CASSSGQTYEQYF,CASSLGQTYEQYF
1585,CASSQAAGHYEQYF,CASSQTAGHYEQYF
1586,CASSLSPRNEQFF,CASSLSGPRNEQFF
1587,CASSLGGAYEQYF,CASSLEGGAYEQYF
1588,CASSFGTGAYEQYF,CASSFGTGLYEQYF
1589,CASSLAGTGELFF,CASSLANTGELFF
1590,CASSQDPGSLYEQYF,CASSQDPGNLYEQYF
1591,CASSLAGSYEQYF,CASSLGSYEQYF
1592,CASSLAGLNEQFF,CASSLAGGNEQFF
1593,CASSFVGAEQYF,CASSFVGGEQYF
1594,CASSLGGAYEQYF,CASSLGGSYEQYF
1595,CASTLAGGNEQFF,CASSLAGGNEQFF
1596,CASSLAGANEQFF,CASSLAGGNEQFF
1597,CASSLAQGGTEAFF,CASSLWQGGTEAFF
1598,CASSLAGSEQFF,CASSLAGSKEQFF
1599,CASSLAGGGEQFF,CASSLAGGNEQFF
1600,CASSLAGSYEQYF,CASSLGGSYEQYF
1601,CASSLAGGWNEQFF,CASSLAGGNEQFF
1602,CASSLSPRNEQFF,CASSLSPGNEQFF
1603,CASSLSPRNEQFF,CASSLSPRAEQFF
1604,CSVGDGNTGELFF,CSVDGNTGELFF
1605,CASSISGASYEQYF,CASSIAGASYEQYF
1606,CASSLAGQINEKLFF,CASSLAGQGNEKLFF
1607,CASSLEGLSYEQYF,CASSLVGLSYEQYF
1608,CASSLEGLSYEQYF,CASSLNGLSYEQYF
1609,CASSLAGTGELFF,CASSLAYGTGELFF
1610,CASSISSGYNEQFF,CASSISGSGYNEQFF
1611,CASSLRDGSNQPQHF,CASSLRQGSNQPQHF
1612,CASSLGSNQPQHF,CASSLGYSNQPQHF
1613,CASSLGGAYEQYF,CASSLDGGAYEQYF
1614,CASSLAGAYEQYF,CASSLLAGAYEQYF
1615,CASSSGQTYEQYF,CASSSGQTHEQYF
1616,CASSLAGGYEQYF,CASSLATGYEQYF
1617,CASSLAGGYEQYF,CASSLGGYEQYF
1618,CASSLAGGYEQYF,CASSLAGGSYEQYF
1619,CASSLAGGYEQYF,CASSLDGGYEQYF
1620,CASSLAGGYEQYF,CASSLASGYEQYF
1621,CASSLAGYEQYF,CASSLATGYEQYF
1622,CASSLAGYEQYF,CASSLGGYEQYF
1623,CASSLAGYEQYF,CASSLASGYEQYF
1624,CASSLTGGYEQYF,CASSLGGYEQYF
1625,CASSLTGGYEQYF,CASSLDGGYEQYF
1626,CASSLAGSTYEQYF,CASSLASTYEQYF
1627,CASSLGSNQPQHF,CASSLYSNQPQHF
1628,CASSLGGAYEQYF,CASSLGGYEQYF
1629,CASSYPGRFYEQYF,CASSYPGRYEQYF
1630,CASSLAGTYEQYF,CASSLASTYEQYF
1631,CASSLAGTDYGYTF,CASSLALTDYGYTF
1632,CASSLAGSYEQYF,CASSLAGGSYEQYF
1633,CASSLVGEQYF,CASSLVGYEQYF
1634,CASSPLDRGGYEQYF,CASSPGDRGGYEQYF
1635,CASSLTGTGELFF,CASSLTGPGELFF
1636,CASSYTSTDTQYF,CASSYYSTDTQYF
1637,CAISESWTDTQYF,CAISEWTDTQYF
1638,CASSFGTGELFF,CASSWGTGELFF
1639,CASSLGGATEAFF,CASSLGGYTEAFF
1640,CATSDFGRGTDTQYF,CATSDFGGTDTQYF
1641,CASSSTRYEQYF,CASSLTRYEQYF
1642,CASSLAGGTEAFF,CASSLSGGTEAFF
1643,CASSIGVNTEAFF,CASSIGMNTEAFF
1644,CASSLEPSYEQYF,CASSLESYEQYF
1645,CASSYLGDSYEQYF,CASSYSGDSYEQYF
1646,CASSLPMNTEAFF,CASSLMNTEAFF
1647,CASSISMNTEAFF,CASSIGMNTEAFF
1648,CASSFLNEQFF,CASSFYNEQFF
1649,CASSLGDTQYF,CASSLTGDTQYF
1650,CASSQDSRTSYEQYF,CASSQDSMTSYEQYF
1651,CASSLAGNEQFF,CASSLAGTNEQFF
1652,CASSYTGQGYEQYF,CASSYQGQGYEQYF
1653,CASSYGVGGTEAFF,CASSYGTGGTEAFF
1654,CASSYSGGANYGYTF,CASSYSGGVNYGYTF
1655,CASSLSQTYEQYF,CASSLGQTYEQYF
1656,CSVGGTYEQYF,CSVGATYEQYF
1657,CASSLLGGETQYF,CASSLLGSGETQYF
1658,CASSLGLNNQPQHF,CASSLGWNNQPQHF
1659,CASSPGTYNEQFF,CASSPGNYNEQFF
1660,CASSFLNEQFF,CASSFLGNEQFF
1661,CASSLVHTDTQYF,CASSLSHTDTQYF
1662,CASSLVHTDTQYF,CASSLGHTDTQYF
1663,CASSLVHTDTQYF,CASSLRHTDTQYF
1664,CASFSSSYEQYF,CASSFSSSYEQYF
1665,CASSLTGALYEQYF,CASSLEGALYEQYF
1666,CASSLQGLGSPLHF,CASSLQGALGSPLHF
1667,CASSFGTGELFF,CASSFGTGEQFF
1668,CASRLAGGAFNEQFF,CASRAGGAFNEQFF
1669,CASSLAGGTEAFF,CASSLEGGTEAFF
1670,CASSLDRETQYF,CASSLLDRETQYF
1671,CASSLSSYNEQFF,CASSLGSSYNEQFF
1672,CASSPGTGTYEQYF,CASSSPGTGTYEQYF
1673,CASSLSQTYEQYF,CASSLSQVYEQYF
1674,CASSTGLAGLYEQYF,CASSGGLAGLYEQYF
1675,CASSLAGNEQFF,CASSLAGGNEQFF
1676,CASSLLGGETQYF,CASSLSGGETQYF
1677,CASSFATLNEQFF,CASSFASLNEQFF
1678,CASSQGGANEQYF,CASSQMGANEQYF
1679,CASSFLNEQFF,CASSFGNEQFF
1680,CASSIGVNTEAFF,CASSIKVNTEAFF
1681,CASSTLAGGTDTQYF,CASSWLAGGTDTQYF
1682,CASSYSGQETQYF,CASSYSQETQYF
1683,CASSSGRETQYF,CASSSGVETQYF
1684,CASSSPGQGDYEQYF,CASSSPGQGFYEQYF
1685,CASSPGSSYEQYF,CASSLGSSYEQYF
1686,CASSLGINTEAFF,CASSLGGNTEAFF
1687,CASSLSQTYEQYF,CASSLSQDYEQYF
1688,CASSLSRYEQYF,CASSLSGYEQYF
1689,CASSSGTSGYEQYF,CASSYSGTSGYEQYF
1690,CASSQESSGSYEQYF,CASSQESSGDYEQYF
1691,CASSYGPNNEQFF,CASSYGPSNEQFF
1692,CSAEGGYEQYF,CSVEGGYEQYF
1693,CASSYSGVNQPQHF,CASSYSGGNQPQHF
1694,CASSLGLAGGYEQFF,CASSLGLAGVYEQFF
1695,CSVGGTYEQYF,CSVEGGTYEQYF
1696,CASSYSGWETQYF,CASSYSSWETQYF
1697,CASSFAPGELFF,CASSFSPGELFF
1698,CASSPSNEQFF,CASSPSGNEQFF
1699,CASSLGQGNTEAFF,CASSLWQGNTEAFF
1700,CASSQAPGYEQYF,CASSQGPGYEQYF
1701,CASSYSPGEQYF,CASSYSPHEQYF
1702,CASSYSPGEQYF,CASSYSPFEQYF
1703,CASSLTGPYNEQFF,CASSLITGPYNEQFF
1704,CASSLTGPYNEQFF,CASSLGPYNEQFF
1705,CASSLYNEQFF,CASSYYNEQFF
1706,CASSLYNEQFF,CASSFYNEQFF
1707,CASSPGQPQHF,CASSFGQPQHF
1708,CASSSLGGNQPQHF,CASSLGGNQPQHF
1709,CASSPTGSEQYF,CASSPTGNEQYF
1710,CASSLESGEQYF,CASSLESYEQYF
1711,CASSFGTDTQYF,CASSFTDTQYF
1712,CASSLGAGNQPQHF,CASSLGALGNQPQHF
1713,CASSLGAGNQPQHF,CASSLGTGNQPQHF
1714,CASSLDNEQFF,CASSLDSNEQFF
1715,CASSPGTGQETQYF,CASSLGTGQETQYF
1716,CAISESGGQETQYF,CAISESGGKETQYF
1717,CASSLSGGTEAFF,CASSLSGGATEAFF
1718,CASSYSLGYEQYF,CASSYSTGYEQYF
1719,CASSLEGSYNSPLHF,CASSLFGSYNSPLHF
1720,CASSHRDLNTEAFF,CASSSRDLNTEAFF
1721,CASSLYNEQFF,CASSLYSEQFF
1722,CASSLDGTGELFF,CASSLEGTGELFF
1723,CASSLTGDTEAFF,CASSLLGDTEAFF
1724,CASSLLTGVTDTQYF,CASSLLAGVTDTQYF
1725,CASSFSESYEQYF,CASSFSSSYEQYF
1726,CSARDMTGSYEQYF,CSARDPTGSYEQYF
1727,CASSSATEAFF,CASSSAPEAFF
1728,CASSLWGGEQYF,CASSLQGGEQYF
1729,CASSLSGGTEAFF,CASSLEGGTEAFF
1730,CASSYVNEQFF,CASSYEVNEQFF
1731,CASSLPGSYEQYF,CASSLGSYEQYF
1732,CASSLSLQSNYEQYF,CASSLSLDSNYEQYF
1733,CASSWGTGELFF,CASSWGHTGELFF
1734,CASSQGNEQFF,CASSVGNEQFF
1735,CASSQGNEQFF,CASSLGNEQFF
1736,CASSLANEQFF,CASSLGNEQFF
1737,CASSPDTSYEQYF,CASSQDTSYEQYF
1738,CASSLDNEQFF,CASSLGNEQFF
1739,CASSLGQGNTEAFF,CASSLGQGVNTEAFF
1740,CASSAGGSYEQYF,CASSLAGGSYEQYF
1741,CASSLPGSYEQYF,CASSFPGSYEQYF
1742,CASSLPGSYEQYF,CASSLGGSYEQYF
1743,CASSLLGGSNQPQHF,CASSLLPGSNQPQHF
1744,CASSPTGVPYEQYF,CASSPTGPYEQYF
1745,CASSLDNEQFF,CASSLDGNEQFF
1746,CASSYGGPGYEQYF,CASSYGGFGYEQYF
1747,CASSLSGTGVTEAFF,CASSLSGTGNTEAFF
1748,CASSLGQGNTEAFF,CASSLGQGTEAFF
1749,CASSLGQGNTEAFF,CASSLGQGGTEAFF
1750,CASSQAPGYEQYF,CASSQAPGSYEQYF
1751,CASSYGDTQYF,CASSYGGTQYF
1752,CASSPGLSSYNEQFF,CASSPGPSSYNEQFF
1753,CASSLWGGEQYF,CASSLGGEQYF
1754,CASSLSGGTEAFF,CASSLSVGTEAFF
1755,CASSLFGSQETQYF,CASSFGSQETQYF
1756,CASSKPGTEAFF,CASSPGTEAFF
1757,CSARDPLAGNYEQYF,CSARDPLANYEQYF
1758,CSARDLAGGSNEQFF,CSARDLAGGFNEQFF
1759,CASSIYANTEAFF,CASSIYRNTEAFF
1760,CASSIYANTEAFF,CASSIYQNTEAFF
1761,CASSYSLGYEQYF,CASSYSDGYEQYF
1762,CASSYSLGYEQYF,CASSYSLGSYEQYF
1763,CASSLANEQFF,CASSLAGNEQFF
1764,CASSLLGTYEQYF,CASSLLGSYEQYF
1765,CASSLGQGNTEAFF,CASSLGGNTEAFF
1766,CASSLSLGYEQYF,CASSLSLAGYEQYF
1767,CASSLASGEQYF,CASSLGSGEQYF
1768,CASSLESGEQYF,CASSLGSGEQYF
1769,CASSSGPYNEQFF,CASSSGDYNEQFF
1770,CAISESRDEQYF,CAISESDEQYF
1771,CASSLTGPYNEQFF,CASSLTGGYNEQFF
1772,CASSLSGGPAYEQYF,CASSLSGGPYEQYF
1773,CATSDFGGTDTQYF,CATSDFGDTDTQYF
1774,CASSLTGNTEAFF,CASSLVGNTEAFF
1775,CASSQDQSSYNEQFF,CASSQDGSSYNEQFF
1776,CASSQGDTQYF,CASSRGDTQYF
1777,CASSLSNGPYEQYF,CASSLSGGPYEQYF
1778,CASSLGGYEQYF,CASSLGQGYEQYF
1779,CASSLGDTQYF,CASSRGDTQYF
1780,CASSLEGTDTQYF,CASSLEVGTDTQYF
1781,CASSYAGGYEQYF,CASSYQGGYEQYF
1782,CASSLGSNQPQHF,CASSLNSNQPQHF
1783,CASSFPGNEQYF,CASSFVGNEQYF
1784,CASSPTGGGTEAFF,CASSYTGGGTEAFF
1785,CASSLGGNQPQHF,CASSLGSNQPQHF
1786,CASSRDSNTEAFF,CASRRDSNTEAFF
1787,CASSLRSPSTDTQYF,CASSLTSPSTDTQYF
1788,CASSLRSPSTDTQYF,CASSLSPSTDTQYF
1789,CASSLVTGISYEQYF,CASSLVTGSSYEQYF
1790,CASSSSYEQYF,CASSSIYEQYF
1791,CSAPGPSSYEQYF,CSASGPSSYEQYF
1792,CASSLGGSYNEQFF,CASSLGPSYNEQFF
1793,CASSSLNQPQHF,CASSSLPNQPQHF
1794,CASSLGQGGSPLHF,CASSLGQAGSPLHF
1795,CASSYSGDSYEQYF,CASSYSGDSSYEQYF
1796,CASSLGETQYF,CASSLSETQYF
1797,CASSLYSTDTQYF,CASSIYSTDTQYF
1798,CASSLYSTDTQYF,CASSLYNTDTQYF
1799,CASSLDGNEQFF,CASSLQGNEQFF
1800,CASSLAGTNEQFF,CASSLAGGNEQFF
1801,CASSQSQSYEQYF,CASSQGQSYEQYF
1802,CASSYPGLGYEQYF,CASSNYPGLGYEQYF
1803,CASSLDGNEQFF,CASSLVGNEQFF
1804,CASSLGGSYNEQFF,CASSLGGSSYNEQFF
1805,CASSYGTEAFF,CASSYEGTEAFF
1806,CASSDLGNEQFF,CASSDAGNEQFF
1807,CASSLLTDTQYF,CASSLDLTDTQYF
1808,CASSPTGVSYNEQFF,CASSPSGVSYNEQFF
1809,CASSFGQPQHF,CASSPGQPQHF
1810,CASSPGNTEAFF,CASSFPGNTEAFF
1811,CASSPGDTQYF,CASSPGTDTQYF
1812,CASSFYNEQFF,CASSFGNEQFF
1813,CASSLSRGNEQFF,CASSLSPGNEQFF
1814,CASSLSRGNEQFF,CASSLSIGNEQFF
1815,CASSLVSSYEQYF,CASSLGSSYEQYF
1816,CASSLYTDTQYF,CASSLYADTQYF
1817,CASSFLNTEAFF,CASSFGLNTEAFF
1818,CASSFGQPQHF,CASSFWGQPQHF
1819,CASSQGPGYEQYF,CASSQGSGYEQYF
1820,CASSLGALNTEAFF,CASSLALNTEAFF
1821,CASSLGSNQPQHF,CASSLGYSNQPQHF
1822,CASSSATGELFF,CASSSVTGELFF
1823,CASSSSGTSGDTQYF,CASSSTGTSGDTQYF
1824,CASSYGGGQETQYF,CASSYSGGQETQYF
1825,CASSLGGYNEQFF,CASSLTGGYNEQFF
1826,CASSLGSNQPQHF,CASSLYSNQPQHF
1827,CASSLYSTDTQYF,CASSLYVTDTQYF
1828,CASSLGGNQPQHF,CASSLGGDQPQHF
1829,CSVTGLNTEAFF,CSVGLNTEAFF
1830,CSVGGGSYNEQFF,CSVHGGSYNEQFF
1831,CASSSATGELFF,CASSSGTGELFF
1832,CASSVVGGNTEAFF,CASSVVGKNTEAFF
1833,CASSLGTGNQPQHF,CASSLGTGFQPQHF
1834,CASSLSGPNNEQFF,CASSLSGPRNEQFF
1835,CASSLNSNQPQHF,CASSLNNNQPQHF
1836,CASSLGQTYEQYF,CASSLGQYYEQYF
1837,CSARDTGAYEQYF,CSARDPTGAYEQYF
1838,CASSLSATDTQYF,CASSLSHTDTQYF
1839,CASSLAGGPSYEQYF,CASSLAGGSYEQYF
1840,CSAPGGNYGYTF,CSARGGNYGYTF
1841,CASSFVGSEQYF,CASSFVGGEQYF
1842,CASSQDRGYNEQFF,CASSQDRGLYNEQFF
1843,CASSQDRGYNEQFF,CASSQDRGTYNEQFF
1844,CASSQDRGYNEQFF,CASSQDRGYYNEQFF
1845,CASSSGTEAFF,CASSRGTEAFF
1846,CASSLDSNEQFF,CASSLDGNEQFF
1847,CASSPLGTEAFF,CASSPGTEAFF
1848,CASSLGITGELFF,CASSLGNTGELFF
1849,CASSLGITGELFF,CASSLGRTGELFF
1850,CASSLGLTGELFF,CASSLGNTGELFF
1851,CASSLGLTGELFF,CASSLGRTGELFF
1852,CASSYSGLALYEQYF,CASSSGLALYEQYF
1853,CASSRVSYEQYF,CASSLVSYEQYF
1854,CASSYGGSSYNEQFF,CASSYSGSSYNEQFF
1855,CASSLGQGVNTEAFF,CASSLQGVNTEAFF
1856,CASSPAGYNYGYTF,CASSPTGYNYGYTF
1857,CASSPGTASTDTQYF,CASSPGTSTDTQYF
1858,CASSDGSTDTQYF,CASSLGSTDTQYF
1859,CASSYSSGRAYEQYF,CASSYSSGSAYEQYF
1860,CASSYGDPNYGYTF,CASSYGDNYGYTF
1861,CASSYSGANYEQYF,CASSYSGATYEQYF
1862,CASSLGSNQPQHF,CASSLGYSNQPQHF
1863,CASSLNSNQPQHF,CASSLYSNQPQHF
1864,CASSYGGSSYNEQFF,CASSYSGSSYNEQFF
1865,CASSLGSNQPQHF,CASSLYSNQPQHF
1866,CASSLVLTGELFF,CASSLVLSGELFF
1867,CASSSTVSYEQYF,CASSSPVSYEQYF
1868,CASSYSDTYEQYF,CASSYSGTYEQYF
1869,CASSPDSPYEQYF,CASSPVDSPYEQYF
1870,CASSFLGNEQFF,CASSPLGNEQFF
1871,CASSLGGYEQYF,CASSLGGSYEQYF
1872,CASSLAGDSSYEQYF,CASSLSGDSSYEQYF
1873,CASSLGSSTDTQYF,CASSLGVSTDTQYF
1874,CASSLSPSTDTQYF,CASSLSHPSTDTQYF
1875,CASSLEPDTQYF,CASSLGPDTQYF
1876,CASSLGGEKLFF,CASSLGGELFF
1877,CASSSLGSYEQYF,CASSSGSYEQYF
1878,CASSFLGNEQFF,CASSFGNEQFF
1879,CASSLSSGTDTQYF,CASSLSSVTDTQYF
1880,CASSLFGELFF,CASSLGGELFF
1881,CASSYWGTDTQYF,CASSYVGTDTQYF
1882,CASSSRGPNEKLFF,CASSSRGTNEKLFF
1883,CASSSRATNEKLFF,CASSSRGTNEKLFF
1884,CASSLSNYGYTF,CASSLVNYGYTF
1885,CASSYSTGYEQYF,CASSYSDGYEQYF
1886,CASSSLGSYEQYF,CASSLLGSYEQYF
1887,CASSYSDTYEQYF,CASSYSITYEQYF
1888,CASSYSDTYEQYF,CASSYSRTYEQYF
1889,CASSLSHPFYNEQFF,CASSLSSPFYNEQFF
1890,CASSLTGPQETQYF,CASSLTGNQETQYF
1891,CASSLGSGVDTQYF,CASSLGQGVDTQYF
1892,CASSLQGNEQFF,CASSLVGNEQFF
1893,CASSLGSYEQYF,CASSLGGSYEQYF
1894,CASSQGGANVLTF,CASSFQGGANVLTF
1895,CASSPEGGNEQFF,CASSPGGGNEQFF
1896,CASSPPEETQYF,CASSPPEHETQYF
1897,CASSFGTDTQYF,CASSPGTDTQYF
1898,CASSLGTDTQYF,CASSPGTDTQYF
1899,CASSLGTDTQYF,CASSLGPDTQYF
1900,CASSLEGGTEAFF,CASSLEIGTEAFF
1901,CASSLGTGEQYF,CASSLGGEQYF
1902,CSARLAGVEQYF,CSAPLAGVEQYF
1903,CASSLQGGELFF,CASSLGGELFF
1904,CASSLQGGEQYF,CASSLGGEQYF
1905,CASSLGGSYEQYF,CASSFGGSYEQYF
1906,CASSRLAGPYNEQFF,CASSILAGPYNEQFF
1907,CASSLEGGAYEQYF,CASSLDGGAYEQYF
1908,CASSLSQVYEQYF,CASSLSQDYEQYF
1909,CASSLGSYEQYF,CASSLGGYEQYF
1910,CASSYSGTYEQYF,CASSYSITYEQYF
1911,CASSYSGTYEQYF,CASSYSRTYEQYF
1912,CASSLSRDSYEQYF,CASSLSGDSYEQYF
1913,CASSLSADSYEQYF,CASSLSGDSYEQYF
1914,CASSLYNTDTQYF,CASSLYVTDTQYF
1915,CASSLSVDSYEQYF,CASSLSGDSYEQYF
1916,CASSFEGGSYEQYF,CASSFGGSYEQYF
1917,CASSGQGITEAFF,CASSGQGDTEAFF
1918,CASSLSGDSSYEQYF,CASSLSGDSYEQYF
1919,CASSPATGELFF,CASSPITGELFF
1920,CASSFGAGSSYEQYF,CASSFGGSSYEQYF
1921,CASSVGGSWQETQYF,CASSVGGSSQETQYF
1922,CASSFGVGSSYEQYF,CASSFGGSSYEQYF
1923,CASSPGNTYEQYF,CASSPGGTYEQYF
1924,CASSVGNEQFF,CASSVYNEQFF
1925,CASSLGNEQFF,CASSLDGNEQFF
1926,CASSLGNEQFF,CASSLEGNEQFF
1927,CASSSPYNEQFF,CASSSQYNEQFF
1928,CASSVGWGGSYEQYF,CASSVGAGGSYEQYF
1929,CASSQGYEQYF,CASSPQGYEQYF
1930,CASSLGLDEQYF,CASSLPGLDEQYF
1931,CASSPGTGSSYEQYF,CASSPTGSSYEQYF
1932,CASSVGGNEQFF,CASSVGWGNEQFF
1933,CASSLASNTEAFF,CASSLALNTEAFF
1934,CASSVSGGSSYEQYF,CASSVGGGSSYEQYF
1935,CASSFGAGSSYEQYF,CASSFGGSSYEQYF
1936,CASSVGQGAYEQYF,CASSVGQGSYEQYF
1937,CASSFGVGSSYEQYF,CASSFGGSSYEQYF
1938,CASSLGNEQFF,CASSLAGNEQFF
1939,CASSLAGFGNQPQHF,CASSLAGFGQPQHF
1940,CASSLGGSYEQYF,CASSLGGYEQYF
1941,CASSLGGSYEQYF,CASSLAGGSYEQYF
1942,CASSLDRGGYEQYF,CASSLDGGYEQYF
1943,CASSLSGNEQFF,CASSLKGNEQFF
1944,CASSVSGSYEQYF,CASSPSGSYEQYF
1945,CASSVSGSYEQYF,CASSVAGSYEQYF
1946,CASSLDGNEQFF,CASSLAGNEQFF
1947,CASSLVGTSLDTQYF,CASSLVGTSADTQYF
1948,CASSEIGEQYF,CASSEIYEQYF
1949,CASSLEGNEQFF,CASSLAGNEQFF
1950,CSVEVPGQGDNEQFF,CSVEVPGQGLNEQFF
1951,CATSDSVGELFF,CATSDFVGELFF
1952,CASSPSNEQFF,CASSRSNEQFF
1953,CASSLGQGTEAFF,CASSLGQETEAFF
1954,CASSLTGGNEQFF,CASSLTGGYNEQFF
1955,CSASGGLGYEQYF,CSASGGGGYEQYF
1956,CASSGLAGSNEQFF,CASSGLAGSYNEQFF
1957,CASSWRGTDTQYF,CASSWGTDTQYF
1958,CASSLAGPGELFF,CASSYLAGPGELFF
1959,CASSLGEGSYEQYF,CASSLGGSYEQYF
1960,CASSLGGEQYF,CASSLGLEQYF
1961,CASSSGQGADTQYF,CASSSGLGADTQYF
1962,CASSPSNEQFF,CASSPLSNEQFF
1963,CASSIIGADTQYF,CASSIIGGDTQYF
1964,CASSLVSYEQYF,CASSLISYEQYF
1965,CASSQGSGYEQYF,CASSQGTSGYEQYF
1966,CASSATFSYEQYF,CASSMTFSYEQYF
1967,CASSASGSSYNEQFF,CASSYSGSSYNEQFF
1968,CASSQDGPGNQPQHF,CASSQDPGNQPQHF
1969,CASSDSGSSYNEQFF,CASSYSGSSYNEQFF
1970,CASRPGLQETQYF,CASRGLQETQYF
1971,CASSYQGSNTEAFF,CASSYQGLNTEAFF
1972,CASSSSGSSYNEQFF,CASSYSGSSYNEQFF
1973,CASSFSGSSYNEQFF,CASSYSGSSYNEQFF
1974,CASSSGTGYEQYF,CASSEGTGYEQYF
1975,CASSPSGSSYNEQFF,CASSYSGSSYNEQFF
1976,CASSHSGSSYNEQFF,CASSYSGSSYNEQFF
1977,CASSLYPPNTEAFF,CASSLAPPNTEAFF
1978,CASSSPGTGVNEQFF,CASSSPGTGDNEQFF
1979,CASSLSLAGYEQYF,CASSLSLAGVYEQYF
1980,CSVVGQGGYEQYF,CSVGGQGGYEQYF
1981,CASSEALGSEQYF,CASSEAEGSEQYF
1982,CASSLGSGEQYF,CASSLMGSGEQYF
1983,CASSLGYSNQPQHF,CASSLYSNQPQHF
1984,CASSLDGGAYEQYF,CASSLDGGYEQYF
1985,CASSYGQSYEQYF,CASSYGPSYEQYF
1986,CASSSVTGELFF,CASSSGTGELFF
