,Seq1,Seq2
0,CSAGSSYEQYF,CSARSSYEQYF
1,CASSSSGRGYEQYF,CASSSSGLGYEQYF
2,CASSLSGNNEQFF,CASSLTGNNEQFF
3,CASSLSGNNEQFF,CASSLSGLNEQFF
4,CSARDQGSSYEQYF,CSARDQGISYEQYF
5,CASSLGRGGNEQFF,CASSLGSGGNEQFF
6,CATSRVDNEQFF,CATSRVYNEQFF
7,CASSLGGEETQYF,CASSLQGEETQYF
8,CASSLGGEETQYF,CASSLLGEETQYF
9,CASSLDSYEQYF,CASSLSSYEQYF
10,CASSLDSYEQYF,CASSLMSYEQYF
11,CASSLESGELFF,CASSLGSGELFF
12,CASSSDRSSYEQYF,CASSHDRSSYEQYF
13,CSVGRGPYEQYF,CSVGRGGYEQYF
14,CASSQDVAGNEQFF,CASSQDSAGNEQFF
15,CASSYLYEQYF,CASSYTYEQYF
16,CASSFDISYEQYF,CASSFDSYEQYF
17,CASSGRDSSYEQYF,CASSGRDSPYEQYF
18,CASSQDPGGNTEAFF,CASSQDPGMNTEAFF
19,CASSQDPGGNTEAFF,CASSQDPGVNTEAFF
20,CASSLAGGTETQYF,CASSLAGGTDTQYF
21,CASSPVAGPTYEQYF,CASSPVAGETYEQYF
22,CASSDGQGLGYGYTF,CASSFGQGLGYGYTF
23,CASSLGTTDTQYF,CASSLGSTDTQYF
24,CASSYPDTQYF,CASSYGDTQYF
25,CASSLPGSYEQYF,CASSLGGSYEQYF
26,CASSLWGGLEAFF,CASSLGGLEAFF
27,CASSYLYEQYF,CASSYVYEQYF
28,CSVGETGNSGNTIYF,CSVETGNSGNTIYF
29,CASSLDSYEQYF,CASSLDGYEQYF
30,CASSLDSYEQYF,CASSLTSYEQYF
31,CATSDLGGYEQYF,CATSDGGYEQYF
32,CSASFGYEQYF,CSASYGYEQYF
33,CSASEGYEQYF,CSASYGYEQYF
34,CSASEGYEQYF,CSANEGYEQYF
35,CASSYSSYNEQFF,CASSYSGSYNEQFF
36,CASSLSGNTEAFF,CASSLSGGTEAFF
37,CSARDQGSSYEQYF,CSARDQGSPYEQYF
38,CSARDPGGSYEQYF,CSARDPGGAYEQYF
39,CSARDPGQGYEQYF,CSARDPGQAYEQYF
40,CASSPPGGNEQFF,CASSQPGGNEQFF
41,CASSLESGELFF,CASSLGSGELFF
42,CASSPDGYTEAFF,CASSPGYTEAFF
43,CASSQDWGSYNEQFF,CASSQDWGYNEQFF
44,CASSGTGGYEQYF,CASSDGTGGYEQYF
45,CASSEGTVSNQPQHF,CASSSGTVSNQPQHF
46,CASSEGQVSNQPQHF,CASSEGQYSNQPQHF
47,CASSEGQVSNQPQHF,CASSEGQWSNQPQHF
48,CASSLSGNNEQFF,CASSLMGNNEQFF
49,CASSLPGGTEAFF,CASSPGGTEAFF
50,CASSLGDSSYEQYF,CASTLGDSSYEQYF
51,CSVGQGPYEQYF,CSVEQGPYEQYF
52,CSAGTGPYEQYF,CSAGTGDYEQYF
53,CSAGTGGTGELFF,CSAGIGGTGELFF
54,CSVEWVYNEQFF,CSVEAVYNEQFF
55,CASSQAGVYEQYF,CASSQEGVYEQYF
56,CSAGTGPYEQYF,CSAGTGTYEQYF
57,CASSQDPGGNTEAFF,CASSQDPGLNTEAFF
58,CASSLSGNNEQFF,CASSLSGNYNEQFF
59,CSVAAGGNTEAFF,CSVAAGNTEAFF
60,CASSPDSSSYNEQFF,CASSPDSSYNEQFF
61,CSVGQGPYEQYF,CSVDGQGPYEQYF
62,CASSFLGNEQFF,CASSFLNEQFF
63,CSVGTAYEQYF,CSVGQAYEQYF
64,CSARDTLSYEQYF,CSARDLSYEQYF
65,CSARDPSYEQYF,CSARDLSYEQYF
66,CSARDLTYEQYF,CSARDLAYEQYF
67,CSARDLTYEQYF,CSARDLSYEQYF
68,CSARDLTYEQYF,CSARDLEYEQYF
69,CSARDISYEQYF,CSARDLSYEQYF
70,CASSSGTVNTGELFF,CASSLGTVNTGELFF
71,CASSLSGNNEQFF,CASSLSGPNNEQFF
72,CASSFRGLNEQFF,CASSFGGLNEQFF
73,CASSLIGGADTQYF,CASSLTGGADTQYF
74,CASSLIGGADTQYF,CASSLGGGADTQYF
75,CASSLGPTDTQYF,CASSLGSTDTQYF
76,CASSLDSYEQYF,CASSLEDSYEQYF
77,CASSYEREEAFF,CASSYERTEAFF
78,CSARDPGGSYEQYF,CSARDPSGSYEQYF
79,CSARDPGGSYEQYF,CSARDPTGSYEQYF
80,CASSFLGNEQFF,CASSPLGNEQFF
81,CSARDRNQPQHF,CSARDRSQPQHF
82,CASSVGNTYEQYF,CASSVGHTYEQYF
83,CSARARSQPQHF,CSARDRSQPQHF
84,CSARGEGNYGYTF,CSARGGNYGYTF
85,CSAPVTNYEQYF,CSAPVTSYEQYF
86,CSARPRNQPQHF,CSARPVNQPQHF
87,CASSPLGNEQFF,CASSRLGNEQFF
88,CASSFLGNEQFF,CASSFGNEQFF
89,CASSFLGNEQFF,CASSRLGNEQFF
90,CASSERTNTEAFF,CASSEARTNTEAFF
91,CASSGLAGTDTQYF,CASSFLAGTDTQYF
92,CASSLPISYEQYF,CASSLISYEQYF
93,CASSKLNTEAFF,CASSIKLNTEAFF
94,CASSKLNTEAFF,CASSDKLNTEAFF
95,CASSLDSYEQYF,CASSLVSYEQYF
96,CASSLAGGLETQYF,CASSLAGLETQYF
97,CSATGLADYEQYF,CSATGLAGYEQYF
98,CASSMAGNYEQYF,CASSMAGAYEQYF
99,CASSLPGSYEQYF,CASSLLGSYEQYF
100,CSVETGSYNEQFF,CSVETGWYNEQFF
101,CASSLDSYEQYF,CASSLESYEQYF
102,CSAGSSYEQYF,CSAGASYEQYF
103,CASSLPHSYEQYF,CASSLPDHSYEQYF
104,CASSYSSYNEQFF,CASSYSASYNEQFF
105,CASSQDLGTDTQYF,CASSQDRGTDTQYF
106,CASSLSGNTEAFF,CASSLVGNTEAFF
107,CSAWGMNTEAFF,CSASGMNTEAFF
108,CSAWGMNTEAFF,CSALGMNTEAFF
109,CASSYTSGSTDTQYF,CASSPTSGSTDTQYF
110,CASSYTSGSTDTQYF,CASSRTSGSTDTQYF
111,CASSYTSGSTDTQYF,CASSGTSGSTDTQYF
112,CASSYTSGSTDTQYF,CASSYTSGTTDTQYF
113,CASSYTSGSTDTQYF,CASSWTSGSTDTQYF
114,CASSYTSGSTDTQYF,CASSLTSGSTDTQYF
115,CASSSGDTQYF,CASSSGTDTQYF
116,CASSLTGGELFF,CASSLVGGELFF
117,CSVERGNTGELFF,CSVERINTGELFF
118,CASSYSGNEQFF,CASSYSRGNEQFF
119,CASSYGAEQYF,CASSYGGEQYF
120,CSARGTEDYGYTF,CSARGTEYGYTF
121,CSATGLGYEQYF,CSATGQGYEQYF
122,CASSLTGTAYEQYF,CASSLTGEAYEQYF
123,CASSLSQGYNEQFF,CASSLSQGAYNEQFF
124,CASSLSQGYNEQFF,CASSLSQGSYNEQFF
125,CASSFTGTDGYTF,CASSFTGVDGYTF
126,CASSLSGLNEQFF,CASSLGLNEQFF
127,CASSLGQGANEQYF,CASSLGQGLNEQYF
128,CASSLGQGYNEQFF,CASSLGLGYNEQFF
129,CASSLGQGYNEQFF,CASSLGTGYNEQFF
130,CASSLGQGYNEQFF,CASSLGSGYNEQFF
131,CASSLGAGGYEQYF,CASSLGGGYEQYF
132,CASSLAGYEQFF,CASSLAGDEQFF
133,CASSLGGNEQFF,CASSLGGANEQFF
134,CASSYGGTQYF,CASSYGGTEQYF
135,CASSYSGNEQFF,CASSYVGNEQFF
136,CASSYNGNEQFF,CASSYNQGNEQFF
137,CASSYNGNEQFF,CASSYVGNEQFF
138,CASSVDTAYEQYF,CASSVDTGAYEQYF
139,CASSQDPGFEQYF,CASSQDPGFEQFF
140,CASSLTGGTGELFF,CASSLTGGATGELFF
141,CASSLYSGYGYTF,CASSLDSGYGYTF
142,CASSFSGITDTQYF,CASSFSGFTDTQYF
143,CASSFSGITDTQYF,CASSFSGSTDTQYF
144,CASSFSGITDTQYF,CASSFSGRTDTQYF
145,CASSEGPGAYEQYF,CASSEGQGAYEQYF
146,CASSLTVMNTEAFF,CASSLTVGNTEAFF
147,CASSQDDRPSYEQYF,CASSQADRPSYEQYF
148,CASSYSGAEQFF,CASSYSGAEAFF
149,CASSLTAPYEQYF,CASSPTAPYEQYF
150,CASSQVGQPQHF,CASSQLGQPQHF
151,CASSLTGGELFF,CASSLGGELFF
152,CASSVVGSSYEQYF,CASSVGSSYEQYF
153,CASSVVGSSYEQYF,CASSVQGSSYEQYF
154,CSVERGNTGELFF,CSVERGFNTGELFF
155,CASSLTGTAYEQYF,CASSLTGTYEQYF
156,CASSQGGNEQFF,CASSQSGNEQFF
157,CASSLTGNNEQFF,CASSLMGNNEQFF
158,CASSQGGVEQYF,CASSQGGNEQYF
159,CASSQGYETQYF,CASSQGYEQYF
160,CASSSLGVEQYF,CASSSTGVEQYF
161,CSAGMNTEAFF,CSAGGNTEAFF
162,CASSLGQGYNEQFF,CASSLGQGPYNEQFF
163,CASSPTDSFNQPQHF,CASSPTDSNQPQHF
164,CASSLTGNQPQHF,CASSLGNQPQHF
165,CASSQVGQPQHF,CASSQDGQPQHF
166,CASRGPGELFF,CASRGLPGELFF
167,CSAQTSGSGNEQFF,CSAQTSGSYNEQFF
168,CASSPGQVETQYF,CASSPGQETQYF
169,CSARERGSSYEQYF,CSARETGSSYEQYF
170,CASSLAGATGELFF,CASSLAGTGELFF
171,CASSLAGATGELFF,CASSLAGAGELFF
172,CASSLGGEAYEQYF,CASSLGGAYEQYF
173,CASSSDRYEQYF,CASSPSDRYEQYF
174,CASGQTNTEAFF,CASGNTNTEAFF
175,CASSLAGDYEQYF,CASSLAGAYEQYF
176,CASSLAGDYEQYF,CASSLAGGYEQYF
177,CASSLAGDYEQYF,CASSLAGTYEQYF
178,CASSLAGDYEQYF,CASSLAGNYEQYF
179,CASSLAGDYEQYF,CASSLAGSYEQYF
180,CASSFENTEAFF,CASSFGNTEAFF
181,CASSLEGGLSYEQYF,CASSLEGLSYEQYF
182,CASSLAGQGYEQYF,CASSLAGGYEQYF
183,CASSLAGYEQFF,CASSLAGDYEQFF
184,CASSLGGNEQFF,CASSLGGEQFF
185,CASSYSGGETQYF,CASSYSGWETQYF
186,CASSQGASGSYEQYF,CASSQEASGSYEQYF
187,CASSLLAGGETQYF,CASSLLGGETQYF
188,CASSSGQGADTQYF,CASSSGQGTDTQYF
189,CSARLSYNEQFF,CSASLSYNEQFF
190,CASSLAGPDTQYF,CASSLAGGPDTQYF
191,CASSITGNEQFF,CASSIEGNEQFF
192,CASSLSSGVYNEQFF,CASSLSSGSYNEQFF
193,CASSLWGNEQYF,CASSLWGEQYF
194,CASSLTGTAYEQYF,CASSLITGTAYEQYF
195,CASSLTGNQPQHF,CASSLAGNQPQHF
196,CASSYSGNEQFF,CASSPSGNEQFF
197,CSAWDRGDEQYF,CSARDRGDEQYF
198,CASSLGQGYNEQFF,CASSLGGYNEQFF
199,CASRFSYEQYF,CASRAFSYEQYF
200,CASSSTGGADTQYF,CASSLTGGADTQYF
201,CASSSTGGADTQYF,CASSRTGGADTQYF
202,CASSSTGGADTQYF,CASSFTGGADTQYF
203,CASSYTGSSYNEQFF,CASSYGGSSYNEQFF
204,CASSLKGGNEQFF,CASSLYGGNEQFF
205,CSADSESSTDTQYF,CSAKSESSTDTQYF
206,CASSGAGGTDTQYF,CASSGGGTDTQYF
207,CASSLSSGVYNEQFF,CASSSSGVYNEQFF
208,CASSPGLSNEQFF,CASSPGLNEQFF
209,CASSLTGNTEAFF,CASSLGNTEAFF
210,CASSLLAGGETQYF,CASSLSLAGGETQYF
211,CASSYSGTDYEQYF,CASSYSGTYEQYF
212,CASSLLGTGELFF,CASSLGTGELFF
213,CASSLSQGYNEQFF,CASSLSQGAYNEQFF
214,CASSLGGNEQFF,CASSLGNEQFF
215,CASSPLAGGYEQYF,CASSPGLAGGYEQYF
216,CASSGASNEQFF,CASSFASNEQFF
217,CASSLGGNEQFF,CASSLEGNEQFF
218,CASSLGGNEQFF,CASSLDGNEQFF
219,CASSYGGTQYF,CASSYGGETQYF
220,CASSYSGGETQYF,CASSYGGETQYF
221,CASSSLGDTQYF,CASSFLGDTQYF
222,CASSLTGNNEQFF,CASSLTGGNEQFF
223,CASSSNSYEQYF,CASSSGSYEQYF
224,CSASGTGVEQYF,CSASGTGVHEQYF
225,CSATGLGYEQYF,CSATMGLGYEQYF
226,CSATGLGYEQYF,CSATTGLGYEQYF
227,CASSITGNEQFF,CASSISTGNEQFF
228,CSAELAGVYNEQFF,CSAELAGAYNEQFF
229,CASSYTGSSYNEQFF,CASSPTGSSYNEQFF
230,CASSYTGSSYNEQFF,CASSSTGSSYNEQFF
231,CASSYTGSSYNEQFF,CASSYSGSSYNEQFF
232,CSAMDSSYNEQFF,CSACDSSYNEQFF
233,CSASQVGYEQYF,CSASWVGYEQYF
234,CASSLGGNEQFF,CASSLAGNEQFF
235,CSADRDSGGETQYF,CSADRDSGKETQYF
236,CASSVDTAYEQYF,CASSVDTSYEQYF
237,CASSLSGTGVYEQYF,CASSLSGTGPYEQYF
238,CASSYTGSSYNEQFF,CASSYSGSSYNEQFF
239,CASSLTGNNEQFF,CASSLTLNNEQFF
240,CASSLTVMNTEAFF,CASSLTVNTEAFF
241,CASSLSGLNEQFF,CASSLGGLNEQFF
242,CASSLLGTGELFF,CASSLGTGELFF
243,CSVGLAGYEQYF,CSVGLAGNYEQYF
244,CASSLEGGLSYEQYF,CASSLEGGLTYEQYF
245,CASSQDEGNIQYF,CASSQAEGNIQYF
246,CASSPEDYNEQFF,CASSPTDYNEQFF
247,CASSQGDYEQYF,CASSQGYEQYF
248,CASSSLGGNQPQHF,CASSLGGNQPQHF
249,CASSLVGNQPQHF,CASSLGGNQPQHF
250,CASSLGPYNEQFF,CASSLPYNEQFF
251,CASSVGTTGETQYF,CASSVGTGGETQYF
252,CASSVSGNTEAFF,CASSVEGNTEAFF
253,CASSVSGNTEAFF,CASSVSGTEAFF
254,CASSVVGNTEAFF,CASSVEGNTEAFF
255,CATSDFGTDTQYF,CATSDPGTDTQYF
256,CASSVNTEAFF,CASSWNTEAFF
257,CASSLGSGGNEQFF,CASSLGSGYNEQFF
258,CASSFSSSGNTIYF,CASSFSSSPGNTIYF
259,CASSYVGGELFF,CASSYVGPGELFF
260,CASSLSSYEQYF,CASSLTSYEQYF
261,CASSYVGSEQFF,CASSYVGNEQFF
262,CASSLAGGAGETQYF,CASSLAGAGETQYF
263,CASSLVGSYEQYF,CASSLVGSSYEQYF
264,CASSFMSYEQYF,CASSFSYEQYF
265,CASSFMSYEQYF,CASSFTSYEQYF
266,CASSLGGGEAFF,CASSLGQGEAFF
267,CATSRGGQETQYF,CATSREGQETQYF
268,CASSLMSYEQYF,CASSLTSYEQYF
269,CASSVSGNTEAFF,CASSVSGYTEAFF
270,CASSPGGGSTDTQYF,CASSPSGGSTDTQYF
271,CASSYSGSPLHF,CASSYSLGSPLHF
272,CASSYGHPYEQYF,CASSYGPYEQYF
273,CASSYGGPYEQYF,CASSYGPYEQYF
274,CASSYVGGYGYTF,CASSYGGYGYTF
275,CAISQSYEQYF,CAISGSYEQYF
276,CASSSDYEQYF,CASSNDYEQYF
277,CASSFMSYEQYF,CASSFGSYEQYF
278,CASSFMSYEQYF,CASSFSYEQYF
279,CASSLRTGAETQYF,CASSTRTGAETQYF
280,CASSFMGLYEQYF,CASSFDGLYEQYF
281,CASSLLSSYEQYF,CASSLLSVYEQYF
282,CASSWDKSYEQYF,CASSWDSYEQYF
283,CASSLQGQETQYF,CASSLSGQETQYF
284,CASSLTGGSTDTQYF,CASSLTGWSTDTQYF
285,CASSPAGGGTDTQYF,CASSWAGGGTDTQYF
286,CATSDLMTDTQYF,CATSDLFTDTQYF
287,CATSDLWTDTQYF,CATSDLFTDTQYF
288,CASSLSENSPLHF,CASSLSDNSPLHF
289,CASSYSSGSNNEQFF,CASSYSSGSGNEQFF
290,CATSDLTGDEQFF,CATSDLLGDEQFF
291,CASSLIGGEQYF,CASSLGGEQYF
292,CASSLVGGEQYF,CASSLGGEQYF
293,CASSPGTGSYEQYF,CASSGTGSYEQYF
294,CASSLVGGELFF,CASSLGGELFF
295,CASSFEGSYEQYF,CASSFGSYEQYF
296,CASSGFSYEQYF,CASSGGSYEQYF
297,CASSLGTDTQYF,CASSLSTDTQYF
298,CASSLGGGSTDTQYF,CASSLGGASTDTQYF
299,CASSLRGNTEAFF,CASSLGGNTEAFF
300,CASSLRGNTEAFF,CASSRGNTEAFF
301,CASSVNTEAFF,CASSWNTEAFF
302,CASSPGGTEAFF,CASSQGGTEAFF
303,CASSLLVSNQPQHF,CASSLQVSNQPQHF
304,CSVETTNTGELFF,CSVCETTNTGELFF
305,CASSLSTGNYGYTF,CASSLQTGNYGYTF
306,CASSLDPGAYNEQFF,CASSLDPDAYNEQFF
307,CASSLGNYEQYF,CASSQGNYEQYF
308,CASSRGSSYEQYF,CASSFGSSYEQYF
309,CASSQEGVLEQYF,CASSQEGVHEQYF
310,CASSLIGGEQYF,CASSLIGDEQYF
311,CASSLVGGEQYF,CASSLVGDEQYF
312,CASSLVGGYEQYF,CASSLEGGYEQYF
313,CASSAGSYEQYF,CASSLAGSYEQYF
314,CASSLIGGEQYF,CASSLAGGEQYF
315,CATSDLMTDTQYF,CATSDLATDTQYF
316,CASSLVGGEQYF,CASSLAGGEQYF
317,CASSLDISYEQYF,CASSLDIYYEQYF
318,CATSDLYRDEQYF,CATSDLTRDEQYF
319,CATSDLWTDTQYF,CATSDLATDTQYF
320,CATSDLTGDEQFF,CATSDLTVDEQFF
321,CATSDLTGDEQFF,CATSDLTSDEQFF
322,CASSLVGYNEQFF,CASSLVGYGEQFF
323,CAISQSYEQYF,CAISESYEQYF
324,CASSYVGGNTEAFF,CASSYSGGNTEAFF
325,CASSLVGTGNTIYF,CASSLGGTGNTIYF
326,CASSSGTDTQYF,CASSSSTDTQYF
327,CASSQDGSYEQYF,CASSQDVGSYEQYF
328,CASSLIGTGNTIYF,CASSLGGTGNTIYF
329,CATSRDRGLNQPQHF,CATSRDRGSNQPQHF
330,CASSQDQGTEAFF,CASSQIQGTEAFF
331,CASSSGTDTQYF,CASSSAGTDTQYF
332,CASSLAGGAGETQYF,CASSLAGGRGETQYF
333,CASSLDPGAYNEQFF,CASSLDPGGYNEQFF
334,CASSSDYEQYF,CASSFDYEQYF
335,CASSFGDYEQYF,CASSFDYEQYF
336,CASSVVGNTEAFF,CASSVVGGNTEAFF
337,CASSLAGGSGETQYF,CASSLAGGRGETQYF
338,CASSPMNTEAFF,CASSPGNTEAFF
339,CASSLGGGEQFF,CASSLGGDEQFF
340,CASSRSSYEQYF,CASSRVSYEQYF
341,CASSLTGGAADTQYF,CASSLTGGADTQYF
342,CASSQGQGHQPQHF,CASSQGQGGHQPQHF
343,CASSYMNTEAFF,CASSDMNTEAFF
344,CASSPMNTEAFF,CASSDMNTEAFF
345,CASSYSTSGYEQYF,CASSYSTGYEQYF
346,CASSLTSGSTDTQYF,CASSVTSGSTDTQYF
347,CASSLSSGATDTQYF,CASSLSSGTDTQYF
348,CASSLTAGSTDTQYF,CASSLTSGSTDTQYF
349,CASSLQGQETQYF,CASSLQTGQETQYF
350,CASSAGSYEQYF,CASSLGSYEQYF
351,CASSVRDSSYEQYF,CASSVRDSYEQYF
352,CASSIGGSPYNEQFF,CASSIGGSSYNEQFF
353,CASSLVGGELFF,CASSLVDGELFF
354,CASSESAEGNQPQHF,CASSESAGNQPQHF
355,CASSPSGSEQFF,CASSPTSGSEQFF
356,CASSLRTEAFF,CASSLVRTEAFF
357,CASSVSGANVLTF,CASSVGANVLTF
358,CATSRVYNEQFF,CATSRDYNEQFF
359,CASSLSSYEQYF,CASSLVSYEQYF
360,CASSLMSYEQYF,CASSLVSYEQYF
361,CASSQFTDTQYF,CASSQFADTQYF
362,CASSLAGVYEQYF,CASSLAGVPYEQYF
363,CASSVVGNTEAFF,CASSVVMNTEAFF
364,CASSYMNTEAFF,CASSYTNTEAFF
365,CASSLSSYEQYF,CASSLDSYEQYF
366,CASSLSSYEQYF,CASSLESYEQYF
367,CASSPGQGAYEQYF,CASSPGQGSYEQYF
368,CASSLMSYEQYF,CASSLDSYEQYF
369,CASSLMSYEQYF,CASSLESYEQYF
370,CSADWTGGQETQYF,CSADETGGQETQYF
371,CASSLGGGEQFF,CASSLGGGELFF
372,CASSYSTSGYEQYF,CASSYSSGYEQYF
373,CASSQGQNTYEQYF,CASSQGQDTYEQYF
374,CASSLSLTGNEQFF,CASSLSLEGNEQFF
375,CASSLVGGELFF,CASSLVSGELFF
376,CASSLLSGANVLTF,CASSLLASGANVLTF
377,CASSLVGGELFF,CASSLGGGELFF
378,CASSVVGNTEAFF,CASSVVGKNTEAFF
379,CASSLSTYEQYF,CASSLASTYEQYF
380,CASSQDLNNEQFF,CASSQDLANEQFF
381,CASSPTTGELFF,CASSPYTGELFF
382,CATSRDQNSPLHF,CATSRDPNSPLHF
383,CASSVTGDTQYF,CASSVAGDTQYF
384,CASSVGGDTQYF,CASSVAGDTQYF
385,CASSVGGDTQYF,CASSVGSDTQYF
386,CASSLEAAQETQYF,CASSLAAQETQYF
387,CASSVANEQFF,CASSVADNEQFF
388,CASSAGSSYNEQFF,CASSPGSSYNEQFF
389,CASSVGGELFF,CASSVGSGELFF
390,CASSVGDEQYF,CASSVGDYEQYF
391,CASSVADEQFF,CASSVADNEQFF
392,CASSVGGNEQFF,CASSVIGNEQFF
393,CASSLEVGQETQYF,CASSLETGQETQYF
394,CASSQGLGNQPQHF,CASSGGLGNQPQHF
395,CASSVGDTQYF,CASSVAGDTQYF
396,CASSVGDTQYF,CASSVGSDTQYF
397,CASSGSSYNEQFF,CASSPGSSYNEQFF
398,CASSVGNEQFF,CASSVIGNEQFF
399,CASSLGTEAFF,CASSPGTEAFF
400,CASSQAPGSYEQYF,CASSQAPGQSYEQYF
401,CASSLGNEQFF,CASSALGNEQFF
402,CASSVADTQYF,CASSVAGDTQYF
403,CASSVGYEQYF,CASSVGDYEQYF
404,CASSVSDTQYF,CASSVGSDTQYF
405,CASSQEGTASYEQYF,CASSQEGSASYEQYF
406,CAISESRGDTQYF,CAISESGDTQYF
407,CASSLTNTEAFF,CASSLGTNTEAFF
408,CASSPQGVNTEAFF,CASSPQGNTEAFF
409,CASSVGGNEQFF,CASSVGYNEQFF
410,CASSVGYEQFF,CASSVGYNEQFF
411,CASSLGGELFF,CASSLGGEQFF
412,CASSQPSYEQYF,CASSQPSPEQYF
413,CASSLYGIEQYF,CASSLYGPEQYF
414,CASSPGGEQFF,CASSLGGEQFF
415,CASSVGNEQFF,CASSVGYNEQFF
416,CASSLGTEAFF,CASSLSTEAFF
417,CASSPQGYEQYF,CASSPVGYEQYF
418,CASSPQGYEQYF,CASSPAGYEQYF
419,CASSPQGYEQYF,CASSPSGYEQYF
420,CASSFGTVYEQYF,CASSFGTGYEQYF
421,CASSLGATYEQYF,CASSLGAGYEQYF
422,CASSLGTEAFF,CASSLGGTEAFF
423,CASSFGTIYEQYF,CASSFGTGYEQYF
424,CASSVGGSTEAFF,CASSVGGTEAFF
425,CASSPYNNEQFF,CASSPHNNEQFF
426,CASSESGTGGHEQFF,CASSESGTGGNEQFF
427,CASSQGYEQYF,CASSQGGEQYF
428,CASSLGQGWDEQYF,CASSLGQGNDEQYF
429,CASSLHSNTGELFF,CASSLNSNTGELFF
430,CASSLGGEAFF,CASSGGGEAFF
431,CASSLGGEAFF,CASSLGGELFF
432,CASSLGGEAFF,CASSLGGAAFF
433,CASSEGGDTEAFF,CASSEGGSTEAFF
434,CASSVGGELFF,CASSGGGELFF
435,CASSVGGSEQYF,CASSVGGSNEQYF
436,CASSVGGSEQYF,CASSVGGSYEQYF
437,CASSGSAYNEQFF,CASSGSGYNEQFF
438,CASSVGGNEQFF,CASSVGGYNEQFF
439,CASSFSGNTGELFF,CASSFSPNTGELFF
440,CASSVASSYEQYF,CASSVGSSYEQYF
441,CASSTGGELFF,CASSGGGELFF
442,CASSGSSYNEQFF,CASSGSGYNEQFF
443,CASSVGGGTYNEQFF,CASSVGGGYNEQFF
444,CASSLAGASGYTF,CASSLGASGYTF
445,CASSVGGSTEAFF,CASSTGGSTEAFF
446,CASSVGGSTEAFF,CASSAGGSTEAFF
447,CASSVGGSTEAFF,CASSSGGSTEAFF
448,CASSVGGSTEAFF,CASSPGGSTEAFF
449,CASSVGGSTEAFF,CASSEGGSTEAFF
450,CASSPGTEAFF,CASSHGTEAFF
451,CASSVGSGSYEQYF,CASSVGSSYEQYF
452,CASSVGSGSYEQYF,CASSVGSGRYEQYF
453,CASSVGSGSYEQYF,CASSVGGSYEQYF
454,CASTGTDYNEQFF,CASSGTDYNEQFF
455,CASSVGDEQFF,CASSVGLDEQFF
456,CASSLAVYEQYF,CASSLGVYEQYF
457,CASSLPGDPYEQYF,CASSLPAGDPYEQYF
458,CASSPRDGPYEQYF,CASSPRDGSPYEQYF
459,CASSLAVYNEQFF,CASSLAGYNEQFF
460,CASSLAGTDTQYF,CASSLALTDTQYF
461,CASSGLGDNEQFF,CASSPLGDNEQFF
462,CASSPGTEAFF,CASSPIGTEAFF
463,CASSQYMNTEAFF,CASSQNMNTEAFF
464,CASSPGTEAFF,CASSQGTEAFF
465,CASSLRQGAYEQYF,CASSLRQGYEQYF
466,CASSLRQGAYEQYF,CASSLRQAYEQYF
467,CASSVGGNEQFF,CASSVRGNEQFF
468,CASSVGNEQFF,CASSVRGNEQFF
469,CSVAETGELFF,CSVQETGELFF
470,CASSFISGYNEQFF,CASSFPSGYNEQFF
471,CASSSPSSYNEQFF,CASSPSSYNEQFF
472,CASSQESGRTYEQYF,CASSQERGRTYEQYF
473,CASSEGSGYEQYF,CASSEGSYEQYF
474,CASSLTNTEAFF,CASSLTATEAFF
475,CASSETGLNSPLHF,CASSETGVNSPLHF
476,CASSQTENTEAFF,CASSQLENTEAFF
477,CASSEGSGYEQYF,CASSEGQGYEQYF
478,CASSVSGVSYNEQFF,CASSVSGISYNEQFF
479,CASSPAYEQYF,CASSPASYEQYF
480,CASSLGTEAFF,CASSLGVEAFF
481,CASSQAPGSYEQYF,CASSQAPGAYEQYF
482,CASSLEGQQNTEAFF,CASSLEGQVNTEAFF
483,CASSLGATYEQYF,CASSLGQTYEQYF
484,CASSLEVGQETQYF,CASSLEVGGETQYF
485,CASSLGTEAFF,CASSSGTEAFF
486,CASSVGYEQYF,CASSVDGYEQYF
487,CASGGLAGETQYF,CASGGLAGDTQYF
488,CATGGLAGDTQYF,CASGGLAGDTQYF
489,CASSEGTGLYEQYF,CASSEGTGRLYEQYF
490,CASSPGTTYEQYF,CASSPGSTYEQYF
491,CASSVGGTQYF,CASSVGETQYF
492,CASSVGQTQYF,CASSVGETQYF
493,CASSVAGELFF,CASSVGAGELFF
494,CASSLGETQYF,CASSVGETQYF
495,CASSLGGLSYEQYF,CASSLGGPSYEQYF
496,CASSVANEQFF,CASSVAREQFF
497,CASSAGSSYNEQFF,CASSASGSSYNEQFF
498,CASSTGETQYF,CASSVGETQYF
499,CASSVGEAQYF,CASSVGETQYF
500,CASSVGGELFF,CASSVGAGELFF
501,CASSVAQEQFF,CASSVAREQFF
502,CASRLTRGYNEQFF,CASSLTRGYNEQFF
503,CASSVAEEQFF,CASSVAREQFF
504,CASSVADEQFF,CASSVAREQFF
505,CASSVGGGEQYF,CASSVGGGYEQYF
506,CASSVSETQYF,CASSVGETQYF
507,CASSVGEQQYF,CASSVGETQYF
508,CASSVGDTQYF,CASSVGETQYF
509,CASSLAVYEQYF,CASSLADYEQYF
510,CASSLGTEAFF,CASSRGTEAFF
511,CASSVGGAEQYF,CASSVGGAYEQYF
512,CASSESTGELFF,CASSVSTGELFF
513,CSARKISSYEQYF,CSARKRSSYEQYF
514,CASSVGSGSYEQYF,CASSVGSGHYEQYF
515,CASSSPGTSTDTQYF,CASSSPGTSGDTQYF
516,CSVVNTGELFF,CSVGNTGELFF
517,CASSPGAGELFF,CASSPAGELFF
518,CASSPSGSGYEQYF,CASSPSGSYEQYF
519,CASWGIQETQYF,CASSGIQETQYF
520,CASSYGQGETQYF,CASSYGGETQYF
521,CASSLTNTEAFF,CASSLTVNTEAFF
522,CASSEGGDTEAFF,CASSEGGGTEAFF
523,CASSVGGNEQFF,CASSVGWGNEQFF
524,CASSRGSGSYEQYF,CASSRGSGSSYEQYF
525,CASSGLAGAGELFF,CASSGLAGTGELFF
526,CASSYGQGETQYF,CASSYGNGETQYF
527,CASSVGSGSYEQYF,CASSVGSGSSYEQYF
528,CASSFSGNPYEQYF,CASSFSGTPYEQYF
529,CASSVEGNTEAFF,CASSVEGFTEAFF
530,CASSKTGFNQPQHF,CASSGTGFNQPQHF
531,CASSYGGEQYF,CASSLGGEQYF
532,CASSYGRDTQYF,CASSYGDTQYF
533,CASSLSNTGELFF,CASSSNTGELFF
534,CASSIGGLSYEQYF,CASSIGAGLSYEQYF
535,CASSIGGLSYEQYF,CASSIGQGLSYEQYF
536,CASSIGGLSYEQYF,CASSIGRGLSYEQYF
537,CASSYGASEAFF,CASSYGATEAFF
538,CASSQAGSGTGELFF,CASSQAGGTGELFF
539,CASSPGTEAFF,CASSPGAEAFF
540,CASSVSGTEAFF,CASSVSGYTEAFF
541,CASSLSNTGELFF,CASSPSNTGELFF
542,CASSYTYEQYF,CASSYVYEQYF
543,CASSPGFYEQYF,CASTPGFYEQYF
544,CASSLTGRNTEAFF,CASSLSGRNTEAFF
545,CASSVGDTEAFF,CASSVGGTEAFF
546,CASSFINTEAFF,CASSFGNTEAFF
547,CASSVSGTEAFF,CASSVGGTEAFF
548,CASSFGPYEQYF,CASSFGSYEQYF
549,CASSYTYEQYF,CASSATYEQYF
550,CASSGLDSTQYF,CASSGLDTQYF
551,CASSIAGGSNQPQHF,CASSIAGTSNQPQHF
552,CASYSGAEAFF,CASSYSGAEAFF
553,CASSLGGNTEAFF,CASSLQGNTEAFF
554,CASSVSGTGELFF,CASSVPGTGELFF
555,CASSLAGQGSYEQYF,CASSLEGQGSYEQYF
556,CASSVGDYEQYF,CASSVGGDYEQYF
557,CASSVGSGELFF,CASSVGGSGELFF
558,CASSVGSGELFF,CASSGGSGELFF
559,CASSQGGTEAFF,CASSRGGTEAFF
560,CASSFDSSYEQYF,CASSFGSSYEQYF
561,CASSFDSYEQYF,CASSFSYEQYF
562,CASSPPGNEQFF,CASSPPSGNEQFF
563,CASSVGGGPGELFF,CASSVGGGTGELFF
564,CASSQGGTEAFF,CASSQGTEAFF
565,CASSLGNEQFF,CASSLGNEQYF
566,CASSVIGNEQFF,CASSVRGNEQFF
567,CASSLAGPEAFF,CASSLAGAEAFF
568,CASSLAGPEAFF,CASSLAGSEAFF
569,CASSLAGPEAFF,CASSLAGIEAFF
570,CASSLAGPEAFF,CASSLAGLEAFF
571,CASSLAGPEAFF,CASSLAGVEAFF
572,CASSLAGPEAFF,CASSLAGTEAFF
573,CASSLAGPEAFF,CASSLAGAPEAFF
574,CASSLSGAGYGYTF,CASSLSGADYGYTF
575,CASSYLGQGGNEQFF,CASSYGGQGGNEQFF
576,CASSYTRGYEQYF,CASSYERGYEQYF
577,CASSVADSYNSPLHF,CASSVGDSYNSPLHF
578,CASSYGRDTQYF,CASSYGRETQYF
579,CASSLAGPEAFF,CASSLAGTEAFF
580,CASSPGFYEQYF,CASSSGFYEQYF
581,CASSLQYEQYF,CASSLGYEQYF
582,CASSLPYNEQFF,CASSLIYNEQFF
583,CASSVADPNYGYTF,CASSVADSNYGYTF
584,CASSLLGGQPQHF,CASSLSGGQPQHF
585,CASSLGGNTEAFF,CASSLGWNTEAFF
586,CASSALGNEQFF,CASSASLGNEQFF
587,CASSEALAYEQYF,CASSEALEYEQYF
588,CASSEALAYEQYF,CASSEALDYEQYF
589,CASSGSLGNEQFF,CASSASLGNEQFF
590,CASSLGGNQPQHF,CASTLGGNQPQHF
591,CASSYGGVQETQYF,CASSYGGGQETQYF
592,CASSGGNTEAFF,CASSGPNTEAFF
593,CASSYSSSYEQYF,CASSYSSPYEQYF
594,CASSYSSSYEQYF,CASSSSSYEQYF
595,CASSPGTEAFF,CASSPGNTEAFF
596,CASSPGTEAFF,CASSSGTEAFF
597,CASSVGDYEQYF,CASSVDDYEQYF
598,CASSLQGSYEQYF,CASSLDGSYEQYF
599,CASSYTRGYEQYF,CASSYTRDGYEQYF
600,CASSFGPYEQYF,CASSFGYEQYF
601,CASSLDRSYEQYF,CASSSLDRSYEQYF
602,CASSLDRSYEQYF,CASSLERSYEQYF
603,CASSVSGTGELFF,CASSVSTGELFF
604,CASSASGRGNEQFF,CASSASGRVGNEQFF
605,CASSLAAQETQYF,CASSFLAAQETQYF
606,CASSVGGQGAYEQYF,CASSVGQGAYEQYF
607,CASSPGTEAFF,CASSRGTEAFF
608,CSVTRGTEAFF,CSVARGTEAFF
609,CASSVGSGELFF,CASSVGAGELFF
610,CASSLSVRTEQYF,CASSLSVGTEQYF
611,CASSLAAQETQYF,CASSLAGQETQYF
612,CASSQVAGYEQYF,CASSQVEGYEQYF
613,CASSPRDRVHEQYF,CASSPTDRVHEQYF
614,CASSLGGNTEAFF,CASSLGVNTEAFF
615,CASSYSRGNEQFF,CASSYVRGNEQFF
616,CASSEARGEQFF,CASSEARGEQYF
617,CSATGQGYEQYF,CSADGQGYEQYF
618,CASSYTRGYEQYF,CASSYSRGYEQYF
619,CASSLVDSSAYEQYF,CASSLVDSSYEQYF
620,CASSLGSRAYEQYF,CASSLGRAYEQYF
621,CASSSTSGTYEQYF,CASSSLTSGTYEQYF
622,CASSYSSSYEQYF,CASSYSISYEQYF
623,CASSMGQGTYEQYF,CASSMGQGTLYEQYF
624,CASSSNTGELFF,CASSPSNTGELFF
625,CASSTVSNQPQHF,CASSTRVSNQPQHF
626,CASSLQLNTEAFF,CASSLQGNTEAFF
627,CASSYSGPGELFF,CASSYVGPGELFF
628,CASSQGYGFYEQYF,CASSQGQGFYEQYF
629,CASSYEGGPETQYF,CASSYEGGMETQYF
630,CASSLGGSYEQYF,CASSPLGGSYEQYF
631,CASSPAGAYEQYF,CASSPVGAYEQYF
632,CASSLLGFSYNEQFF,CASSLLGGSYNEQFF
633,CASSLEAGATEAFF,CASSLEWGATEAFF
634,CASSLGGYEQYF,CASSLGAGYEQYF
635,CASSFGYEQYF,CASSSGYEQYF
636,CASSFGYEQYF,CASSNGYEQYF
637,CASSLAGSSYNEQFF,CASSLAGSYNEQFF
638,CASSLTAGNTEAFF,CASSLTVGNTEAFF
639,CASSLTAGNTEAFF,CASSLTPGNTEAFF
640,CASSLAQGNTGELFF,CASSLGQGNTGELFF
641,CASSSTGGLYNEQFF,CASSSTGGAYNEQFF
642,CASSLGSTDTQYF,CASSLGSDTQYF
643,CAIGGTGGTGELFF,CAGGTGGTGELFF
644,CASSLTGETYEQYF,CASSLTGTYEQYF
645,CASSLGGGYEQYF,CASSLGGYEQYF
646,CASSPGVGNQPQHF,CASSPGVYGNQPQHF
647,CASSSGYEQYF,CASSPSGYEQYF
648,CASGLAAYEQYF,CASGLLAYEQYF
649,CASSPGGQPQHF,CASSSGGQPQHF
650,CASSLGSGSYNEQFF,CASSLDSGSYNEQFF
651,CASSLSGQPQHF,CASSLIGQPQHF
652,CASSLGGSYEQYF,CASSLGQSYEQYF
653,CASSQAGAEAFF,CASSQAGAAEAFF
654,CASSLVSGELFF,CASSLVPGELFF
655,CASSYTNTGELFF,CASSYSNTGELFF
656,CASSLAEGLNTEAFF,CASSLAGGLNTEAFF
657,CASSLDSNQPQHF,CASSLGSNQPQHF
658,CASSLGHEQYF,CASSLGNEQYF
659,CASSQDSGLNTEAFF,CASSQDPGLNTEAFF
660,CASSQDPGMNTEAFF,CASSQDPGLNTEAFF
661,CASSQDPGVNTEAFF,CASSQDPGLNTEAFF
662,CASSLAPGGDTEAFF,CASSLATGGDTEAFF
663,CASSVGGGETQYF,CASSVLGGETQYF
664,CASSWTGETEAFF,CASSWTGTEAFF
665,CASSLSQGSYNEQFF,CASSLSSGSYNEQFF
666,CASSLQLNTEAFF,CASSLKLNTEAFF
667,CASSLGGYEQYF,CASSLGYEQYF
668,CASSLGSGSYNEQFF,CASSLSSGSYNEQFF
669,CASSLSGWNTEAFF,CASSLGWNTEAFF
670,CASSLSGQPQHF,CASSLSGGQPQHF
671,CASSFGYEQYF,CASSLGYEQYF
672,CASSLGVGNQPQHF,CASSLGGNQPQHF
673,CASSIQGDNQPQHF,CASSLQGDNQPQHF
674,CASSLTGETYEQYF,CASSTGETYEQYF
675,CASSLGLGYNEQFF,CASSLGGYNEQFF
676,CASSLTGEAYEQYF,CASSLTEAYEQYF
677,CASSLGTGVEYEQYF,CASSLGTGVVYEQYF
678,CASSLGTGVEYEQYF,CASSLGTGVSYEQYF
679,CASSWTGETEAFF,CASSWTGGTEAFF
680,CASSLGTGYNEQFF,CASSLGGYNEQFF
681,CASSPDRANTEAFF,CASSPDRMNTEAFF
682,CASSLDSNQPQHF,CASSLGSNQPQHF
683,CASSLGSGYNEQFF,CASSLGGYNEQFF
684,CASSLGVYNEQFF,CASSLGGYNEQFF
685,CASSLGVYNEQFF,CASSLGPYNEQFF
686,CASSVGLSTDTQYF,CASSVGYSTDTQYF
687,CASSWTGETEAFF,CASSTGETEAFF
688,CASSLDSNQPQHF,CASSLNSNQPQHF
689,CASSRTSGNTDTQYF,CASSRTSGGTDTQYF
690,CASSLGLNEQFF,CASSPGLNEQFF
691,CASSSNTGELFF,CASSSDTGELFF
692,CASSLGGSYEQYF,CASSLSGGSYEQYF
693,CASSLDSNQPQHF,CASSLDSPNQPQHF
694,CASSQGLNEQFF,CASSPGLNEQFF
695,CASSLTGSSTDTQYF,CASSLGSSTDTQYF
696,CASSSNTGELFF,CASSSYTGELFF
697,CASSPGGQPQHF,CASSPEGGQPQHF
698,CASSLGGSYEQYF,CASSLGSSYEQYF
699,CASSQDWDSSYEQYF,CASSQDRDSSYEQYF
700,CASSFGFGEQFF,CASSFGTGEQFF
701,CASSLGLTDTQYF,CASSLFLTDTQYF
702,CASSLHRDSYEQYF,CASSLHRDHYEQYF
703,CASSLHRDSYEQYF,CASSLHRDVSYEQYF
704,CASSLHRDSYEQYF,CASSLSRDSYEQYF
705,CASSSGTMNTEAFF,CASSSGMNTEAFF
706,CASSQENYSNQPQHF,CASSQERYSNQPQHF
707,CASSLSQGSYNEQFF,CASSLSQGAYNEQFF
708,CASSPGGTNTEQFF,CASSPGGTNEQFF
709,CASSQVRYQETQYF,CASSQSRYQETQYF
710,CASSLGQGIGYTF,CASSLGQGSGYTF
711,CASSLTNTGELFF,CASSLTGNTGELFF
712,CASSYGQGETQYF,CASSYGGETQYF
713,CASSLDSNQPQHF,CASSLADSNQPQHF
714,CASSLGVGTEAFF,CASSLSVGTEAFF
715,CASSLGVGTEAFF,CASSLGQGTEAFF
716,CASSLYTGSNTEAFF,CASSLYTGANTEAFF
717,CASSLYTGSNTEAFF,CASSLYTGVNTEAFF
718,CASSLSQGAYNEQFF,CASSLQGAYNEQFF
719,CASSPTSDQETQYF,CASRPTSDQETQYF
720,CASSYGQGETQYF,CASSYGNGETQYF
721,CASSLPGLEDTQYF,CASSPGLEDTQYF
722,CASSLGLNEQFF,CASSRLGLNEQFF
723,CASSLGGSYEQYF,CASSLLGSYEQYF
724,CASSYSADATGELFF,CASSYSALATGELFF
725,CSVDKQGSGNTIYF,CSVDGQGSGNTIYF
726,CASSLGLNEQFF,CASSLGGLNEQFF
727,CASSYFSGNTGELFF,CASSYTSGNTGELFF
728,CASSLAEGLNTEAFF,CASSLEEGLNTEAFF
729,CASSLGGSYEQYF,CASSFGGSYEQYF
730,CASSLDSNQPQHF,CASSLYSNQPQHF
731,CASSLGLNNEQFF,CASSLTLNNEQFF
732,CASSLHRDSYEQYF,CASSLHRDYEQYF
733,CASSLVSGELFF,CASSLVLSGELFF
734,CASSGTDTQYF,CASSATDTQYF
735,CASSVEGYNEQFF,CASSVGYNEQFF
736,CASSSTGFEQFF,CASSSTGAEQFF
737,CASSPGQEYEQYF,CASSPGQGYEQYF
738,CASSIGTGEAYEQYF,CASSITGEAYEQYF
739,CASSLVGGNYEQYF,CASSLVGNYEQYF
740,CASSHGQGSYEQYF,CASSHEQGSYEQYF
741,CASSPGGSYEQYF,CASSPPGGSYEQYF
742,CSARDLQDSYEQYF,CSARDLQVSYEQYF
743,CASSIGLGSNQPQHF,CASSIDLGSNQPQHF
744,CASSPGGSYEQYF,CASSPGGYEQYF
745,CASSPGGSYEQYF,CASSPGGSEQYF
746,CASSPSGDRSYEQYF,CASSPSGDLSYEQYF
747,CASSVEGYNEQFF,CASSVGGYNEQFF
748,CASSAGQGVTYEQYF,CASSAGQGITYEQYF
749,CASSIGQGILYEQYF,CASSIGQGITYEQYF
750,CASSIGQGMTYEQYF,CASSIGQGITYEQYF
751,CASSIGQGLTYEQYF,CASSIGQGITYEQYF
752,CASSIGQGIGYEQYF,CASSIGQGITYEQYF
753,CASSAGQGITYEQYF,CASSIGQGITYEQYF
754,CASSIGQGNTYEQYF,CASSIGQGITYEQYF
755,CASSIGQGDTYEQYF,CASSIGQGITYEQYF
756,CASSIGTGITYEQYF,CASSIGQGITYEQYF
757,CASSIGSGITYEQYF,CASSIGQGITYEQYF
758,CASSAGQGISYEQYF,CASSAGQGITYEQYF
759,CASSIGQGWTYEQYF,CASSIGQGITYEQYF
760,CASSAGLGITYEQYF,CASSAGQGITYEQYF
761,CASSGDYNEQFF,CASSGTDYNEQFF
762,CASSIGVGTSYEQYF,CASSIVGTSYEQYF
763,CASSHGQGSYEQYF,CASSHGQGSSYEQYF
764,CASSHGQGSYEQYF,CASSHGQGISYEQYF
765,CASSTNSYEQYF,CASSFNSYEQYF
766,CASSGTDTQYF,CASSLTDTQYF
767,CASSSGAYEQYF,CASSSGFYEQYF
768,CASSIGRGNTYEQYF,CASSIGRGLTYEQYF
769,CASSIGQGLTYEQYF,CASSIGRGLTYEQYF
770,CASSIGSGLAYEQYF,CASSIGRGLAYEQYF
771,CASSIGRGLAYEQYF,CASSIGRGLTYEQYF
772,CASSIGRGTAYEQYF,CASSIGRGLAYEQYF
773,CASSIGRGLSYEQYF,CASSIGRGLAYEQYF
774,CASSIGRGLSYEQYF,CASSIGRGLTYEQYF
775,CASSIGLAVYNEQFF,CASSMGLAVYNEQFF
776,CASSIGLAVYNEQFF,CASSIGLAAYNEQFF
777,CASSLGTGVVYEQYF,CASSIGTGVVYEQYF
778,CASSIGTGFSYEQYF,CASSIGTGTSYEQYF
779,CASSIGTGESYEQYF,CASSIGTGTSYEQYF
780,CASSIGTGQSYEQYF,CASSIGTGTSYEQYF
781,CASSIGVGTSYEQYF,CASSIGTGTSYEQYF
782,CASSIGTGVSYEQYF,CASSIGTGTSYEQYF
783,CASSIGTGVSYEQYF,CASSIGTGVVYEQYF
784,CASSIGTGASYEQYF,CASSIGTGTSYEQYF
785,CASSIGTGSSYEQYF,CASSIGTGTSYEQYF
786,CASSPGTGTSYEQYF,CASSIGTGTSYEQYF
787,CASSIGQGVVYEQYF,CASSIGTGVVYEQYF
788,CASSIGTGDSYEQYF,CASSIGTGTSYEQYF
789,CASSIGQGTSYEQYF,CASSIGTGTSYEQYF
790,CASSIGTGVGYEQYF,CASSIGTGVVYEQYF
791,CASSIGTGTTYEQYF,CASSIGTGTSYEQYF
792,CASSIGTGNSYEQYF,CASSIGTGTSYEQYF
793,CASSIGTGRSYEQYF,CASSIGTGTSYEQYF
794,CASSIGAGVVYEQYF,CASSIGTGVVYEQYF
795,CASSIGTGWSYEQYF,CASSIGTGTSYEQYF
796,CASSSGTGVRYEQYF,CASSPGTGVRYEQYF
797,CASSPGTGLRYEQYF,CASSPGTGVRYEQYF
798,CASSPGTGVLYEQYF,CASSPGTGVRYEQYF
799,CASSMGLAGTDTQYF,CASSAGLAGTDTQYF
800,CASSPGTGVSYEQYF,CASSPGTGVRYEQYF
801,CASSQTQGHEQYF,CASSQDQGHEQYF
802,CASSMGVGSSYEQYF,CASSMGVGSVYEQYF
803,CASSTGAGVGNEQFF,CASSIGAGVGNEQFF
804,CASSTGAGVGNEQFF,CASSTAAGVGNEQFF
805,CASSQVRSYEQYF,CASSQVGRSYEQYF
806,CASSLRSSYEQYF,CASSLGSSYEQYF
807,CASSIGAGVGTEAFF,CASSIEAGVGTEAFF
808,CASSIGVGLGNEQFF,CASSIGAGLGNEQFF
809,CASSIGAGLDNEQFF,CASSIGAGLNNEQFF
810,CASSIGAGLDNEQFF,CASSIGAGLGNEQFF
811,CASSIGTGSSYEQYF,CASSPGTGSSYEQYF
812,CASSPGTGTSYEQYF,CASSPGTGSSYEQYF
813,CASSPGLGSSYEQYF,CASSPGTGSSYEQYF
814,CASSPGTGRSYEQYF,CASSPGTGSSYEQYF
815,CASSLVGFETQYF,CASSLVGKETQYF
816,CASSPGTGVSYEQYF,CASSPGTGSSYEQYF
817,CASSPGTGFSYEQYF,CASSPGTGSSYEQYF
818,CASSHGMNTEAFF,CASSHGGNTEAFF
819,CASSIGLGQAYEQYF,CASSIGPGQAYEQYF
820,CASSIGVGQAYEQYF,CASSIGPGQAYEQYF
821,CASSIGTGSYNEQFF,CASSIRTGSYNEQFF
822,CASSIGAGVGTEAFF,CASSIGAGVTEAFF
823,CASSTTGNEQYF,CASSFTGNEQYF
824,CASSLTGAVTDTQYF,CASSLTGAITDTQYF
825,CASSLTGAVTDTQYF,CASSLTGAETDTQYF
826,CASSLTGAVTDTQYF,CASSSTGAVTDTQYF
827,CASSFSVEQYF,CASSFSYEQYF
828,CASSFSVEQYF,CASSFSGVEQYF
829,CASSKSYEQYF,CASSFSYEQYF
830,CASSSSGSSTDTQYF,CASSSSGVSTDTQYF
831,CASSSSGSSTDTQYF,CASSSSGASTDTQYF
832,CASSSSGSSTDTQYF,CASSSSGGSTDTQYF
833,CASSSSGSSTDTQYF,CASSSSGSVTDTQYF
834,CASSWGAYEQYF,CASSWGGYEQYF
835,CASSFSETQYF,CASSFLSETQYF
836,CASSSGGTEAFF,CASSFGGTEAFF
837,CASSSGGTEAFF,CASSLGGTEAFF
838,CASSLGGLEAFF,CASSLGGTEAFF
839,CASSLGGLEAFF,CASSLGGIEAFF
840,CASSLTGGTEAFF,CASSLGGTEAFF
841,CASSFSYEQYF,CASSFGSYEQYF
842,CATSSSGYEQYF,CATSSSYEQYF
843,CASSFSGNEQFF,CASSFSGTEQFF
844,CASSLAGGSTDTQYF,CASSLAGVSTDTQYF
845,CASSFGGEQFF,CASSFGGHEQFF
846,CASSPSGGSTDTQYF,CASSSSGGSTDTQYF
847,CASSYGGTGYTF,CASSYGGYGYTF
848,CASSSSGASTDTQYF,CASSSSGADTDTQYF
849,CASSSSGASTDTQYF,CASSSSGVSTDTQYF
850,CASSSSGASTDTQYF,CASSSSGGSTDTQYF
851,CASSSSGASTDTQYF,CASSSSGATTDTQYF
852,CASSSSGASTDTQYF,CASSSSGAITDTQYF
853,CASSLQGNTEAFF,CASSLGGNTEAFF
854,CASSWTGNEAFF,CASSWTGHEAFF
855,CASSFTGNEQFF,CASSFTGNEQYF
856,CASSLSGASTDTQYF,CASSSSGASTDTQYF
857,CASSSSGYEQYF,CASSSSGRYEQYF
858,CASSLSETQYF,CASSFLSETQYF
859,CASSLSYEQFF,CASSLSFEQFF
860,CASSFTSYEQYF,CASSFGSYEQYF
861,CASSFTSYEQYF,CASSFSYEQYF
862,CASSLSGFEQFF,CASSLSFEQFF
863,CASSSSGGSTDTQYF,CASSSSGGHTDTQYF
864,CASSSSGGSTDTQYF,CASSSSGVSTDTQYF
865,CASSSSGGSTDTQYF,CASSSSGASTDTQYF
866,CASSSSGGSTDTQYF,CASSSSGGITDTQYF
867,CASSFTGTEAFF,CASSFGGTEAFF
868,CASSFSFEQFF,CASSLSFEQFF
869,CASSFRGTEAFF,CASSFPGTEAFF
870,CASSPTGGEQYF,CASSPGGEQYF
871,CASGLAGPNEQFF,CASGLAGFNEQFF
872,CASSLSGPYNEQFF,CASSLTSGPYNEQFF
873,CASSYSYGTEAFF,CASSYSGGTEAFF
874,CASSFRGYEQYF,CASSRGYEQYF
875,CASSQTDTQYF,CASSQLTDTQYF
876,CASSVGYNEQFF,CASSVGGYNEQFF
877,CASSLDGYEQYF,CASSSDGYEQYF
878,CASSLGGEQFF,CASSLGGDEQFF
879,CASSLGGEQFF,CASSLGGELFF
880,CASSQVGETQYF,CASSQTVGETQYF
881,CASSSSGYEQYF,CASSSDGYEQYF
882,CASSLGNEQFF,CASSLGPNEQFF
883,CASSLVGAEQYF,CASSLGGAEQYF
884,CSALSGNTGELFF,CSAPSGNTGELFF
885,CASSYGSTEAFF,CASSYGSPTEAFF
886,CASSEGSYEQYF,CASSEGISYEQYF
887,CASSLVGYEQYF,CASSLVGPYEQYF
888,CSAPDYNEQFF,CSARDYNEQFF
889,CASSQPSPEQYF,CASSQPSYEQYF
890,CASSFSGDGYTF,CASSFGGDGYTF
891,CASSFSGYNEQFF,CASSFSAYNEQFF
892,CASRSGNEQFF,CASRSGHNEQFF
893,CASSQVGETQYF,CASSQEGETQYF
894,CASSLSGETQYF,CASSLGETQYF
895,CASSPPTGVSYEQYF,CASSPPTGVPYEQYF
896,CASSLGTNTEAFF,CASSLGTVNTEAFF
897,CASSPQGYEQYF,CASSPQGDEQYF
898,CASSPQGYEQYF,CASSPSGYEQYF
899,CASSFLTGAGYTF,CASSFLTGEGYTF
900,CASSLTGAVTDTQYF,CASSLTGASTDTQYF
901,CASSYDNEQFF,CASSLDNEQFF
902,CASSLVNEQFF,CASSLDNEQFF
903,CSARDVYEQYF,CSARMVYEQYF
904,CASSLQGNTEAFF,CASSLSGNTEAFF
905,CASSLSGASTDTQYF,CASSLTGASTDTQYF
906,CSAPSGGAAETQYF,CSAPSGGAQETQYF
907,CASSPTGGLTDTQYF,CASSPTGGTDTQYF
908,CASSFAGVEQFF,CASSLAGVEQFF
909,CASSLSGPYNEQFF,CASSLSGNYNEQFF
910,CASSYQGNSPLHF,CASSVQGNSPLHF
911,CASSYGFEQYF,CASSYGAEQYF
912,CASSYSGGTNYGYTF,CASSYSGGANYGYTF
913,CASSLAGDEQFF,CASSLAGDYEQFF
914,CASSLVGSSYEQYF,CASSLDGSSYEQYF
915,CASSFGGEQFF,CASSLGGEQFF
916,CASSYGSETQYF,CASSYGRETQYF
917,CASSYSGGDNYGYTF,CASSYSGGANYGYTF
918,CASSLGNEQFF,CASSLEGNEQFF
919,CASSFSPGELFF,CASSFSPGEQFF
920,CASSLTSYEQYF,CASSLTNYEQYF
921,CASSYSGEQYF,CASSYSGDEQYF
922,CSVEKGQGYEQYF,CSVEKGQPYEQYF
923,CASSFSNEQFF,CASSSSNEQFF
924,CASSYDNEQFF,CASSSDNEQFF
925,CASSLVNEQFF,CASSLVPNEQFF
926,CASSLVNEQFF,CASSLANEQFF
927,CASSLGETQYF,CASSLGDTQYF
928,CASSLGETQYF,CASSFGETQYF
929,CASSLNYGYTF,CASSLGYGYTF
930,CASSFGNTQYF,CASSFGETQYF
931,CASSFAGQETQYF,CASSFFGQETQYF
932,CASSFSETQYF,CASSFGETQYF
933,CASSFASEQYF,CASSFGSEQYF
934,CASSVEGGLDEQFF,CASSVEGSLDEQFF
935,CASSYGPEAFF,CASSWGPEAFF
936,CASSEGSYEQYF,CASSEGSYYEQYF
937,CASSYGGELFF,CASSYPGELFF
938,CASSFSGETQYF,CASSFGETQYF
939,CASSLVGYEQYF,CASSLVLYEQYF
940,CASSLVGYEQYF,CASSLVIYEQYF
941,CASSLGDEQYF,CASSLGDTQYF
942,CASSATDTQYF,CASSLTDTQYF
943,CASSQGLALGDTQYF,CASSQGLALSDTQYF
944,CASSVDAGSYEQYF,CASSVDASYEQYF
945,CASSSSPEQYF,CASSSSNEQYF
946,CASSLGLHEQFF,CASSLGHEQFF
947,CASSQTDTQYF,CASSQADTQYF
948,CASSLTSYEQYF,CASSLTGSYEQYF
949,CASSYGSTEAFF,CASSYGTEAFF
950,CASSLSGPYNEQFF,CASSLGPYNEQFF
951,CASSLQGNTEAFF,CASSLWQGNTEAFF
952,CASSYSGGTNYGYTF,CASSYSGGVNYGYTF
953,CASSIGGYTGELFF,CASSIGAGYTGELFF
954,CASSYGSTEAFF,CASSYGSHTEAFF
955,CASSSGGTEAFF,CASSSGTEAFF
956,CASSSGGTEAFF,CASSSGGNTEAFF
957,CASSQVGETQYF,CASSQGVGETQYF
958,CASSLAGGSTDTQYF,CASSLAGESTDTQYF
959,CASSLSGPYNEQFF,CASSLSGPNNEQFF
960,CASSSATEAFF,CASSSGTEAFF
961,CASSWTGNEAFF,CASSWTGNTEAFF
962,CASSLTGAAPDTQYF,CASSLTGAADTQYF
963,CASSYSGGDNYGYTF,CASSYSGGVNYGYTF
964,CSVLQGGTEAFF,CSVLQGTEAFF
965,CSVETGSYEQYF,CSVEGGSYEQYF
966,CSVEAGGGYEQYF,CSVEAGIGYEQYF
967,CASSPDHYEQYF,CASSPDFYEQYF
968,CASSLSGPYNEQFF,CASSLSDPYNEQFF
969,CASSLSGPYNEQFF,CASSLSGPPYNEQFF
970,CASSLENYGYTF,CASSLSENYGYTF
971,CASSEGTPLHF,CASSEGSPLHF
972,CASSPQGNTEAFF,CASSPEGNTEAFF
973,CASSFSYEQYF,CASSFGYEQYF
974,CASSSGTGDSPLHF,CASSLGTGDSPLHF
975,CASSLVNEQFF,CASSLGNEQFF
976,CASSGDNSYEQYF,CASSGGNSYEQYF
977,CASSFSGNEQFF,CASSFLGNEQFF
978,CASSFGGEQFF,CASSFLGEQFF
979,CSVARDTEAFF,CSVARGTEAFF
980,CASSFTGNEQFF,CASSFLGNEQFF
981,CASSLYGPEQYF,CASSLGGPEQYF
982,CASSLDGFEQYF,CASSLLGFEQYF
983,CASSRGLEAFF,CASSRGTEAFF
984,CASSTTGNEQYF,CASSTTGNEQFF
985,CASSFGGETQYF,CASSYGGETQYF
986,CASSFSVEQYF,CASSFSHEQYF
987,CASSQSYEQYF,CASSQGYEQYF
988,CSARDVYEQYF,CSARDVDEQYF
989,CSARDVYEQYF,CSARDPYEQYF
990,CSARDVYEQYF,CSARDVGEQYF
991,CASSFSYEQYF,CASSFSHEQYF
992,CASSPTGNEQFF,CASSTTGNEQFF
993,CASSYGSETQYF,CASSYGGETQYF
994,CASSYGGTEQYF,CASSYGGTQYF
995,CASSFTGNEQFF,CASSTTGNEQFF
996,CASSYGGNQPQHF,CASSYVGGNQPQHF
997,CASSLTSYEQYF,CASSLVSYEQYF
998,CASSLGGEQFF,CASSLGGREQFF
999,CSATQGTGELFF,CSATPGTGELFF
1000,CASSQSYEQYF,CASSQGYEQYF
1001,CASSQSYEQYF,CASSQVSYEQYF
1002,CASSLAGDEQFF,CASSLAADEQFF
1003,CASSLLAGGYNEQFF,CASSLLAGAYNEQFF
1004,CASSYVGNEQFF,CASSYVRGNEQFF
1005,CASSMGNQPQHF,CASSMTGNQPQHF
1006,CASSLVGYEQYF,CASSLVSYEQYF
1007,CASSQNSYEQYF,CASSQVSYEQYF
1008,CASSLGTGGYEQYF,CASSLAGTGGYEQYF
1009,CASSLDGYEQYF,CASSLDSYEQYF
1010,CSVEVSGNEQFF,CSVEVVGNEQFF
1011,CASSLTSYEQYF,CASSLDSYEQYF
1012,CASSLTSYEQYF,CASSLESYEQYF
1013,CASSYAGNEQFF,CASSLAGNEQFF
1014,CASSFSEDTQYF,CASSFSADTQYF
1015,CASSLSGASTDTQYF,CASSLSGATDTQYF
1016,CASSLAGGGADTQYF,CASSLAGGADTQYF
1017,CASSLGQPQHF,CASSLYGQPQHF
1018,CASSEAVAGPYEQYF,CASSEGVAGPYEQYF
1019,CASSRLAGGYNEQFF,CASSLLAGGYNEQFF
1020,CASSDSYEQYF,CASSDNYEQYF
1021,CASSLLAGGRNEQFF,CASSLLAGGYNEQFF
1022,CASSLLGGGYNEQFF,CASSLLAGGYNEQFF
1023,CASSPLAGGYNEQFF,CASSLLAGGYNEQFF
1024,CATSDLTGNTGELFF,CATSDLGGNTGELFF
1025,CASSVGGTEAFF,CASSVGGSTEAFF
1026,CATSFGTGGYEQYF,CATSTGTGGYEQYF
1027,CASSYAGQGAYEQYF,CASSYGQGAYEQYF
1028,CASSFGGHGYTF,CASSFGGDGYTF
1029,CASSWGNYEQYF,CASSWGSYEQYF
1030,CASSLTGPYEQYF,CASSLTGTYEQYF
1031,CASSGLAGYEQYF,CASSGGAGYEQYF
1032,CASSDSYEQYF,CASSISYEQYF
1033,CASSWESYEQYF,CASSWGSYEQYF
1034,CASSYGWGTGELFF,CASSYGDGTGELFF
1035,CASSQGYEQYF,CASSLGYEQYF
1036,CASSYSTGNYEQYF,CASSYSTGNEQYF
1037,CASSLSYEQFF,CASSLSYEQYF
1038,CASSDSYEQYF,CASSLSYEQYF
1039,CASSFGTGYEQYF,CASSFGTTYEQYF
1040,CASSLTGPTEAFF,CASSSLTGPTEAFF
1041,CASSLTGTSTDTQYF,CASSLTGASTDTQYF
1042,CASSQGYEQYF,CASSQDYEQYF
1043,CASSTTGASTDTQYF,CASSLTGASTDTQYF
1044,CASSATGASTDTQYF,CASSLTGASTDTQYF
1045,CASSLTGAITDTQYF,CASSLTGASTDTQYF
1046,CASSQDSYEQYF,CASSRDSYEQYF
1047,CASSLTGAETDTQYF,CASSLTGASTDTQYF
1048,CATSDRGYEQYF,CATSDRHYEQYF
1049,CASSLTGVSTDTQYF,CASSLTGASTDTQYF
1050,CASSLVGSNEQFF,CASSLGSNEQFF
1051,CASSPTGASTDTQYF,CASSLTGASTDTQYF
1052,CASSLTGAVTDTQYF,CASSLTGASTDTQYF
1053,CASSSTGAGTDTQYF,CASSRTGAGTDTQYF
1054,CASSLGGNTEAFF,CASSLSGNTEAFF
1055,CASSVDSYEQYF,CASSRDSYEQYF
1056,CASSFGNNEQFF,CASSFGINEQFF
1057,CASSFGTGYEQYF,CASSFGTGAYEQYF
1058,CASSLETGGTDTQYF,CASSLFTGGTDTQYF
1059,CAISGSYEQYF,CAISESYEQYF
1060,CASSPGTDSYEQYF,CASSPAGTDSYEQYF
1061,CAISEGYEQYF,CAISESYEQYF
1062,CASSPIDTNTEAFF,CASSPPDTNTEAFF
1063,CASSLLGASSYEQYF,CASSLLASSYEQYF
1064,CASSLGGTEAFF,CASSLGGYTEAFF
1065,CASSLLASASYEQYF,CASSLLASSYEQYF
1066,CASSSGYEQYF,CASSLGYEQYF
1067,CASSFGSYEQYF,CASSFGSEQYF
1068,CASSLAGSYEQYF,CASSLAGGYEQYF
1069,CASSYGGYGYTF,CASSYGGSYGYTF
1070,CASSIVSGTGELFF,CASSIVSGVTGELFF
1071,CASSNGYEQYF,CASSLGYEQYF
1072,CASSSSYEQYF,CASSRSSYEQYF
1073,CASSLMAGTDTQYF,CASSLIAGTDTQYF
1074,CASSQDPGAYEQYF,CASSQAPGAYEQYF
1075,CASSNDYEQYF,CASSFDYEQYF
1076,CASSFGNTEAFF,CASSPGNTEAFF
1077,CASSWGNTEAFF,CASSPGNTEAFF
1078,CASSLLAGGETQYF,CASSLLAGAGETQYF
1079,CASSSGGTEAFF,CASSSGTEAFF
1080,CASSSGGTEAFF,CASSSGGNTEAFF
1081,CASSFGGTEAFF,CASSSGGTEAFF
1082,CASSFGGTEAFF,CASSFGGAEAFF
1083,CASSYSSREQFF,CASSYSSGEQFF
1084,CASSLTGADTQYF,CASSLTGAADTQYF
1085,CASSLTGADTQYF,CASSLTGGADTQYF
1086,CASSLGGTEAFF,CASSSGGTEAFF
1087,CASSLAGVSTDTQYF,CASSLAGESTDTQYF
1088,CASSLTGGSADTQYF,CASSLTGGSDTQYF
1089,CASSLTGGSADTQYF,CASSLTGGADTQYF
1090,CASSWGNTEAFF,CASSWTGNTEAFF
1091,CASSLAGGGTDTQYF,CASSLSGGGTDTQYF
1092,CASSLSSIYEQYF,CASSLSAIYEQYF
1093,CASSFTGNEQYF,CASSFVGNEQYF
1094,CASSYSTGNYEQYF,CASSYSTGYEQYF
1095,CASSPRGPETQYF,CASSPRGPQETQYF
1096,CASSSGYEQYF,CASSSLYEQYF
1097,CASSLSLAGRETQYF,CASSLSLAGGETQYF
1098,CASSLVQGGGYTF,CASSLQGGGYTF
1099,CASSLLRGYEQYF,CASSLLDRGYEQYF
1100,CASSFGSYEQYF,CASSFGYEQYF
1101,CASSLAGSYEQYF,CASSLGGSYEQYF
1102,CASSFSYEQYF,CASSFGYEQYF
1103,CASSFGTGYEQYF,CASSFGTGEYEQYF
1104,CASSPGTDSYEQYF,CASSLGTDSYEQYF
1105,CASSFGTGYEQYF,CASSFGTGLYEQYF
1106,CASSFGYHEQYF,CASSFGYEQYF
1107,CASSLGDFYEQYF,CASSLGGFYEQYF
1108,CASSEAGTNTEAFF,CASSEARTNTEAFF
1109,CASSQGAYEQYF,CASSQGYEQYF
1110,CASSLEDYNEQFF,CASSLEPYNEQFF
1111,CASSSGYEQYF,CASSSGSYEQYF
1112,CASSFGGTSYEQYF,CASSFGGSSYEQYF
1113,CASSQRGYEQYF,CASSQGYEQYF
1114,CASSFGNTEAFF,CASSFPGNTEAFF
1115,CASSYGGGYEQYF,CASSYGGFGYEQYF
1116,CASSYSGSYYGYTF,CASSYSGTSYYGYTF
1117,CASSFSYEQYF,CASSFSHEQYF
1118,CASSLLSGANVLTF,CASSLVSGANVLTF
1119,CASSQGYEQYF,CASSPQGYEQYF
1120,CASSEAGTNTEAFF,CASSEAGNTEAFF
1121,CASSMTDTGELFF,CASSMTTGELFF
1122,CASSQGAYEQYF,CASSQGYEQYF
1123,CASSQRGYEQYF,CASSQGYEQYF
1124,CASSPGGYEQYF,CASSPQGYEQYF
1125,CASSLEGYTYEQYF,CASSLEGYSYEQYF
1126,CASSLTGTSTDTQYF,CASSLTGTSADTQYF
1127,CASSLTGGSADTQYF,CASSLTGTSADTQYF
1128,CASTSTGTGGDEQFF,CASSSTGTGGDEQFF
1129,CASSLQGANEQYF,CASSLQGAGEQYF
1130,CASSLVADYEQYF,CASSLEVADYEQYF
1131,CASSYGGGYEQYF,CASSYGDGYEQYF
1132,CSADGTSGSYEQYF,CSADGTSGSSEQYF
1133,CASSQDRGYEQYF,CASSQDHGYEQYF
1134,CASSQSSGGTDTQYF,CASSQDSGGTDTQYF
1135,CASSYSTGNYEQYF,CASSYSTGSYEQYF
1136,CASSQDPGAYEQYF,CASSQDGAYEQYF
1137,CASSLGQGAYEQYF,CASSQLGQGAYEQYF
1138,CASSPLAGGYNEQFF,CASSPAGGYNEQFF
1139,CASSLGATEAFF,CASSLGANEAFF
1140,CASSLGDGYTF,CASSLGGDGYTF
1141,CASSLNGDTQYF,CASSLGGDTQYF
1142,CASSFGRGGYEQYF,CASSFGGGYEQYF
1143,CATSDDYEQYF,CATSDTYEQYF
1144,CASSFGGGETQYF,CASSFGGGEQYF
1145,CASSPGGGAEAFF,CASSPGGAEAFF
1146,CASSLYNEQFF,CASSLYSNEQFF
1147,CASSLSGGTEAFF,CASSLGGTEAFF
1148,CSARDSSGVGETQYF,CSARDSGGVGETQYF
1149,CASSLSAYNEQFF,CASSLASAYNEQFF
1150,CASSLGFHEQYF,CASSLGGHEQYF
1151,CASSLGGSPYEQYF,CASSLGGSHYEQYF
1152,CASSLGGSPYEQYF,CASSLGGSSYEQYF
1153,CASSLGGSPYEQYF,CASSLGGSAYEQYF
1154,CASSLNQGAYEQYF,CASSLGQGAYEQYF
1155,CASSLLNTEAFF,CASSLRNTEAFF
1156,CASSQGNHQPQHF,CASSQGNQPQHF
1157,CASSFGSTYEQYF,CASSFGSSYEQYF
1158,CASSLAGSYNEQFF,CASSLATSYNEQFF
1159,CASSLEGYNEQFF,CASSLPGYNEQFF
1160,CASSVGAPYEQYF,CASSPGAPYEQYF
1161,CASSPSSYEQYF,CASSPSAYEQYF
1162,CASSLEIGDTQYF,CASSLIGDTQYF
1163,CASSLSAGGYEQYF,CASSLSASGYEQYF
1164,CASSDNYEQYF,CASSLNYEQYF
1165,CASSDSYEQYF,CASSDPYEQYF
1166,CSARDRDSAYEQYF,CSARDRTSAYEQYF
1167,CATSDLFTDTQYF,CATSDLATDTQYF
1168,CASSPTGANYGYTF,CASSPTGTANYGYTF
1169,CASSYSGGTEAFF,CASSYSGGNTEAFF
1170,CASSGGGSGNTIYF,CASSPGGSGNTIYF
1171,CASSMAGELFF,CASSGAGELFF
1172,CSARDRDSAYEQYF,CSARGRDSAYEQYF
1173,CASSLNGDTQYF,CASSLGDTQYF
1174,CASSLNSNQPQHF,CASSLYSNQPQHF
1175,CASSPPGFGYNEQFF,CASSPPGTGYNEQFF
1176,CASSLYNEQFF,CASSIYNEQFF
1177,CASSLWGPGNEQFF,CASSLLGPGNEQFF
1178,CASSLTSGPYNEQFF,CASSLSGPYNEQFF
1179,CASSLNYNEQFF,CASSLYNEQFF
1180,CASSLLAGGYNEQFF,CASSLLAGGRNEQFF
1181,CASSHTGEQYF,CASSHTGIEQYF
1182,CASSLSPGGYEQYF,CASSSPGGYEQYF
1183,CASSPGGGAEAFF,CASSPLGGAEAFF
1184,CASSDSYEQYF,CASSDTYEQYF
1185,CASSPSSYEQYF,CASSSSYEQYF
1186,CASSSPSGNEQFF,CASSPSGNEQFF
1187,CASSLNGDTQYF,CASSLTGDTQYF
1188,CASSLSAGGYEQYF,CASSLSAGFYEQYF
1189,CASSYRGFTEAFF,CASSYRGGTEAFF
1190,CASSYSGGTEAFF,CASSYRGGTEAFF
1191,CASSLGETYEQYF,CASSLGATYEQYF
1192,CASSLAGGLDEQFF,CASSLAGGQDEQFF
1193,CASSQGSTGELFF,CASSQDSTGELFF
1194,CASSTGQAVETQYF,CASSTGQGVETQYF
1195,CASSLVTGELFF,CASSLGVTGELFF
1196,CASSFTGNTEAFF,CASSTGNTEAFF
1197,CASSQTGGSTDTQYF,CASSQTGSTDTQYF
1198,CASSLNGDTQYF,CASSLGGDTQYF
1199,CASSSSYEQYF,CASSDSSYEQYF
1200,CASSLGNQPQHF,CASSLGNNQPQHF
1201,CASSLSAGRTDTQYF,CASSLSAGVTDTQYF
1202,CASSLGQTYEQYF,CASSLGQSYEQYF
1203,CASSSDGSSYNEQFF,CASSIDGSSYNEQFF
1204,CASSIDQSSYNEQFF,CASSIDGSSYNEQFF
1205,CASSMAGSSYNEQFF,CASMAGSSYNEQFF
1206,CASSGRDSYEQYF,CASSGLDSYEQYF
1207,CASSPPGETQYF,CASSPPEETQYF
1208,CASSISGSVNTEAFF,CASSISGSGNTEAFF
1209,CASSSPSGNEQFF,CASSSASGNEQFF
1210,CASSIAGGPGNEQFF,CASSIAGGVGNEQFF
1211,CASSIAGGPGNEQFF,CASSIAGGLGNEQFF
1212,CSARDPGGAYEQYF,CSARDPTGAYEQYF
1213,CSVERPNSYEQYF,CSVGRPNSYEQYF
1214,CASTRDSSSYNEQFF,CASSRDSSSYNEQFF
1215,CASSLTPGNTEAFF,CASSLIPGNTEAFF
1216,CASSRDASSYNEQFF,CASSRDSSSYNEQFF
1217,CSAREQGTNTGELFF,CSAREQTNTGELFF
1218,CSARGSSSYEQYF,CSARGTSSYEQYF
1219,CASSPSSYEQYF,CASSPSGSYEQYF
1220,CSAREQNTGELFF,CSAREQTNTGELFF
1221,CASSRGNNEQFF,CASSRVNNEQFF
1222,CASSISGSAYNEQFF,CASSISGSGYNEQFF
1223,CASSYSGSYNEQFF,CASSYSGSSYNEQFF
1224,CASSYSGSYNEQFF,CASSYSGSGYNEQFF
1225,CASSLGQTYEQYF,CASSLGGTYEQYF
1226,CASSLAGGETQYF,CASSLMGGETQYF
1227,CASSLQGNTEAFF,CASSLQGLNTEAFF
1228,CASSLTVGNTEAFF,CASSLTVNTEAFF
1229,CASSSTTDTQYF,CASSSTSDTQYF
1230,CASSDSYEQYF,CASSGDSYEQYF
1231,CASSDSYEQYF,CASSIDSYEQYF
1232,CSVMGGYEQYF,CSVEGGYEQYF
1233,CASSYSGSYNEQFF,CASSYSGSSYNEQFF
1234,CASSYSGSYNEQFF,CASSYSASYNEQFF
1235,CSVAESNYGYTF,CSVASNYGYTF
1236,CASSLGGAEQYF,CASSLGGYEQYF
1237,CASSLGSEKLFF,CASSLGEKLFF
1238,CSARDIANYGYTF,CSARDSANYGYTF
1239,CASSLGSNTEAFF,CASSLSNTEAFF
1240,CASSLGGGYTF,CASSLGGGGYTF
1241,CASSLGSDTQYF,CASSLGGDTQYF
1242,CASSLGGYEQYF,CASSLGSGYEQYF
1243,CASSQDLGTQYF,CASSQDYGTQYF
1244,CASSQDWGGNEQFF,CASSQDWGGYNEQFF
1245,CASSLGGGELFF,CASSLGFGELFF
1246,CASSHGTEAFF,CASSQGTEAFF
1247,CASSQGAEAFF,CASSQGTEAFF
1248,CASSLGGYEQYF,CASSLGGEQYF
1249,CASSEGDGYTF,CASSLGDGYTF
1250,CASSLGGEQFF,CASSLGAEQFF
1251,CASSLDNTEAFF,CASSLMNTEAFF
1252,CASSLGEGYTF,CASSLGDGYTF
1253,CASSPGGSEQYF,CASSPGSEQYF
1254,CASSQLGQPQHF,CASSQDGQPQHF
1255,CASSPLAGGTGELFF,CASSPLAGGSGELFF
1256,CASSLGAGAFF,CASSLAGAGAFF
1257,CASSYRTGGGGYTF,CASSYFTGGGGYTF
1258,CASSLGGELFF,CASSLGGVELFF
1259,CASSLGGEQYF,CASSLAGGEQYF
1260,CASSAGGEQYF,CASSLAGGEQYF
1261,CASSLGSDTQYF,CASSLGDTQYF
1262,CASSSGAANTGELFF,CASSSGANTGELFF
1263,CASSLGGDTQYF,CASSLGDTQYF
1264,CASSTGSYEQYF,CASSEGSYEQYF
1265,CASSLGGGELFF,CASSLGVGELFF
1266,CASSPPSYNEQFF,CASSPSSYNEQFF
1267,CASSGGSYEQYF,CASSEGSYEQYF
1268,CASSFLYNEQFF,CASSFYYNEQFF
1269,CASSLGGEQYF,CASSLGGLEQYF
1270,CASSLGGDTQYF,CASSLTGDTQYF
1271,CASSPTGNEQFF,CASSPSGNEQFF
1272,CASSPTGNEQFF,CASSPEGNEQFF
1273,CASSQTVGETQYF,CASSQGVGETQYF
1274,CASSQDWGYNEQFF,CASSQDTGYNEQFF
1275,CASSQDWGYNEQFF,CASSQDRGYNEQFF
1276,CASSLGSDTQYF,CASSLGGDTQYF
1277,CASSAGGSYEQYF,CASSAGGDYEQYF
1278,CASSPDWGGNEQFF,CASSPDWGGYNEQFF
1279,CASSVGGDYEQYF,CASSAGGDYEQYF
1280,CASSFLYNEQFF,CASSFLGNEQFF
1281,CASSRGDTEAFF,CASSRGNTEAFF
1282,CASSLGGEQYF,CASSLGGPEQYF
1283,CASSQPSGTEAFF,CASSQPSLGTEAFF
1284,CASSVSSGANVLTF,CASSVGSSGANVLTF
1285,CASSGGSYEQYF,CASSGGNSYEQYF
1286,CASSVGGASYEQYF,CASSVGGAYEQYF
1287,CASSLASGVGNEQFF,CASSLASGVGREQFF
1288,CASSVGSGRYEQYF,CASSVGSGHYEQYF
1289,CASSLRDSSYEQYF,CASSFRDSSYEQYF
1290,CASSVGGDYEQYF,CASSVGGAYEQYF
1291,CASSVGGDYEQYF,CASSVGGGYEQYF
1292,CASSVGGSYNEQFF,CASSGGGSYNEQFF
1293,CASSLGGSEQYF,CASSLGGPEQYF
1294,CASSVGGSYEQYF,CASSVGGAYEQYF
1295,CASSVGGSYEQYF,CASSVGGGYEQYF
1296,CASSTGSYEQYF,CASSTGTYEQYF
1297,CASSGGSYEQYF,CASSGGSEQYF
1298,CASSSGGVYEQYF,CASSYGGVYEQYF
1299,CASSPGTSGTYEQYF,CASSPGTSVTYEQYF
1300,CASSLGTGYEQYF,CASSSGTGYEQYF
1301,CASSLGGDEQFF,CASSLGGREQFF
1302,CASSFGSSYEQYF,CASSLGSSYEQYF
1303,CASSGAGLSYEQYF,CASSVGAGLSYEQYF
1304,CASSVGGDSSYEQYF,CASSVGGGSSYEQYF
1305,CASSEGGSTEAFF,CASSEGGGTEAFF
1306,CASSGGNEKLFF,CASSGQGNEKLFF
1307,CASSLGLAGGNEQFF,CASSLGLAGNNEQFF
1308,CASSSTGDQPQHF,CASSSGGDQPQHF
1309,CASSLGTGYEQYF,CASSEGTGYEQYF
1310,CASSLPQRETQYF,CASSLPDRETQYF
1311,CASSSAYEQYF,CASSSPYEQYF
1312,CASSLANTEAFF,CASSLVANTEAFF
1313,CASSLGGYEQYF,CASSLGSYEQYF
1314,CASSLRENYGYTF,CASSLVENYGYTF
1315,CASSLDWSSYNEQFF,CASSLDGSSYNEQFF
1316,CASSLDWSSYNEQFF,CASSLDRSSYNEQFF
1317,CASSISYEQYF,CASSLSYEQYF
1318,CASSYEQGYEQYF,CASSYPQGYEQYF
1319,CASSSAYEQYF,CASSPSAYEQYF
1320,CSVDTTNYNEQFF,CSVDTTYNEQFF
1321,CASSQGGTEAFF,CASSQGTEAFF
1322,CASSLGGYEQYF,CASSLGGEQYF
1323,CASSQGTGELFF,CASSQRGTGELFF
1324,CASSLQGNEQFF,CASSLGGNEQFF
1325,CASSWGSYEQYF,CASSLWGSYEQYF
1326,CASSLSTDTQYF,CASSSSTDTQYF
1327,CASSPGQPYEQYF,CASSPGQTYEQYF
1328,CASSYLAGGTDTQYF,CASSTLAGGTDTQYF
1329,CASSQGPYTGELFF,CASSQRPYTGELFF
1330,CASSWTGYSNQPQHF,CASSWTGGSNQPQHF
1331,CASNRGLGNEQFF,CASNRGLYNEQFF
1332,CASSLGSGYEQYF,CASSLGGYEQYF
1333,CASSGNQPQHF,CASSFNQPQHF
1334,CASSGNQPQHF,CASSPNQPQHF
1335,CASSLSGTYEQYF,CASSLLGTYEQYF
1336,CATSDSSYEQYF,CATSDSSFEQYF
1337,CASSLTGTYEQYF,CASSLLGTYEQYF
1338,CASSQGGTEAFF,CASSQGGGEAFF
1339,CASSYGQNTGELFF,CASSYGLNTGELFF
1340,CASSSAYEQYF,CASSSSYEQYF
1341,CASSFGNTEAFF,CASSFLNTEAFF
1342,CASSHSYEQYF,CASSSSYEQYF
1343,CASSPGGAEAFF,CASSPLGGAEAFF
1344,CASSRGQPQHF,CASSFGQPQHF
1345,CASSLFSYEQYF,CASSLTSYEQYF
1346,CASSFANTEAFF,CASSFLNTEAFF
1347,CASSFSYEQYF,CASSSSYEQYF
1348,CASSLTGGNTGELFF,CASSLTGGITGELFF
1349,CASSLSNTEAFF,CASSLENTEAFF
1350,CASRAADTQYF,CASRASDTQYF
1351,CASSLANTEAFF,CASSLENTEAFF
1352,CASSYGSPTEAFF,CASSYGSHTEAFF
1353,CASSLREVNEQYF,CASSLRVNEQYF
1354,CASSLDNTEAFF,CASSLENTEAFF
1355,CASSLGSDTQYF,CASSLGSTDTQYF
1356,CASSLGSSATDTQYF,CASSLGSSTDTQYF
1357,CASSFGGGTEAFF,CASSLFGGGTEAFF
1358,CASSLGGDEQYF,CASSLGGYEQYF
1359,CASSSAYEQYF,CASSSIYEQYF
1360,CASSLGGYGYTF,CASSLQGGYGYTF
1361,CASSLGPYTGELFF,CASSLGPSYTGELFF
1362,CASSSQGGNEQFF,CASSSGQGGNEQFF
1363,CASSLQGNEQFF,CASSLGGNEQFF
1364,CASSSAYEQYF,CASSLSAYEQYF
1365,CASSRGQPQHF,CASSPGQPQHF
1366,CASSQGGGEQFF,CASSQGGFEQFF
1367,CASSPTGGTGELFF,CASSPTGEGTGELFF
1368,CASSFGNTEAFF,CASSFGLNTEAFF
1369,CASSYLAGGTDTQYF,CASSWLAGGTDTQYF
1370,CASSLQGLGEQYF,CASSLQGAGEQYF
1371,CASSFGGGTEAFF,CASSFQGGTEAFF
1372,CSVEGGTNTGELFF,CSVESGTNTGELFF
1373,CASSLGQALYEQYF,CASSLGQAYYEQYF
1374,CASSLGGVPGTEAFF,CASSLGGVWGTEAFF
1375,CASSLGQAAYEQYF,CASSLGQAYYEQYF
1376,CASSPTGPSYEQYF,CASSPTGASYEQYF
1377,CASSLSPGELFF,CASSLVPGELFF
1378,CSAGTGDYEQYF,CSAGTGTYEQYF
1379,CASSQGYEQYF,CASSQDYEQYF
1380,CASSLSGPNTEAFF,CASSLSGNTEAFF
1381,CASSLAGYNEQFF,CASSLPGYNEQFF
1382,CASSSGHTYEQYF,CASSSGQTYEQYF
1383,CASSLSYEQYF,CASSRSYEQYF
1384,CASSLAGTETQYF,CASSLAGTEQYF
1385,CASSFSYEQYF,CASSRSYEQYF
1386,CASSLAGYTEAFF,CASSLAGATEAFF
1387,CASSLAGYTEAFF,CASSLAGTEAFF
1388,CASSLAGYNEQFF,CASSLAGLNEQFF
1389,CASSLAGYNEQFF,CASSLAGANEQFF
1390,CASSLAGYNEQFF,CASSLAGNEQFF
1391,CASSPGTTYEQYF,CASSPGPTYEQYF
1392,CASSYSYEQYF,CASSRSYEQYF
1393,CASSLSPGNEQFF,CASSLSPRNEQFF
1394,CASSSGPTYEQYF,CASSSGQTYEQYF
1395,CASSLDRGAYNEQFF,CASSDRGAYNEQFF
1396,CASSLGFGELFF,CASSLGVGELFF
1397,CASSMAANTEAFF,CASSMAVNTEAFF
1398,CASSRGLDTEAFF,CASSRGLNTEAFF
1399,CASSLAGYTEAFF,CASSLAGTEAFF
1400,CASSPGTTYEQYF,CASSPGQTYEQYF
1401,CASSPGTTYEQYF,CASSPGTGTYEQYF
1402,CASSLAGQGYEQYF,CASSLAGQGVYEQYF
1403,CASSSGGQPQHF,CASSLSGGQPQHF
1404,CASSLDNEQFF,CASSLYNEQFF
1405,CASSLDSGSYNEQFF,CASSLSSGSYNEQFF
1406,CASSLAGYTEAFF,CASSLTGYTEAFF
1407,CASSLAGYPYNEQFF,CASSLAGGPYNEQFF
1408,CASSLDNEQFF,CASSLDGNEQFF
1409,CASSWDLNTEAFF,CASSQWDLNTEAFF
1410,CASSLAGYNEQFF,CASSLAGTNEQFF
1411,CASSSPYEQYF,CASSSSYEQYF
1412,CASSPGTDTQYF,CASSPGDTQYF
1413,CASSQGNYEQYF,CASSEQGNYEQYF
1414,CASSILAVSNTEAFF,CASSILAGSNTEAFF
1415,CASSLSPGNEQFF,CASSLSRGNEQFF
1416,CASSPNGHEQYF,CASSPQGHEQYF
1417,CASLGGSYEQYF,CASRGGSYEQYF
1418,CASGLNSNQPQHF,CASSLNSNQPQHF
1419,CASSLGDRYGYTF,CASSLDRYGYTF
1420,CASSTGTGLYEQYF,CASSTGTGIYEQYF
1421,CASSLGITGNTEAFF,CASSLGTGNTEAFF
1422,CASSWGPPNYGYTF,CASSWGPINYGYTF
1423,CASSYSTGNEQYF,CASSYSTGYEQYF
1424,CASSLDSLSYNEQFF,CASSLDSSYNEQFF
1425,CASSLDTSSYNEQFF,CASSLDSSYNEQFF
1426,CASSLDSGSYNEQFF,CASSLDSSYNEQFF
1427,CASSVLDGNTGELFF,CASSLDGNTGELFF
1428,CASSRDSSSYNEQFF,CASSRDSPSYNEQFF
1429,CASSLGETQYF,CASSPGETQYF
1430,CASSLLTGEQYF,CASSLGTGEQYF
1431,CASSLDNEQFF,CASSLHDNEQFF
1432,CASSTGTGLYEQYF,CASSFGTGLYEQYF
1433,CASSSPYEQYF,CASSSIYEQYF
1434,CASSPGTDTQYF,CASSFGTDTQYF
1435,CASSIGVSYEQYF,CASSIGAVSYEQYF
1436,CASSLLAGETDTQYF,CASSLLAGYTDTQYF
1437,CASSLDSNEQFF,CASSLLSNEQFF
1438,CASSQGDSYEQYF,CASSQGQSYEQYF
1439,CASSLGGPYEQYF,CASSLGGPSYEQYF
1440,CASSPGTGSPYEQYF,CASSPGTGSFYEQYF
1441,CASSLAGYNEQFF,CASSLAGGNEQFF
1442,CASSLGYEQYF,CASSQGYEQYF
1443,CASSLGDRYGYTF,CASSLGDHYGYTF
1444,CASSLLDSNQPQHF,CASSLTDSNQPQHF
1445,CASSLAGYNEQFF,CASSLAGSYNEQFF
1446,CASSLSPGNEQFF,CASSLSIGNEQFF
1447,CASSQVGGTGELFF,CASSQVGSGTGELFF
1448,CASSLGDFYGYTF,CASSLGDHYGYTF
1449,CASSPTVSSYNEQFF,CASSPTGSSYNEQFF
1450,CASSQGYEQYF,CASSPQGYEQYF
1451,CASSLGTVNTEAFF,CASSLTVNTEAFF
1452,CASSSDRGGYNEQFF,CASSSRGGYNEQFF
1453,CASSSGPTYEQYF,CASSSPPTYEQYF
1454,CASSYSSSSYNEQFF,CASSYSGSSYNEQFF
1455,CASSGLADSYEQYF,CASSLADSYEQYF
1456,CASSLLGPSYEQYF,CASSLLGSYEQYF
1457,CASSQVGGTGELFF,CASSQVVGTGELFF
1458,CSVEQGPYEQYF,CSVEQGYEQYF
1459,CASSLGSGELFF,CASSLGGGELFF
1460,CASSVEGSAYNEQFF,CASSVEGSSYNEQFF
1461,CASSYSSSSYNEQFF,CASSYSGSSYNEQFF
1462,CASSQEAGVGNTIYF,CASSQEAGTGNTIYF
1463,CASSQVHSYEQYF,CASSQVPSYEQYF
1464,CASSRGTEAFF,CASSRGSEAFF
1465,CASSLIGDTQYF,CASSLAGDTQYF
1466,CASSLIETQYF,CASSFIETQYF
1467,CASSLGGEQYF,CASSLGGYEQYF
1468,CASSLDNEQFF,CASSSDNEQFF
1469,CASSLDNEQFF,CASSLANEQFF
1470,CASQDYNEQFF,CASRDYNEQFF
1471,CASRLYNEQFF,CASRDYNEQFF
1472,CASRLYNEQFF,CASSLYNEQFF
1473,CASSLMGTEAFF,CASSLWGTEAFF
1474,CASSISGQPQHF,CASSIIGQPQHF
1475,CASSLGSNEQFF,CASSLGENEQFF
1476,CASSLGQGNNEQFF,CASSLGQGINEQFF
1477,CASSLAGGGTGELFF,CASSLARGGTGELFF
1478,CASSLSGNTEAFF,CASSLSKNTEAFF
1479,CASSLGNQPQHF,CASSLAGNQPQHF
1480,CASSLGQSYEQYF,CASSLGQTYEQYF
1481,CASSLDNEQFF,CASSLDSNEQFF
1482,CASSLGTEAFF,CASSPLGTEAFF
1483,CASSLGTEAFF,CASSPLGTEAFF
1484,CASSEGRVNEQFF,CASSEGLVNEQFF
1485,CASSLGQSYEQYF,CASSGQSYEQYF
1486,CSARDLPGNSYEQYF,CSARDLPGESYEQYF
1487,CASSLGQSYEQYF,CASSLGSSYEQYF
1488,CASSAAGSYEQYF,CASYSAAGSYEQYF
1489,CASSSGNTEAFF,CASSSGMNTEAFF
1490,CASSLPDYEQYF,CASSLADYEQYF
1491,CASSLDNEQFF,CASSLGNEQFF
1492,CSADRGGNYGYTF,CSARGGNYGYTF
1493,CASRSYAGELFF,CASRSMAGELFF
1494,CASSQDYEQYF,CASSQGYEQYF
1495,CASSFGTEAFF,CASSPGTEAFF
1496,CASSLDNEQFF,CASSLDGNEQFF
1497,CASSPMNTEAFF,CASSPHMNTEAFF
1498,CASSPSAYEQYF,CASSPTAYEQYF
1499,CASSPSAYEQYF,CASSLSAYEQYF
1500,CASSLGTEAFF,CASSPGTEAFF
1501,CASSLGTEAFF,CASSPGTEAFF
1502,CSARPLAGLYNEQFF,CSARPLAGGYNEQFF
1503,CSVDLTGETQYF,CSVDLPGETQYF
1504,CASSVGGGTGELFF,CASSVGGKTGELFF
1505,CASSPTSGRTYEQYF,CASSPTSGTTYEQYF
1506,CSVEHRYNEQFF,CSVEHSYNEQFF
1507,CASSLVGDEQYF,CASSLVPGDEQYF
1508,CASSLAGAEAFF,CASSLAGTEAFF
1509,CASSLTGGGEQFF,CASSLVGGGEQFF
1510,CASSLAGSEAFF,CASSLAGTEAFF
1511,CASSPGPTYEQYF,CASSPGQTYEQYF
1512,CASSLAGTGMYF,CASSLAGTGMLF
1513,CATSDLISNQPQHF,CATSDLGSNQPQHF
1514,CASSISGASYEQYF,CASSISTASYEQYF
1515,CASSQEAAGSYEQYF,CASSQEASGSYEQYF
1516,CASSLAGGGEQFF,CASSLVGGGEQFF
1517,CASSLAGIEAFF,CASSLAGTEAFF
1518,CASSLAGLEAFF,CASSLAGTEAFF
1519,CASSLAGATEAFF,CASSLAGTEAFF
1520,CASSLAGVEAFF,CASSLAGTEAFF
1521,CASSSGQTYEQYF,CASSSGQGYEQYF
1522,CASSLSGGPYNEQFF,CASSLIGGPYNEQFF
1523,CASSLAGLEQYF,CASSLGGLEQYF
1524,CASSLAGGPYNEQFF,CASSLIGGPYNEQFF
1525,CASSLSGNYNEQFF,CASSLSGPYNEQFF
1526,CASSLAGLNEQFF,CASSLAGTNEQFF
1527,CASSLAGANEQFF,CASSLAGTNEQFF
1528,CASSLGSNQPQHF,CASSLGGNQPQHF
1529,CASSDPYEQYF,CASSDTYEQYF
1530,CASSSITGTAYEQYF,CASSLITGTAYEQYF
1531,CASSRQSSYNEQFF,CASSVQSSYNEQFF
1532,CASSLGGAYEQYF,CASSLGGAPYEQYF
1533,CASSLAGISYEQYF,CASSLVAGISYEQYF
1534,CASSLAGISYEQYF,CASSLMAGISYEQYF
1535,CASSLSRSNEQFF,CASSLSRGNEQFF
1536,CASSLAGNEQFF,CASSLAGTNEQFF
1537,CASSSGQTYEQYF,CASSLGQTYEQYF
1538,CASSQAAGHYEQYF,CASSQTAGHYEQYF
1539,CASSLGSNQPQHF,CASSLNSNQPQHF
1540,CASSYPGRFYEQYF,CASSYPGGFYEQYF
1541,CASSFVGAEQYF,CASSFVGSEQYF
1542,CASSFVGAEQYF,CASSFGGAEQYF
1543,CASSLGGNEQFF,CASSLGYGNEQFF
1544,CASSLAGTGELFF,CASSLANTGELFF
1545,CASSLGGAYEQYF,CASSLEGGAYEQYF
1546,CASSFGTGAYEQYF,CASSFGTGLYEQYF
1547,CASSLGKGEQFF,CASSLGVGEQFF
1548,CASSLAGSYEQYF,CASSLGSYEQYF
1549,CASSFGNTEAFF,CASSRGNTEAFF
1550,CASSLAGLNEQFF,CASSLAGGNEQFF
1551,CASSLAGANEQFF,CASSLAGGNEQFF
1552,CASSLAQGGTEAFF,CASSLWQGGTEAFF
1553,CASSLAGGWNEQFF,CASSLAGGNEQFF
1554,CASSFVGAEQYF,CASSFVGGEQYF
1555,CASSLGGAYEQYF,CASSLGGSYEQYF
1556,CASSLGGAYEQYF,CASSLGGFYEQYF
1557,CASSLAGGGEQFF,CASSLAGGNEQFF
1558,CASSLAGSEQFF,CASSLAGSKEQFF
1559,CASSLAGNEQFF,CASSLAGGNEQFF
1560,CASSLAGSYEQYF,CASSLGGSYEQYF
1561,CASSLSPRNEQFF,CASSLSPGNEQFF
1562,CASSLSPRNEQFF,CASSLSPRAEQFF
1563,CSVGDGNTGELFF,CSVDGNTGELFF
1564,CASSLAGTGELFF,CASSLAYGTGELFF
1565,CASSLRDGSNQPQHF,CASSLRQGSNQPQHF
1566,CASSISGASYEQYF,CASSIAGASYEQYF
1567,CASSLAGQINEKLFF,CASSLAGQGNEKLFF
1568,CASSLEGLSYEQYF,CASSLNGLSYEQYF
1569,CASSLEGLSYEQYF,CASSLVGLSYEQYF
1570,CASSLEGLSYEQYF,CASSLEGYSYEQYF
1571,CASSISSGYNEQFF,CASSISGSGYNEQFF
1572,CASSLTGGYEQYF,CASSLTGGGYEQYF
1573,CASSLTGGYEQYF,CASSLTGVYEQYF
1574,CASSLAGAYEQYF,CASSLLAGAYEQYF
1575,CASSSGQTYEQYF,CASSSGQTHEQYF
1576,CASSLAGAEAFF,CASSLAPGAEAFF
1577,CASSLAGTDYGYTF,CASSLALTDYGYTF
1578,CASSLVAGGTDTQYF,CASSLVAGNTDTQYF
1579,CASSLVAGGTDTQYF,CASSLVAGDTDTQYF
1580,CASSLAGSTYEQYF,CASSLASTYEQYF
1581,CASSLAQGGTEAFF,CASSLEQGGTEAFF
1582,CASSLGSNQPQHF,CASSLYSNQPQHF
1583,CASSYPGRFYEQYF,CASSYPGRYEQYF
1584,CASSLAGGYEQYF,CASSLAGGSYEQYF
1585,CASSLAGGYEQYF,CASSLATGYEQYF
1586,CASSLAGTYEQYF,CASSLASTYEQYF
1587,CASTLSYEQYF,CASTLQSYEQYF
1588,CASSLAGSYEQYF,CASSLAGGSYEQYF
1589,CASSFSENTGELFF,CASSFSETGELFF
1590,CASSLWASYEQYF,CASSLWADYEQYF
1591,CASSISMNTEAFF,CASSISFNTEAFF
1592,CASSLGGEQFF,CASSLGHEQFF
1593,CASSLSNYEQYF,CASSLSNEQYF
1594,CASSLSANEQYF,CASSLSNEQYF
1595,CASSFGDEQFF,CASSFGSEQFF
1596,CAISESYEQYF,CAISESSYEQYF
1597,CATGSGANVLTF,CATFSGANVLTF
1598,CASSFLNEQFF,CASSFYNEQFF
1599,CASSLGDTQYF,CASSLTGDTQYF
1600,CASSLLKNTEAFF,CASSLSKNTEAFF
1601,CASSISMNTEAFF,CASSIGMNTEAFF
1602,CASSITLYNEQFF,CASSITAYNEQFF
1603,CASSLPMNTEAFF,CASSLMNTEAFF
1604,CSAGTENTGELFF,CSAGGENTGELFF
1605,CASSIGTNTEAFF,CASSIGMNTEAFF
1606,CASSQDSRTSYEQYF,CASSQDSMTSYEQYF
1607,CASSYSGGANYGYTF,CASSYSGGVNYGYTF
1608,CASSIGTGSTEAFF,CASSIGGSTEAFF
1609,CASSLGDTQYF,CASSLGGDTQYF
1610,CASSYTSTDTQYF,CASSYSTDTQYF
1611,CASSLPDGYEQYF,CASSLPDYYEQYF
1612,CASSLEDTGELFF,CASSLDTGELFF
1613,CASSLSSYNEQFF,CASSLDSSYNEQFF
1614,CASSLVDTGELFF,CASSLDTGELFF
1615,CASFSSSYEQYF,CASSFSSSYEQYF
1616,CASSLVHTDTQYF,CASSLSHTDTQYF
1617,CASSLQGLGSPLHF,CASSLQGALGSPLHF
1618,CASSPLAASYNEQFF,CASSPLASYNEQFF
1619,CASSLAGGTEAFF,CASSLEGGTEAFF
1620,CASSIVGSYNEQFF,CASSNVGSYNEQFF
1621,CASSKVGSYNEQFF,CASSNVGSYNEQFF
1622,CASSKVGSYNEQFF,CASSIVGSYNEQFF
1623,CASSFGTGELFF,CASSFGTGEQFF
1624,CASSLGGEQFF,CASSLGNEQFF
1625,CASSLGGEQFF,CASSLGGHQFF
1626,CASSFLNEQFF,CASSFGNEQFF
1627,CASSLLGGETQYF,CASSLSGGETQYF
1628,CASSFATLNEQFF,CASSFASLNEQFF
1629,CASSLMGGETQYF,CASSLSGGETQYF
1630,CASSLSVSTEAFF,CASSLSVGTEAFF
1631,CASSYGRETQYF,CASSYGGETQYF
1632,CASSKVGSYNEQFF,CASSKDGSYNEQFF
1633,CASSPSAYEQYF,CASSPAYEQYF
1634,CASSPSSYNEQFF,CASSLSSYNEQFF
1635,CASSSGRETQYF,CASSSGVETQYF
1636,CASSTLAGGTDTQYF,CASSWLAGGTDTQYF
1637,CASSPGSSYEQYF,CASSLGSSYEQYF
1638,CASSYERGYEQYF,CASSYSRGYEQYF
1639,CSVGGTGAYEQYF,CSVGGTGVYEQYF
1640,CASSLAGGPDTQYF,CASSLAGGADTQYF
1641,CASSFIETQYF,CASSFLETQYF
1642,CSVETGGGYTF,CSVETGDGYTF
1643,CASSISMNTEAFF,CASSIGMNTEAFF
1644,CASSYGPNNEQFF,CASSYGPSNEQFF
1645,CASSSGTSGYEQYF,CASSYSGTSGYEQYF
1646,CASSIGTNTEAFF,CASSIGMNTEAFF
1647,CASSLGDSLNTEAFF,CASSLGDSNTEAFF
1648,CASSQESSGSYEQYF,CASSQESSGDYEQYF
1649,CAISESYEQYF,CAISESDEQYF
1650,CASSGDRSSGNTIYF,CASSQDRSSGNTIYF
1651,CASSFSPGEQFF,CASSFSPGELFF
1652,CASSYGGGGQETQYF,CASSYGGGQETQYF
1653,CASSYSPGEQYF,CASSYSPFEQYF
1654,CASSYSPPYEQYF,CASSYSAPYEQYF
1655,CASSYSPPYEQYF,CASSYSSPYEQYF
1656,CASSFNQPQHF,CASSFGQPQHF
1657,CASSWTGTEAFF,CASSWTGGTEAFF
1658,CASSLYNEQFF,CASSYYNEQFF
1659,CASSLYNEQFF,CASSFYNEQFF
1660,CASSLSGPYNEQFF,CASSLGPYNEQFF
1661,CASTLGGNQPQHF,CASTLGGSQPQHF
1662,CASSPASGEQYF,CASSPASYEQYF
1663,CSVAGSYEQYF,CSVLAGSYEQYF
1664,CASSLGAGNQPQHF,CASSLGALGNQPQHF
1665,CAISESGGQETQYF,CAISESGGKETQYF
1666,CASSPDNEQFF,CASSFDNEQFF
1667,CASSLGPPGELFF,CASSLPPGELFF
1668,CASSLSGPYNEQFF,CASSLSGPNNEQFF
1669,CASSAGEGGYGYTF,CASSAGEGYGYTF
1670,CASSLGDTQYF,CASSLWDTQYF
1671,CASSLSGPYNEQFF,CASSLSDPYNEQFF
1672,CASSLSGPYNEQFF,CASSLSGPPYNEQFF
1673,CASSLTDTQYF,CASSLWDTQYF
1674,CASSLAGGYEQYF,CASSLGGYEQYF
1675,CASSLWGGEQYF,CASSLQGGEQYF
1676,CASSLLGGELFF,CASSLQGGELFF
1677,CASSLSLQSNYEQYF,CASSLSLDSNYEQYF
1678,CASSSATEAFF,CASSSAPEAFF
1679,CASSFGSEQYF,CASSFGYEQYF
1680,CASSPESTYEQYF,CASSPGSTYEQYF
1681,CSARDMTGSYEQYF,CSARDPTGSYEQYF
1682,CASSAGGSYEQYF,CASSLAGGSYEQYF
1683,CASSLGHEQFF,CASSLGNEQFF
1684,CASSLANEQFF,CASSLGNEQFF
1685,CASSLGYEQYF,CASSDLGYEQYF
1686,CASSLLGGELFF,CASSLGGELFF
1687,CASSHGSYEQYF,CASSSGSYEQYF
1688,CASSGVGTQYF,CASSGVGGTQYF
1689,CASSLGGLEQYF,CASSWGGLEQYF
1690,CASSPPNTGELFF,CASSPPVTGELFF
1691,CASSPNQPQHF,CASSPGQPQHF
1692,CASSFGLEQFF,CASSFSLEQFF
1693,CASSLVLYEQYF,CASSLKLYEQYF
1694,CASSLFGSQETQYF,CASSFGSQETQYF
1695,CSVAGDYGYTF,CSVVGDYGYTF
1696,CSVAGDYGYTF,CSVIGDYGYTF
1697,CASSLGTGELFF,CASSLGLTGELFF
1698,CASSLSGTGVTEAFF,CASSLSGTGNTEAFF
1699,CASSLGWNTEAFF,CASSLGVNTEAFF
1700,CASSLVLYEQYF,CASSLVSYEQYF
1701,CASSQPGDGYEQYF,CASSQPGQGYEQYF
1702,CASSLVIYEQYF,CASSLVSYEQYF
1703,CASSETNEQFF,CASSETGEQFF
1704,CASSEGGEQYF,CASSEMGEQYF
1705,CASSEGGEQYF,CASSEVGEQYF
1706,CASSEGGEQYF,CASSEAGEQYF
1707,CASSLLGTYEQYF,CASSLLGSYEQYF
1708,CASSLANEQFF,CASSLAGNEQFF
1709,CASSSNTGELFF,CASTSNTGELFF
1710,CASSVDASYEQYF,CASSVDTSYEQYF
1711,CASSEGQGYEQYF,CASSEGQGAYEQYF
1712,CASSEGQGYEQYF,CASSEGQGWYEQYF
1713,CASSGDSAYEQYF,CASSGDSYEQYF
1714,CASSLGYEQYF,CASSLGNEQYF
1715,CASSLVPGFDEQYF,CASSLVPGDEQYF
1716,CASSLGSNQPQHF,CASSLNSNQPQHF
1717,CASSLTGDTQYF,CASSLGGDTQYF
1718,CASSPGGNTEAFF,CASSNGGNTEAFF
1719,CASSPGGNTEAFF,CASSVGGNTEAFF
1720,CASSPGGNTEAFF,CASSSGGNTEAFF
1721,CASSRDSNTEAFF,CASRRDSNTEAFF
1722,CASSLESYEQYF,CASSLGESYEQYF
1723,CASSLRSPSTDTQYF,CASSLRGPSTDTQYF
1724,CASSSSYEQYF,CASSSIYEQYF
1725,CASSLGGSYNEQFF,CASSLGPSYNEQFF
1726,CASSYSGDSYEQYF,CASSYSGDSSYEQYF
1727,CASRGGSYEQYF,CASRRGSYEQYF
1728,CASSLDGNEQFF,CASSLQGNEQFF
1729,CASSLGETQYF,CASSLSETQYF
1730,CASSSLNQPQHF,CASSSLPNQPQHF
1731,CASSLYSTDTQYF,CASSIYSTDTQYF
1732,CASSLYSTDTQYF,CASSLYNTDTQYF
1733,CSAPGPSSYEQYF,CSASGPSSYEQYF
1734,CASSYPGLGYEQYF,CASSNYPGLGYEQYF
1735,CASSLDGNEQFF,CASSLVGNEQFF
1736,CASSLAGTNEQFF,CASSLAGGNEQFF
1737,CASSQSQSYEQYF,CASSQGQSYEQYF
1738,CASSPGDTQYF,CASSPGTDTQYF
1739,CASSLSRGNEQFF,CASSLSPGNEQFF
1740,CASSLSRGNEQFF,CASSLSIGNEQFF
1741,CASSLGGSYNEQFF,CASSLGGSSYNEQFF
1742,CASSFGQPQHF,CASSPGQPQHF
1743,CASSYGTEAFF,CASSYEGTEAFF
1744,CASSLLTDTQYF,CASSLDLTDTQYF
1745,CASSPGNTEAFF,CASSFPGNTEAFF
1746,CASSFYNEQFF,CASSFGNEQFF
1747,CASSDLGNEQFF,CASSDAGNEQFF
1748,CSVLAGSYEQYF,CSVLAGGSYEQYF
1749,CASSFLNTEAFF,CASSFGLNTEAFF
1750,CASSLYTDTQYF,CASSLYADTQYF
1751,CASSFGQPQHF,CASSFWGQPQHF
1752,CASSLGALNTEAFF,CASSLALNTEAFF
1753,CSVAGLAGGYEQYF,CSVGGLAGGYEQYF
1754,CASSLVSSYEQYF,CASSLGSSYEQYF
1755,CASSSATGELFF,CASSSVTGELFF
1756,CASSSSDEQYF,CASSSTSDEQYF
1757,CSVLGSSYEQYF,CSVLGISSYEQYF
1758,CSVGGGSTDTQYF,CSVGGPSTDTQYF
1759,CASSLGSNQPQHF,CASSLYSNQPQHF
1760,CASSLGGYNEQFF,CASSLGGLNEQFF
1761,CASSLGGYNEQFF,CASSLTGGYNEQFF
1762,CASSYSAPYEQYF,CASSYSAPGYEQYF
1763,CASSVVGGNTEAFF,CASSVVGKNTEAFF
1764,CASSSATGELFF,CASSSGTGELFF
1765,CASSWTGNTEAFF,CASSWTANTEAFF
1766,CASSDSSYEQYF,CASSEDSSYEQYF
1767,CASSDSSYEQYF,CASSADSSYEQYF
1768,CASSPLGTEAFF,CASSPGGTEAFF
1769,CASSLSSPANYGYTF,CASSLSSPNYGYTF
1770,CASSLNSNQPQHF,CASSLNNNQPQHF
1771,CASSPGEGTEAFF,CASSHGEGTEAFF
1772,CASSLSATDTQYF,CASSLSHTDTQYF
1773,CASSRDRDSSYEQYF,CASSQDRDSSYEQYF
1774,CSARDTGAYEQYF,CSARDPTGAYEQYF
1775,CASSFVGSEQYF,CASSFVGGEQYF
1776,CASSSGTEAFF,CASSRGTEAFF
1777,CASSFGGAEAFF,CASSFMGGAEAFF
1778,CASSLGNNQPQHF,CASSLANNQPQHF
1779,CSAPGGNYGYTF,CSARGGNYGYTF
1780,CASSQDRGYNEQFF,CASSQDRGLYNEQFF
1781,CASSQDRGYNEQFF,CASSQDRGTYNEQFF
1782,CASSQDRGYNEQFF,CASSQDRGYYNEQFF
1783,CASSLAGGPSYEQYF,CASSLAGGSYEQYF
1784,CASSYSGLALYEQYF,CASSSGLALYEQYF
1785,CASSLGLTGELFF,CASSLGRTGELFF
1786,CASSPLGTEAFF,CASSPGTEAFF
1787,CASSELGTDTQYF,CASSELGHTDTQYF
1788,CASSLDSNEQFF,CASSLDGNEQFF
1789,CASSSPGQGGYGYTF,CASSPGQGGYGYTF
1790,CASSYSSGRAYEQYF,CASSYSSGSAYEQYF
1791,CASSYGGSSYNEQFF,CASSYSGSSYNEQFF
1792,CASSYSAQSSYEQYF,CASSYSAGSSYEQYF
1793,CASSLGQGVNTEAFF,CASSLQGVNTEAFF
1794,CASSPGTASTDTQYF,CASSPGTSTDTQYF
1795,CASSRVSYEQYF,CASSLVSYEQYF
1796,CASSYGDPNYGYTF,CASSYGDNYGYTF
1797,CASSYGGSSYNEQFF,CASSYSGSSYNEQFF
1798,CASSLGLDSNTEAFF,CASSLGDSNTEAFF
1799,CASSLNSNQPQHF,CASSLYSNQPQHF
1800,CASSYGTGGTEAFF,CASSYSGTGGTEAFF
1801,CASSYGTGGTEAFF,CASSYGTGYTEAFF
1802,CASSSSVNTEAFF,CASSSSWNTEAFF
1803,CASSPGQGLQPQHF,CASSPGQGIQPQHF
1804,CASSLGYGNEQFF,CASSLGGNEQFF
1805,CASSLSHISTDTQYF,CASSLSHPSTDTQYF
1806,CASSSDTGELFF,CASSSYTGELFF
1807,CASSLSHAVDGYTF,CASSLSSAVDGYTF
1808,CASSLSDSLYEQYF,CASSLSRDSLYEQYF
1809,CASSLGDSSYEQYF,CASSLGDLSSYEQYF
1810,CASSLGDSSYEQYF,CASSLGSSYEQYF
1811,CASSLGDSSYEQYF,CASSLSGDSSYEQYF
1812,CASSLGSSTDTQYF,CASSLGVSTDTQYF
1813,CASSLIHPSTDTQYF,CASSLSHPSTDTQYF
1814,CASSLSHGSTDTQYF,CASSLSHPSTDTQYF
1815,CASSLSGDEQYF,CASSLQGDEQYF
1816,CASSLGGYEQYF,CASSLGGTYEQYF
1817,CASSLGGYEQYF,CASSLGGSYEQYF
1818,CASSLSSGTDTQYF,CASSLSIGTDTQYF
1819,CASSLSQGAETQYF,CASSLSQGATQYF
1820,CASSLSPDTQYF,CASSLGPDTQYF
1821,CASSPGGTEAFF,CASSPGTEAFF
1822,CASSLDSSYNEQFF,CASSLSSYNEQFF
1823,CASSYEGNTEAFF,CASSYEGTEAFF
1824,CASSLSSGTDTQYF,CASSLSSVTDTQYF
1825,CASSLSTGSEAFF,CASSLSIGSEAFF
1826,CASSLQGPYEQYF,CASSLQGNYEQYF
1827,CASSLQGAPYNEQFF,CASSLQGAYNEQFF
1828,CASSPTDKTGELFF,CASSPTDYTGELFF
1829,CASSYSTGYEQYF,CASSYSRGYEQYF
1830,CASSLEDSYEQYF,CASSLDSYEQYF
1831,CASSLEDSYEQYF,CASSLESYEQYF
1832,CASSSSAPQETQYF,CASSSLAPQETQYF
1833,CASSLTQGLNTEAFF,CASSLQGLNTEAFF
1834,CSVEGGSYEQYF,CSVEGLSYEQYF
1835,CSVEGGSYEQYF,CSVEGGNYEQYF
1836,CASSSGAPQETQYF,CASSSLAPQETQYF
1837,CASSYSTGYEQYF,CASSYSTGSYEQYF
1838,CASSYSTGYEQYF,CASSYSSGYEQYF
1839,CASSVTGGTDTQYF,CASSVSGGTDTQYF
1840,CASSPGTGNEKLFF,CASSPPGTGNEKLFF
1841,CASSLSGGSYEQYF,CASSLSGGPYEQYF
1842,CASSLSGDEQYF,CASSLYSGDEQYF
1843,CSVEGGSYEQYF,CSVEGGSSYEQYF
1844,CSVEGGSYEQYF,CSVEGGYEQYF
1845,CSVEGGSYEQYF,CSVEGGTYEQYF
1846,CSVEDGTGQYF,CSVEDGTRGQYF
1847,CASSLGSYEQYF,CASSLGGSYEQYF
1848,CASSLQGGYGYTF,CASSLGQGGYGYTF
1849,CASSLQGNEQFF,CASSLVGNEQFF
1850,CASSLSIGTDTQYF,CASSLSIGDTQYF
1851,CASSPLGNEQFF,CASSRLGNEQFF
1852,CASSPEGGNEQFF,CASSPGGGNEQFF
1853,CASSLQGGELFF,CASSLGGELFF
1854,CSARLAGVEQYF,CSAPLAGVEQYF
1855,CASSPPEETQYF,CASSPPEHETQYF
1856,CASSLEGGTEAFF,CASSLEIGTEAFF
1857,CASSFGTDTQYF,CASSPGTDTQYF
1858,CASSLGGSYEQYF,CASSFGGSYEQYF
1859,CASSYGAFTGELFF,CASSYGAYTGELFF
1860,CASSLASSNEQFF,CASSLATSNEQFF
1861,CASSLHRDHYEQYF,CASSLHRDYEQYF
1862,CASSQGPGAPYEQYF,CASSQGPGGPYEQYF
1863,CASSLQGDEQYF,CASSLQGDETQYF
1864,CASSGQGITEAFF,CASSGQGDTEAFF
1865,CASSLQGDTQYF,CASSLQGDETQYF
1866,CASSYSGTYEQYF,CASSYSWGTYEQYF
1867,CASSYSGTYEQYF,CASSYSRTYEQYF
1868,CASSYSGTYEQYF,CASSYSITYEQYF
1869,CASSFEGGSYEQYF,CASSFGGSYEQYF
1870,CASSSPYNEQFF,CASSSQYNEQFF
1871,CASSEVRELFF,CASSEIRELFF
1872,CASSLGNEQFF,CASSLEGNEQFF
1873,CASSLGNEQFF,CASSLDGNEQFF
1874,CASSPGNTYEQYF,CASSPGGTYEQYF
1875,CASSFGAGSSYEQYF,CASSFGGSSYEQYF
1876,CASSPATGELFF,CASSPPTGELFF
1877,CASSPATGELFF,CASSPITGELFF
1878,CASSVGNEQFF,CASSVYNEQFF
1879,CASSPGTGSSYEQYF,CASSPTGSSYEQYF
1880,CASSVSTGELFF,CASSVVSTGELFF
1881,CASSLASNTEAFF,CASSLALNTEAFF
1882,CASSQGYEQYF,CASSPQGYEQYF
1883,CASSVSGGSSYEQYF,CASSVGGGSSYEQYF
1884,CASSLSQGAYNEQFF,CASSLQGAYNEQFF
1885,CASSLGNEQFF,CASSLAGNEQFF
1886,CASSQPTLNTEAFF,CASSQPGTLNTEAFF
1887,CASSLGGSYEQYF,CASSLAGGSYEQYF
1888,CASSLAGFGNQPQHF,CASSLAGFGQPQHF
1889,CASSLWQGGTEAFF,CASSLEQGGTEAFF
1890,CASSLSGNEQFF,CASSLKGNEQFF
1891,CASSYGGETQYF,CASSYGNGETQYF
1892,CASSLVNNEQFF,CASSRVNNEQFF
1893,CASSLEGNEQFF,CASSLAGNEQFF
1894,CASSEIGEQYF,CASSEIYEQYF
1895,CSVEVPGQGDNEQFF,CSVEVPGQGLNEQFF
1896,CASSRLGNEQFF,CASSRLGLNEQFF
1897,CASSLVGTSLDTQYF,CASSLVGTSADTQYF
1898,CASSLDGNEQFF,CASSLAGNEQFF
1899,CASSQAGTGNYGYTF,CASSQEGTGNYGYTF
1900,CASSLAGPGELFF,CASSYLAGPGELFF
1901,CASSLGEGSYEQYF,CASSLGGSYEQYF
1902,CASSGLAGSNEQFF,CASSGLAGSYNEQFF
1903,CASSWRGTDTQYF,CASSWGTDTQYF
1904,CASSLTGGNEQFF,CASSLTGGYNEQFF
1905,CASSLGQGTEAFF,CASSLGQETEAFF
1906,CASSSGQGADTQYF,CASSSGLGADTQYF
1907,CASSPTGTHYEQYF,CASSPTGTEYEQYF
1908,CASSLDLRTQYF,CASSLDLRETQYF
1909,CASSLVSYEQYF,CASSLDSYEQYF
1910,CASSLVSYEQYF,CASSLESYEQYF
1911,CASRPGLQETQYF,CASRGLQETQYF
1912,CASSYSTDGELFF,CASSYSTTGELFF
1913,CASSLSGSSYNEQFF,CASSYSGSSYNEQFF
1914,CASSHSGSSYNEQFF,CASSYSGSSYNEQFF
1915,CASSDSGSSYNEQFF,CASSYSGSSYNEQFF
1916,CASSSGTGYEQYF,CASSEGTGYEQYF
1917,CASSASGSSYNEQFF,CASSYSGSSYNEQFF
1918,CASSSSGSSYNEQFF,CASSYSGSSYNEQFF
1919,CASSQSGSSYNEQFF,CASSYSGSSYNEQFF
1920,CASSPSGSSYNEQFF,CASSYSGSSYNEQFF
1921,CASSYSGSGYNEQFF,CASSYSGSSYNEQFF
1922,CASSFSGSSYNEQFF,CASSYSGSSYNEQFF
1923,CASSLYPPNTEAFF,CASSLAPPNTEAFF
1924,CASSLTGGGYEQYF,CASSLGGGGYEQYF
1925,CASSSVTGELFF,CASSSGTGELFF
1926,CSVEGGNYEQYF,CSVEGGYEQYF
1927,CSVEGGNYEQYF,CSVEGGTYEQYF
1928,CASSYSRGYEQYF,CASSYSSGYEQYF
1929,CASSLVGGGYEQYF,CASSLGGGGYEQYF
1930,CSVVGQGGYEQYF,CSVGGQGGYEQYF
