,Seq1,Seq2
0,CASSSGLAGPYEQYF,CASSSGLADPYEQYF
1,CSARDPRQGYEQYF,CSARDRQGYEQYF
2,CASSLGGEETQYF,CASSLQGEETQYF
3,CASSLGGEETQYF,CASSLLGEETQYF
4,CATSRVDNEQFF,CATSRVYNEQFF
5,CASSFDSSYEQYF,CASSFSSYEQYF
6,CASSLGRGGNEQFF,CASSLGSGGNEQFF
7,CASSLDSYEQYF,CASSLMSYEQYF
8,CASSLDSYEQYF,CASSLSSYEQYF
9,CSVGRGPYEQYF,CSVGRGGYEQYF
10,CASSSDRSSYEQYF,CASSHDRSSYEQYF
11,CASSFDISYEQYF,CASSFDSYEQYF
12,CASSFIGETQYF,CASSFSGETQYF
13,CASSLPGSYEQYF,CASSLGGSYEQYF
14,CASSLAGGTETQYF,CASSLAGGTDTQYF
15,CASSQDPGGNTEAFF,CASSQDPGLNTEAFF
16,CASSQDPGGNTEAFF,CASSQDPGMNTEAFF
17,CASSQDPGGNTEAFF,CASSQDPGVNTEAFF
18,CASSPVAGPTYEQYF,CASSPVAGETYEQYF
19,CSARDQADSYEQYF,CSARDADSYEQYF
20,CASSLDSYEQYF,CASSPDSYEQYF
21,CASSQELSYEQYF,CASSQDLSYEQYF
22,CASSLSGNNEQFF,CASSLSGANEQFF
23,CASSLDSYEQYF,CASSLDAYEQYF
24,CASSLPGSYEQYF,CASSLLPGSYEQYF
25,CASSFLAGGKDTQYF,CASSFLAGGTDTQYF
26,CASSLIGGADTQYF,CASSLIGGGDTQYF
27,CSASFGYEQYF,CSASYGYEQYF
28,CASSLSGNTEAFF,CASSLSGGTEAFF
29,CASSLFAGAYNEQFF,CASSLAGAYNEQFF
30,CSARDPGGSYEQYF,CSARDPGGAYEQYF
31,CSASEGYEQYF,CSASYGYEQYF
32,CASSEGGRGDTQYF,CASSEGGRFDTQYF
33,CASSYSSYNEQFF,CASSYSGSYNEQFF
34,CSARDPGQGYEQYF,CSARDPGQAYEQYF
35,CASSPPGGNEQFF,CASSQPGGNEQFF
36,CASSYGAYNEQFF,CASSSGAYNEQFF
37,CSARDQGSSYEQYF,CSARDQGSPYEQYF
38,CASSPDGYTEAFF,CASSPGYTEAFF
39,CASSLDSYEQYF,CASSLDFSYEQYF
40,CASSLGDSSYEQYF,CASTLGDSSYEQYF
41,CASSLPGGTEAFF,CASSPGGTEAFF
42,CASSEGTVSNQPQHF,CASSSGTVSNQPQHF
43,CASSLSGNNEQFF,CASSLMGNNEQFF
44,CASSEGQVSNQPQHF,CASSEGQWSNQPQHF
45,CASSEGQVSNQPQHF,CASSEGQYSNQPQHF
46,CSAGTGGTGELFF,CSAGIGGTGELFF
47,CSAGTGPYEQYF,CSAGTGDYEQYF
48,CSVGQGPYEQYF,CSVEQGPYEQYF
49,CSAGTGPYEQYF,CSAGTGTYEQYF
50,CASSEQFNEKLFF,CASSEQGNEKLFF
51,CASSEGYSGNTIYF,CASSEGPYSGNTIYF
52,CASSPGQGYNEQFF,CASSVGQGYNEQFF
53,CASSQDPGGNTEAFF,CASSQDPGLNTEAFF
54,CASSYSSYNEQFF,CASSYSYNEQFF
55,CSVGQGPYEQYF,CSVDGQGPYEQYF
56,CASSLLGGDGYTF,CASSLLGDGYTF
57,CASSRGPYNEQFF,CASSPGPYNEQFF
58,CAWSVLAGGEQYF,CAWSVLAGAGEQYF
59,CSARDTLSYEQYF,CSARDLSYEQYF
60,CSARDPSYEQYF,CSARDLSYEQYF
61,CASSSGTVNTGELFF,CASSLGTVNTGELFF
62,CSARDLTYEQYF,CSARDLAYEQYF
63,CSARDLTYEQYF,CSARDLSYEQYF
64,CSARDLTYEQYF,CSARDLEYEQYF
65,CASSGPGDTEAFF,CASSSPGDTEAFF
66,CSARDISYEQYF,CSARDLSYEQYF
67,CASSLIGGADTQYF,CASSLGGGADTQYF
68,CASSLIGGADTQYF,CASSLTGGADTQYF
69,CASSFRGLNEQFF,CASSFGGLNEQFF
70,CASSLSGNNEQFF,CASSLSGPNNEQFF
71,CASSSGLAGPYEQYF,CASSSGLAGNYEQYF
72,CASSYEREEAFF,CASSYERTEAFF
73,CASSFLGNEQFF,CASSPLGNEQFF
74,CASSLPLQETQYF,CASSLPEQETQYF
75,CASSLLGGDGYTF,CASSFLGGDGYTF
76,CSARDPGGSYEQYF,CSARDPTGSYEQYF
77,CSARDPGGSYEQYF,CSARDPSGSYEQYF
78,CASSKLNTEAFF,CASSMLNTEAFF
79,CSARGEGNYGYTF,CSARGGNYGYTF
80,CASSLGTSSYEQYF,CASSLGRTSSYEQYF
81,CSARARSQPQHF,CSARDRSQPQHF
82,CASSVGNTYEQYF,CASSVGHTYEQYF
83,CSARDRNQPQHF,CSARDRSQPQHF
84,CASSFLGNEQFF,CASSRLGNEQFF
85,CASSFLGNEQFF,CASSFGNEQFF
86,CSAPVTNYEQYF,CSAPVTSYEQYF
87,CASSGLAGTDTQYF,CASSFLAGTDTQYF
88,CASSPLGNEQFF,CASSRLGNEQFF
89,CSARPRNQPQHF,CSARPVNQPQHF
90,CASSLGPTDTQYF,CASSLGSTDTQYF
91,CASSKLNTEAFF,CASSIKLNTEAFF
92,CASSKLNTEAFF,CASSDKLNTEAFF
93,CASSLAGGLETQYF,CASSLAGLETQYF
94,CASSLDSYEQYF,CASSLVSYEQYF
95,CASSLPGSYEQYF,CASSLLGSYEQYF
96,CASSMAGNYEQYF,CASSMAGAYEQYF
97,CASSLDSYEQYF,CASSLISYEQYF
98,CASSQDLGTDTQYF,CASSQDRGTDTQYF
99,CSATTSTDTQYF,CSATTETDTQYF
100,CASKLGTDTQYF,CASSLGTDTQYF
101,CSADGGSSYNEQFF,CSADGGASYNEQFF
102,CASSYGGNTEAFF,CASSYVGGNTEAFF
103,CASSLGRTEAFF,CASSLGTEAFF
104,CASSLGQGADEQYF,CASSLGQGWDEQYF
105,CASSVGQPNSPLHF,CASSVGQNNSPLHF
106,CASSQDLNTEAFF,CASSQDRNTEAFF
107,CASSYGGNTEAFF,CASSYSGNTEAFF
108,CASSPPDRVNEQYF,CASSPVDRVNEQYF
109,CASSLGGGQPQHF,CASSLEGGQPQHF
110,CASSLTLNTEAFF,CASSLTLYTEAFF
111,CASSFTGNTEAFF,CASSFTGYTEAFF
112,CASSLGPNEQFF,CASSLGLNEQFF
113,CASSFTGTDGYTF,CASSFTGVDGYTF
114,CASSYSTGPGELFF,CASSYSGPGELFF
115,CASSLAGNEQFF,CASSLAGAEQFF
116,CASSLGRTEAFF,CASSLGTEAFF
117,CASSLPYNEQFF,CASSLYNEQFF
118,CASSPHGNEQFF,CASSPTGNEQFF
119,CASSLQGYEQYF,CASSLTGYEQYF
120,CASSLQGYEQYF,CASSLGYEQYF
121,CASSLLGYEQYF,CASSLTGYEQYF
122,CASSLLGYEQYF,CASSLGYEQYF
123,CASSLKGAEAFF,CASSLGGAEAFF
124,CASSLAGGSTDTQYF,CASSLAGGGTDTQYF
125,CASSLGRTEAFF,CASSLGNTEAFF
126,CASSQDFGGYEQYF,CASSQDGGYEQYF
127,CATSIDRGYNQPQHF,CATSRDRGYNQPQHF
128,CASSYGGNTEAFF,CASSLGGNTEAFF
129,CASSYRGATEAFF,CASSYRGFTEAFF
130,CSASSSYNEQFF,CSASTSSYNEQFF
131,CASSEGPGAYEQYF,CASSEGQGAYEQYF
132,CASSLLAGTYNEQFF,CASSLLAGGYNEQFF
133,CASSYGGNTEAFF,CASSYPGNTEAFF
134,CASSLAGNEQFF,CASSLAHNEQFF
135,CASSYTGSYEQYF,CASSGTGSYEQYF
136,CASSLEQGAYEQYF,CASSLEQGAAEQYF
137,CASSLGQGADEQYF,CASSLGQGNDEQYF
138,CASSLGGTEAFF,CASSLGGPEAFF
139,CASSLGGTEAFF,CASSLGGEAFF
140,CASSLGSGELFF,CASSLGGGELFF
141,CASSPHGNEQFF,CASSPTGNEQFF
142,CASSLQGYEQYF,CASSLGGYEQYF
143,CASSLLGYEQYF,CASSLGGYEQYF
144,CASSLQGYEQYF,CASSLGGYEQYF
145,CASSLLGYEQYF,CASSLGGYEQYF
146,CASSRNQPQHF,CASSRGQPQHF
147,CASSRNQPQHF,CASSGNQPQHF
148,CASSPYSNQPQHF,CASSLPYSNQPQHF
149,CASSLAGQGSYEQYF,CASSLAGQGYEQYF
150,CASSLGSGELFF,CASSLGFGELFF
151,CASSQGENTEAFF,CASSQFENTEAFF
152,CSVELGQLYGYTF,CSVEGQLYGYTF
153,CASSLTLNTEAFF,CASSYTLNTEAFF
154,CASSLTGNQPQHF,CASSLGNQPQHF
155,CSARERGSSYEQYF,CSARETGSSYEQYF
156,CSARETRSSYEQYF,CSARETGSSYEQYF
157,CSASLGGNEQYF,CSASLGGEQYF
158,CASSFENTEAFF,CASSFGNTEAFF
159,CASSLGGAGYEQYF,CASSLGGAYEQYF
160,CASSLAGAHEQYF,CASSLAGAYEQYF
161,CASSLAGAHEQYF,CASSLAGAREQYF
162,CASSLAGAHEQYF,CASSLAGAWEQYF
163,CASSLAGAHEQYF,CASSLAGAQEQYF
164,CASSQSRSSYNEQFF,CASSQSRGSYNEQFF
165,CASSLGLGSGNTIYF,CASSLYLGSGNTIYF
166,CASSPGGREQYF,CASSPGGDEQYF
167,CASSLGSGELFF,CASSLGVGELFF
168,CSVAGQGIYEQYF,CSVAGQGHYEQYF
169,CASSYGGNTEAFF,CASSYSGGNTEAFF
170,CSAREQGNEQFF,CSARLQGNEQFF
171,CASSLTLNTEAFF,CASSLKLNTEAFF
172,CASSLSSGVYNEQFF,CASSLSSGSYNEQFF
173,CASSLAGQGSYEQYF,CASSLAGQGVYEQYF
174,CASSDYRGGETQYF,CASSLYRGGETQYF
175,CASSPGGREQYF,CASSPQGREQYF
176,CASSPGGNEQFF,CASSPGTNEQFF
177,CASSRNQPQHF,CASSRGQPQHF
178,CSVVEGYTGELFF,CSVVGYTGELFF
179,CASSLTGNQPQHF,CASSLAGNQPQHF
180,CSARDLHSYEQYF,CSARDLSYEQYF
181,CASSLGPNEQFF,CASSLGPYNEQFF
182,CASSLGQGNQPQHF,CASSLGGNQPQHF
183,CASSLGGAGYEQYF,CASSLGGAPYEQYF
184,CSADSESSTDTQYF,CSAKSESSTDTQYF
185,CASSYRGATEAFF,CASSYRGGTEAFF
186,CASSLGYNEQFF,CASRLGYNEQFF
187,CASSYTGGQTEAFF,CASSYTGGGTEAFF
188,CASSLFSSTGELFF,CASSLDSSTGELFF
189,CASRQGGYEQYF,CASRQGLYEQYF
190,CASSQDPYNEQFF,CASSQDPAYNEQFF
191,CASSYGGNTEAFF,CASSYEGNTEAFF
192,CASSSYSNQPQHF,CASSLSYSNQPQHF
193,CASSISGGPSNEQFF,CASSISGGVSNEQFF
194,CASSYGWGNEQFF,CASSYGPGNEQFF
195,CSASGVPSSYEQYF,CSASGPSSYEQYF
196,CASSLVGGSYEQYF,CASSLGGSYEQYF
197,CASSPDRDSYEQYF,CASSPRDSYEQYF
198,CASTGQNYGYTF,CASTGQPNYGYTF
199,CASSLGQGNQPQHF,CASSLSQGNQPQHF
200,CASSLGSGELFF,CASSLRGSGELFF
201,CASSYGGNTEAFF,CASSEGGNTEAFF
202,CASSWGDEQFF,CASSWPGDEQFF
203,CSVPGTGAGYTF,CSVPGTGEGYTF
204,CSARGTTSSYEQYF,CSARGTSSYEQYF
205,CASSESGELFF,CASSEIGELFF
206,CATSDVGELFF,CATSDSVGELFF
207,CASSPPDRVNEQYF,CASSPADRVNEQYF
208,CASSPPDRVNEQYF,CASSPPDRVVEQYF
209,CASSPPDRVNEQYF,CASSPPDRVYEQYF
210,CASSQVETGELFF,CASSQVEVTGELFF
211,CASSLVGGSYEQYF,CASSLVGLSYEQYF
212,CASSIYRHTEAFF,CASSIYRNTEAFF
213,CSAMDSSYNEQFF,CSACDSSYNEQFF
214,CATSDFQGNQPQHF,CATSDRQGNQPQHF
215,CASSQDWRGSYEQYF,CASSQDFRGSYEQYF
216,CASSLGGGQPQHF,CASSLGGDQPQHF
217,CSASSSADYEQYF,CSASSSATYEQYF
218,CASSQDGYNEQFF,CASSQDRYNEQFF
219,CASSLDLTYEQYF,CASSLDLSYEQYF
220,CASSLDLTYEQYF,CASSLDQTYEQYF
221,CASSLDLTYEQYF,CASSLDLGYEQYF
222,CASSLLAGTYNEQFF,CASSLLAGGYNEQFF
223,CASSLGLGNTEAFF,CASSLGGNTEAFF
224,CSVTTVNTEAFF,CSVTTVMNTEAFF
225,CASSLTLNTEAFF,CASSLTVNTEAFF
226,CASSLVGGSYEQYF,CASSLAGGSYEQYF
227,CSTDPSSYNEQFF,CSVDPSSYNEQFF
228,CASSFTGNTEAFF,CASSFTVNTEAFF
229,CASSLGGAGYEQYF,CASSLGGGGYEQYF
230,CSVEEVAYEQYF,CSVEVAYEQYF
231,CASSYSTGGQETQYF,CASSYSGGQETQYF
232,CASSYGGNTEAFF,CASSYGAGNTEAFF
233,CASSLAGGASYEQYF,CASSLAGGAYEQYF
234,CASSLGGIGYEQYF,CASSLGGGGYEQYF
235,CASSQDEGNIQYF,CASSQAEGNIQYF
236,CASSQGDYEQYF,CASSQGYEQYF
237,CASSVVGNTEAFF,CASSVVLGNTEAFF
238,CASSLGGGEQFF,CASSLRGGEQFF
239,CASSFIGNTEAFF,CASSFGNTEAFF
240,CASSWTGGEQFF,CASSWTGGDEQFF
241,CASSFSSSGNTIYF,CASSFSSSPGNTIYF
242,CASSLGSGGNEQFF,CASSLGSGYNEQFF
243,CASSVNTEAFF,CASSWNTEAFF
244,CASSLGGGSTDTQYF,CASSLAGGSTDTQYF
245,CASSLGGGSTDTQYF,CASSLTGGSTDTQYF
246,CASSLGGGSTDTQYF,CASSEGGGSTDTQYF
247,CASSVVGNTEAFF,CASSVYGNTEAFF
248,CASSQDGSYEQYF,CASSQDLSYEQYF
249,CASSLTGGYTDTQYF,CASSLTGGSTDTQYF
250,CASSLGGGEAFF,CASSLGLGGEAFF
251,CSARVVNTGELFF,CSARTVNTGELFF
252,CASSLGPYNEQFF,CASSLGVYNEQFF
253,CASSYSGSPLHF,CASSYSLGSPLHF
254,CASSVSGNTEAFF,CASSVSGYTEAFF
255,CASSVSGNTEAFF,CASSVYGNTEAFF
256,CASSFWAEQYF,CASSFLAEQYF
257,CASSYVGGELFF,CASSYSGGELFF
258,CASSYVGGELFF,CASSYVGPGELFF
259,CASSLAGGSQETQYF,CASSLAGSQETQYF
260,CASSFSSYEQYF,CASSFSSEQYF
261,CASSPGGGSTDTQYF,CASSEGGGSTDTQYF
262,CASSYNGGELFF,CASSYSGGELFF
263,CASSWSSYEQYF,CASSWGSYEQYF
264,CASSLQGQETQYF,CASSLSGQETQYF
265,CASSLTGGGGETQYF,CASSLTGGGGEQYF
266,CASSWDKSYEQYF,CASSWDRSYEQYF
267,CASSLTLGEQYF,CASSLLGEQYF
268,CASSLSGAETQYF,CASSLSGQETQYF
269,CASSITSGGFYEQYF,CASSITSGGSYEQYF
270,CASSPTGRTEAFF,CASSPTGPTEAFF
271,CASSLRTGAETQYF,CASSTRTGAETQYF
272,CASSLVLGEQYF,CASSLLGEQYF
273,CASSPLIGYEQYF,CASSPLRGYEQYF
274,CATSRDRGLNQPQHF,CATSRDRGYNQPQHF
275,CASSFGGANVLTF,CASSFSGANVLTF
276,CASSQSSYEQYF,CASSQSYEQYF
277,CASSLDISYEQYF,CASSLDSYEQYF
278,CASSLLGYEQYF,CASSLLGEQYF
279,CATQDLFTDTQYF,CATSDLFTDTQYF
280,CASSYSSGSNNEQFF,CASSYSSGSGNEQFF
281,CATSDLWTDTQYF,CATSDLFTDTQYF
282,CASSLSENSPLHF,CASSLSDNSPLHF
283,CATSDLTGDEQFF,CATSDLLGDEQFF
284,CASSYVGGPEAFF,CASSYAGGPEAFF
285,CASSLVGGELFF,CASSLGGELFF
286,CASSLVGGELFF,CASSLGGELFF
287,CASSLVGGELFF,CASSLGGELFF
288,CASSGFSYEQYF,CASSGGSYEQYF
289,CASSPGTGSYEQYF,CASSGTGSYEQYF
290,CASSLIGGEQYF,CASSLGGEQYF
291,CASSLGGSDEQFF,CASSLGGDEQFF
292,CASSFEGSYEQYF,CASSFGSYEQYF
293,CASSLVSSYNEQFF,CASSLTSSYNEQFF
294,CASSPGGTEAFF,CASSQGGTEAFF
295,CASSLGTDTQYF,CASSLSTDTQYF
296,CASSLRGGNTEAFF,CASSLGGNTEAFF
297,CASSLGGGSTDTQYF,CASSLGGASTDTQYF
298,CASSVNTEAFF,CASSWNTEAFF
299,CASSLRGNTEAFF,CASSLGGNTEAFF
300,CASSLRGNTEAFF,CASSRGNTEAFF
301,CASSQGGGGTDTQYF,CASSQAGGGTDTQYF
302,CASSLDPGAYNEQFF,CASSLDPDAYNEQFF
303,CASSRGSSYEQYF,CASSFGSSYEQYF
304,CASSLGGTYEQYF,CASSPGGTYEQYF
305,CASSQGWEQYF,CASSQGYEQYF
306,CASSFSHEQYF,CASSFSYEQYF
307,CASSLGNYEQYF,CASSQGNYEQYF
308,CASSLPSYEQYF,CASSLDSYEQYF
309,CASSLIGGEQYF,CASSLIGDEQYF
310,CATSDLWTDTQYF,CATSDLATDTQYF
311,CATSDLWTDTQYF,CATSDLVTDTQYF
312,CATSDLTEDTQYF,CATSDLTRDTQYF
313,CASSLGGTYEQYF,CASSLGGAYEQYF
314,CASSLGGTYEQYF,CASSLAGTYEQYF
315,CATSDLYRDEQYF,CATSDLTRDEQYF
316,CASSLDISYEQYF,CASSLDIYYEQYF
317,CATSDLTGDEQFF,CATSDLTSDEQFF
318,CATSDLTGDEQFF,CATSDLTVDEQFF
319,CATSDLTGDEQFF,CATSDLTRDEQFF
320,CASSAGSYEQYF,CASSLAGSYEQYF
321,CAISQSYEQYF,CAISESYEQYF
322,CASSLVDSGNTIYF,CASSLGDSGNTIYF
323,CASSLVLGEQYF,CASSLVGEQYF
324,CASSYVGGNTEAFF,CASSYSGGNTEAFF
325,CASSEVGSGNTIYF,CASSEAGSGNTIYF
326,CASSLVGYNEQFF,CASSLVGYGEQFF
327,CATSRDRGLNQPQHF,CATSRDRGSNQPQHF
328,CASSVNTEAFF,CASSSVNTEAFF
329,CASSLGAGEYEQYF,CASSLGQGEYEQYF
330,CASSLSGATEAFF,CASSLVSGATEAFF
331,CASSLGGTGELFF,CASSLTGTGELFF
332,CASSLGGGSTDTQYF,CASSLTGGSTDTQYF
333,CASSFTGDYEQYF,CASSFTGYEQYF
334,CASSFIGNTEAFF,CASSFRGNTEAFF
335,CASSLTGGYTDTQYF,CASSLTGGSTDTQYF
336,CASSFMSYEQYF,CASSFSYEQYF
337,CASSQNQGNEQFF,CASSQVQGNEQFF
338,CASSFPGSGNTIYF,CASSFQGSGNTIYF
339,CASSLDISYEQYF,CASSLDGSYEQYF
340,CASSFSSYEQYF,CASSFSYEQYF
341,CASSYGEDTQYF,CASSYGADTQYF
342,CSVEVLNTGELFF,CSVEVGNTGELFF
343,CASSLRGNTEAFF,CASSFRGNTEAFF
344,CASSVVGNTEAFF,CASSVVGGNTEAFF
345,CASSPMNTEAFF,CASSPGNTEAFF
346,CASSLDPGAYNEQFF,CASSLDPGGYNEQFF
347,CASSLAGGSGETQYF,CASSLAGGRGETQYF
348,CASSFGDYEQYF,CASSFDYEQYF
349,CASSPYYNEQFF,CASSLYYNEQFF
350,CASSLGGGEQFF,CASSLGGDEQFF
351,CASSLTGGAADTQYF,CASSLTGGADTQYF
352,CASSQGQGHQPQHF,CASSQGQGGHQPQHF
353,CASSLVSSYNEQFF,CASSLVASSYNEQFF
354,CASSLVAGANQPQHF,CASSLVGANQPQHF
355,CASSAPSTDTQYF,CASSAASTDTQYF
356,CASSLSSGATDTQYF,CASSLSSGTDTQYF
357,CASSLVGNQPQHF,CASSLVGANQPQHF
358,CASSLSTGSTDTQYF,CASSLSTGRTDTQYF
359,CASSLDLNSYNEQFF,CASSLLNSYNEQFF
360,CASSIGGSPYNEQFF,CASSIGGSLYNEQFF
361,CASSLVGGELFF,CASSLVDGELFF
362,CASSVRDSSYEQYF,CASSVRDSYEQYF
363,CASSPSGSEQFF,CASSPTSGSEQFF
364,CASSLGGTYEQYF,CASSLGGSYEQYF
365,CASSLGGTYEQYF,CASSLGGFYEQYF
366,CASSLGGTYEQYF,CASSLYGGTYEQYF
367,CASSLRTEAFF,CASSLVRTEAFF
368,CATSRVYNEQFF,CATSRDYNEQFF
369,CASSVSGANVLTF,CASSVGANVLTF
370,CASSVVGNTEAFF,CASSVVMNTEAFF
371,CASSLAGVYEQYF,CASSLAGVPYEQYF
372,CASSVLMNTEAFF,CASSVVMNTEAFF
373,CASSLMSYEQYF,CASSLVSYEQYF
374,CASSYMNTEAFF,CASSYTNTEAFF
375,CASSLSSYEQYF,CASSLVSYEQYF
376,CASSQFTDTQYF,CASSQFADTQYF
377,CASSPGQGAYEQYF,CASSQGQGAYEQYF
378,CASSVVGNTEAFF,CASSVWGNTEAFF
379,CASSLTGGGGETQYF,CASSLTGTGGETQYF
380,CASSQGGLETQYF,CASSQGGETQYF
381,CASSVSGNTEAFF,CASSVWGNTEAFF
382,CASSQGGGNQPQHF,CASSQGGDNQPQHF
383,CASSLMSYEQYF,CASSLISYEQYF
384,CASSLSSYEQYF,CASSLISYEQYF
385,CASRDLSYNEQFF,CASRLSYNEQFF
386,CASSQDLNNEQFF,CASSQDLANEQFF
387,CASSLGGGEQFF,CASSLGGGELFF
388,CASSQGQNTYEQYF,CASSQGQDTYEQYF
389,CASSLVGGELFF,CASSLVSGELFF
390,CASSLDPYNEQFF,CASSLEPYNEQFF
391,CASSYSTSGYEQYF,CASSYSSGYEQYF
392,CASSLSLTGNEQFF,CASSLSLEGNEQFF
393,CASSLGGTYEQYF,CASSLGGYEQYF
394,CASSLVGGELFF,CASSLGGGELFF
395,CASSLLSGANVLTF,CASSLLASGANVLTF
396,CASSVGNEQFF,CASSVDNEQFF
397,CASSQAPGSYEQYF,CASSQAPGQSYEQYF
398,CASSVSDTQYF,CASSVGSDTQYF
399,CASSVSDTQYF,CASSVASDTQYF
400,CASSVADTQYF,CASSVASDTQYF
401,CASSLGTEAFF,CASSPGTEAFF
402,CASSLEAAQETQYF,CASSLAAQETQYF
403,CASSQGLGNQPQHF,CASSGGLGNQPQHF
404,CASSVANEQFF,CASSVADNEQFF
405,CASSVANEQFF,CASSVDNEQFF
406,CASSVGDEQYF,CASSVGDNEQYF
407,CASSVGGDTQYF,CASSVGSDTQYF
408,CASSVGGELFF,CASSVGSGELFF
409,CASSVGDTQYF,CASSVGSDTQYF
410,CASSGSSYNEQFF,CASSPGSSYNEQFF
411,CAISESRGDTQYF,CAISESRTDTQYF
412,CASSAGSSYNEQFF,CASSPGSSYNEQFF
413,CASSQVTGQPQHF,CASSQVGQPQHF
414,CASSVADEQFF,CASSVADNEQFF
415,CASSVGEAQYF,CASSVGAEAQYF
416,CASSVGNEQYF,CASSVGDNEQYF
417,CASSLPTDTQYF,CASSPTDTQYF
418,CASSLTNTEAFF,CASSLGTNTEAFF
419,CASSLGTEAFF,CASSLSTEAFF
420,CASSLGPEAFF,CASSLGTEAFF
421,CASSLYGIEQYF,CASSLYGPEQYF
422,CASSPQGYEQYF,CASSPDGYEQYF
423,CASSLGNEQFF,CASSLGYNEQFF
424,CAISESRGDTQYF,CAISESGDTQYF
425,CASSPGDEQFF,CASSPRGDEQFF
426,CASSVGNTIYF,CASSVSGNTIYF
427,CASSVGAANTEAFF,CASSVGSANTEAFF
428,CASSFGGVEQFF,CASSFGGVEAFF
429,CASSLGTEAFF,CASSLGNTEAFF
430,CASSFSGNPYEQYF,CASSFSGTPYEQYF
431,CASSFGTIYEQYF,CASSFGTGYEQYF
432,CASSFGTVYEQYF,CASSFGTGYEQYF
433,CASSVGGELFF,CASSVGTGELFF
434,CASSVGGSTEAFF,CASSVGGTEAFF
435,CASSPYNNEQFF,CASSPHNNEQFF
436,CASSESGTGGHEQFF,CASSESGTGGNEQFF
437,CASSLAGASGYTF,CASSLGASGYTF
438,CASSLGQGWDEQYF,CASSLGQGNDEQYF
439,CASSFSGNTGELFF,CASSFSPNTGELFF
440,CASSVGGGTYNEQFF,CASSVGGGYNEQFF
441,CASSAGYEQYF,CASSAGSYEQYF
442,CASSVGSGSYEQYF,CASSVGSGRYEQYF
443,CASSVGSGSYEQYF,CASSVGSSYEQYF
444,CASSVGSGSYEQYF,CASSVGGSYEQYF
445,CASSLGGEAFF,CASSLGGAAFF
446,CASSLGGEAFF,CASSLGGELFF
447,CASSLGGEAFF,CASSLGGELFF
448,CASSLGGEAFF,CASSLGGELFF
449,CASSLGGEAFF,CASSLGSEAFF
450,CASSLGGEAFF,CASSLGGEQFF
451,CASSLGGEAFF,CASSGGGEAFF
452,CASSEGGDTEAFF,CASSEGGSTEAFF
453,CASSLGAEQYF,CASSLGHEQYF
454,CASSQGYEQYF,CASSQGGEQYF
455,CASSVGGNEQFF,CASSVGGYNEQFF
456,CASSVASSYEQYF,CASSVGSSYEQYF
457,CASSVGGELFF,CASSGGGELFF
458,CASSGSAYNEQFF,CASSGSGYNEQFF
459,CASSGSSYNEQFF,CASSGSGYNEQFF
460,CASSLHSNTGELFF,CASSLNSNTGELFF
461,CASTGTDYNEQFF,CASSGTDYNEQFF
462,CASSTGGELFF,CASSGGGELFF
463,CASSVGGSEQYF,CASSVGGSNEQYF
464,CASSVGGSEQYF,CASSVGGSYEQYF
465,CASSVGGSTEAFF,CASSEGGSTEAFF
466,CASSVGGSTEAFF,CASSSGGSTEAFF
467,CASSVGGSTEAFF,CASSTGGSTEAFF
468,CASSVGGSTEAFF,CASSAGGSTEAFF
469,CASSVGGSTEAFF,CASSPGGSTEAFF
470,CASSVGDEQFF,CASSVGLDEQFF
471,CASSLAVYEQYF,CASSLGVYEQYF
472,CASSLAVYEQYF,CASSLAYEQYF
473,CASSLALEQYF,CASSLAYEQYF
474,CASSPGTEAFF,CASSPIGTEAFF
475,CASSPRDGPYEQYF,CASSPRDGSPYEQYF
476,CASSLAGTDTQYF,CASSLALTDTQYF
477,CASSLPGDPYEQYF,CASSLPAGDPYEQYF
478,CASSGLGDNEQFF,CASSPLGDNEQFF
479,CASSLAVYNEQFF,CASSLAGYNEQFF
480,CASSPGTEAFF,CASSQGTEAFF
481,CASSRGYEQYF,CASSLGYEQYF
482,CASSQGYEQYF,CASSLGYEQYF
483,CASSQYMNTEAFF,CASSQNMNTEAFF
484,CASSPTDYNEQFF,CASSPDYNEQFF
485,CASSEGLRPYEQYF,CASSEGLGPYEQYF
486,CASSVGNEQFF,CASSVRGNEQFF
487,CASSLRQGAYEQYF,CASSLRQAYEQYF
488,CASSVGGNEQFF,CASSVRGNEQFF
489,CASSFISGYNEQFF,CASSFPSGYNEQFF
490,CSVAETGELFF,CSVQETGELFF
491,CASSEGSGYEQYF,CASSEGSYEQYF
492,CASSVSGVSYNEQFF,CASSVSGISYNEQFF
493,CASSQGNEQFF,CASSQVGNEQFF
494,CASSETGLNSPLHF,CASSETGVNSPLHF
495,CASSQAPGSYEQYF,CASSQAPGAYEQYF
496,CASSLGTEAFF,CASSLGVEAFF
497,CASSPAYEQYF,CASSPASYEQYF
498,CASSLGATYEQYF,CASSLGQTYEQYF
499,CASSLGTEAFF,CASSSGTEAFF
500,CASSLEVGQETQYF,CASSLEVGGETQYF
501,CASSTGYEQYF,CASSTDGYEQYF
502,CASSVGYEQYF,CASSVDGYEQYF
503,CASSFRRTNEKLFF,CASSFRATNEKLFF
504,CASSSPSSYNEQFF,CASSSPISYNEQFF
505,CASSLALEQYF,CASSLALEQFF
506,CASSEGTGLYEQYF,CASSEGTGRLYEQYF
507,CASSPGTTYEQYF,CASSPGSTYEQYF
508,CASSVGAANTEAFF,CASGVGAANTEAFF
509,CASSASGSSYNEQFF,CASSPSGSSYNEQFF
510,CASSASGSSYNEQFF,CASSASGDSYNEQFF
511,CASSVGSGSYEQYF,CASSVGSGHYEQYF
512,CASSVAEEQFF,CASSVAREQFF
513,CASSVGGGADQPQHF,CASSVGGADQPQHF
514,CASSLGTEAFF,CASSRGTEAFF
515,CASSESTGELFF,CASSVSTGELFF
516,CASSLAVYEQYF,CASSLADYEQYF
517,CASSVGGAEQYF,CASSVGGAYEQYF
518,CASSVANEQFF,CASSVAREQFF
519,CASSVAQEQFF,CASSVAREQFF
520,CASRLTRGYNEQFF,CASSLTRGYNEQFF
521,CASSAGSSYNEQFF,CASSASGSSYNEQFF
522,CASSVADEQFF,CASSVAREQFF
523,CASSLGGLSYEQYF,CASSLGGPSYEQYF
524,CASSPGAGELFF,CASSPAGELFF
525,CASSPRDGPYEQYF,CASSPRDLGPYEQYF
526,CASSSPGTSTDTQYF,CASSSPGTSGDTQYF
527,CASWGIQETQYF,CASSGIQETQYF
528,CASSYGQGETQYF,CASSYGGETQYF
529,CSVVNTGELFF,CSVGNTGELFF
530,CASSRGSGSYEQYF,CASSRGSGSSYEQYF
531,CASSVGSGSYEQYF,CASSVGSGSSYEQYF
532,CASSEGGDTEAFF,CASSEGGGTEAFF
533,CASSLAGPDTQYF,CASSLAPDTQYF
534,CASSLTNTEAFF,CASSLTVNTEAFF
535,CASSVGGNEQFF,CASSVGWGNEQFF
536,CASSYGQGETQYF,CASSYGNGETQYF
537,CASSGLAGAGELFF,CASSGLAGTGELFF
538,CASSLAGGPYEQYF,CASSLAGPYEQYF
539,CASSEGTGLYEQYF,CASSEGTGWYEQYF
540,CASSYGQNEQFF,CASSYGDNEQFF
541,CASSSGTGNTEAFF,CASSSGTMNTEAFF
542,CASSLLAGRPGELFF,CASSLLAGRGELFF
543,CASSLSNTGELFF,CASSSNTGELFF
544,CASSSLTGNTEAFF,CASSSGTGNTEAFF
545,CASSLAGNEQFF,CASSEAGNEQFF
546,CASSLTGETQYF,CASSLLGETQYF
547,CASSPGFYEQYF,CASSPGPYEQYF
548,CASSPGTEAFF,CASSPGAEAFF
549,CATSSSGRETQYF,CATSSGGRETQYF
550,CASSFSGNEQFF,CASSFSGYNEQFF
551,CASSVGGTGELFF,CASSVGTGELFF
552,CASSVGDTEAFF,CASSVGGTEAFF
553,CASSLLGYEQYF,CASSLLRGYEQYF
554,CASSHSGVTYNEQFF,CASSHSGGTYNEQFF
555,CASSFSGNEQFF,CASSFSGTEQFF
556,CASSVDGTGELFF,CASSVGTGELFF
557,CASSVGSGELFF,CASSVGTGELFF
558,CASSESGTPYNEQFF,CASSESGTAYNEQFF
559,CASSEEGYNEQFF,CASSLEGYNEQFF
560,CASSYSGNTEAFF,CASSYSGGTEAFF
561,CASSYSGNTEAFF,CASSYPGNTEAFF
562,CASSVDRYNEQFF,CASSVDSYNEQFF
563,CASSGGSSYEQYF,CASSGGSYEQYF
564,CASSGGSSYEQYF,CASSVGSSYEQYF
565,CASSVGGTGELFF,CASSVPGTGELFF
566,CASSVGGTGELFF,CASSVGGSGELFF
567,CASSVGGTGELFF,CASSGGTGELFF
568,CASSGGASYEQYF,CASSGGSYEQYF
569,CASSGGASYEQYF,CASSVGGASYEQYF
570,CASSLGAEQYF,CASSLGGEQYF
571,CASSLAGQGSYEQYF,CASSLEGQGSYEQYF
572,CASSVDGTGELFF,CASSVPGTGELFF
573,CASSVGSGELFF,CASSGGSGELFF
574,CASSVGSGELFF,CASSVGGSGELFF
575,CASSLGTGYEQYF,CASSPGTGYEQYF
576,CASSEGGSYEQYF,CASSEGISYEQYF
577,CASSQGGSEQYF,CASSQGGNEQYF
578,CASSQGGSEQYF,CASSLGGSEQYF
579,CASSFGNTEAFF,CASSRGNTEAFF
580,CASSLAGNEQFF,CASSLAGYNEQFF
581,CASSPPGNEQFF,CASSPPSGNEQFF
582,CASSYPSYEQYF,CASSYSYEQYF
583,CASSFDSYEQYF,CASSFSYEQYF
584,CASSLDRANTEAFF,CASSLDRGANTEAFF
585,CASSVGGTGELFF,CASSVGGGTGELFF
586,CASTTGPNTEAFF,CASTTGQNTEAFF
587,CASSLGAEQYF,CASSLGIEQYF
588,CASSLGAEQYF,CASSLGYEQYF
589,CASSLAGNEQFF,CASSLAGLEQFF
590,CASSLAGNEQFF,CASSLAGVEQFF
591,CASSLAGNEQFF,CASSLAGLNEQFF
592,CASSLAGNEQFF,CASSLAGANEQFF
593,CASSLAGNEQFF,CASSLAGAEQFF
594,CASSLAGNEQFF,CASSLAGSEQFF
595,CASSLAGAGDQFF,CASSLAGAGEQFF
596,CASSFGTEAFF,CASSFGNTEAFF
597,CASSFGSSYEQYF,CASSPGSSYEQYF
598,CASSYSGNTEAFF,CASSYSGGNTEAFF
599,CAISESRTDTQYF,CAISESWTDTQYF
600,CASSLVLNTGELFF,CASSLRLNTGELFF
601,CASSYGAQQYF,CASSYGAEQYF
602,CASSPGFYEQYF,CASSSGFYEQYF
603,CASSFGSSYEQYF,CASSLGSSYEQYF
604,CASSLAENTGELFF,CASSLARNTGELFF
605,CASSYGRDEAFF,CASSYGREEAFF
606,CASSPSGSRYNEQFF,CASSPSGGRYNEQFF
607,CASSFTSDTQYF,CASSFTDTQYF
608,CSARDLTGNTGELFF,CSARDLGNTGELFF
609,CASSGSLGNEQFF,CASSASLGNEQFF
610,CASSFGNTEAFF,CASSFRGNTEAFF
611,CASSVVLGNTEAFF,CASSVVGGNTEAFF
612,CASSPGTEAFF,CASSPGNTEAFF
613,CASSYGPSEQYF,CASSYGPAEQYF
614,CASSGGNTEAFF,CASSGPNTEAFF
615,CASSVVGGNSEAFF,CASSVVGGNTEAFF
616,CASSYTGQGYEQYF,CASSYQGQGYEQYF
617,CASSLSTGNTEAFF,CASSLGTGNTEAFF
618,CASSPGTEAFF,CASSSGTEAFF
619,CASSLSNTGELFF,CASSASNTGELFF
620,CASSFGTAEAFF,CASSFGGAEAFF
621,CASSASGSSYNEQFF,CASSSSGSSYNEQFF
622,CASSYSGNTEAFF,CASSYEGNTEAFF
623,CASSLLGYEQYF,CASSLRGYEQYF
624,CASSLLGYEQYF,CASSLGYEQYF
625,CASSLRDSPYNEQFF,CASSLRDSYNEQFF
626,CASSGGSSYEQYF,CASSGGNSYEQYF
627,CASSLAGNEQFF,CASSLAGGNEQFF
628,CASSLGVSYEQYF,CASSLGGSYEQYF
629,CASSLEGGQPQHF,CASSLEGSGQPQHF
630,CASSPGSSYNEQFF,CASSPSGSSYNEQFF
631,CASSGGASYEQYF,CASSGGNSYEQYF
632,CASSPGTEAFF,CASSRGTEAFF
633,CSAREGRTEAFF,CSARPGRTEAFF
634,CASSLLGYEQYF,CASSDLGYEQYF
635,CASSFSGNEQFF,CASSFLGNEQFF
636,CASSQVAGYEQYF,CASSQVEGYEQYF
637,CASSPVDRVNEQYF,CASSPADRVNEQYF
638,CASSLGTSYNEQFF,CASSLGASYNEQFF
639,CASSPIDRVTEAFF,CASSPPDRVTEAFF
640,CASSLAAQETQYF,CASSLAGQETQYF
641,CASSLRRDEQFF,CASSLRVDEQFF
642,CASSPVDRVYEQYF,CASSPPDRVYEQYF
643,CASSLSVRTEQYF,CASSLSVGTEQYF
644,CASSVGGTGELFF,CASSVGGKTGELFF
645,CASSFGSSYEQYF,CASSLGSSYEQYF
646,CASSPEASYEQYF,CASSPESSYEQYF
647,CASSLLGYEQYF,CASSLLGSYEQYF
648,CASSLGTSYNEQFF,CASSLGASYNEQFF
649,CASSMGQGTYEQYF,CASSMGQGTTYEQYF
650,CASSMGQGTYEQYF,CASSMGQGTLYEQYF
651,CASSMGQGTYEQYF,CASSMGQGTSYEQYF
652,CASSPGQGTYEQYF,CASSPGGTYEQYF
653,CATSDPGTGYEQYF,CATSDPGTYEQYF
654,CASSLGHEQYF,CASSLGYEQYF
655,CASSYSGPGELFF,CASSYSGGELFF
656,CASSYSGPGELFF,CASSYVGPGELFF
657,CASSLSTGNTIYF,CASSLTGNTIYF
658,CASSLSTGNTIYF,CASSLSGNTIYF
659,CASSLGTGNTEAFF,CASSLGGNTEAFF
660,CASSLGGGYNEQFF,CASSLVGGGYNEQFF
661,CASSLDSNQPQHF,CASSLLDSNQPQHF
662,CASGLGTYEQYF,CASGLGGYEQYF
663,CASSYEGGPETQYF,CASSYEGGMETQYF
664,CASSFGYEQYF,CASSSGYEQYF
665,CASSFGYEQYF,CASSVGYEQYF
666,CASSLTAGNTEAFF,CASSLTVGNTEAFF
667,CASSLTAGNTEAFF,CASSLTPGNTEAFF
668,CASSLGGGYEQYF,CASSLGGYEQYF
669,CASSSTGGLYNEQFF,CASSSTGGAYNEQFF
670,CASSLGSTDTQYF,CASSLGSDTQYF
671,CASSYGGGELFF,CASSGGGELFF
672,CAIGGTGGTGELFF,CAGGTGGTGELFF
673,CASSLAQGNTGELFF,CASSLGQGNTGELFF
674,CASSLGGGYEQYF,CASSLGGYEQYF
675,CASSLTGETYEQYF,CASSLTGTYEQYF
676,CASSLGVGTEAFF,CASSLGGTEAFF
677,CASSLGEYTDTQYF,CASSLGPYTDTQYF
678,CASSPGGQPQHF,CASSSGGQPQHF
679,CASSSGYEQYF,CASSPSGYEQYF
680,CASGLAAYEQYF,CASGLLAYEQYF
681,CASSLGSGSYNEQFF,CASSLDSGSYNEQFF
682,CASSLSGQPQHF,CASSLIGQPQHF
683,CASSQAGAEAFF,CASSQAGAAEAFF
684,CASSLGGSYEQYF,CASSLGQSYEQYF
685,CASSLGGTDTQYF,CASSLGTGTDTQYF
686,CASSFPGAEQYF,CASSFVGAEQYF
687,CASSQDSGLNTEAFF,CASSQDPGLNTEAFF
688,CASSQDPALNTEAFF,CASSQDPGLNTEAFF
689,CASSQDPGMNTEAFF,CASSQDPGLNTEAFF
690,CASSLDSNQPQHF,CASSLGSNQPQHF
691,CASSLGHEQYF,CASSLGNEQYF
692,CASSQDPGVNTEAFF,CASSQDPGLNTEAFF
693,CASSYTNTGELFF,CASSYSNTGELFF
694,CASSLYTGSNTEAFF,CASSLTGSNTEAFF
695,CASSWGQTYEQYF,CASSSGQTYEQYF
696,CASSLGSTDTQYF,CASSLGTDTQYF
697,CASSPSSYEQYF,CASSPNSYEQYF
698,CASSLGLAGGNEQFF,CASSLGLAGGYEQFF
699,CASSGGSGYEQYF,CASSEGGSGYEQYF
700,CASSLGLGYNEQFF,CASSLGTGYNEQFF
701,CASSPPGSEQFF,CASSPPGQEQFF
702,CASSLGGGYNEQFF,CASSLGTGYNEQFF
703,CASSLGTGYNEQYF,CASSLGTGYNEQFF
704,CASSLGTGINEQFF,CASSLGTGYNEQFF
705,CASSLGSGYNEQFF,CASSLGTGYNEQFF
706,CASSLSQGSYNEQFF,CASSLSSGSYNEQFF
707,CASSLGSGSYNEQFF,CASSLSSGSYNEQFF
708,CASSLSGQPQHF,CASSLSGGQPQHF
709,CASSFGYEQYF,CASSFTGYEQYF
710,CASSLGLGYNEQFF,CASSLGGYNEQFF
711,CASSWTGETEAFF,CASSWTGGTEAFF
712,CASSLTGETYEQYF,CASSTGETYEQYF
713,CASSLGGGYNEQFF,CASSLGGYNEQFF
714,CASSLDSNQPQHF,CASSLGSNQPQHF
715,CASSLGTGYNEQFF,CASSLGGYNEQFF
716,CASSLGSGYNEQFF,CASSLGGYNEQFF
717,CASSVVGGDTEAFF,CASSVVGGNTEAFF
718,CASSVVGGDTEAFF,CASSVVGGGTEAFF
719,CASSLTGEAYEQYF,CASSLTEAYEQYF
720,CASSIQGDNQPQHF,CASSLQGDNQPQHF
721,CASSPDRANTEAFF,CASSPDRMNTEAFF
722,CASSQVEVTGELFF,CASSQEEVTGELFF
723,CASSLDSNQPQHF,CASSLNSNQPQHF
724,CASSLDSNQPQHF,CASSLGSNQPQHF
725,CASSVGISTDTQYF,CASSVGYSTDTQYF
726,CASSRTSGNTDTQYF,CASSRTSGGTDTQYF
727,CASSSNTGELFF,CASSASNTGELFF
728,CASSVGLSTDTQYF,CASSVGYSTDTQYF
729,CASSWGQTYEQYF,CASSLGQTYEQYF
730,CASSLTSGIYNEQFF,CASSLTSGSYNEQFF
731,CASSLGSGSYNEQFF,CASSLTSGSYNEQFF
732,CASSFGYEQYF,CASSLGYEQYF
733,CASSPGGQPQHF,CASSPEGGQPQHF
734,CASSFGFGEQFF,CASSFGTGEQFF
735,CASSLGSGYNEQFF,CASSLGSSYNEQFF
736,CASSLGGSYEQYF,CASSLGSSYEQYF
737,CASSSNTGELFF,CASSSYTGELFF
738,CASSLSLRETQYF,CASSLSWRETQYF
739,CASSLGSGSYNEQFF,CASSLGSSYNEQFF
740,CASSLGGTDTQYF,CASSLGHTDTQYF
741,CASSQENYSNQPQHF,CASSQERYSNQPQHF
742,CASSLSQGSYNEQFF,CASSLSQGAYNEQFF
743,CASSPGGTNTEQFF,CASSPGGTNEQFF
744,CASSQVRYQETQYF,CASSQSRYQETQYF
745,CASSLGGTEQYF,CASSLGGEQYF
746,CASSLDSNQPQHF,CASSLADSNQPQHF
747,CASSLTASSTDTQYF,CASSLLASSTDTQYF
748,CASSYGQGETQYF,CASSYGGETQYF
749,CASSLTNTGELFF,CASSLTGNTGELFF
750,CASSLGVGTEAFF,CASSLGQGTEAFF
751,CASSLGVGTEAFF,CASSLSVGTEAFF
752,CASSLGGSYEQYF,CASSLIGGSYEQYF
753,CASSYGQGETQYF,CASSYGNGETQYF
754,CASSPTSDQETQYF,CASRPTSDQETQYF
755,CASSLYTGSNTEAFF,CASSLYTGVNTEAFF
756,CASSQDRDSSYEQYF,CASSQDPDSSYEQYF
757,CASSLGGSYEQYF,CASSLLGSYEQYF
758,CSVDKQGSGNTIYF,CSVDGQGSGNTIYF
759,CASSYFSGNTGELFF,CASSYTSGNTGELFF
760,CASSLGGGYNEQFF,CASSLTGGYNEQFF
761,CASSLGGSYEQYF,CASSFGGSYEQYF
762,CASSLAFGTEAFF,CASSLAQGTEAFF
763,CASSLGGTDTQYF,CASSLGGSDTQYF
764,CASSLGGTDTQYF,CASSLGTDTQYF
765,CASSPDSYEQYF,CASSPDGYEQYF
766,CASSGTDTQYF,CASSPTDTQYF
767,CASSGTDTQYF,CASSLTDTQYF
768,CASSTNSYEQYF,CASSTSYEQYF
769,CASSLLGGDEQYF,CASSLLGGYEQYF
770,CASSIGTGEAYEQYF,CASSITGEAYEQYF
771,CATSDSLAYNEQFF,CATSDSLAVYNEQFF
772,CASTLDGPLSYEQYF,CASSLDGPLSYEQYF
773,CASTLGQGLYNEQFF,CASTLGQGLNEQFF
774,CASSIGTGVTYEQYF,CASSIATGVTYEQYF
775,CASTLGRGLNTEAFF,CASTLGRRLNTEAFF
776,CSARDLQDSYEQYF,CSARDLQVSYEQYF
777,CASSPGGTYEQYF,CASSPGGYEQYF
778,CASSPSGDRSYEQYF,CASSPSGDLSYEQYF
779,CASSQRDGSYEQYF,CASSQRDTSYEQYF
780,CASSVEGYNEQFF,CASSVGGYNEQFF
781,CASSIGQGETYEQYF,CASSIGQGITYEQYF
782,CASSIGQGVTYEQYF,CASSIGQGITYEQYF
783,CASSIGQGLTYEQYF,CASSIGQGITYEQYF
784,CASSLGQGITYEQYF,CASSAGQGITYEQYF
785,CASSLGQGITYEQYF,CASSIGQGITYEQYF
786,CASSIGTGITYEQYF,CASSIGQGITYEQYF
787,CASSIGQGYTYEQYF,CASSIGQGITYEQYF
788,CASSIGQGWTYEQYF,CASSIGQGITYEQYF
789,CASSAGQGITYEQYF,CASSIGQGITYEQYF
790,CASSIGQGIEYEQYF,CASSIGQGITYEQYF
791,CASSIGQGILYEQYF,CASSIGQGITYEQYF
792,CASSIGQGTTYEQYF,CASSIGQGITYEQYF
793,CASSHGQGSYEQYF,CASSHGQGISYEQYF
794,CASSIGVGSYNEQFF,CASSIVGSYNEQFF
795,CASSIGLGGAYEQYF,CASSIGRGGAYEQYF
796,CASSIGRGTAYEQYF,CASSIGRGGAYEQYF
797,CASSIGRGTAYEQYF,CASSIGRGTYEQYF
798,CASSIGRGNTYEQYF,CASSIGRGTYEQYF
799,CSARVTDYNEQFF,CSARVQDYNEQFF
800,CASSGTDTQYF,CASSLTDTQYF
801,CASSIGTGVSYEQYF,CASSIGTGVVYEQYF
802,CASSIGTGVTYEQYF,CASSIGTGVVYEQYF
803,CASSLQGNTEAFF,CASSLWQGNTEAFF
804,CASSIGTGVDYEQYF,CASSIGTGVVYEQYF
805,CASSSGTGVRYEQYF,CASSPGTGVRYEQYF
806,CASSAGQGTSYEQYF,CASSARQGTSYEQYF
807,CASSPGTGVLYEQYF,CASSPGTGVRYEQYF
808,CASSPGTGRRYEQYF,CASSPGTGVRYEQYF
809,CASSPDSYEQYF,CASSPDSTYEQYF
810,CASSLGQGLTGELFF,CASSLQGLTGELFF
811,CASSIGAGLDNEQFF,CASSIGAGLNNEQFF
812,CASSIGAGLDNEQFF,CASSIGAGLGNEQFF
813,CASSEVGVDEQYF,CASSEGGVDEQYF
814,CASSLGSSHEQYF,CASSLGSSYEQYF
815,CASSIGAGLGHEQFF,CASSIGAGLGNEQFF
816,CASSIGTGLGNEQFF,CASSIGAGLGNEQFF
817,CASSLTAGVYEQYF,CASSLTAGVTYEQYF
818,CASSQVRSYEQYF,CASSQVGRSYEQYF
819,CASSIGAGFGNEQFF,CASSIGAGLGNEQFF
820,CASSIGAGVRNEQFF,CASSIGAGVFNEQFF
821,CASSIGVGSYNEQFF,CASSIVGSYNEQFF
822,CASSIGAGVSYEQYF,CASSIGAVSYEQYF
823,CASSIGVGLGNEQFF,CASSIGAGLGNEQFF
824,CASSHGMNTEAFF,CASSHGGNTEAFF
825,CASSIGQGQAYEQYF,CASSIGPGQAYEQYF
826,CASSIGTGKAYEQYF,CASSIGTGEAYEQYF
827,CASSTNSYEQYF,CASSTNSLYEQYF
828,CASSVGTGEAYEQYF,CASSIGTGEAYEQYF
829,CASSGTDTQYF,CASSITDTQYF
830,CASSLQGNTEAFF,CASSLGGNTEAFF
831,CASSIGTGNAYEQYF,CASSIGTGEAYEQYF
832,CASSFGTEQFF,CASSFSGTEQFF
833,CASSWDRVYEQYF,CASSWDRSYEQYF
834,CASSWDRVYEQYF,CASSWDRYEQYF
835,CASSFGDTQYF,CASSFGGDTQYF
836,CASSFGDTQYF,CASSFSGDTQYF
837,CASSSTGGVTDTQYF,CASSSTGVVTDTQYF
838,CASSSTGGVTDTQYF,CASSSTGGITDTQYF
839,CASSWTTEAFF,CASSFTTEAFF
840,CASSSSGSSTDTQYF,CASSSSGHSTDTQYF
841,CASSSSGSSTDTQYF,CASSSSGSSSDTQYF
842,CASSSSGSSTDTQYF,CASSSSGTSTDTQYF
843,CASSDSGDTQYF,CASSFSGDTQYF
844,CASSMTGGSTDTQYF,CASSQTGGSTDTQYF
845,CASSMTGGSTDTQYF,CASSGTGGSTDTQYF
846,CASSPSGASTDTQYF,CASSTSGASTDTQYF
847,CASSPSGASTDTQYF,CASSPSGVSTDTQYF
848,CASSPSGASTDTQYF,CASSPTGASTDTQYF
849,CASSFTGTEAFF,CASSFTTEAFF
850,CASSFTGTEAFF,CASSFTGVTEAFF
851,CSVEAGGGYEQYF,CSVEAGGSGYEQYF
852,CASSSSGGSTDTQYF,CASSSSGHSTDTQYF
853,CASSSSGGSTDTQYF,CASSSSGTSTDTQYF
854,CASSLYSTDTQYF,CASSLLYSTDTQYF
855,CASSFATEAFF,CASSFTTEAFF
856,CASSFATEAFF,CASSFGATEAFF
857,CASSYGSYEQYF,CASSYGNYEQYF
858,CASSFSETQYF,CASSFLSETQYF
859,CASSSTGGSTDTQYF,CASSQTGGSTDTQYF
860,CASSSTGGSTDTQYF,CASSSTGASTDTQYF
861,CASSSTGGSTDTQYF,CASSSTGTSTDTQYF
862,CASSSTGGSTDTQYF,CASSSTGGITDTQYF
863,CASSSTGGSTDTQYF,CASSSTGISTDTQYF
864,CASSSTGGSTDTQYF,CASSGTGGSTDTQYF
865,CASSLTGGSTDTQYF,CASSQTGGSTDTQYF
866,CASSLTGGSTDTQYF,CASSLTGWSTDTQYF
867,CASSLTGGSTDTQYF,CASSLTGTSTDTQYF
868,CASSLTGGSTDTQYF,CASSGTGGSTDTQYF
869,CASSRSGASTDTQYF,CASSTSGASTDTQYF
870,CASSYGGPYEQYF,CASSYGGGYEQYF
871,CASSWAGAYEQYF,CASSFAGAYEQYF
872,CASSEGGDTQYF,CASSFGGDTQYF
873,CASSFSGTEFF,CASSFSGTEQFF
874,CASSPTGNEQFF,CASSPTGPNEQFF
875,CASSLYNEQFF,CASSLYDEQFF
876,CASSYSYGTEAFF,CASSYSGGTEAFF
877,CASSPSGEQYF,CASSPGGEQYF
878,CASSFRGTEAFF,CASSFPGTEAFF
879,CASSPDGYEQYF,CASSSDGYEQYF
880,CASSLGNEQFF,CASSLGPNEQFF
881,CASSLTGYEQYF,CASSLGGYEQYF
882,CASSVDGGSYEQYF,CASSVGGSYEQYF
883,CASSLGYEQYF,CASSLGGYEQYF
884,CASSLYNEQFF,CASSLYSNEQFF
885,CASSYGSTEAFF,CASSYGSPTEAFF
886,CASSLGGDEQYF,CASSLGGHEQYF
887,CASSLSRTDTQYF,CASSLSTDTQYF
888,CASSLTGYEQYF,CASSLGGYEQYF
889,CASSLGYEQYF,CASSLGGYEQYF
890,CASSLGYEQYF,CASSLGSYEQYF
891,CASSLGTNTEAFF,CASSLGTVNTEAFF
892,CASSFSGYNEQFF,CASSFSAYNEQFF
893,CSAGGGTEAFF,CSAGGNTEAFF
894,CASSLSGPSYNEQFF,CASSLSGSYNEQFF
895,CASSLGYEQYF,CASSLGSYEQYF
896,CASSPGYEQYF,CASSPGTYEQYF
897,CASSYDNEQFF,CASSLDNEQFF
898,CSARDVYEQYF,CSARMVYEQYF
899,CASSLGTEAFF,CASSLMGTEAFF
900,CASSLDGNEQFF,CASSLDNEQFF
901,CASSLTGGSTDTQYF,CASSLTGASTDTQYF
902,CSAPSGTAQETQYF,CSAPSGGAQETQYF
903,CASSLSGNTIYF,CASSFSGNTIYF
904,CASSLGYEQYF,CASSLGNEQYF
905,CASSLPSGYNEQFF,CASSFPSGYNEQFF
906,CASSYGFEQYF,CASSYGAEQYF
907,CASSPSLGSGNTIYF,CASSPSPGSGNTIYF
908,CASSLVGEQFF,CASSLGVGEQFF
909,CASSYGSYEQYF,CASSYGQSYEQYF
910,CSVDRDTEAFF,CSVDPDTEAFF
911,CASSLGNEQFF,CASSLEGNEQFF
912,CASSEAGNEQFF,CASSLAGNEQFF
913,CASSYGYEQYF,CASSYGAEQYF
914,CASSLTGETQYF,CASSLTGEQYF
915,CSATDGNTGELFF,CSAMDGNTGELFF
916,CASSLIFYEQYF,CASSYIFYEQYF
917,CASSQEAGSYEQYF,CASSQEAGSSYEQYF
918,CASSFSSEQYF,CASSFSYEQYF
919,CASSFSAEQYF,CASSFSYEQYF
920,CASSLSGELFF,CASSLGGELFF
921,CASSPSNEQFF,CASSPNNEQFF
922,CASSPSNEQFF,CASSPDNEQFF
923,CASSYDNEQFF,CASSGDNEQFF
924,CASSYDNEQFF,CASSPDNEQFF
925,CASSFSGEQYF,CASSFSYEQYF
926,CASSPDPSYEQYF,CASSPDTSYEQYF
927,CASSMTGGSTDTQYF,CASSLTGGSTDTQYF
928,CASSPTDTQYF,CASSLTDTQYF
929,CASSLVGETQYF,CASSLIGETQYF
930,CASSLAGNEQFF,CASSTAGNEQFF
931,CASSLTGELFF,CASSLGGELFF
932,CASSLTGELFF,CASSLTGLELFF
933,CASSLAGGSTDTQYF,CASSLTGGSTDTQYF
934,CASSPSGEQYF,CASSPLGEQYF
935,CASSFSHEQYF,CASSFSYEQYF
936,CASSVDAGSYEQYF,CASSVDASYEQYF
937,CASSLMGETQYF,CASSLIGETQYF
938,CASSSTGGSTDTQYF,CASSLTGGSTDTQYF
939,CASSLVYEQYF,CASSLVYYEQYF
940,CASSLVYEQYF,CASSLLVYEQYF
941,CASSLGDTQYF,CASSLGDIQYF
942,CASSLGDTQYF,CASSLTDTQYF
943,CSATDGNTGELFF,CSATDRNTGELFF
944,CASSLSGTQYF,CASSSSGTQYF
945,CASSLAGVEAFF,CASSLGVEAFF
946,CASSLQGNTEAFF,CASSLWQGNTEAFF
947,CASSYGSTEAFF,CASSYGTEAFF
948,CASSLGGYQPQHF,CASSLEGYQPQHF
949,CASSSVGTQYF,CASSSSGTQYF
950,CSVDRDTEAFF,CSVDRNTEAFF
951,CASSFPGNEQFF,CASSFPGNEAFF
952,CASSFVGEQYF,CASSFVGNEQYF
953,CASSWTGNEAFF,CASSWTGNTEAFF
954,CASSLAGEKLFF,CASSLGGEKLFF
955,CASSYGSTEAFF,CASSYGSHTEAFF
956,CASSLAGGSTDTQYF,CASSLAGESTDTQYF
957,CASSQGGETQYF,CASSLQGGETQYF
958,CSVLQGGTEAFF,CSVLQGTEAFF
959,CASSSATEAFF,CASSSGTEAFF
960,CASSPTDTQYF,CASSFTDTQYF
961,CASSLSLGFYEQYF,CASSLSAGFYEQYF
962,CASSQDLSYEQYF,CASSQDLYEQYF
963,CASSASGELFF,CASSYASGELFF
964,CASSLTGGSTDTQYF,CASSLTGGSDTQYF
965,CASSAVNTGELFF,CASSASNTGELFF
966,CASSYAGETQYF,CASSYAETQYF
967,CASSIGGYTGELFF,CASSIGAGYTGELFF
968,CASSLLGETQYF,CASSLELGETQYF
969,CASSLQGTGELFF,CASSLQGGTGELFF
970,CASSLYSTDTQYF,CASSLYNTDTQYF
971,CASSLYSTDTQYF,CASSIYSTDTQYF
972,CSASGPDSYEQYF,CSASGPSSYEQYF
973,CASSPGYEQYF,CASSPGAYEQYF
974,CASSLYGPEQYF,CASSLGGPEQYF
975,CASSPTDTQYF,CASSPSTDTQYF
976,CASSPTDTQYF,CASSPRTDTQYF
977,CASSLDGFEQYF,CASSLLGFEQYF
978,CASSLVGNEQFF,CASSVGNEQFF
979,CASSLVGNEQFF,CASSLGNEQFF
980,CSARTSGGEQYF,CSARTSGGVEQYF
981,CASSLDGNEQFF,CASSLGNEQFF
982,CASSFSSEQYF,CASSFSHEQYF
983,CASSFSAEQYF,CASSFSHEQYF
984,CASSFSGEQYF,CASSFSHEQYF
985,CSARDVYEQYF,CSARDPYEQYF
986,CSARDVYEQYF,CSARDVGEQYF
987,CASSLVGNEQFF,CASSLDGNEQFF
988,CASSLVGNEQFF,CASSLEGNEQFF
989,CASSQSYEQYF,CASSQGYEQYF
990,CASSLDGYEQFF,CASSLDGNEQFF
991,CASSLDGNEQFF,CASSLEGNEQFF
992,CASSQGPEQYF,CASSQGYEQYF
993,CASSLGVEETQYF,CASSLGGEETQYF
994,CASSPTGNEQFF,CASSTTGNEQFF
995,CASSYAGETQYF,CASSYGGETQYF
996,CASSLAGAEQYF,CASSLAGAGEQYF
997,CSATVGTGELFF,CSATPGTGELFF
998,CASSLVREQFF,CASSLVRNEQFF
999,CASSPGQGGEKLFF,CASSSPGQGGEKLFF
1000,CASSQSYEQYF,CASSQGYEQYF
1001,CASSQSYEQYF,CASSQVSYEQYF
1002,CASSMGNQPQHF,CASSMTGNQPQHF
1003,CASSQGPEQYF,CASSQGYEQYF
1004,CASSLVYEQYF,CASSLVSYEQYF
1005,CASSLIFYEQYF,CASSLISYEQYF
1006,CASSLTMNYGYTF,CASSLTGNYGYTF
1007,CASSPTDTQYF,CASSITDTQYF
1008,CASSPSGASTDTQYF,CASSPSASTDTQYF
1009,CASSQAGETQYF,CASSQGGETQYF
1010,CASSLQGNTEAFF,CASSLGGNTEAFF
1011,CSVLQGGTEAFF,CSVDLQGGTEAFF
1012,CASSVYGNTEAFF,CASSVWGNTEAFF
1013,CASSLTDTQYF,CASSITDTQYF
1014,CASSLAGGGADTQYF,CASSLAGGADTQYF
1015,CASSPGYEQYF,CASSVGYEQYF
1016,CSVELNTEAFF,CSVELGTEAFF
1017,CSVELNTEAFF,CSVGLNTEAFF
1018,CSVESGTYEQYF,CSVEGGTYEQYF
1019,CASSLYSTDTQYF,CASSLYVTDTQYF
1020,CASSGQGATDTQYF,CASSGQGRTDTQYF
1021,CSIGAGTSYEQYF,CSVGAGTSYEQYF
1022,CASSRLAGGYNEQFF,CASSLLAGGYNEQFF
1023,CASSLGNTEAFF,CASSLGENTEAFF
1024,CASSFQGGNEQFF,CASSFTGGNEQFF
1025,CATSFGTGGYEQYF,CATSTGTGGYEQYF
1026,CASSVGTGELFF,CASSVPGTGELFF
1027,CASSVGTGELFF,CASSGGTGELFF
1028,CASSTSYEQYF,CASSTGSYEQYF
1029,CASSVGGTEAFF,CASSVGGSTEAFF
1030,CASSPTGPNEQFF,CASSPTGNEQFF
1031,CASSTGQGAEAFF,CASSLGQGAEAFF
1032,CASSFGQGSYEQYF,CASSFGQGAYEQYF
1033,CASSVTGTYEQYF,CASSLTGTYEQYF
1034,CASSPGGYEQYF,CASSPTGGYEQYF
1035,CASSLGNTEAFF,CASSLVGNTEAFF
1036,CASSLTGPYEQYF,CASSLTGTYEQYF
1037,CASSWESYEQYF,CASSWGSYEQYF
1038,CASSLTGPYEQYF,CASSLVGPYEQYF
1039,CASSLGASYEQYF,CASSLGASSYEQYF
1040,CASSLEGGYGYTF,CASSLGGYGYTF
1041,CASSQAGGELFF,CASSQATGELFF
1042,CASSQGYEQYF,CASSLGYEQYF
1043,CASSQEEGETQYF,CASSQEGETQYF
1044,CASSLDSYEQYF,CASSLSYEQYF
1045,CASSLEGYNEQFF,CASSLAGYNEQFF
1046,CASGLGGYEQYF,CASGLGRGYEQYF
1047,CASSSTGASTDTQYF,CASSLTGASTDTQYF
1048,CASSATGAGTDTQYF,CASSRTGAGTDTQYF
1049,CASSLTGWSTDTQYF,CASSLTGASTDTQYF
1050,CASSLTGTSTDTQYF,CASSLTGASTDTQYF
1051,CASSPTGASTDTQYF,CASSLTGASTDTQYF
1052,CASSTTGASTDTQYF,CASSLTGASTDTQYF
1053,CASSLTGADTDTQYF,CASSLTGASTDTQYF
1054,CASSLEGYNEQFF,CASSLPGYNEQFF
1055,CASSQDPGAYEQYF,CASSQDPGYEQYF
1056,CASSFGQGYEQYF,CASSFMGQGYEQYF
1057,CASSQDPGQYEQYF,CASSQDPGYEQYF
1058,CASSLLGEQYF,CASSLVGEQYF
1059,CATSRDRGYNQPQHF,CATSRDRGSNQPQHF
1060,CASSLGASYEQYF,CASSLWASYEQYF
1061,CASSEGYEQYF,CASSEGSYEQYF
1062,CASSLDGGSYEQYF,CASSLDGSSYEQYF
1063,CASSLGGAEAFF,CASSLGGATEAFF
1064,CASSSSYEQYF,CASSSAYEQYF
1065,CASSSGYEQYF,CASSSLYEQYF
1066,CASSQTGGSTDTQYF,CASSLTGGSTDTQYF
1067,CASSQGAYEQYF,CASSQGTYEQYF
1068,CASSFQGSTDTQYF,CASSSQGSTDTQYF
1069,CASSHGTYEQYF,CASSQGTYEQYF
1070,CASSQSYEQYF,CASSFSYEQYF
1071,CASSLGNTEAFF,CASSLANTEAFF
1072,CASSFGGTSYEQYF,CASSFGGPSYEQYF
1073,CASSTSYEQYF,CASSTSNEQYF
1074,CAISESSGGQETQYF,CAISESGGQETQYF
1075,CASSLTGWSTDTQYF,CASSLTGGSTDTQYF
1076,CASSLDSYEQYF,CASSLDGSYEQYF
1077,CASSLTGTSTDTQYF,CASSLTGGSTDTQYF
1078,CASSGTGGSTDTQYF,CASSLTGGSTDTQYF
1079,CASSSSYEQYF,CASSRSSYEQYF
1080,CASSWTEGTEAFF,CASSWTGGTEAFF
1081,CASSNDYEQYF,CASSFDYEQYF
1082,CASSLSAGNTGELFF,CASSLSGGNTGELFF
1083,CASSYSGTSYEQYF,CASSYSGDSYEQYF
1084,CASSLLYSTDTQYF,CASSLYSTDTQYF
1085,CASSLGNTEAFF,CASSPGNTEAFF
1086,CASSQDPGAYEQYF,CASSQAPGAYEQYF
1087,CASSTSYEQYF,CASSLTSYEQYF
1088,CASSLAGGIHNEQFF,CASSLAGGIYNEQFF
1089,CASSLTGPYEQYF,CASSLTGSYEQYF
1090,CASSSSGTSTDTQYF,CASSSSGTSGDTQYF
1091,CASSILAGGRNEQFF,CASSLLAGGRNEQFF
1092,CASSLAGAADTQYF,CASSLTGAADTQYF
1093,CASSWTGPTEAFF,CASSWTGNTEAFF
1094,CASSSGGTEAFF,CASSSGTEAFF
1095,CASSSGGTEAFF,CASSSGGNTEAFF
1096,CASSQGGTEAFF,CASSSGGTEAFF
1097,CASSYESSYNSPLHF,CASSYGSSYNSPLHF
1098,CASSLGASYEQYF,CASSLGATYEQYF
1099,CASSAGGTEAFF,CASSSGGTEAFF
1100,CASSLGGAEAFF,CASSFGGAEAFF
1101,CASSSGYEQYF,CASSLGYEQYF
1102,CASSLSWIGETQYF,CASSLSWGGETQYF
1103,CASSLLRGYEQYF,CASSLRGYEQYF
1104,CASSVGYEQYF,CASSLGYEQYF
1105,CASSFTGGLTEAFF,CASSFEGGLTEAFF
1106,CASSLLRGYEQYF,CASSLLDRGYEQYF
1107,CASSLSLAGRETQYF,CASSLSLAGGETQYF
1108,CASSLGGTGELFF,CASSLGTGELFF
1109,CASSLEGGYGYTF,CASSLQGGYGYTF
1110,CASSLGGNTEAFF,CASSEGGNTEAFF
1111,CASSVGTGELFF,CASSVSTGELFF
1112,CASSPSGVSTDTQYF,CASTPSGVSTDTQYF
1113,CASSSGYEQYF,CASSSGSYEQYF
1114,CASSPQETQYF,CASSAPQETQYF
1115,CASSQGAYEQYF,CASSQGYEQYF
1116,CASSLLASTDTQYF,CASSLLASSTDTQYF
1117,CASSFGTGAYEQYF,CASSIGTGAYEQYF
1118,CASSYSGTSYEQYF,CASSYSGTSEYEQYF
1119,CASSFGGTSYEQYF,CASSFGGSSYEQYF
1120,CASSFFGNTEAFF,CASSFPGNTEAFF
1121,CASSYGGGYEQYF,CASSYGGFGYEQYF
1122,CASSLGLYEQYF,CASSLKLYEQYF
1123,CASSLLDSNQPQHF,CASSLADSNQPQHF
1124,CATSDLQETQYF,CATSDLPQETQYF
1125,CASSLEGYNEQFF,CASSLEPYNEQFF
1126,CASSQGAYEQYF,CASSQGYEQYF
1127,CASSQGYEQYF,CASSPQGYEQYF
1128,CATSDRQGFQPQHF,CATSDRQGNQPQHF
1129,CASSPGGYEQYF,CASSPQGYEQYF
1130,CASSLLPGSYEQYF,CASSLLGSYEQYF
1131,CSAREGSMNTEAFF,CSAREGLMNTEAFF
1132,CASSRETGVNTEAFF,CASSQETGVNTEAFF
1133,CASSLRGFEQYF,CASSLRGEQYF
1134,CASSITGEAYEQYF,CASSIGTGEAYEQYF
1135,CASSRLAGGYNEQFF,CASSLLAGGYNEQFF
1136,CASSLSGAHTDTQYF,CASSLSGATDTQYF
1137,CSAREGGMNTEAFF,CSAREGLMNTEAFF
1138,CASSFSGDTQYF,CASSFSADTQYF
1139,CASSQEEGETQYF,CASSQEEGEETQYF
1140,CASSQDWGYEQYF,CASSQEWGYEQYF
1141,CASSEGYEQYF,CASSEIYEQYF
1142,CASSQETGFNTEAFF,CASSQETGVNTEAFF
1143,CASSQETGMNTEAFF,CASSQETGVNTEAFF
1144,CASSSTGTSTDTQYF,CASSSTGTSADTQYF
1145,CASSSTGTSSDTQYF,CASSSTGTSADTQYF
1146,CASSLTGTSTDTQYF,CASSLTGTSADTQYF
1147,CASSFGGVEQFF,CASSFGGVEQYF
1148,CASSFGGTEQYF,CASSFGGVEQYF
1149,CASSLSGGGYGYTF,CASSLSGGGNYGYTF
1150,CASSLLYSTDTQYF,CASSLYSTDTQYF
1151,CASSLGGTGELFF,CASSLGTGELFF
1152,CASSLLGQSFYGYTF,CASSLLGQSNYGYTF
1153,CASSPSGTGELFF,CASSPSMTGELFF
1154,CASSLGATEAFF,CASSLGANEAFF
1155,CASSLGDGYTF,CASSLGGDGYTF
1156,CASSLEIGDTQYF,CASSLEGDTQYF
1157,CASSLSAYNEQFF,CASSLASAYNEQFF
1158,CASSPGGGAEAFF,CASSPGGAEAFF
1159,CSARDSSGVGETQYF,CSARDSGGVGETQYF
1160,CASSFGRGGYEQYF,CASSFGGGYEQYF
1161,CASSLSGGTEAFF,CASSLGGTEAFF
1162,CASSLGFHEQYF,CASSLGGHEQYF
1163,CASSLNQGAYEQYF,CASSLGQGAYEQYF
1164,CATSDDYEQYF,CATSDTYEQYF
1165,CASSLLNTEAFF,CASSLANTEAFF
1166,CASSFGGGETQYF,CASSFGGGEQYF
1167,CASSQGNHQPQHF,CASSQGNQPQHF
1168,CASSLEGYNEQFF,CASSLPGYNEQFF
1169,CASSLLNTEAFF,CASSLRNTEAFF
1170,CASSLEIGDTQYF,CASSLIGDTQYF
1171,CASSVGAPYEQYF,CASSPGAPYEQYF
1172,CASIQGAYEQYF,CASIGGAYEQYF
1173,CSARDRDSAYEQYF,CSARDRTSAYEQYF
1174,CASSDSYEQYF,CASSDPYEQYF
1175,CASSDNYEQYF,CASSLNYEQYF
1176,CATSDLFTDTQYF,CATSDLATDTQYF
1177,CATSDLFTDTQYF,CATSDLVTDTQYF
1178,CASSIAAGPTDTQYF,CASSIGAGPTDTQYF
1179,CASSLSAGGYEQYF,CASSLSASGYEQYF
1180,CASSMAGELFF,CASSGAGELFF
1181,CASSYSGAEAFF,CASSYSSGAEAFF
1182,CASSYSGGTEAFF,CASSYSGGNTEAFF
1183,CASSPGGEQYF,CASSPLGEQYF
1184,CSVEVGGTGELFF,CSVEVGNTGELFF
1185,CASSLEGYNEQFF,CASSLEAGYNEQFF
1186,CSVEGAYTGELFF,CSVEGGYTGELFF
1187,CASSYSGAEAFF,CASSYGSGAEAFF
1188,CASSLEGDGYTF,CASSLLGDGYTF
1189,CASSPPGFGYNEQFF,CASSPPGTGYNEQFF
1190,CASSHTGEQYF,CASSHTGIEQYF
1191,CASSLLAGGYNEQFF,CASSLLAGTYNEQFF
1192,CASSLLAGGYNEQFF,CASSLLAGGRNEQFF
1193,CASSDSYEQYF,CASSDTYEQYF
1194,CASSPSSYEQYF,CASSSSYEQYF
1195,CASSDGETQYF,CASSDLGETQYF
1196,CASSPGGGAEAFF,CASSPLGGAEAFF
1197,CASSSPSGNEQFF,CASSPSGNEQFF
1198,CASSPWDMSYEQYF,CASSPWDSSYEQYF
1199,CASSLGETYEQYF,CASSLGATYEQYF
1200,CASSTGQAVETQYF,CASSTGQGVETQYF
1201,CASSQGSTGELFF,CASSQDSTGELFF
1202,CASSSSYEQYF,CASSDSSYEQYF
1203,CASSYPGQEAFF,CASSYTGQEAFF
1204,CASSYSGGTEAFF,CASSYRGGTEAFF
1205,CASSFTGNTEAFF,CASSTGNTEAFF
1206,CASSLAGGLDEQFF,CASSLAGGQDEQFF
1207,CASSLSAGGYEQYF,CASSLSAGFYEQYF
1208,CASSYRGFTEAFF,CASSYRGGTEAFF
1209,CASSLGNQPQHF,CASSLGNNQPQHF
1210,CASSLNYNEQFF,CASSLNNNEQFF
1211,CASSLSAGRTDTQYF,CASSLSTGRTDTQYF
1212,CASSFGASNQPQHF,CASSFGQSNQPQHF
1213,CASSYPGNTEAFF,CASSYEGNTEAFF
1214,CASSIDQSSYNEQFF,CASSIDGSSYNEQFF
1215,CASSMAGSSYNEQFF,CASMAGSSYNEQFF
1216,CASSSDGSSYNEQFF,CASSIDGSSYNEQFF
1217,CASSISGSVNTEAFF,CASSISGSGNTEAFF
1218,CASSGRDSYEQYF,CASSGLDSYEQYF
1219,CSARDPGGAYEQYF,CSARDPTGAYEQYF
1220,CASSSPSGNEQFF,CASSSASGNEQFF
1221,CSARGSSSYEQYF,CSARGTSSYEQYF
1222,CASSYSGGTEAFF,CASSYSGGTSEAFF
1223,CASSYPGGPYNEQFF,CASSYGGGPYNEQFF
1224,CSAREQGTNTGELFF,CSAREQTNTGELFF
1225,CASSRGNNEQFF,CASSRVNNEQFF
1226,CASSISGGAYNEQFF,CASSISGAAYNEQFF
1227,CASSLGQTYEQYF,CASSLGGTYEQYF
1228,CASSYSGSYNEQFF,CASSYSGSSYNEQFF
1229,CASSYSGSYNEQFF,CASSYSGSGYNEQFF
1230,CASSISGSAYNEQFF,CASSISGSGYNEQFF
1231,CASSISGSAYNEQFF,CASSISGAAYNEQFF
1232,CASSVDSYNEQFF,CASSVADSYNEQFF
1233,CSVMGGYEQYF,CSVEGGYEQYF
1234,CASSLTVGNTEAFF,CASSLTVNTEAFF
1235,CASSYRGSNQPQHF,CASSYGSNQPQHF
1236,CASSSTTDTQYF,CASSSTSDTQYF
1237,CASSYSGSYNEQFF,CASSYSGSSYNEQFF
1238,CASSDSYEQYF,CASSSDSYEQYF
1239,CSVAESNYGYTF,CSVASNYGYTF
1240,CSVEGEGTYEQYF,CSVEGGTYEQYF
1241,CASSQDLGTQYF,CASSQDYGTQYF
1242,CASSLGGYEQYF,CASSLGSGYEQYF
1243,CASSLGGYEQYF,CASSLGSYEQYF
1244,CASSLGSEKLFF,CASSLGEKLFF
1245,CASSLGGAEQYF,CASSLGGYEQYF
1246,CASSLGGGYTF,CASSLGGGGYTF
1247,CSARDIANYGYTF,CSARDSANYGYTF
1248,CASSLGSDTQYF,CASSLGGDTQYF
1249,CASSLGSNTEAFF,CASSLSNTEAFF
1250,CASSHPGGTEAFF,CASSHGGTEAFF
1251,CASSLGGYEQYF,CASSLGSYEQYF
1252,CASSQDWGGNEQFF,CASSQDWGGYNEQFF
1253,CASSLGGGELFF,CASSLGFGELFF
1254,CASSLGAEQYF,CASSLGIEQYF
1255,CASSLGAEQYF,CASSLGYEQYF
1256,CASSLGGYEQYF,CASSLGGEQYF
1257,CASSLGGEQYF,CASSLGIEQYF
1258,CASSLGGEQYF,CASSLGYEQYF
1259,CASSLDNTEAFF,CASSLMNTEAFF
1260,CASSPGGSEQYF,CASSPGSEQYF
1261,CASSLGEGYTF,CASSLGDGYTF
1262,CASSQGAEAFF,CASSQGTEAFF
1263,CASSEGDGYTF,CASSLGDGYTF
1264,CASSLGGEAFF,CASSLWGEAFF
1265,CASSVGGTGTGELFF,CASSVGGGTGELFF
1266,CASSYRTGGGGYTF,CASSYFTGGGGYTF
1267,CASSLGSEAFF,CASSLAGSEAFF
1268,CASSSGAANTGELFF,CASSSGANTGELFF
1269,CASSGGSYEQYF,CASSEGSYEQYF
1270,CASSTGSYEQYF,CASSEGSYEQYF
1271,CASSLGSDTQYF,CASSLGTDTQYF
1272,CASSLGSDTQYF,CASSLGDTQYF
1273,CASSLGGDTQYF,CASSLGTDTQYF
1274,CASSLGGDTQYF,CASSLGDTQYF
1275,CASSLGGGELFF,CASSLGVGELFF
1276,CASSLGGEQYF,CASSLGGLEQYF
1277,CASSFLYNEQFF,CASSFYYNEQFF
1278,CASSFLYNEQFF,CASSFLVNEQFF
1279,CASSLGGDTQYF,CASSLTGDTQYF
1280,CSVGQGFGNTIYF,CSVGGGFGNTIYF
1281,CASSPTGNEQFF,CASSPEGNEQFF
1282,CASSPTGNEQFF,CASSPSGNEQFF
1283,CASSQTVGETQYF,CASSQGVGETQYF
1284,CASSLGSDTQYF,CASSLGGDTQYF
1285,CASSGGSYEQYF,CASSGGNSYEQYF
1286,CASSLGGPEQFF,CASSLGGPEQYF
1287,CASSLGDTQYF,CASSLEGDTQYF
1288,CASSLGGSEQYF,CASSLGGPEQYF
1289,CASSLGGSEQYF,CASSLGGLSEQYF
1290,CASSLGGEQYF,CASSLGGPEQYF
1291,CASSVGSGRYEQYF,CASSVGSGHYEQYF
1292,CASSFLYNEQFF,CASSFLGNEQFF
1293,CASSVGGASYEQYF,CASSVGGAYEQYF
1294,CASSVPGTGELFF,CASSVPVTGELFF
1295,CASSLASGVGNEQFF,CASSLASGVGREQFF
1296,CASSVSSGANVLTF,CASSVGSSGANVLTF
1297,CASSVGGDYEQYF,CASSVGGAYEQYF
1298,CASSQPSGTEAFF,CASSQPSLGTEAFF
1299,CASSVGGSYEQYF,CASSVGGAYEQYF
1300,CASSVGGSYNEQFF,CASSGGGSYNEQFF
1301,CASSVGTSGNNEQFF,CASSEGTSGNNEQFF
1302,CASSLGGPEQFF,CASSLMGPEQFF
1303,CASSTGSYEQYF,CASSTGTYEQYF
1304,CASSGGSYEQYF,CASSGGSEQYF
1305,CASSPTGNEQFF,CASSTTGNEQFF
1306,CASSSGGVYEQYF,CASSYGGVYEQYF
1307,CASSEGGSTEAFF,CASSEGGGTEAFF
1308,CASSLGGPEAFF,CASSLGGTEAFF
1309,CASSGAGLSYEQYF,CASSVGAGLSYEQYF
1310,CASSGAGLSYEQYF,CASSEGAGLSYEQYF
1311,CASSGGNEKLFF,CASSGQGNEKLFF
1312,CASSLGTGYEQYF,CASSSGTGYEQYF
1313,CASSPGTSGTYEQYF,CASSPGTSVTYEQYF
1314,CASSLGGDEQFF,CASSLGGREQFF
1315,CASSLGGEAFF,CASSLGGTEAFF
1316,CASSVGGVSTGELFF,CASSVGGKSTGELFF
1317,CASSVGGDSSYEQYF,CASSVGGGSSYEQYF
1318,CASSFGSSYEQYF,CASSLGSSYEQYF
1319,CATSRGNMNTEAFF,CATSRGGMNTEAFF
1320,CASSLQGQYNEQFF,CASSLQGTYNEQFF
1321,CASSLGLAGGNEQFF,CASSLGLAGNNEQFF
1322,CASSLGGYEQYF,CASSLGQGYEQYF
1323,CASSLGTGYEQYF,CASSEGTGYEQYF
1324,CASSLGGEQYF,CASSLGGYEQYF
1325,CASSVSGGHNEQFF,CASSVSGHNEQFF
1326,CASSSAYEQYF,CASSSPYEQYF
1327,CASSLGGYEQYF,CASSLGSYEQYF
1328,CASSYEQGYEQYF,CASSYPQGYEQYF
1329,CASSLDWSSYNEQFF,CASSLDRSSYNEQFF
1330,CASSLDWSSYNEQFF,CASSLDGSSYNEQFF
1331,CASSISYEQYF,CASSLSYEQYF
1332,CASSLRENYGYTF,CASSLVENYGYTF
1333,CASSLANTEAFF,CASSLRNTEAFF
1334,CASSLANTEAFF,CASSLVANTEAFF
1335,CASSLGGYEQYF,CASSLGGEQYF
1336,CASSLEGDTQYF,CASSLIGDTQYF
1337,CASSQGGTEAFF,CASSQGTEAFF
1338,CASSGTVYGYTF,CASSGQVYGYTF
1339,CASSQGTGELFF,CASSQRGTGELFF
1340,CASSLQGNEQFF,CASSLGGNEQFF
1341,CASSLGGTEAFF,CASSLAGGTEAFF
1342,CASSLGSYEQYF,CASSVGSYEQYF
1343,CASSFGGELFF,CASSFTGELFF
1344,CASSLEGDTQYF,CASSLAGDTQYF
1345,CASSWGSYEQYF,CASSLWGSYEQYF
1346,CASSLSGTYEQYF,CASSLSQTYEQYF
1347,CASSYLAGGTDTQYF,CASSSLAGGTDTQYF
1348,CASSYLAGGTDTQYF,CASSTLAGGTDTQYF
1349,CASSPGQPYEQYF,CASSPGQTYEQYF
1350,CASNRGLGNEQFF,CASNRGLYNEQFF
1351,CASSLGSGYEQYF,CASSLGGYEQYF
1352,CATSDSSYEQYF,CATSDRSSYEQYF
1353,CASSRGNTEAFF,CASSFRGNTEAFF
1354,CASSSAYEQYF,CASSSSYEQYF
1355,CASSFGNTEAFF,CASSFLNTEAFF
1356,CASSRGQPQHF,CASSFGQPQHF
1357,CASSLEGDTQYF,CASSLEGTDTQYF
1358,CASSFANTEAFF,CASSFLNTEAFF
1359,CASSFSYEQYF,CASSSSYEQYF
1360,CASSLGVTQYF,CASSLGETQYF
1361,CASSPGGAEAFF,CASSPLGGAEAFF
1362,CASSYGSPTEAFF,CASSYGSHTEAFF
1363,CASRAADTQYF,CASRASDTQYF
1364,CASSLREVNEQYF,CASSLRVNEQYF
1365,CASSLSNTEAFF,CASSLENTEAFF
1366,CASSLQGITGELFF,CASSLGITGELFF
1367,CASSLANTEAFF,CASSLENTEAFF
1368,CASSLDNTEAFF,CASSLENTEAFF
1369,CASSLTGGNTGELFF,CASSLTGGITGELFF
1370,CASSLGGGIYGYTF,CASSLGGGGIYGYTF
1371,CASSLGGSGTDTQYF,CASSLWGSGTDTQYF
1372,CASSLQGGEQYF,CASSLAQGGEQYF
1373,CASSLPYSNQPQHF,CASSLGYSNQPQHF
1374,CASSLGGYGYTF,CASSLQGGYGYTF
1375,CASSSQGGNEQFF,CASSSGQGGNEQFF
1376,CASSLGPYTGELFF,CASSLGPSYTGELFF
1377,CASSPGGTEAFF,CASSTGGTEAFF
1378,CASSLQGNEQFF,CASSLGGNEQFF
1379,CASSHGGTEAFF,CASSHGEGTEAFF
1380,CASSSGRGEQFF,CASSLSGRGEQFF
1381,CASSLAYEQYF,CASSLADYEQYF
1382,CASSSAYEQYF,CASSLSAYEQYF
1383,CASSLGGTEAFF,CASSLGQGTEAFF
1384,CASSRGQPQHF,CASSPGQPQHF
1385,CASSLAYEQYF,CASSLSAYEQYF
1386,CASSLAYEQYF,CASSLVAYEQYF
1387,CASSLAYEQYF,CASSLTAYEQYF
1388,CASSPGGAEAFF,CASSPTGAEAFF
1389,CASSFGNTEAFF,CASSFGLNTEAFF
1390,CASSPTGGTGELFF,CASSPTGEGTGELFF
1391,CASSLGSDTQYF,CASSLGSTDTQYF
1392,CASSYLAGGTDTQYF,CASSWLAGGTDTQYF
1393,CASSLGGTEAFF,CASSLGGNTEAFF
1394,CASSLTSGFYEQYF,CASSLTSGSYEQYF
1395,CASSLQGLGEQYF,CASSLQGAGEQYF
1396,CASSYLGGLTGELFF,CASSYTGGLTGELFF
1397,CASSFGGGTEAFF,CASSFQGGTEAFF
1398,CASSLGSGYEQYF,CASSLGQGYEQYF
1399,CASSYEQGYEQYF,CASSYSQGYEQYF
1400,CASSLGGYEQYF,CASSLGQGYEQYF
1401,CASSLGWGYEQYF,CASSLGGYEQYF
1402,CASSPTGPSYEQYF,CASSPTGASYEQYF
1403,CSAGTGDYEQYF,CSAGTGTYEQYF
1404,CASSLAGYNEQFF,CASSLPGYNEQFF
1405,CASSLSYEQYF,CASSRSYEQYF
1406,CASSFSYEQYF,CASSRSYEQYF
1407,CASSSGHTYEQYF,CASSSGQTYEQYF
1408,CASSLAGTETQYF,CASSLAGTEQYF
1409,CASSLAGYNEQFF,CASSLAGLNEQFF
1410,CASSLAGYNEQFF,CASSLAGANEQFF
1411,CASSLSGFTEAFF,CASSLSGYTEAFF
1412,CASSYSYEQYF,CASSRSYEQYF
1413,CASSPGTTYEQYF,CASSPGPTYEQYF
1414,CASSLAGYTEAFF,CASSLAGTEAFF
1415,CASSLAGYTEAFF,CASSLAGATEAFF
1416,CASSLAGYTEAFF,CASSLSGYTEAFF
1417,CASSLAGYTEAFF,CASSLAGGTEAFF
1418,CASSSGPTYEQYF,CASSSGQTYEQYF
1419,CASSQAAGGYTF,CASSQGAGGYTF
1420,CASSMAANTEAFF,CASSMAVNTEAFF
1421,CASSLAGTETQYF,CASSLAGTEQYF
1422,CASSLAGTETQYF,CASSLAGETQYF
1423,CASSLAGYNEQFF,CASSLAGNEQFF
1424,CASSPGTTYEQYF,CASSPGTGTYEQYF
1425,CASSPGTTYEQYF,CASSPGQTYEQYF
1426,CASSLAGYTEAFF,CASSLAGTEAFF
1427,CASSLGFGELFF,CASSLGVGELFF
1428,CASSLGSYEQYF,CASSVGSYEQYF
1429,CASSPGGTYEQYF,CASSPTGGTYEQYF
1430,CASSLAGQGYEQYF,CASSLAGQGVYEQYF
1431,CASSYLAGGPNEQFF,CASSYLAGGGNEQFF
1432,CASSLSGFTEAFF,CASSLLGFTEAFF
1433,CASSLGTAYNEQFF,CASSLGTGYNEQFF
1434,CASSLAGYTEAFF,CASSLTGYTEAFF
1435,CASSPTGYEQYF,CASSFTGYEQYF
1436,CASSLDSGSYNEQFF,CASSLSSGSYNEQFF
1437,CASSLGSGELFF,CASSLSGELFF
1438,CASSSGGQPQHF,CASSLSGGQPQHF
1439,CASSPNGHEQYF,CASSPQGHEQYF
1440,CASSLSPGNEQFF,CASSLSRGNEQFF
1441,CASSLAGYPYNEQFF,CASSLAGGPYNEQFF
1442,CASSWDLNTEAFF,CASSQWDLNTEAFF
1443,CASSQGNYEQYF,CASSEQGNYEQYF
1444,CASLGGSYEQYF,CASRGGSYEQYF
1445,CASSLDNEQFF,CASSLDGNEQFF
1446,CASSPGTDTQYF,CASSPGDTQYF
1447,CASSILAVSNTEAFF,CASSILAGSNTEAFF
1448,CASSSPYEQYF,CASSSSYEQYF
1449,CASSLGDRYGYTF,CASSLDRYGYTF
1450,CASGLNSNQPQHF,CASSLNSNQPQHF
1451,CASSLGITGNTEAFF,CASSLGTGNTEAFF
1452,CASSWGPPNYGYTF,CASSWGPINYGYTF
1453,CASSTGTGLYEQYF,CASSTGTGIYEQYF
1454,CASSVLDGNTGELFF,CASSLDGNTGELFF
1455,CASSPTDSNQPQHF,CASSPTESNQPQHF
1456,CASSPTDSNQPQHF,CASSRTDSNQPQHF
1457,CASSLDSGSYNEQFF,CASSLTSGSYNEQFF
1458,CASSLSGSYNEQFF,CASSLSGNYNEQFF
1459,CASSRDSSSYNEQFF,CASSRDSPSYNEQFF
1460,CASSTGTGLYEQYF,CASSFGTGLYEQYF
1461,CASSLLAGETDTQYF,CASSLLAGYTDTQYF
1462,CASSLLAGETDTQYF,CASSLLAGVTDTQYF
1463,CASSLLTGEQYF,CASSLGTGEQYF
1464,CASSIGVSYEQYF,CASSIGAVSYEQYF
1465,CASSLDNEQFF,CASSLHDNEQFF
1466,CASSPGTDTQYF,CASSFGTDTQYF
1467,CASSLDSNEQFF,CASSLLSNEQFF
1468,CASSLFQGAGYGYTF,CASSLSQGAGYGYTF
1469,CASSLGYEQYF,CASSQGYEQYF
1470,CASSLAGYNEQFF,CASSLAGGNEQFF
1471,CASSLGGPYEQYF,CASSLGGPSYEQYF
1472,CASSLGDFYGYTF,CASSLGDHYGYTF
1473,CASSLGDRYGYTF,CASSLGDHYGYTF
1474,CASSLSPGNEQFF,CASSLSIGNEQFF
1475,CASSLAGYNEQFF,CASSLAGSYNEQFF
1476,CASSLLDSNQPQHF,CASSLTDSNQPQHF
1477,CASSGGGEQYF,CASSLGGEQYF
1478,CASSQVGGTGELFF,CASSQVGSGTGELFF
1479,CASSFGVEQFF,CASSFGNEQFF
1480,CASSQGYEQYF,CASSPQGYEQYF
1481,CASSYSSSSYNEQFF,CASSYSGSSYNEQFF
1482,CASSPTVSSYNEQFF,CASSPTGSSYNEQFF
1483,CASSLGTVNTEAFF,CASSLTVNTEAFF
1484,CASSSGPTYEQYF,CASSSPPTYEQYF
1485,CASSLQTGNYGYTF,CASSLTGNYGYTF
1486,CASSLLGPSYEQYF,CASSLLGSYEQYF
1487,CASLGGSYEQYF,CASSLGGSYEQYF
1488,CASSQVGGTGELFF,CASSQVVGTGELFF
1489,CASSFGTTYEQYF,CASSFGTDYEQYF
1490,CASSYSSSSYNEQFF,CASSYSGSSYNEQFF
1491,CASSPTSGSPYEQYF,CASSPTSGKPYEQYF
1492,CASSLGSGELFF,CASSLGGGELFF
1493,CASSPGTDTQYF,CASSLGTDTQYF
1494,CASSYPQGYEQYF,CASSYSQGYEQYF
1495,CASSLGIEQYF,CASSLAGIEQYF
1496,CASSLGIEQYF,CASSLAGIEQYF
1497,CASSLGYEQYF,CASSLAGYEQYF
1498,CSVETGSGYTF,CSVETGGGYTF
1499,CATSRTDSYEQYF,CATSRQDSYEQYF
1500,CASSLIETQYF,CASSFIETQYF
1501,CASSLIGDTQYF,CASSLAGDTQYF
1502,CASSLTGASTDTQYF,CASSLTGGSTDTQYF
1503,CASSLGGEQYF,CASSLGGYEQYF
1504,CASRLYNEQFF,CASRDYNEQFF
1505,CASSLIETQYF,CASSLIGETQYF
1506,CASSLDNEQFF,CASSGDNEQFF
1507,CASSLDNEQFF,CASSPDNEQFF
1508,CASSLGNQPQHF,CASSLAGNQPQHF
1509,CASSLWGTDTQYF,CASSLEGTDTQYF
1510,CASSQEGGDQETQYF,CASSQEWGDQETQYF
1511,CASSEGRVNEQFF,CASSEGLVNEQFF
1512,CASSLGQSYEQYF,CASSLGQTYEQYF
1513,CASSQGGTEAFF,CASSQGSTEAFF
1514,CASSQMNTEAFF,CASSQWMNTEAFF
1515,CASSLGSEAFF,CASSSGSEAFF
1516,CASSWMNTEAFF,CASSQWMNTEAFF
1517,CSVEDRYYGYTF,CSVEDREYYGYTF
1518,CASSLGQSYEQYF,CASSLGQYYEQYF
1519,CASSLGQSYEQYF,CASSLGSSYEQYF
1520,CASSAAGSYEQYF,CASYSAAGSYEQYF
1521,CSADRGGNYGYTF,CSARGGNYGYTF
1522,CASSPGTYEQYF,CASSPGNTYEQYF
1523,CASSPGTYEQYF,CASSPGAYEQYF
1524,CASRSYAGELFF,CASRSMAGELFF
1525,CASSVGTGGNQPQHF,CASSVGAGGNQPQHF
1526,CASSLDNEQFF,CASSLGNEQFF
1527,CASSLGAGGEAFF,CASSLSAGGEAFF
1528,CASSPGTYEQYF,CASSTGTYEQYF
1529,CASSPGTYEQYF,CASSPGGTYEQYF
1530,CASSFGTEAFF,CASSPGTEAFF
1531,CASSPMNTEAFF,CASSPHMNTEAFF
1532,CASSLDNEQFF,CASSLDGNEQFF
1533,CSVDLTGETQYF,CSVDLPGETQYF
1534,CASSPGLAAPYEQYF,CASSPGLAAYEQYF
1535,CSARPLAGLYNEQFF,CSARPLAGGYNEQFF
1536,CASSVGGGTGELFF,CASSVGGKTGELFF
1537,CSARETGSSYEQYF,CSATETGSSYEQYF
1538,CASSPTSGRTYEQYF,CASSPTSGTTYEQYF
1539,CSASSSGNTGELFF,CSASSSGTGELFF
1540,CSVETGSGYTF,CSVETGNGYTF
1541,CSVETGSGYTF,CSVETGDGYTF
1542,CASSLVGDEQYF,CASSLVPGDEQYF
1543,CSASIMNTEAFF,CSASGMNTEAFF
1544,CASSLGYEQYF,CASSLGGYEQYF
1545,CASSISGASYEQYF,CASSISTASYEQYF
1546,CASSLAGLEQFF,CASSLAGNEQFF
1547,CASSLAGLEAFF,CASSLAGTEAFF
1548,CASSLAGVEQFF,CASSLAGNEQFF
1549,CASSLAGSEQYF,CASSLAGTEQYF
1550,CASSLAGATEAFF,CASSLAGTEAFF
1551,CASSLAGLNEQFF,CASSLAGNEQFF
1552,CASSLAGVEAFF,CASSLAGTEAFF
1553,CASSLAGGGEQFF,CASSLVGGGEQFF
1554,CASSLAGIEQYF,CASSLAGTEQYF
1555,CASSLAGANEQFF,CASSLAGNEQFF
1556,CASSLAGVEQYF,CASSLAGTEQYF
1557,CASSLAGIEAFF,CASSLAGTEAFF
1558,CASSLAGAEQFF,CASSLAGNEQFF
1559,CASSLAGLEQYF,CASSLAGTEQYF
1560,CASSLAGTYEQYF,CASSLAGTEQYF
1561,CASSISSASYEQYF,CASSISTASYEQYF
1562,CASSPGQGSQYF,CASSPGQGRSQYF
1563,CASSLAGSEQFF,CASSLAGNEQFF
1564,CASSLAGGTEAFF,CASSLAGTEAFF
1565,CASSLAGYEQYF,CASSLAGTEQYF
1566,CASSLAGSEAFF,CASSLAGTEAFF
1567,CASSLAGTGMYF,CASSLAGTGMLF
1568,CASSLAGIEQYF,CASSLAGTEQYF
1569,CASSPGPTYEQYF,CASSPGQTYEQYF
1570,CASSIHLGTEAFF,CASSISLGTEAFF
1571,CASSQEAAGSYEQYF,CASSQEASGSYEQYF
1572,CASSLTGGGEQFF,CASSLVGGGEQFF
1573,CASSLAGTGQYF,CASSLAGTEQYF
1574,CASSLSGYTEAFF,CASSLTGYTEAFF
1575,CASSLSGGPYNEQFF,CASSLIGGPYNEQFF
1576,CASSLAGLEQYF,CASSLGGLEQYF
1577,CASSFVRNTEAFF,CASSFVVNTEAFF
1578,CASSLAGGPYNEQFF,CASSLIGGPYNEQFF
1579,CASSLAGISYEQYF,CASSLMAGISYEQYF
1580,CASSLTGALNTEAFF,CASSLGALNTEAFF
1581,CASSLSRSNEQFF,CASSLSRGNEQFF
1582,CASSDPYEQYF,CASSDTYEQYF
1583,CASSLGGAYEQYF,CASSLGGAPYEQYF
1584,CASSLGSNQPQHF,CASSLGGNQPQHF
1585,CASSSITGTAYEQYF,CASSLITGTAYEQYF
1586,CASSRQSSYNEQFF,CASSVQSSYNEQFF
1587,CASSFVGAEQYF,CASSFVGSEQYF
1588,CASSQAAGHYEQYF,CASSQTAGHYEQYF
1589,CASSLGSNQPQHF,CASSLNSNQPQHF
1590,CASSYPGRFYEQYF,CASSYPGGFYEQYF
1591,CASSSGQTYEQYF,CASSLGQTYEQYF
1592,CASSQGGGEQYF,CASSSGGGEQYF
1593,CASSLAGTGELFF,CASSLANTGELFF
1594,CASSLGKGEQFF,CASSLGVGEQFF
1595,CASSFGTGAYEQYF,CASSFGTGLYEQYF
1596,CASSLGGAYEQYF,CASSLEGGAYEQYF
1597,CASSQDPGSLYEQYF,CASSQDPGNLYEQYF
1598,CASSLAGLNEQFF,CASSLAGGNEQFF
1599,CASSLAGGGEQFF,CASSLAGGNEQFF
1600,CASTLAGGNEQFF,CASSLAGGNEQFF
1601,CASSLAGANEQFF,CASSLAGGNEQFF
1602,CASSLAGSYEQYF,CASSLGGSYEQYF
1603,CASSLAGGWNEQFF,CASSLAGGNEQFF
1604,CASSLGGAYEQYF,CASSLGGSYEQYF
1605,CASSLGGAYEQYF,CASSLGGFYEQYF
1606,CASSLAQGGTEAFF,CASSLWQGGTEAFF
1607,CASSLAGSEQFF,CASSLAGSKEQFF
1608,CSVGDGNTGELFF,CSVDGNTGELFF
1609,CASSISGASYEQYF,CASSIAGASYEQYF
1610,CASSLAGTGELFF,CASSLAYGTGELFF
1611,CASSLEGLSYEQYF,CASSLEGYSYEQYF
1612,CASSLEGLSYEQYF,CASSLNGLSYEQYF
1613,CASSLEGLSYEQYF,CASSLVGLSYEQYF
1614,CASSISSGYNEQFF,CASSISGSGYNEQFF
1615,CASSLRDGSNQPQHF,CASSLRQGSNQPQHF
1616,CASSLAGQINEKLFF,CASSLAGQGNEKLFF
1617,CASSLGGAYEQYF,CASSLDGGAYEQYF
1618,CASSLTGGYEQYF,CASSLGGYEQYF
1619,CASSLTGGYEQYF,CASSLDGGYEQYF
1620,CASSFQGGNQPQHF,CASSFQGAGNQPQHF
1621,CASSLAGSYEQYF,CASSLAGGSYEQYF
1622,CASSLAGGPLHEQYF,CASSLAGTPLHEQYF
1623,CASSLGGAYEQYF,CASSLGGYEQYF
1624,CASSQDAGTGNTIYF,CASSQDAGPGNTIYF
1625,CASSQDAGTGNTIYF,CASSQDAGSGNTIYF
1626,CASSLAGYEQYF,CASSLGGYEQYF
1627,CASSYPGRFYEQYF,CASSYPGRYEQYF
1628,CASSLWASYEQYF,CASSLWADYEQYF
1629,CASSYSSGAEAFF,CASSYGSGAEAFF
1630,CASSPGSSYEQYF,CASSLGSSYEQYF
1631,CASSPGQGTDTQYF,CASSTGQGTDTQYF
1632,CAISESWTDTQYF,CAISEWTDTQYF
1633,CASSFGQGTDTQYF,CASSTGQGTDTQYF
1634,CASSLRDEQYF,CASSPRDEQYF
1635,CASSSGQGTDTQYF,CASSTGQGTDTQYF
1636,CASSYGAEQYF,CASSYGPAEQYF
1637,CASSLPMNTEAFF,CASSLMNTEAFF
1638,CASSITLYNEQFF,CASSITAYNEQFF
1639,CASSIGTNTEAFF,CASSIGMNTEAFF
1640,CASSIGVNTEAFF,CASSIGMNTEAFF
1641,CASSLGDTQYF,CASSLTGDTQYF
1642,CASSLGTDTQYF,CASSLGGDTQYF
1643,CASSYTSTDTQYF,CASSYSTDTQYF
1644,CASSIGTGSTEAFF,CASSIGGSTEAFF
1645,CASSLVDTGELFF,CASSLVLTGELFF
1646,CSVGGTYEQYF,CSVGATYEQYF
1647,CASSYTGQGYEQYF,CASSYQGQGYEQYF
1648,CASSIGGHTEAFF,CASSIGGSTEAFF
1649,CASSLGDTQYF,CASSLGGDTQYF
1650,CASSLSQTYEQYF,CASSLGQTYEQYF
1651,CASSLTAVQETQYF,CASSLTGVQETQYF
1652,CATSDLGSNQPQHF,CATSDGGSNQPQHF
1653,CASSLQGLGSPLHF,CASSLQGALGSPLHF
1654,CASSIVGSYNEQFF,CASSNVGSYNEQFF
1655,CASFSSSYEQYF,CASSFSSSYEQYF
1656,CASRLAGGAFNEQFF,CASRAGGAFNEQFF
1657,CASSLTGALYEQYF,CASSLEGALYEQYF
1658,CASSFEGGGYEQYF,CASSFEGGLYEQYF
1659,CASSFEGGGYEQYF,CASSFEGGIYEQYF
1660,CASSFEGGGYEQYF,CASSFEGGGEQYF
1661,CASSFEGGGYEQYF,CASSFEGGYEQYF
1662,CASSFEGGGYEQYF,CASSFEGGKYEQYF
1663,CASSPLAASYNEQFF,CASSPLASYNEQFF
1664,CASSLDRETQYF,CASSLLDRETQYF
1665,CASSPGTGTYEQYF,CASSSPGTGTYEQYF
1666,CASSLSQTYEQYF,CASSLSQVYEQYF
1667,CASSLSSYNEQFF,CASSLGSSYNEQFF
1668,CSGFRENTGELFF,CSGRRENTGELFF
1669,CASSTGLAGLYEQYF,CASSGGLAGLYEQYF
1670,CASSLAGNEQFF,CASSLAGGNEQFF
1671,CASSPSAYEQYF,CASSPAYEQYF
1672,CASSFATLNEQFF,CASSFASLNEQFF
1673,CASSYGRETQYF,CASSYGGETQYF
1674,CASSSLAGGTDTQYF,CASSWLAGGTDTQYF
1675,CASSLLVNTEAFF,CASSLGVNTEAFF
1676,CASSLLVNTEAFF,CASSLLQNTEAFF
1677,CASSALAGVETQYF,CASSLAGVETQYF
1678,CASSSPGQGDYEQYF,CASSSPGQGFYEQYF
1679,CASSIGVNTEAFF,CASSIKVNTEAFF
1680,CASSTLAGGTDTQYF,CASSWLAGGTDTQYF
1681,CASSLAGGPDTQYF,CASSLAGGADTQYF
1682,CASSPGSSYEQYF,CASSLGSSYEQYF
1683,CATSRGGLNTEAFF,CATSRGGMNTEAFF
1684,CASSYSGVNQPQHF,CASSYSGNQPQHF
1685,CASSLRDEQYF,CASSLRGEQYF
1686,CASSLSQTYEQYF,CASSLSQDYEQYF
1687,CASSLGLAGGYEQFF,CASSLGLAGVYEQFF
1688,CASSQESSGSYEQYF,CASSQESSGDYEQYF
1689,CAISESYEQYF,CAISESDEQYF
1690,CSVETGGGYTF,CSVETGNGYTF
1691,CSVETGGGYTF,CSVETGDGYTF
1692,CASSLGDSLNTEAFF,CASSLGDSNTEAFF
1693,CSVGGTYEQYF,CSVEGGTYEQYF
1694,CASSGDRSSGNTIYF,CASSQDRSSGNTIYF
1695,CASSSTDSYEQYF,CASSSDSYEQYF
1696,CASATGYNEQFF,CASTGYNEQFF
1697,CASSLAAGGYEQYF,CASSLAVGGYEQYF
1698,CASSYGPNNEQFF,CASSYGPSNEQFF
1699,CASSIGTNTEAFF,CASSIGMNTEAFF
1700,CASSIGVNTEAFF,CASSIGMNTEAFF
1701,CASSLSSYNEQFF,CASSLSSSYNEQFF
1702,CASSLGTGYNEQFF,CASSLGGYNEQFF
1703,CASSRGQPQHF,CASSFGQPQHF
1704,CASSLESGEQYF,CASSLESYEQYF
1705,CASSLSGPYNEQFF,CASSLGPYNEQFF
1706,CASSPTGSEQYF,CASSPTGNEQYF
1707,CASSLGGVQPQHF,CASSLGGNQPQHF
1708,CASSLGGELFF,CASSLGGEKLFF
1709,CASSQGNTEAFF,CASSAGNTEAFF
1710,CASSQGNTEAFF,CASSTGNTEAFF
1711,CASSLGPPGELFF,CASSLPPGELFF
1712,CAISESGGVETQYF,CAISESGGKETQYF
1713,CASSPGPYNEQFF,CASRPGPYNEQFF
1714,CASSQDQPQHF,CASSQNQPQHF
1715,CAISESGGQETQYF,CAISESGGKETQYF
1716,CASSVGEGRTEAFF,CASSVGEGLTEAFF
1717,CASSQDLGYNEQFF,CASSQDTGYNEQFF
1718,CASSQDLGYNEQFF,CASSQDRGYNEQFF
1719,CASSLTGGSTDTQYF,CASSLTGGSDTQYF
1720,CASSLSGPYNEQFF,CASSLSGPNNEQFF
1721,CASSPDNEQFF,CASSFDNEQFF
1722,CASSLTGDTEAFF,CASSLLGDTEAFF
1723,CASSLSSGSYNEQFF,CASSLTSGSYNEQFF
1724,CASSAGEGGYGYTF,CASSAGEGSYGYTF
1725,CASSAGEGGYGYTF,CASSAGEGYGYTF
1726,CASSLWGGEQYF,CASSLQGGEQYF
1727,CASSLFSSYEQYF,CASSLGSSYEQYF
1728,CASSQVGNEQFF,CASSQVHGNEQFF
1729,CASSPESTYEQYF,CASSPGSTYEQYF
1730,CASRELAGGYNEQFF,CASRLAGGYNEQFF
1731,CSARLQGNEQFF,CSARLTGNEQFF
1732,CASSPDTSYEQYF,CASSQDTSYEQYF
1733,CASSLGREQFF,CASSLGNEQFF
1734,CASSQGNEQFF,CASSVGNEQFF
1735,CASSQGNEQFF,CASSLGNEQFF
1736,CASSFLVNEQFF,CASSFLGNEQFF
1737,CASSPDQPQHF,CASSPGQPQHF
1738,CASSFSYEQYF,CASSFSHEQYF
1739,CASSLGGLEQYF,CASSWGGLEQYF
1740,CASSFGGPSYEQYF,CASSFGGSSYEQYF
1741,CASSPPVFTGELFF,CASSPPVTGELFF
1742,CASSLWGGEQYF,CASSLGGEQYF
1743,CASSRGQPQHF,CASSPGQPQHF
1744,CASSLFGSQETQYF,CASSFGSQETQYF
1745,CASSSLGGELFF,CASSLGGELFF
1746,CASSQGTYEQYF,CASSQGYEQYF
1747,CASSPPNTGELFF,CASSPPVTGELFF
1748,CASSQGNTEAFF,CASQSQGNTEAFF
1749,CASSIGYEQYF,CASSMIGYEQYF
1750,CASSLVYYEQYF,CASSLVSYEQYF
1751,CASSQGTYEQYF,CASSQGYEQYF
1752,CASSVGTGGHQPQHF,CASSTGTGGHQPQHF
1753,CSARDLGLAGETQYF,CSARDGLAGETQYF
1754,CASSLTDTQYF,CASSITDTQYF
1755,CASSYGLGSSYEQYF,CASSYGGSSYEQYF
1756,CASSYGADTQYF,CASSYGLADTQYF
1757,CASSFRGTGNTIYF,CASSFLGTGNTIYF
1758,CASSLGGYEQYF,CASSLGQGYEQYF
1759,CAISESRDEQYF,CAISESDEQYF
1760,CASSLGGLEQYF,CASSLGGYEQYF
1761,CATSDFGSTDTQYF,CATSDFGDTDTQYF
1762,CASSLSSGSYNEQFF,CASSLSSSYNEQFF
1763,CASSLVPGFDEQYF,CASSLVPGDEQYF
1764,CASSLSGGPAYEQYF,CASSLSGGPYEQYF
1765,CASSFVVNTEAFF,CASSFTVNTEAFF
1766,CASSLGGVQPQHF,CASSLGGDQPQHF
1767,CASSYAGGYEQYF,CASSYQGGYEQYF
1768,CASSPTGGGTEAFF,CASSYTGGGTEAFF
1769,CASSLTGDTQYF,CASSLGGDTQYF
1770,CASSFPGNEQYF,CASSFVGNEQYF
1771,CASSLGGNQPQHF,CASSLGSNQPQHF
1772,CASSRDSNTEAFF,CASRRDSNTEAFF
1773,CASSLEGTDTQYF,CASSLEVGTDTQYF
1774,CASSLGSNQPQHF,CASSLNSNQPQHF
1775,CASSPGGNTEAFF,CASSVGGNTEAFF
1776,CASSPGGNTEAFF,CASSNGGNTEAFF
1777,CASSPGGNTEAFF,CASSSGGNTEAFF
1778,CASSLGPYNEQFF,CASSLGQYNEQFF
1779,CASSLGGYNEQFF,CASSLGQYNEQFF
1780,CASSYSGDSYEQYF,CASSYSGDSSYEQYF
1781,CSAPGPSSYEQYF,CSASGPSSYEQYF
1782,CASSLGQGGSPLHF,CASSLGQAGSPLHF
1783,CASRGGSYEQYF,CASRRGSYEQYF
1784,CASSSLNQPQHF,CASSSLPNQPQHF
1785,CASSLGETQYF,CASSLSETQYF
1786,CASSLDGNEQFF,CASSLQGNEQFF
1787,CASSLYSTDTQYF,CASSLYNTDTQYF
1788,CASSLYSTDTQYF,CASSIYSTDTQYF
1789,CASSLGGSYNEQFF,CASSLGPSYNEQFF
1790,CASSYPGLGYEQYF,CASSNYPGLGYEQYF
1791,CASSLDGNEQFF,CASSLVGNEQFF
1792,CASSFGQPQHF,CASSPGQPQHF
1793,CASSFYNEQFF,CASSFGNEQFF
1794,CASSDLGNEQFF,CASSDAGNEQFF
1795,CASSLLTDTQYF,CASSLDLTDTQYF
1796,CSVLAGSYEQYF,CSVLAGGSYEQYF
1797,CASSPGDTQYF,CASSPGTDTQYF
1798,CASSPTGVSYNEQFF,CASSPSGVSYNEQFF
1799,CASSPGNTEAFF,CASSFPGNTEAFF
1800,CASSLSRGNEQFF,CASSLSPGNEQFF
1801,CASSLSRGNEQFF,CASSLSIGNEQFF
1802,CASSYGTEAFF,CASSYEGTEAFF
1803,CASSLGGSYNEQFF,CASSLGGSSYNEQFF
1804,CSVAGLAGGYEQYF,CSVGGLAGGYEQYF
1805,CASSQGPGYEQYF,CASSQGSGYEQYF
1806,CASSLGALNTEAFF,CASSLALNTEAFF
1807,CASSFLNTEAFF,CASSFGLNTEAFF
1808,CASSLYTDTQYF,CASSLYADTQYF
1809,CASSLVSSYEQYF,CASSLGSSYEQYF
1810,CASSYAGGYEQYF,CASSYSGGYEQYF
1811,CASSLFGDSYNEQFF,CASSLFGSSYNEQFF
1812,CASSLLFSNEQFF,CASSLLASNEQFF
1813,CASSLLAGTYNEQFF,CASSLLAGGYNEQFF
1814,CASSLLAGGRNEQFF,CASGLLAGGRNEQFF
1815,CASSLLAGGRNEQFF,CASSLLAGGYNEQFF
1816,CSVGGGSTDTQYF,CSVGGVSTDTQYF
1817,CASSYSSPYEQYF,CASSYSSGYEQYF
1818,CSVTGLNTEAFF,CSVGLNTEAFF
1819,CASSLGGNQPQHF,CASSLGGDQPQHF
1820,CASSLSKNTEAFF,CASSLSSNTEAFF
1821,CASSYGGGQETQYF,CASSYSGGQETQYF
1822,CASSYSAPYEQYF,CASSYSAPGYEQYF
1823,CSVGGGSTDTQYF,CSVGGPSTDTQYF
1824,CASSLYSTDTQYF,CASSLYVTDTQYF
1825,CASSLGGYNEQFF,CASSLTGGYNEQFF
1826,CASSQEAYTDTQYF,CASSQEAGTDTQYF
1827,CASSPNTGELFF,CASSPDNTGELFF
1828,CASSDSSYEQYF,CASSEDSSYEQYF
1829,CASSLSSPANYGYTF,CASSLSSPNYGYTF
1830,CSARDTGAYEQYF,CSARDPTGAYEQYF
1831,CASSRDRDSSYEQYF,CASSQDRDSSYEQYF
1832,CASSLGQTYEQYF,CASSLGQYYEQYF
1833,CASSLSATDTQYF,CASSLSHTDTQYF
1834,CASSPGEGTEAFF,CASSHGEGTEAFF
1835,CASSLAGGPSYEQYF,CASSLAGGSYEQYF
1836,CASSFGGAEAFF,CASSFMGGAEAFF
1837,CASSQDRGYNEQFF,CASSQDRGYYNEQFF
1838,CASSQDRGYNEQFF,CASSQDRGTYNEQFF
1839,CASSSGTEAFF,CASSRGTEAFF
1840,CSAPGGNYGYTF,CSARGGNYGYTF
1841,CASSPLGTEAFF,CASSPGTEAFF
1842,CASSLGITGELFF,CASSLGNTGELFF
1843,CASSLGITGELFF,CASSLGRTGELFF
1844,CASSLGLTGELFF,CASSLGNTGELFF
1845,CASSLGLTGELFF,CASSLGRTGELFF
1846,CASSPAGYNYGYTF,CASSPTGYNYGYTF
1847,CASSYSSGRAYEQYF,CASSYSSGSAYEQYF
1848,CASSYSAQSSYEQYF,CASSYSAGSSYEQYF
1849,CASSYGGSSYNEQFF,CASSYSGSSYNEQFF
1850,CASSLGQGVNTEAFF,CASSLQGVNTEAFF
1851,CASSDPGGNYEQYF,CASSYPGGNYEQYF
1852,CASSLTGGADTQYF,CASSLTGTGADTQYF
1853,CASSYQGGYEQYF,CASSYSGGYEQYF
1854,CASSLSPYYEQYF,CASSLSPNYEQYF
1855,CASSYGSDQPQHF,CASSYGSNQPQHF
1856,CASSSSVNTEAFF,CASSSSWNTEAFF
1857,CASSYQGLAYEQYF,CASSYQGRAYEQYF
1858,CASSYGGSSYNEQFF,CASSYSGSSYNEQFF
1859,CASSYVGGDTQYF,CASSYTGGDTQYF
1860,CASSLSHISTDTQYF,CASSLSHPSTDTQYF
1861,CASSLAGADDTQYF,CASSLLAGADDTQYF
1862,CASSSYHNEQFF,CASGSYHNEQFF
1863,CASSPGTNEQFF,CASSIGTNEQFF
1864,CASSLGDSSYEQYF,CASSLGSSYEQYF
1865,CASSLGDSSYEQYF,CASSLGDLSSYEQYF
1866,CASSLGDSSYEQYF,CASSLSGDSSYEQYF
1867,CASSLGHPSTDTQYF,CASSLSHPSTDTQYF
1868,CASSLSSGTDTQYF,CASSLSIGTDTQYF
1869,CASSLGQYNEQFF,CASRLGQYNEQFF
1870,CASSLGYEQYF,CASSDLGYEQYF
1871,CASSLGDSSYEQYF,CASSLGYSSYEQYF
1872,CASSLNPDTQYF,CASSLGPDTQYF
1873,CASSYEPTEAFF,CASSYEGTEAFF
1874,CASSLGYEQYF,CASSLGGEQYF
1875,CASSLSSTTDTQYF,CASSLSSVTDTQYF
1876,CASSLSWGGETQYF,CASSLSGGETQYF
1877,CASSYEGNTEAFF,CASSYEGTEAFF
1878,CASSLVRNEQFF,CASSLVNNEQFF
1879,CASSLSSGTDTQYF,CASSLSSVTDTQYF
1880,CASSPGGYEQYF,CASSPGGGEQYF
1881,CASSLSSSTDTQYF,CASSLSSVTDTQYF
1882,CASSLGESYEQYF,CASSLGEGSYEQYF
1883,CASSLTGVQETQYF,CASSLTGNQETQYF
1884,CASSLGYEQYF,CASSLGLEQYF
1885,CASSLGYEQYF,CASSLGNEQYF
1886,CASSLSGPQETQYF,CASSLSMPQETQYF
1887,CASSLALEQFF,CASSLAFEQFF
1888,CASSLRDQNTEAFF,CASSLRQNTEAFF
1889,CASSQVSGRYNEQFF,CASSQVSGHYNEQFF
1890,CASSLQGGYGYTF,CASSLGQGGYGYTF
1891,CASSLGSSYEQYF,CASSLGYSSYEQYF
1892,CASSLQGNEQFF,CASSLVGNEQFF
1893,CASSPEGGNEQFF,CASSPGGGNEQFF
1894,CASSLQGGEQYF,CASSLGGEQYF
1895,CASSLGTGEQYF,CASSLGGEQYF
1896,CASSPLGNEQFF,CASSRLGNEQFF
1897,CASSLGSSYNEQFF,CASSLSSYNEQFF
1898,CASSLSEAYEQYF,CASSLSAYEQYF
1899,CASSFGTDTQYF,CASSPGTDTQYF
1900,CASSLGGSYEQYF,CASSFGGSYEQYF
1901,CASSYGAFTGELFF,CASSYGAYTGELFF
1902,CASSLSQVYEQYF,CASSLSQDYEQYF
1903,CASSRLAGPYNEQFF,CASSILAGPYNEQFF
1904,CASSLGSSYNEQFF,CASSLFGSSYNEQFF
1905,CASSLEGGAYEQYF,CASSLDGGAYEQYF
1906,CASSLHRDHYEQYF,CASSLHRDYEQYF
1907,CASSLYNTDTQYF,CASSLYVTDTQYF
1908,CASSLYNTDTQYF,CASSLYSTDTQYF
1909,CASSIYSTDTQYF,CASSLYSTDTQYF
1910,CASSLASSNEQFF,CASSLATSNEQFF
1911,CASSLGSSYNEQFF,CASSLSSSYNEQFF
1912,CASSGQGITEAFF,CASSGQGDTEAFF
1913,CASSLQGNEQYF,CASSLGNEQYF
1914,CASSFGTDTQYF,CASSLGTDTQYF
1915,CASSLGHTDTQYF,CASSLGTDTQYF
1916,CASSLQGDTQYF,CASSLQGDETQYF
1917,CASSVGNEQFF,CASSVYNEQFF
1918,CASSFGAGSSYEQYF,CASSFGGSSYEQYF
1919,CASSPGNTYEQYF,CASSPGGTYEQYF
1920,CASSVGGSWQETQYF,CASSVGGSSQETQYF
1921,CASSEVRELFF,CASSEIRELFF
1922,CASSLGNEQFF,CASSLDGNEQFF
1923,CASSLGNEQFF,CASSLEGNEQFF
1924,CASSPGAYEQYF,CASSPTAYEQYF
1925,CASSFGVGSSYEQYF,CASSFGGSSYEQYF
1926,CASSLGLDEQYF,CASSLPGLDEQYF
1927,CASSASGGSSYEQYF,CASSAGGGSSYEQYF
1928,CASSVSTGELFF,CASSVVSTGELFF
1929,CASSLASNTEAFF,CASSLALNTEAFF
1930,CASSQGYEQYF,CASSPQGYEQYF
1931,CASSVGWGGSYEQYF,CASSVGAGGSYEQYF
1932,CASSLSQGAYNEQFF,CASSLQGAYNEQFF
1933,CASSVSGGSSYEQYF,CASSVGGGSSYEQYF
1934,CASSQPTLNTEAFF,CASSQPGTLNTEAFF
1935,CASSLGGSYEQYF,CASSLGGYEQYF
1936,CASSLGGSYEQYF,CASSLAGGSYEQYF
1937,CASSLAGFGNQPQHF,CASSLAGFGQPQHF
1938,CASSLGGFYEQYF,CASSLGGYEQYF
1939,CASSLWQGGTEAFF,CASSLWGGGTEAFF
1940,CASSYGGETQYF,CASSYGNGETQYF
1941,CASSLVNNEQFF,CASSRVNNEQFF
1942,CASSLVGTSLDTQYF,CASSLVGTSADTQYF
1943,CASSEIGEQYF,CASSEIYEQYF
1944,CASSLGQGTEAFF,CASSLGQETEAFF
1945,CASSLTGGNEQFF,CASSLTGGYNEQFF
1946,CSVDGNTGELFF,CSVDGTGELFF
1947,CASSLGPDTQYF,CASSLGTDTQYF
1948,CASSTGTGYTEAFF,CASSYGTGYTEAFF
1949,CASSQAGTGNYGYTF,CASSQEGTGNYGYTF
1950,CASSPSNEQFF,CASSPLSNEQFF
1951,CASSWRGTDTQYF,CASSWGTDTQYF
1952,CASSLGGEQYF,CASSLGLEQYF
1953,CASSLGGEQYF,CASSLGNEQYF
1954,CSASGGLGYEQYF,CSASGGGGYEQYF
1955,CASSLSSYNEQFF,CASSLSSSYNEQFF
1956,CASSLAGPGELFF,CASSYLAGPGELFF
1957,CASSPGTDTQYF,CASSLGTDTQYF
1958,CASSIIGADTQYF,CASSIIGGDTQYF
1959,CASSPTGTHYEQYF,CASSPTGTEYEQYF
1960,CASSLVSYEQYF,CASSLISYEQYF
1961,CASSLSGSSYNEQFF,CASSYSGSSYNEQFF
1962,CASSLYPPNTEAFF,CASSLAPPNTEAFF
1963,CASSQWGNEQFF,CASSQGNEQFF
1964,CASSASGSSYNEQFF,CASSYSGSSYNEQFF
1965,CASRPGLQETQYF,CASRGLQETQYF
1966,CASSTSGSSYNEQFF,CASSYSGSSYNEQFF
1967,CASSYQGSNTEAFF,CASSYQGLNTEAFF
1968,CASSFSGSSYNEQFF,CASSYSGSSYNEQFF
1969,CASSQSGSSYNEQFF,CASSYSGSSYNEQFF
1970,CASSSGTGYEQYF,CASSEGTGYEQYF
1971,CASSSSGSSYNEQFF,CASSYSGSSYNEQFF
1972,CASSYSGSGYNEQFF,CASSYSGSSYNEQFF
1973,CASSPSGSSYNEQFF,CASSYSGSSYNEQFF
1974,CASSYSTDGELFF,CASSYSTTGELFF
1975,CASSDSGSSYNEQFF,CASSYSGSSYNEQFF
1976,CASSHSGSSYNEQFF,CASSYSGSSYNEQFF
1977,CASSYSGGYEQYF,CASSYSSGYEQYF
1978,CSVVGQGGYEQYF,CSVGGQGGYEQYF
1979,CASSLDGGAYEQYF,CASSLDGGYEQYF
1980,CASSLGGAGELFF,CASSLGGGELFF
1981,CSVGGVSTDTQYF,CSVGGPSTDTQYF
1982,CSVGDGSSYEQYF,CSVGRGSSYEQYF
1983,CSVGDGSSYEQYF,CSVGQGSSYEQYF
